{"type":"FeatureCollection","features":[{"type":"Feature","properties":{"n":"Engozero"},"geometry":{"type":"MultiPolygon","coordinates":[[[[33.448,65.653],[33.375,65.667],[33.383,65.685],[33.441,65.691],[33.428,65.701],[33.4,65.706],[33.322,65.669],[33.206,65.666],[33.14,65.712],[33.149,65.734],[33.267,65.734],[33.4,65.775],[33.445,65.804],[33.414,65.834],[33.444,65.86],[33.549,65.858],[33.636,65.881],[33.778,65.876],[33.574,65.849],[33.507,65.824],[33.517,65.807],[33.583,65.796],[33.653,65.821],[33.727,65.809],[33.894,65.841],[33.948,65.8],[33.706,65.759],[33.618,65.715],[33.603,65.7],[33.613,65.662],[33.706,65.633],[33.694,65.626],[33.571,65.609],[33.507,65.629],[33.452,65.616],[33.425,65.627],[33.521,65.653],[33.448,65.653]]]]}},{"type":"Feature","properties":{"n":"Pääjärvi"},"geometry":{"type":"MultiPolygon","coordinates":[[[[31.279,66.029],[31.24,66.025],[31.24,65.954],[31.314,65.94],[31.356,65.899],[31.319,65.87],[31.258,65.88],[31.24,65.866],[31.303,65.832],[31.286,65.816],[31.172,65.823],[31.134,65.859],[31.197,65.86],[31.225,65.875],[31.189,65.895],[30.885,65.955],[30.642,66.035],[30.625,66.051],[30.628,66.078],[30.736,66.121],[30.594,66.185],[30.64,66.198],[30.736,66.186],[30.867,66.225],[30.792,66.241],[30.784,66.255],[30.846,66.275],[30.767,66.31],[30.729,66.339],[30.741,66.346],[30.797,66.323],[30.855,66.347],[30.895,66.333],[30.902,66.32],[30.884,66.295],[30.947,66.283],[31.063,66.304],[31.103,66.292],[31.141,66.32],[31.141,66.357],[31.107,66.372],[31.146,66.37],[31.271,66.42],[31.193,66.432],[31.257,66.465],[31.565,66.52],[31.588,66.508],[31.559,66.478],[31.657,66.493],[31.798,66.467],[31.521,66.443],[31.48,66.457],[31.358,66.451],[31.301,66.437],[31.301,66.423],[31.402,66.385],[31.336,66.348],[31.189,66.313],[31.137,66.271],[31.142,66.23],[31.072,66.204],[31.126,66.178],[31.189,66.171],[31.205,66.157],[31.161,66.131],[31.191,66.096],[31.174,66.071],[31.286,66.046],[31.279,66.029]],[[30.897,66.046],[30.953,66.058],[30.898,66.091],[30.843,66.062],[30.861,66.045],[30.897,66.046]],[[31.023,66.179],[31.001,66.209],[30.914,66.199],[30.964,66.163],[31.016,66.163],[31.023,66.179]]]]}},{"type":"Feature","properties":{"n":"Great Bear Lake"},"geometry":{"type":"MultiPolygon","coordinates":[[[[-118.837,65.775],[-119.196,65.81],[-119.305,65.789],[-119.703,65.796],[-119.765,65.748],[-119.681,65.719],[-119.613,65.73],[-119.587,65.713],[-119.717,65.684],[-119.854,65.679],[-119.84,65.665],[-119.847,65.651],[-119.899,65.647],[-119.943,65.624],[-119.922,65.61],[-120.066,65.636],[-120.107,65.624],[-119.86,65.524],[-119.814,65.486],[-119.617,65.47],[-119.511,65.392],[-119.523,65.378],[-119.477,65.322],[-119.748,65.354],[-119.785,65.337],[-119.821,65.353],[-119.893,65.338],[-119.903,65.318],[-120.007,65.269],[-120.012,65.241],[-120.056,65.193],[-120.131,65.192],[-120.262,65.158],[-120.457,65.062],[-120.537,65.042],[-120.553,65.021],[-120.67,64.987],[-120.78,64.984],[-120.916,64.939],[-121.053,64.925],[-121.033,64.905],[-121.108,64.899],[-121.097,64.87],[-121.197,64.83],[-121.162,64.823],[-121.228,64.807],[-121.312,64.828],[-121.367,64.821],[-121.505,64.884],[-121.491,64.891],[-121.509,64.928],[-121.397,64.993],[-121.286,64.96],[-121.314,64.973],[-121.309,64.983],[-121.231,65.001],[-121.163,64.98],[-121.084,64.987],[-121.055,65.01],[-120.957,65.042],[-121.014,65.083],[-120.98,65.121],[-120.704,65.193],[-120.69,65.214],[-120.569,65.264],[-120.536,65.306],[-120.392,65.395],[-120.361,65.437],[-120.333,65.508],[-120.409,65.535],[-120.368,65.555],[-120.389,65.563],[-120.388,65.583],[-120.717,65.618],[-120.83,65.602],[-121.128,65.525],[-121.149,65.514],[-121.128,65.508],[-121.156,65.494],[-121.533,65.39],[-121.573,65.357],[-121.512,65.351],[-121.524,65.329],[-121.619,65.268],[-121.622,65.241],[-121.588,65.234],[-121.601,65.203],[-121.594,65.172],[-121.67,65.124],[-121.588,65.09],[-121.615,65.068],[-121.711,65.073],[-121.738,65.062],[-121.72,65.059],[-121.72,65.044],[-121.8,65.035],[-121.794,65.019],[-121.821,65.008],[-121.841,65.021],[-122.074,64.98],[-122.019,64.96],[-122.047,64.945],[-122.167,64.967],[-122.224,64.998],[-123.339,65.113],[-123.493,65.165],[-123.485,65.187],[-123.431,65.202],[-123.047,65.234],[-122.979,65.227],[-122.85,65.271],[-122.732,65.343],[-122.753,65.376],[-122.753,65.412],[-122.839,65.467],[-122.944,65.495],[-122.822,65.491],[-122.794,65.514],[-122.821,65.514],[-122.761,65.566],[-122.616,65.574],[-122.362,65.639],[-122.156,65.775],[-122.149,65.822],[-122.201,65.851],[-122.511,65.904],[-122.554,65.934],[-122.534,65.947],[-122.554,65.962],[-122.787,65.967],[-122.397,66.013],[-122.231,66.01],[-122.17,65.987],[-122.017,65.982],[-121.838,65.929],[-121.395,65.952],[-121.272,65.994],[-121.235,66.065],[-121.255,66.093],[-121.369,66.118],[-121.55,66.093],[-121.581,66.104],[-121.604,66.149],[-121.662,66.185],[-121.907,66.25],[-123.044,66.253],[-123.061,66.249],[-123.04,66.228],[-122.96,66.201],[-122.938,66.18],[-123.055,66.105],[-123.112,66.114],[-123.119,66.102],[-123.089,66.067],[-123.103,66.043],[-123.169,66.062],[-123.174,66.09],[-123.273,66.173],[-123.864,66.106],[-124.077,66.118],[-124.185,66.18],[-124.596,66.152],[-124.62,66.128],[-124.555,66.098],[-124.59,66.06],[-124.557,66.026],[-124.56,66.004],[-124.65,65.993],[-124.699,66.015],[-124.709,66.036],[-124.637,66.036],[-124.654,66.049],[-124.735,66.051],[-124.805,66.009],[-124.796,65.912],[-124.87,65.933],[-124.894,65.97],[-125.032,66.05],[-125.11,66.122],[-125.124,66.169],[-125.083,66.231],[-125.083,66.262],[-124.962,66.308],[-124.883,66.266],[-124.699,66.296],[-124.482,66.252],[-124.456,66.26],[-124.439,66.305],[-124.379,66.314],[-124.349,66.35],[-124.285,66.37],[-124.048,66.312],[-124.013,66.316],[-123.801,66.389],[-123.547,66.417],[-123.502,66.44],[-123.27,66.47],[-123.198,66.498],[-123.189,66.524],[-123.154,66.535],[-123.129,66.528],[-123.164,66.515],[-123.139,66.501],[-123.164,66.481],[-123.107,66.467],[-123.03,66.488],[-123.02,66.474],[-122.974,66.478],[-122.951,66.519],[-122.892,66.556],[-122.619,66.543],[-122.465,66.564],[-122.567,66.57],[-122.515,66.608],[-122.493,66.611],[-122.503,66.592],[-122.485,66.577],[-122.348,66.616],[-122.32,66.591],[-122.383,66.564],[-122.326,66.563],[-122.253,66.6],[-121.997,66.623],[-121.749,66.694],[-121.464,66.724],[-121.437,66.735],[-121.481,66.765],[-121.38,66.771],[-121.303,66.806],[-121.259,66.803],[-121.256,66.828],[-121.163,66.872],[-120.934,66.862],[-120.649,66.906],[-120.536,66.954],[-120.293,66.954],[-120.154,67.002],[-120.053,67.002],[-119.936,67.037],[-119.874,67.043],[-119.867,67.029],[-119.81,67.047],[-119.737,67.022],[-119.813,67.009],[-119.779,66.977],[-119.652,66.999],[-119.601,66.994],[-119.655,66.981],[-119.599,66.97],[-119.429,66.994],[-119.497,66.981],[-119.524,66.954],[-119.278,66.933],[-119.221,66.946],[-119.202,66.94],[-119.23,66.913],[-119.22,66.907],[-119.011,66.906],[-118.955,66.884],[-118.981,66.866],[-119.302,66.831],[-119.376,66.793],[-119.443,66.782],[-119.471,66.758],[-119.572,66.769],[-119.52,66.748],[-119.522,66.731],[-119.61,66.737],[-119.673,66.716],[-119.705,66.726],[-119.806,66.677],[-120.015,66.652],[-120.135,66.666],[-120.053,66.632],[-120.139,66.606],[-120.188,66.559],[-120.321,66.549],[-120.34,66.536],[-120.32,66.528],[-120.381,66.515],[-120.32,66.495],[-120.375,66.495],[-120.354,66.475],[-120.245,66.481],[-120.262,66.469],[-120.361,66.454],[-120.435,66.468],[-120.512,66.419],[-120.478,66.412],[-120.452,66.381],[-120.365,66.399],[-120.313,66.38],[-120.22,66.385],[-120.14,66.408],[-119.964,66.378],[-119.998,66.357],[-119.888,66.33],[-119.726,66.371],[-119.607,66.357],[-119.628,66.337],[-119.699,66.35],[-119.803,66.325],[-119.764,66.309],[-119.557,66.302],[-119.491,66.317],[-119.546,66.33],[-119.518,66.339],[-119.376,66.343],[-119.202,66.319],[-118.895,66.324],[-118.833,66.309],[-118.678,66.353],[-118.587,66.337],[-118.321,66.391],[-118.12,66.474],[-118.127,66.495],[-118.156,66.5],[-118.165,66.477],[-118.21,66.45],[-118.28,66.439],[-118.217,66.513],[-118.052,66.597],[-117.822,66.631],[-117.736,66.666],[-117.623,66.68],[-117.606,66.68],[-117.641,66.666],[-117.654,66.638],[-117.744,66.638],[-117.729,66.611],[-117.592,66.625],[-117.727,66.574],[-117.736,66.564],[-117.72,66.546],[-117.744,66.522],[-117.826,66.508],[-117.872,66.483],[-117.877,66.46],[-117.832,66.44],[-117.908,66.412],[-117.723,66.43],[-117.548,66.496],[-117.524,66.488],[-117.572,66.46],[-117.464,66.464],[-117.467,66.443],[-117.497,66.43],[-117.592,66.426],[-117.61,66.396],[-117.647,66.378],[-117.565,66.357],[-117.659,66.349],[-117.706,66.321],[-117.702,66.29],[-117.675,66.289],[-117.688,66.303],[-117.671,66.307],[-117.613,66.283],[-117.668,66.249],[-117.661,66.235],[-117.75,66.214],[-117.723,66.241],[-117.811,66.214],[-117.826,66.173],[-117.778,66.188],[-117.681,66.186],[-117.757,66.152],[-117.804,66.171],[-117.811,66.145],[-117.827,66.142],[-117.917,66.157],[-118.031,66.098],[-117.994,66.096],[-117.983,66.09],[-117.993,66.074],[-117.967,66.069],[-117.77,66.063],[-117.777,66.03],[-117.873,66.049],[-117.955,66.036],[-117.925,66.057],[-117.936,66.063],[-118.111,66.033],[-118.133,66.015],[-118.093,66.002],[-118.127,65.994],[-118.113,65.981],[-118.167,65.941],[-118.147,65.912],[-118.215,65.912],[-118.266,65.856],[-118.196,65.851],[-118.209,65.837],[-118.193,65.825],[-118.089,65.802],[-117.917,65.831],[-117.812,65.865],[-117.785,65.857],[-118.004,65.782],[-117.963,65.755],[-117.805,65.769],[-117.839,65.748],[-117.816,65.733],[-117.905,65.739],[-117.914,65.72],[-117.983,65.734],[-118.044,65.69],[-118.111,65.676],[-118.185,65.688],[-118.367,65.655],[-118.394,65.659],[-118.359,65.682],[-118.434,65.696],[-118.482,65.68],[-118.561,65.68],[-118.586,65.659],[-118.49,65.624],[-118.709,65.669],[-118.704,65.684],[-118.662,65.7],[-118.675,65.705],[-118.881,65.734],[-118.778,65.748],[-118.837,65.775]],[[-118.546,65.713],[-118.498,65.688],[-118.299,65.724],[-118.264,65.748],[-118.144,65.767],[-118.133,65.786],[-118.23,65.83],[-118.318,65.825],[-118.546,65.713]],[[-119.45,66.838],[-119.36,66.833],[-119.114,66.878],[-119.271,66.905],[-119.35,66.899],[-119.443,66.858],[-119.374,66.872],[-119.386,66.857],[-119.45,66.858],[-119.387,66.845],[-119.45,66.838]],[[-122.373,66.297],[-122.342,66.32],[-122.37,66.346],[-122.5,66.332],[-122.581,66.296],[-122.373,66.297]]]]}},{"type":"Feature","properties":{"n":"Great Slave Lake"},"geometry":{"type":"MultiPolygon","coordinates":[[[[-111.669,62.388],[-111.671,62.371],[-111.631,62.383],[-111.535,62.478],[-111.288,62.575],[-111.308,62.596],[-111.26,62.624],[-111.075,62.629],[-110.861,62.659],[-110.829,62.651],[-110.8,62.666],[-110.5,62.67],[-110.527,62.692],[-110.449,62.734],[-110.431,62.76],[-110.503,62.777],[-110.464,62.801],[-110.405,62.772],[-109.897,62.776],[-109.827,62.739],[-109.746,62.733],[-109.952,62.746],[-110.249,62.731],[-110.36,62.755],[-110.39,62.746],[-110.435,62.699],[-110.402,62.681],[-110.287,62.692],[-110.166,62.675],[-110.096,62.689],[-109.684,62.671],[-109.887,62.585],[-110.172,62.548],[-110.23,62.572],[-110.363,62.568],[-110.486,62.534],[-110.756,62.55],[-110.788,62.534],[-110.693,62.523],[-110.654,62.493],[-110.506,62.51],[-110.385,62.547],[-110.321,62.541],[-110.663,62.465],[-110.684,62.436],[-110.658,62.431],[-110.335,62.517],[-110.212,62.513],[-110.24,62.5],[-110.192,62.485],[-109.877,62.568],[-109.849,62.561],[-110.173,62.454],[-110.356,62.445],[-110.308,62.437],[-110.479,62.39],[-110.219,62.39],[-110.264,62.373],[-110.631,62.35],[-110.658,62.356],[-110.637,62.396],[-110.673,62.406],[-110.776,62.381],[-110.922,62.406],[-111.035,62.393],[-111.138,62.342],[-111.096,62.335],[-111.123,62.322],[-111.313,62.276],[-111.33,62.253],[-111.22,62.273],[-111.384,62.207],[-111.426,62.175],[-111.59,62.134],[-111.579,62.116],[-111.524,62.134],[-111.5,62.123],[-111.709,62.059],[-111.727,62.04],[-111.497,62.082],[-111.466,62.075],[-111.493,62.041],[-111.556,62.019],[-111.61,61.971],[-111.596,61.951],[-111.818,61.898],[-111.843,61.883],[-111.809,61.883],[-111.855,61.849],[-112.052,61.763],[-112.082,61.726],[-112.136,61.711],[-112.155,61.699],[-112.151,61.677],[-112.203,61.656],[-112.21,61.614],[-112.686,61.465],[-112.645,61.458],[-112.703,61.444],[-112.885,61.444],[-112.872,61.417],[-112.957,61.389],[-113.007,61.394],[-112.985,61.437],[-113.011,61.45],[-113.008,61.465],[-113.075,61.486],[-113.138,61.479],[-113.09,61.458],[-113.209,61.467],[-113.338,61.455],[-113.419,61.416],[-113.391,61.416],[-113.411,61.399],[-113.509,61.383],[-113.532,61.372],[-113.529,61.348],[-113.575,61.348],[-113.666,61.314],[-113.71,61.263],[-113.7,61.218],[-113.673,61.197],[-113.748,61.163],[-113.655,61.163],[-113.626,61.14],[-113.632,61.094],[-113.687,61.04],[-113.762,61.006],[-114.043,60.97],[-114.216,61.018],[-114.432,60.953],[-114.545,60.941],[-114.703,60.9],[-114.796,60.931],[-115.263,60.848],[-115.543,60.835],[-115.677,60.862],[-115.943,60.844],[-116.399,60.942],[-116.472,60.984],[-116.503,60.986],[-116.499,61.019],[-116.537,61.033],[-116.636,61.012],[-116.674,61.027],[-116.707,61.021],[-116.746,61.047],[-117.079,61.047],[-117.2,61.063],[-117.304,61.109],[-117.383,61.181],[-117.457,61.199],[-117.507,61.263],[-117.596,61.271],[-117.688,61.307],[-117.606,61.307],[-117.073,61.151],[-117.017,61.154],[-116.763,61.225],[-116.702,61.225],[-116.798,61.291],[-116.794,61.317],[-116.753,61.333],[-116.541,61.321],[-116.42,61.273],[-116.206,61.273],[-116.181,61.266],[-116.177,61.245],[-115.955,61.178],[-115.934,61.197],[-115.961,61.204],[-115.962,61.225],[-116.023,61.239],[-115.876,61.275],[-115.852,61.311],[-115.903,61.325],[-115.925,61.347],[-116.064,61.376],[-116.033,61.393],[-115.963,61.399],[-115.937,61.429],[-115.907,61.424],[-115.893,61.403],[-115.862,61.403],[-115.72,61.435],[-115.708,61.455],[-115.756,61.472],[-115.737,61.509],[-115.77,61.52],[-115.712,61.555],[-115.721,61.568],[-115.694,61.589],[-115.697,61.606],[-115.66,61.609],[-115.657,61.652],[-115.515,61.705],[-115.57,61.714],[-115.578,61.726],[-115.553,61.749],[-115.375,61.779],[-115.224,61.777],[-115.187,61.76],[-115.228,61.746],[-115.14,61.733],[-115.084,61.736],[-115.046,61.757],[-114.954,61.752],[-114.86,61.779],[-114.84,61.764],[-114.801,61.792],[-114.681,61.828],[-114.735,61.842],[-114.618,61.862],[-114.687,61.889],[-114.655,61.904],[-114.639,61.934],[-114.752,61.937],[-114.768,61.944],[-114.76,61.971],[-114.79,62.013],[-114.885,62.034],[-114.913,62.061],[-114.947,62.052],[-115.023,62.089],[-115.064,62.129],[-115.029,62.15],[-115.07,62.164],[-115.036,62.178],[-115.167,62.218],[-115.167,62.253],[-115.304,62.224],[-115.331,62.232],[-115.235,62.321],[-115.283,62.325],[-115.31,62.352],[-115.306,62.426],[-115.26,62.48],[-115.341,62.493],[-115.497,62.474],[-115.701,62.478],[-115.714,62.494],[-115.701,62.506],[-115.776,62.534],[-115.696,62.554],[-115.729,62.568],[-115.824,62.568],[-115.804,62.609],[-115.859,62.615],[-116.054,62.706],[-116.031,62.753],[-115.988,62.786],[-115.925,62.779],[-115.688,62.698],[-115.776,62.657],[-115.705,62.664],[-115.31,62.615],[-115.224,62.583],[-115.199,62.561],[-115.194,62.529],[-115.079,62.488],[-114.865,62.465],[-114.876,62.447],[-114.734,62.4],[-114.707,62.368],[-114.674,62.377],[-114.598,62.356],[-114.383,62.379],[-114.341,62.418],[-114.241,62.404],[-114.248,62.383],[-114.214,62.377],[-114.256,62.362],[-114.228,62.349],[-114.259,62.335],[-114.253,62.318],[-114.214,62.321],[-114.139,62.294],[-114.159,62.28],[-114.142,62.273],[-114.066,62.287],[-113.892,62.212],[-113.896,62.195],[-113.851,62.164],[-113.748,62.157],[-113.8,62.139],[-113.742,62.109],[-113.741,62.091],[-113.564,62.063],[-113.536,62.048],[-113.593,62.037],[-113.544,62.01],[-113.426,62.04],[-113.358,62.007],[-113.27,61.993],[-113.219,61.999],[-113.147,62.034],[-113.015,62.013],[-113.029,62.034],[-112.932,62.075],[-112.898,62.068],[-112.919,62.04],[-112.882,62.036],[-112.707,62.068],[-112.439,62.079],[-111.973,62.278],[-111.932,62.326],[-111.702,62.4],[-111.669,62.388]],[[-116.51,61.109],[-116.461,61.122],[-116.466,61.135],[-116.554,61.14],[-116.696,61.192],[-116.844,61.176],[-116.896,61.154],[-116.907,61.122],[-116.886,61.104],[-116.743,61.068],[-116.654,61.085],[-116.554,61.081],[-116.51,61.109]],[[-113.245,61.903],[-113.069,61.93],[-113.141,61.951],[-113.399,61.944],[-113.33,61.903],[-113.245,61.903]],[[-113.169,61.789],[-112.891,61.805],[-112.562,61.876],[-112.595,61.884],[-113.002,61.823],[-113.129,61.819],[-113.2,61.793],[-113.169,61.789]],[[-112.714,61.657],[-112.692,61.643],[-112.607,61.654],[-112.58,61.667],[-112.535,61.726],[-112.482,61.737],[-112.469,61.759],[-112.535,61.746],[-112.57,61.767],[-112.636,61.764],[-112.775,61.705],[-112.703,61.701],[-112.748,61.671],[-112.693,61.671],[-112.714,61.657]],[[-112.234,61.806],[-112.29,61.797],[-112.453,61.708],[-112.491,61.716],[-112.559,61.623],[-112.609,61.611],[-112.635,61.622],[-112.679,61.609],[-112.662,61.593],[-112.693,61.582],[-112.663,61.571],[-112.502,61.592],[-112.32,61.647],[-112.308,61.655],[-112.317,61.678],[-112.351,61.664],[-112.422,61.687],[-112.384,61.714],[-112.288,61.732],[-112.234,61.806]],[[-112.312,61.869],[-112.159,61.93],[-111.939,61.992],[-112.459,61.896],[-112.579,61.84],[-112.871,61.79],[-112.933,61.746],[-112.679,61.78],[-112.727,61.76],[-112.703,61.752],[-112.497,61.798],[-112.415,61.841],[-112.355,61.843],[-112.312,61.869]],[[-111.788,62.009],[-111.886,61.992],[-111.945,61.951],[-112.091,61.902],[-112.213,61.835],[-112.075,61.85],[-111.994,61.894],[-111.879,61.928],[-111.788,62.009]],[[-111.993,62.036],[-112.001,62.02],[-111.988,62.012],[-111.945,62.034],[-111.916,62.029],[-111.926,62.013],[-111.893,62.017],[-111.781,62.075],[-111.719,62.089],[-111.658,62.129],[-111.802,62.123],[-111.993,62.036]],[[-112.774,61.953],[-112.761,61.938],[-112.775,61.917],[-112.753,61.917],[-112.556,61.955],[-112.47,61.956],[-112.354,62.005],[-112.129,62.029],[-112.096,62.048],[-112.1,62.058],[-112.281,62.019],[-112.322,62.017],[-112.343,62.034],[-112.186,62.082],[-112.062,62.092],[-112.028,62.117],[-112.052,62.132],[-112.088,62.127],[-112.333,62.078],[-112.419,62.04],[-112.68,62.023],[-112.741,62.007],[-112.686,61.992],[-112.774,61.953]],[[-111.839,62.19],[-111.863,62.178],[-111.751,62.181],[-111.598,62.23],[-111.576,62.253],[-111.637,62.294],[-111.603,62.335],[-111.648,62.346],[-111.713,62.335],[-111.727,62.304],[-111.678,62.308],[-111.791,62.241],[-111.839,62.19]],[[-111.385,62.301],[-111.26,62.328],[-111.256,62.347],[-111.189,62.4],[-111.134,62.421],[-111.089,62.463],[-111.336,62.356],[-111.377,62.328],[-111.385,62.301]]]]}},{"type":"Feature","properties":{"n":"McLeod Bay"},"geometry":{"type":"MultiPolygon","coordinates":[[[[-111.702,62.4],[-111.614,62.534],[-111.53,62.562],[-111.46,62.693],[-111.377,62.712],[-111.317,62.76],[-111.192,62.808],[-110.747,62.918],[-110.45,62.954],[-109.924,62.951],[-109.959,62.925],[-109.698,62.925],[-109.623,62.911],[-109.643,62.89],[-109.621,62.883],[-109.496,62.863],[-109.258,62.862],[-109.225,62.842],[-109.088,62.835],[-108.965,62.801],[-109.164,62.726],[-109.079,62.733],[-108.937,62.794],[-108.903,62.793],[-108.932,62.759],[-109.013,62.733],[-108.978,62.706],[-109.016,62.685],[-109.238,62.599],[-109.335,62.582],[-109.299,62.615],[-109.199,62.64],[-109.164,62.664],[-109.28,62.643],[-109.212,62.698],[-109.283,62.679],[-109.3,62.684],[-109.294,62.719],[-109.307,62.73],[-109.664,62.767],[-109.774,62.808],[-109.841,62.798],[-109.945,62.822],[-110.454,62.833],[-110.513,62.815],[-110.633,62.838],[-110.699,62.828],[-110.747,62.801],[-110.628,62.8],[-110.575,62.774],[-110.817,62.76],[-111.42,62.628],[-111.669,62.388],[-111.702,62.4]]]]}},{"type":"Feature","properties":{"n":"Lake Winnipeg"},"geometry":{"type":"MultiPolygon","coordinates":[[[[-96.28,51.241],[-96.264,51.205],[-96.336,51.196],[-96.362,51.164],[-96.308,51.117],[-96.384,51.121],[-96.42,51.101],[-96.35,50.776],[-96.38,50.714],[-96.294,50.624],[-96.424,50.63],[-96.48,50.662],[-96.52,50.732],[-96.535,50.733],[-96.562,50.713],[-96.558,50.67],[-96.597,50.661],[-96.582,50.583],[-96.616,50.542],[-96.567,50.481],[-96.605,50.429],[-96.65,50.4],[-96.709,50.388],[-96.77,50.388],[-96.918,50.429],[-96.97,50.559],[-96.938,50.603],[-96.973,50.624],[-96.987,50.703],[-96.973,50.781],[-96.946,50.829],[-96.977,50.888],[-96.91,50.998],[-96.944,51.049],[-96.925,51.063],[-96.921,51.094],[-96.869,51.096],[-96.845,51.114],[-96.828,51.172],[-96.756,51.237],[-96.671,51.261],[-96.612,51.345],[-96.688,51.336],[-96.706,51.343],[-96.698,51.363],[-96.734,51.367],[-96.774,51.343],[-96.798,51.293],[-96.893,51.212],[-96.952,51.186],[-96.982,51.189],[-96.989,51.21],[-96.979,51.265],[-96.908,51.328],[-96.932,51.343],[-96.745,51.535],[-96.726,51.583],[-96.734,51.613],[-96.779,51.6],[-96.802,51.611],[-96.775,51.646],[-96.782,51.67],[-96.828,51.678],[-96.825,51.721],[-96.856,51.734],[-96.899,51.725],[-96.971,51.683],[-97.096,51.659],[-97.101,51.621],[-97.138,51.59],[-97.12,51.518],[-97.204,51.453],[-97.269,51.44],[-97.288,51.474],[-97.275,51.546],[-97.301,51.58],[-97.296,51.645],[-97.221,51.807],[-97.24,51.87],[-97.336,52.008],[-97.335,52.04],[-97.372,52.053],[-97.421,52.041],[-97.521,51.987],[-97.539,51.925],[-97.584,51.924],[-97.569,51.967],[-97.61,51.994],[-97.586,52.023],[-97.541,52.038],[-97.479,52.131],[-97.548,52.138],[-97.651,52.104],[-97.689,52.148],[-97.761,52.131],[-97.778,52.102],[-97.763,52.087],[-97.712,52.084],[-97.774,52.002],[-97.778,51.965],[-97.805,51.929],[-97.805,51.914],[-97.754,51.87],[-97.78,51.863],[-97.878,51.889],[-97.929,51.912],[-97.918,51.925],[-97.931,51.932],[-97.963,51.925],[-98.032,51.946],[-98.049,52.087],[-98.06,52.11],[-98.137,52.138],[-98.145,52.234],[-98.202,52.295],[-98.325,52.321],[-98.416,52.365],[-98.466,52.433],[-98.47,52.504],[-98.609,52.578],[-98.662,52.636],[-98.72,52.652],[-98.802,52.714],[-98.83,52.758],[-98.817,52.791],[-98.891,52.844],[-98.908,52.893],[-98.891,52.924],[-98.733,52.979],[-98.522,53.005],[-98.439,53.056],[-98.697,53.072],[-98.782,53.091],[-98.837,53.032],[-98.925,53.07],[-99.012,53.04],[-99.042,53.05],[-99.083,53.118],[-99.139,53.138],[-99.165,53.17],[-99.206,53.192],[-99.251,53.19],[-99.253,53.208],[-99.206,53.269],[-99.227,53.275],[-99.206,53.303],[-99.214,53.324],[-99.193,53.378],[-99.094,53.43],[-99.077,53.458],[-99.088,53.487],[-99.027,53.58],[-99.056,53.604],[-98.973,53.701],[-99.01,53.771],[-98.955,53.814],[-98.961,53.857],[-98.833,53.899],[-98.744,53.89],[-98.705,53.871],[-98.692,53.838],[-98.654,53.851],[-98.377,53.857],[-98.277,53.84],[-98.067,53.766],[-98.014,53.701],[-97.99,53.692],[-97.885,53.706],[-97.879,53.72],[-97.905,53.749],[-98.032,53.777],[-98.09,53.838],[-98.242,53.886],[-98.274,53.92],[-98.288,53.976],[-98.318,53.992],[-98.28,54.063],[-98.233,54.095],[-98.206,54.178],[-98.149,54.235],[-98.154,54.259],[-98.039,54.356],[-98.03,54.409],[-97.993,54.414],[-97.912,54.362],[-97.921,54.344],[-97.993,54.324],[-97.979,54.313],[-97.799,54.318],[-97.822,54.284],[-97.886,54.248],[-98.149,54.187],[-98.178,54.088],[-98.151,54.054],[-98.234,54.016],[-98.099,53.929],[-98.068,53.926],[-98.038,53.944],[-98.049,53.968],[-98.031,53.988],[-97.91,54.042],[-97.836,54.025],[-97.737,54.091],[-97.726,54.05],[-97.773,54.001],[-97.969,53.985],[-97.98,53.964],[-97.932,53.899],[-97.954,53.863],[-97.902,53.834],[-97.882,53.779],[-97.815,53.721],[-97.809,53.691],[-97.833,53.615],[-97.665,53.481],[-97.673,53.412],[-97.592,53.367],[-97.579,53.336],[-97.589,53.3],[-97.559,53.265],[-97.419,53.174],[-97.446,53.142],[-97.419,53.111],[-97.427,53.088],[-97.41,53.049],[-97.333,53.019],[-97.338,53.002],[-97.384,52.987],[-97.391,52.968],[-97.435,52.964],[-97.435,52.947],[-97.377,52.899],[-97.405,52.872],[-97.358,52.831],[-97.309,52.755],[-97.198,52.684],[-97.198,52.639],[-97.151,52.589],[-97.103,52.488],[-97.099,52.44],[-97.042,52.422],[-97.032,52.405],[-97.055,52.385],[-97.028,52.354],[-97.069,52.33],[-97,52.276],[-97.009,52.251],[-97.089,52.241],[-97.036,52.193],[-97.011,52.141],[-96.952,52.097],[-96.96,52.07],[-96.869,52.015],[-96.825,51.967],[-96.867,51.893],[-96.863,51.867],[-96.787,51.864],[-96.715,51.827],[-96.681,51.778],[-96.787,51.768],[-96.783,51.758],[-96.541,51.543],[-96.579,51.494],[-96.542,51.479],[-96.479,51.391],[-96.455,51.387],[-96.429,51.35],[-96.371,51.338],[-96.28,51.241]],[[-96.603,51.186],[-96.599,51.2],[-96.62,51.202],[-96.694,51.206],[-96.714,51.192],[-96.768,51.086],[-96.842,51.061],[-96.85,51.042],[-96.832,51.013],[-96.786,51.012],[-96.692,51.042],[-96.603,51.186]],[[-96.361,51.219],[-96.335,51.241],[-96.336,51.262],[-96.442,51.261],[-96.548,51.214],[-96.571,51.18],[-96.43,51.196],[-96.361,51.219]],[[-97.116,51.706],[-97.083,51.747],[-97.091,51.759],[-97.15,51.747],[-97.163,51.68],[-97.205,51.602],[-97.159,51.621],[-97.116,51.706]],[[-97.233,52.319],[-97.219,52.337],[-97.226,52.358],[-97.258,52.365],[-97.344,52.321],[-97.35,52.289],[-97.314,52.277],[-97.233,52.319]],[[-97.898,52.334],[-97.898,52.375],[-97.929,52.411],[-97.918,52.454],[-97.959,52.542],[-97.978,52.547],[-98.019,52.517],[-98.014,52.439],[-98.045,52.453],[-98.052,52.423],[-97.966,52.296],[-97.898,52.334]]]]}},{"type":"Feature","properties":{"n":"Lake Erie"},"geometry":{"type":"MultiPolygon","coordinates":[[[[-83.077,42.304],[-83.098,42.263],[-83.124,42.09],[-83.107,42.056],[-82.874,41.984],[-82.712,42.035],[-82.623,42.038],[-82.549,41.987],[-82.499,41.914],[-82.487,42.035],[-82.387,42.126],[-82.085,42.255],[-81.924,42.264],[-81.931,42.284],[-81.856,42.325],[-81.897,42.256],[-81.857,42.259],[-81.793,42.405],[-81.54,42.572],[-81.359,42.649],[-81.229,42.67],[-80.932,42.667],[-80.511,42.572],[-80.358,42.579],[-80.11,42.543],[-80.046,42.558],[-80.3,42.583],[-80.341,42.603],[-80.443,42.6],[-80.454,42.618],[-80.404,42.672],[-80.37,42.688],[-80.348,42.668],[-80.318,42.721],[-80.188,42.792],[-79.835,42.832],[-79.717,42.867],[-79.643,42.845],[-79.579,42.862],[-79.496,42.857],[-79.447,42.881],[-79.203,42.88],[-79.095,42.85],[-79.077,42.87],[-78.943,42.899],[-78.915,42.932],[-79.042,43.01],[-79.032,43.055],[-79.075,43.089],[-79.066,43.106],[-79.026,43.086],[-78.915,43.076],[-78.888,43.051],[-78.936,42.98],[-78.909,42.952],[-78.869,42.855],[-78.881,42.781],[-79.031,42.714],[-79.156,42.577],[-79.235,42.557],[-79.368,42.49],[-79.471,42.407],[-79.56,42.358],[-80.135,42.126],[-80.117,42.151],[-80.067,42.167],[-80.09,42.174],[-80.211,42.092],[-80.376,42.024],[-80.869,41.893],[-80.896,41.873],[-81.026,41.845],[-81.348,41.729],[-81.672,41.522],[-81.743,41.498],[-81.808,41.51],[-81.878,41.49],[-82.041,41.511],[-82.251,41.45],[-82.363,41.439],[-82.458,41.394],[-82.546,41.412],[-82.685,41.495],[-82.609,41.428],[-82.684,41.465],[-82.76,41.463],[-82.788,41.476],[-82.926,41.432],[-82.959,41.455],[-82.979,41.444],[-82.993,41.458],[-83.061,41.462],[-82.979,41.469],[-82.94,41.494],[-82.698,41.517],[-82.711,41.543],[-82.786,41.544],[-82.846,41.592],[-82.856,41.551],[-82.885,41.536],[-82.989,41.544],[-83.096,41.62],[-83.219,41.646],[-83.315,41.709],[-83.366,41.702],[-83.459,41.722],[-83.466,41.746],[-83.453,41.767],[-83.425,41.764],[-83.413,41.827],[-83.371,41.878],[-83.336,41.887],[-83.31,41.935],[-83.26,41.934],[-83.253,41.96],[-83.267,41.983],[-83.221,41.995],[-83.199,42.038],[-83.178,42.017],[-83.199,42.065],[-83.192,42.106],[-83.125,42.268],[-83.077,42.304]],[[-78.982,42.979],[-78.964,42.976],[-78.913,43.037],[-78.917,43.059],[-79.011,43.065],[-79.022,43.011],[-78.982,42.979]],[[-83.145,42.108],[-83.143,42.195],[-83.17,42.102],[-83.158,42.092],[-83.145,42.108]],[[-82.638,41.747],[-82.623,41.75],[-82.644,41.838],[-82.684,41.795],[-82.686,41.744],[-82.675,41.729],[-82.638,41.747]]]]}},{"type":"Feature","properties":{"n":"Lake Ontario"},"geometry":{"type":"MultiPolygon","coordinates":[[[[-76.087,43.97],[-76.133,43.957],[-76.146,43.917],[-76.216,43.86],[-76.243,43.874],[-76.229,43.901],[-76.303,43.859],[-76.243,43.819],[-76.21,43.737],[-76.22,43.695],[-76.21,43.648],[-76.192,43.671],[-76.168,43.668],[-76.21,43.623],[-76.215,43.601],[-76.188,43.587],[-76.246,43.538],[-76.334,43.521],[-76.419,43.534],[-76.49,43.484],[-76.633,43.427],[-76.713,43.339],[-76.751,43.354],[-76.827,43.317],[-76.93,43.301],[-76.956,43.257],[-76.984,43.263],[-76.983,43.284],[-77.367,43.298],[-77.583,43.257],[-77.749,43.345],[-78.107,43.394],[-78.227,43.38],[-78.38,43.396],[-78.689,43.361],[-78.991,43.287],[-79.174,43.26],[-79.33,43.19],[-79.395,43.21],[-79.594,43.216],[-79.692,43.241],[-79.773,43.292],[-79.775,43.329],[-79.617,43.494],[-79.589,43.571],[-79.508,43.6],[-79.471,43.648],[-79.371,43.645],[-79.135,43.784],[-79.097,43.825],[-79.041,43.83],[-78.953,43.866],[-78.855,43.863],[-78.607,43.915],[-78.501,43.901],[-78.28,43.959],[-77.907,43.986],[-77.803,44.019],[-77.675,44.004],[-77.737,44.026],[-77.709,44.045],[-77.675,44.032],[-77.601,44.045],[-77.532,44.018],[-77.58,44.004],[-77.477,43.949],[-77.251,43.97],[-77.284,43.945],[-77.326,43.963],[-77.3,43.923],[-77.256,43.921],[-77.168,43.957],[-77.236,43.881],[-77.123,43.862],[-77.085,43.887],[-76.925,43.937],[-76.85,43.947],[-76.887,43.966],[-76.971,43.952],[-77.004,43.963],[-77.042,43.938],[-77.045,43.957],[-77.017,43.997],[-76.901,44.052],[-76.891,44.082],[-76.85,44.116],[-77.009,44.05],[-77.063,44.059],[-77.134,44.045],[-77.092,44.106],[-77.066,44.182],[-77.172,44.151],[-77.262,44.145],[-77.299,44.121],[-77.264,44.107],[-77.306,44.095],[-77.34,44.107],[-77.319,44.127],[-77.333,44.141],[-77.305,44.154],[-77.415,44.148],[-77.586,44.079],[-77.584,44.099],[-77.556,44.124],[-77.336,44.181],[-77.294,44.169],[-77.236,44.195],[-77.192,44.169],[-77.014,44.217],[-76.999,44.215],[-77.04,44.181],[-77.039,44.136],[-76.922,44.203],[-76.887,44.182],[-77.004,44.146],[-77.072,44.093],[-77.032,44.086],[-77.045,44.066],[-76.974,44.077],[-76.837,44.164],[-76.638,44.236],[-76.617,44.223],[-76.544,44.225],[-76.477,44.259],[-76.441,44.246],[-76.307,44.311],[-75.974,44.385],[-75.845,44.488],[-75.812,44.504],[-75.792,44.497],[-75.77,44.446],[-75.845,44.401],[-75.853,44.381],[-75.909,44.364],[-76.054,44.266],[-76.183,44.223],[-76.366,44.117],[-76.361,44.096],[-76.312,44.073],[-76.304,44.033],[-76.275,44.062],[-76.21,44.086],[-76.201,44.072],[-76.161,44.077],[-76.147,44.066],[-76.161,44.045],[-76.127,44.059],[-76.133,44.046],[-76.212,43.989],[-76.144,43.984],[-76.065,44.008],[-76.06,43.988],[-76.087,43.97]],[[-76.051,44.34],[-76.022,44.301],[-75.953,44.337],[-75.914,44.381],[-75.955,44.36],[-75.961,44.376],[-75.996,44.34],[-75.996,44.354],[-76.051,44.34]],[[-76.158,44.285],[-76.158,44.268],[-76.127,44.269],[-76.065,44.303],[-76.106,44.313],[-76.158,44.285]],[[-76.64,44.176],[-76.637,44.199],[-76.66,44.201],[-76.794,44.163],[-76.815,44.151],[-76.815,44.132],[-76.703,44.125],[-76.64,44.176]],[[-76.314,44.289],[-76.353,44.264],[-76.239,44.28],[-76.195,44.313],[-76.314,44.289]],[[-76.416,44.223],[-76.435,44.223],[-76.253,44.216],[-76.181,44.241],[-76.36,44.237],[-76.416,44.223]],[[-76.409,44.135],[-76.36,44.154],[-76.38,44.162],[-76.346,44.189],[-76.435,44.214],[-76.499,44.167],[-76.502,44.15],[-76.469,44.148],[-76.49,44.121],[-76.433,44.12],[-76.409,44.135]],[[-76.216,44.032],[-76.224,44.044],[-76.274,44.019],[-76.277,43.976],[-76.216,44.032]]]]}},{"type":"Feature","properties":{"n":"Lake Saint Clair"},"geometry":{"type":"MultiPolygon","coordinates":[[[[-83.082,42.309],[-83.043,42.341],[-82.938,42.366],[-82.89,42.403],[-82.87,42.462],[-82.881,42.516],[-82.863,42.558],[-82.785,42.582],[-82.773,42.6],[-82.814,42.632],[-82.815,42.652],[-82.705,42.702],[-82.631,42.681],[-82.644,42.641],[-82.625,42.616],[-82.637,42.6],[-82.609,42.579],[-82.644,42.551],[-82.603,42.516],[-82.486,42.505],[-82.466,42.483],[-82.416,42.497],[-82.431,42.462],[-82.41,42.424],[-82.411,42.381],[-82.439,42.339],[-82.479,42.325],[-82.773,42.311],[-82.948,42.343],[-83.082,42.309]]]]}},{"type":"Feature","properties":{"n":"Lake Okeechobee"},"geometry":{"type":"MultiPolygon","coordinates":[[[[-80.628,27.012],[-80.62,26.897],[-80.687,26.814],[-80.694,26.749],[-80.718,26.743],[-80.732,26.77],[-80.725,26.699],[-80.742,26.688],[-80.814,26.703],[-80.896,26.749],[-80.985,26.858],[-80.979,26.879],[-81.02,26.872],[-81.057,26.886],[-81.078,26.946],[-81.101,26.964],[-81.102,26.976],[-80.958,27.051],[-80.964,27.062],[-80.927,27.074],[-80.845,27.173],[-80.789,27.196],[-80.752,27.188],[-80.679,27.113],[-80.628,27.012]]]]}},{"type":"Feature","properties":{"n":"Lago de Nicaragua"},"geometry":{"type":"MultiPolygon","coordinates":[[[[-84.782,11.163],[-84.768,11.09],[-84.82,11.049],[-84.898,11.029],[-84.934,11.052],[-85.153,11.098],[-85.257,11.105],[-85.296,11.139],[-85.409,11.162],[-85.497,11.194],[-85.563,11.241],[-85.628,11.255],[-85.75,11.376],[-85.803,11.525],[-85.833,11.577],[-85.863,11.592],[-85.865,11.612],[-85.844,11.605],[-85.861,11.695],[-85.871,11.701],[-85.865,11.66],[-85.919,11.718],[-85.885,11.765],[-85.898,11.854],[-85.927,11.875],[-85.904,11.9],[-85.892,11.879],[-85.902,11.908],[-85.937,11.928],[-85.936,11.967],[-85.871,12.098],[-85.818,12.096],[-85.776,12.12],[-85.67,12.063],[-85.654,12.04],[-85.618,12.036],[-85.595,12.052],[-85.433,11.865],[-85.41,11.886],[-85.368,11.878],[-85.296,11.838],[-85.272,11.795],[-85.186,11.755],[-85.058,11.58],[-84.898,11.426],[-84.886,11.368],[-84.851,11.331],[-84.857,11.31],[-84.826,11.306],[-84.788,11.264],[-84.782,11.163]],[[-85.878,11.708],[-85.782,11.711],[-85.792,11.762],[-85.844,11.769],[-85.874,11.738],[-85.858,11.714],[-85.878,11.708]],[[-85.453,11.427],[-85.472,11.486],[-85.536,11.494],[-85.561,11.567],[-85.598,11.591],[-85.673,11.577],[-85.714,11.509],[-85.658,11.481],[-85.59,11.488],[-85.566,11.474],[-85.547,11.419],[-85.505,11.4],[-85.453,11.427]]]]}},{"type":"Feature","properties":{"n":""},"geometry":{"type":"MultiPolygon","coordinates":[[[[-100.269,53.626],[-100.269,53.626]]],[[[-100.286,53.63],[-100.284,53.655],[-100.379,53.77],[-100.453,53.789],[-100.462,53.819],[-100.184,53.907],[-100.173,53.917],[-100.182,53.936],[-100.325,53.887],[-100.357,53.898],[-100.426,53.865],[-100.468,53.899],[-100.514,53.905],[-100.521,53.938],[-100.459,53.966],[-100.368,53.951],[-100.338,53.924],[-100.255,53.956],[-100.296,53.974],[-100.327,54.009],[-100.33,54.03],[-100.265,54.088],[-100.392,54.194],[-100.361,54.228],[-100.316,54.243],[-100.233,54.181],[-100.198,54.252],[-100.125,54.269],[-100.132,54.256],[-100.114,54.228],[-99.987,54.194],[-100.009,54.167],[-99.953,54.168],[-99.945,54.2],[-99.925,54.208],[-99.836,54.209],[-99.795,54.191],[-99.953,54.126],[-100.102,54.109],[-100.171,54.053],[-100.201,54.064],[-100.232,54.047],[-100.248,54.012],[-100.237,53.998],[-100.119,54.009],[-100.128,53.969],[-100.039,53.949],[-100.058,53.921],[-100.119,53.913],[-100.183,53.881],[-100.094,53.796],[-100.08,53.834],[-100.035,53.858],[-99.974,53.858],[-99.858,53.926],[-99.819,53.911],[-99.726,54.021],[-99.665,54.055],[-99.607,54.063],[-99.618,54.023],[-99.584,54.016],[-99.587,53.991],[-99.698,53.937],[-99.706,53.892],[-99.727,53.872],[-99.713,53.858],[-99.72,53.829],[-99.761,53.783],[-99.799,53.787],[-99.848,53.83],[-99.851,53.858],[-99.868,53.856],[-99.931,53.818],[-99.94,53.79],[-99.899,53.766],[-99.928,53.74],[-100.005,53.749],[-100.018,53.704],[-100.123,53.669],[-100.194,53.694],[-100.203,53.689],[-100.173,53.66],[-100.286,53.63]]]]}},{"type":"Feature","properties":{"n":"Wollaston Lake"},"geometry":{"type":"MultiPolygon","coordinates":[[[[-103.64,58.388],[-103.558,58.456],[-103.51,58.418],[-103.387,58.423],[-103.23,58.464],[-103.195,58.498],[-103.249,58.521],[-103.187,58.572],[-103.169,58.554],[-103.188,58.532],[-103.153,58.519],[-103.068,58.546],[-103.025,58.53],[-102.92,58.552],[-102.976,58.511],[-102.928,58.463],[-102.804,58.443],[-102.766,58.412],[-102.854,58.307],[-102.873,58.305],[-102.871,58.357],[-102.887,58.357],[-103.017,58.264],[-102.986,58.244],[-103.037,58.222],[-103.037,58.203],[-102.893,58.215],[-102.951,58.159],[-103.064,58.113],[-103.064,58.138],[-103.017,58.169],[-103.049,58.178],[-103.147,58.121],[-103.246,58.099],[-103.277,58.045],[-103.243,58.045],[-103.305,57.97],[-103.257,57.964],[-103.305,57.89],[-103.249,57.86],[-103.246,57.825],[-103.154,57.874],[-103.292,57.72],[-103.408,57.668],[-103.27,57.802],[-103.277,57.811],[-103.304,57.797],[-103.317,57.841],[-103.362,57.871],[-103.515,57.867],[-103.537,57.88],[-103.53,57.9],[-103.557,57.899],[-103.626,57.847],[-103.681,57.833],[-103.734,57.772],[-103.757,57.764],[-103.805,57.785],[-103.866,57.758],[-103.829,57.816],[-103.766,57.831],[-103.681,57.88],[-103.633,57.936],[-103.738,57.957],[-103.764,57.929],[-103.801,57.929],[-103.832,57.943],[-103.826,57.957],[-103.75,57.984],[-103.719,58.025],[-103.568,58.052],[-103.555,58.076],[-103.592,58.093],[-103.517,58.125],[-103.558,58.141],[-103.653,58.088],[-103.667,58.112],[-103.694,58.112],[-103.743,58.072],[-103.799,58.058],[-103.753,58.11],[-103.644,58.159],[-103.626,58.203],[-103.641,58.228],[-103.595,58.28],[-103.555,58.292],[-103.571,58.316],[-103.691,58.259],[-103.688,58.28],[-103.594,58.366],[-103.597,58.382],[-103.64,58.388]],[[-103.504,58.066],[-103.579,58.018],[-103.592,58.004],[-103.578,57.998],[-103.586,57.984],[-103.532,57.984],[-103.401,58.023],[-103.428,58.058],[-103.4,58.08],[-103.504,58.066]]]]}},{"type":"Feature","properties":{"n":"Reindeer Lake"},"geometry":{"type":"MultiPolygon","coordinates":[[[[-101.516,57.929],[-101.55,57.899],[-101.526,57.88],[-101.545,57.816],[-101.581,57.781],[-101.629,57.767],[-101.669,57.703],[-101.724,57.688],[-101.726,57.646],[-101.749,57.638],[-101.763,57.607],[-101.89,57.557],[-101.934,57.504],[-102.085,57.501],[-102.086,57.431],[-102.167,57.347],[-102.025,57.332],[-101.955,57.347],[-101.94,57.312],[-101.845,57.306],[-101.831,57.292],[-101.825,57.271],[-101.861,57.247],[-101.909,57.236],[-101.927,57.265],[-102.067,57.19],[-102.058,57.155],[-102.068,57.119],[-102.005,57.07],[-101.988,57.028],[-101.952,57.041],[-101.957,56.989],[-102.059,56.981],[-102.196,56.849],[-102.315,56.856],[-102.425,56.792],[-102.434,56.774],[-102.424,56.759],[-102.346,56.777],[-102.316,56.759],[-102.228,56.757],[-102.294,56.73],[-102.38,56.736],[-102.432,56.703],[-102.503,56.64],[-102.479,56.625],[-102.407,56.634],[-102.44,56.599],[-102.575,56.6],[-102.585,56.552],[-102.658,56.55],[-102.768,56.497],[-102.82,56.514],[-102.883,56.466],[-102.938,56.46],[-102.955,56.449],[-102.913,56.417],[-102.914,56.401],[-102.968,56.357],[-103.06,56.362],[-103.088,56.438],[-103.111,56.44],[-103.236,56.339],[-103.221,56.313],[-103.251,56.27],[-103.298,56.278],[-103.29,56.339],[-103.308,56.367],[-103.29,56.38],[-103.303,56.391],[-103.228,56.472],[-103.181,56.49],[-103.263,56.51],[-103.304,56.458],[-103.298,56.507],[-103.323,56.557],[-103.29,56.586],[-103.224,56.601],[-103.195,56.538],[-103.154,56.545],[-103.147,56.675],[-103.116,56.722],[-103.14,56.791],[-103.112,56.839],[-103.114,56.869],[-103.085,56.887],[-103.054,56.882],[-103.068,56.806],[-103.054,56.763],[-103.085,56.73],[-103.069,56.666],[-103.112,56.613],[-103.085,56.586],[-103.127,56.476],[-102.959,56.535],[-102.942,56.596],[-102.886,56.65],[-102.866,56.7],[-102.756,56.798],[-102.776,56.744],[-102.77,56.702],[-102.879,56.632],[-102.873,56.597],[-102.768,56.647],[-102.753,56.675],[-102.667,56.702],[-102.692,56.713],[-102.709,56.744],[-102.684,56.776],[-102.631,56.796],[-102.555,56.779],[-102.557,56.891],[-102.538,56.968],[-102.544,57.004],[-102.592,57.018],[-102.584,57.059],[-102.564,57.065],[-102.635,57.098],[-102.727,57.077],[-102.776,57.093],[-102.739,57.127],[-102.688,57.141],[-102.744,57.159],[-102.75,57.175],[-102.674,57.206],[-102.676,57.254],[-102.763,57.244],[-102.77,57.277],[-102.818,57.291],[-102.804,57.319],[-102.983,57.265],[-102.907,57.332],[-102.915,57.354],[-102.956,57.369],[-102.901,57.412],[-102.941,57.449],[-102.777,57.493],[-102.696,57.543],[-102.667,57.58],[-102.667,57.605],[-102.695,57.6],[-102.688,57.655],[-102.725,57.676],[-102.722,57.688],[-102.635,57.721],[-102.613,57.716],[-102.598,57.683],[-102.569,57.678],[-102.408,57.854],[-102.338,57.88],[-102.308,57.874],[-102.297,57.895],[-102.146,57.943],[-102.119,57.984],[-102.168,58.002],[-102.161,58.042],[-102.113,58.066],[-102.096,58.044],[-102.08,58.052],[-102.068,58.08],[-102.085,58.103],[-101.998,58.133],[-101.951,58.124],[-102.003,58.058],[-101.998,58.04],[-102.063,57.972],[-101.975,57.943],[-101.87,57.995],[-101.855,58.121],[-101.786,58.161],[-101.77,58.155],[-101.834,58.063],[-101.771,57.948],[-101.838,57.915],[-101.845,57.888],[-101.94,57.813],[-101.934,57.785],[-101.906,57.785],[-101.835,57.851],[-101.804,57.847],[-101.811,57.832],[-101.781,57.819],[-101.708,57.88],[-101.737,57.912],[-101.716,57.936],[-101.662,57.894],[-101.629,57.897],[-101.598,57.929],[-101.577,57.914],[-101.516,57.929]],[[-102.15,57.069],[-102.185,57.109],[-102.216,57.093],[-102.225,57.05],[-102.283,56.977],[-102.263,56.945],[-102.295,56.905],[-102.284,56.893],[-102.262,56.89],[-102.187,56.95],[-102.133,56.967],[-102.15,57.069]],[[-102.46,57.46],[-102.434,57.49],[-102.469,57.494],[-102.513,57.465],[-102.621,57.45],[-102.66,57.416],[-102.657,57.405],[-102.606,57.422],[-102.537,57.394],[-102.46,57.46]]]]}},{"type":"Feature","properties":{"n":"Lake of the Woods"},"geometry":{"type":"MultiPolygon","coordinates":[[[[-94.331,49.091],[-94.321,49.069],[-94.458,48.967],[-94.591,48.942],[-94.671,48.859],[-94.839,48.866],[-94.946,48.958],[-94.988,48.977],[-95.068,48.962],[-95.141,48.899],[-95.23,48.883],[-95.274,48.889],[-95.328,48.931],[-95.319,48.99],[-95.25,49.007],[-95.232,49.028],[-95.28,49.062],[-95.291,49.087],[-95.259,49.157],[-95.136,49.192],[-95.118,49.151],[-94.972,49.193],[-94.945,49.215],[-94.93,49.291],[-94.942,49.323],[-94.971,49.343],[-95.076,49.345],[-95.084,49.367],[-94.963,49.395],[-94.927,49.387],[-94.91,49.417],[-94.931,49.436],[-94.907,49.462],[-94.854,49.467],[-94.848,49.491],[-94.869,49.507],[-94.856,49.518],[-94.79,49.514],[-94.711,49.537],[-94.616,49.616],[-94.639,49.643],[-94.75,49.628],[-94.776,49.599],[-94.856,49.57],[-94.869,49.555],[-94.848,49.541],[-94.945,49.519],[-94.97,49.487],[-95.112,49.445],[-95.155,49.459],[-95.157,49.48],[-95.104,49.523],[-95.1,49.559],[-95.182,49.599],[-95.179,49.613],[-95.116,49.654],[-95.061,49.631],[-94.987,49.636],[-94.944,49.616],[-94.992,49.589],[-94.979,49.572],[-94.883,49.568],[-94.81,49.632],[-94.903,49.65],[-94.823,49.693],[-94.657,49.713],[-94.516,49.702],[-94.514,49.714],[-94.561,49.733],[-94.564,49.748],[-94.533,49.781],[-94.564,49.802],[-94.573,49.834],[-94.617,49.883],[-94.694,49.922],[-94.707,49.945],[-94.699,49.967],[-94.649,49.993],[-94.598,49.99],[-94.529,49.948],[-94.53,49.887],[-94.561,49.864],[-94.501,49.824],[-94.493,49.78],[-94.455,49.735],[-94.353,49.714],[-94.334,49.726],[-94.311,49.699],[-94.273,49.692],[-94.295,49.666],[-94.382,49.637],[-94.275,49.61],[-94.252,49.589],[-94.392,49.603],[-94.416,49.59],[-94.306,49.507],[-94.2,49.494],[-94.165,49.472],[-94.068,49.452],[-94.158,49.46],[-94.177,49.445],[-94.1,49.389],[-94.017,49.369],[-94.058,49.355],[-94.024,49.321],[-94.05,49.236],[-94.135,49.192],[-94.156,49.206],[-94.087,49.247],[-94.075,49.27],[-94.221,49.324],[-94.211,49.39],[-94.197,49.397],[-94.231,49.416],[-94.288,49.38],[-94.328,49.376],[-94.266,49.425],[-94.249,49.466],[-94.225,49.466],[-94.269,49.482],[-94.574,49.459],[-94.622,49.47],[-94.682,49.427],[-94.759,49.417],[-94.804,49.352],[-94.784,49.314],[-94.737,49.35],[-94.715,49.336],[-94.702,49.366],[-94.569,49.348],[-94.623,49.326],[-94.494,49.234],[-94.443,49.236],[-94.346,49.281],[-94.306,49.28],[-94.314,49.267],[-94.281,49.226],[-94.266,49.247],[-94.252,49.206],[-94.28,49.171],[-94.012,49.185],[-94.15,49.096],[-94.215,49.096],[-94.273,49.124],[-94.31,49.117],[-94.331,49.091]],[[-94.515,49.117],[-94.498,49.13],[-94.506,49.144],[-94.622,49.084],[-94.639,49.031],[-94.605,49.047],[-94.549,49.017],[-94.507,49.064],[-94.523,49.096],[-94.515,49.117]],[[-94.461,49.151],[-94.437,49.178],[-94.451,49.189],[-94.444,49.206],[-94.481,49.219],[-94.519,49.194],[-94.561,49.198],[-94.607,49.179],[-94.67,49.206],[-94.739,49.178],[-94.782,49.192],[-94.787,49.178],[-94.746,49.144],[-94.712,49.075],[-94.657,49.109],[-94.612,49.111],[-94.544,49.158],[-94.478,49.164],[-94.485,49.151],[-94.461,49.151]]]]}},{"type":"Feature","properties":{"n":"Lake Nipigon"},"geometry":{"type":"MultiPolygon","coordinates":[[[[-88.942,50.05],[-88.859,50.066],[-88.818,50.192],[-88.659,50.285],[-88.582,50.261],[-88.559,50.22],[-88.482,50.254],[-88.463,50.23],[-88.411,50.211],[-88.386,50.164],[-88.358,50.164],[-88.321,50.137],[-88.266,50.14],[-88.275,50.177],[-88.317,50.192],[-88.339,50.24],[-88.369,50.229],[-88.431,50.27],[-88.441,50.281],[-88.427,50.293],[-88.396,50.301],[-88.316,50.268],[-88.293,50.233],[-88.214,50.221],[-88.15,50.116],[-88.168,50.086],[-88.204,50.124],[-88.242,50.13],[-88.208,50.059],[-88.235,49.986],[-88.208,49.991],[-88.184,50.026],[-88.148,50.041],[-88.098,49.997],[-88.016,49.98],[-88.011,49.956],[-88.043,49.951],[-88.057,49.973],[-88.105,49.918],[-88.154,49.925],[-88.201,49.911],[-88.098,49.887],[-88.105,49.823],[-88.14,49.808],[-88.152,49.784],[-88.113,49.76],[-88.105,49.658],[-88.136,49.611],[-88.174,49.591],[-88.16,49.527],[-88.173,49.503],[-88.14,49.433],[-88.146,49.404],[-88.198,49.475],[-88.228,49.438],[-88.274,49.479],[-88.346,49.474],[-88.396,49.394],[-88.435,49.367],[-88.467,49.425],[-88.455,49.459],[-88.478,49.462],[-88.503,49.438],[-88.505,49.522],[-88.537,49.541],[-88.547,49.574],[-88.563,49.572],[-88.569,49.528],[-88.544,49.514],[-88.543,49.482],[-88.53,49.48],[-88.623,49.414],[-88.783,49.459],[-88.805,49.494],[-88.76,49.521],[-88.731,49.583],[-88.681,49.589],[-88.66,49.61],[-88.581,49.595],[-88.58,49.627],[-88.605,49.649],[-88.667,49.644],[-88.726,49.613],[-88.75,49.65],[-88.764,49.644],[-88.756,49.582],[-88.774,49.579],[-88.79,49.548],[-88.904,49.517],[-88.956,49.48],[-88.984,49.539],[-89.025,49.55],[-89.049,49.594],[-89.021,49.603],[-88.976,49.557],[-88.907,49.548],[-88.891,49.585],[-88.919,49.646],[-88.907,49.672],[-88.941,49.678],[-88.918,49.757],[-88.952,49.767],[-88.962,49.739],[-89.005,49.703],[-89.031,49.739],[-89.051,49.705],[-89.064,49.774],[-89.097,49.755],[-89.106,49.774],[-89.07,49.867],[-89.051,49.857],[-89.054,49.802],[-88.975,49.781],[-88.934,49.826],[-88.952,49.858],[-88.989,49.87],[-88.985,49.884],[-88.883,49.907],[-88.85,49.938],[-88.888,49.96],[-88.879,49.993],[-88.943,50.023],[-88.942,50.05]],[[-88.406,50.033],[-88.399,50.008],[-88.338,49.967],[-88.317,50.008],[-88.373,50.041],[-88.406,50.033]],[[-88.462,50.152],[-88.45,50.092],[-88.427,50.103],[-88.448,50.179],[-88.462,50.152]],[[-88.496,49.632],[-88.483,49.612],[-88.39,49.62],[-88.373,49.686],[-88.399,49.7],[-88.455,49.637],[-88.449,49.655],[-88.467,49.671],[-88.496,49.632]],[[-88.646,49.973],[-88.626,49.939],[-88.616,49.969],[-88.564,49.997],[-88.55,50.027],[-88.576,50.046],[-88.64,50.049],[-88.626,49.986],[-88.646,49.973]],[[-88.723,49.891],[-88.764,49.87],[-88.66,49.849],[-88.578,49.808],[-88.646,49.898],[-88.633,49.911],[-88.687,49.925],[-88.723,49.891]]]]}},{"type":"Feature","properties":{"n":"Lake Manitoba"},"geometry":{"type":"MultiPolygon","coordinates":[[[[-97.946,50.432],[-97.941,50.334],[-98.172,50.22],[-98.317,50.188],[-98.417,50.187],[-98.513,50.211],[-98.558,50.254],[-98.576,50.312],[-98.566,50.353],[-98.517,50.392],[-98.516,50.415],[-98.59,50.514],[-98.598,50.57],[-98.621,50.575],[-98.645,50.644],[-98.694,50.703],[-98.708,50.755],[-98.854,50.874],[-98.85,50.948],[-98.83,50.967],[-98.852,50.977],[-98.891,50.96],[-98.913,50.967],[-98.974,51.061],[-99.018,51.093],[-99.014,51.151],[-98.986,51.161],[-98.942,51.108],[-98.892,51.079],[-98.888,51.021],[-98.845,51.021],[-98.851,51.055],[-98.782,51.104],[-98.794,51.118],[-98.854,51.093],[-98.857,51.126],[-98.875,51.136],[-98.846,51.227],[-98.852,51.264],[-98.926,51.232],[-98.917,51.195],[-98.935,51.184],[-98.993,51.229],[-99.022,51.289],[-99.065,51.282],[-99.111,51.374],[-99.102,51.416],[-99.113,51.5],[-99.162,51.556],[-99.214,51.563],[-99.261,51.528],[-99.284,51.568],[-99.275,51.59],[-99.309,51.645],[-99.351,51.624],[-99.399,51.652],[-99.463,51.64],[-99.476,51.601],[-99.498,51.587],[-99.487,51.556],[-99.506,51.502],[-99.518,51.502],[-99.556,51.607],[-99.55,51.645],[-99.522,51.672],[-99.562,51.683],[-99.549,51.719],[-99.445,51.808],[-99.351,51.765],[-99.326,51.765],[-99.316,51.782],[-99.243,51.637],[-99.214,51.633],[-99.135,51.657],[-99.192,51.758],[-99.186,51.788],[-99.16,51.794],[-99.108,51.714],[-99.077,51.718],[-99.042,51.7],[-99.056,51.652],[-99.033,51.627],[-98.982,51.456],[-98.884,51.34],[-98.913,51.58],[-98.969,51.623],[-98.992,51.666],[-98.946,51.714],[-98.898,51.7],[-98.852,51.726],[-98.832,51.715],[-98.775,51.613],[-98.724,51.58],[-98.774,51.528],[-98.767,51.471],[-98.81,51.412],[-98.777,51.396],[-98.733,51.312],[-98.693,51.294],[-98.563,51.29],[-98.576,51.248],[-98.557,51.221],[-98.655,51.172],[-98.659,51.124],[-98.643,51.105],[-98.682,51.08],[-98.72,51.104],[-98.741,51.083],[-98.699,51.074],[-98.697,51.057],[-98.73,51.035],[-98.775,51.035],[-98.774,51.01],[-98.754,50.995],[-98.775,50.973],[-98.734,50.959],[-98.755,50.926],[-98.703,50.891],[-98.576,50.898],[-98.391,50.836],[-98.317,50.767],[-98.28,50.753],[-98.257,50.719],[-98.217,50.711],[-98.201,50.68],[-98.11,50.61],[-98.11,50.583],[-98.078,50.555],[-98.083,50.542],[-97.971,50.482],[-97.946,50.432]]]]}},{"type":"Feature","properties":{"n":"Lake Winnipegosis"},"geometry":{"type":"MultiPolygon","coordinates":[[[[-99.635,51.68],[-99.605,51.669],[-99.611,51.617],[-99.666,51.604],[-99.715,51.623],[-99.73,51.592],[-99.779,51.576],[-99.941,51.693],[-99.941,51.765],[-99.96,51.796],[-99.94,51.812],[-99.913,51.803],[-99.886,51.851],[-99.944,51.927],[-99.933,51.97],[-99.969,52.04],[-100,52.054],[-100.029,52.028],[-99.997,51.911],[-99.974,51.895],[-99.966,51.836],[-100.002,51.81],[-99.981,51.765],[-100.008,51.715],[-100.047,51.723],[-100.05,51.782],[-100.145,51.919],[-100.125,51.926],[-100.111,51.974],[-100.16,52.025],[-100.152,52.133],[-100.173,52.207],[-100.153,52.225],[-100.18,52.285],[-100.175,52.309],[-100.116,52.399],[-100.016,52.443],[-100.007,52.493],[-100.029,52.508],[-99.981,52.557],[-100.005,52.598],[-100.07,52.62],[-100.054,52.643],[-100.06,52.695],[-100.04,52.753],[-100.053,52.805],[-100.109,52.81],[-100.139,52.796],[-100.195,52.823],[-100.197,52.854],[-100.222,52.862],[-100.24,52.895],[-100.265,52.899],[-100.303,52.837],[-100.362,52.813],[-100.372,52.783],[-100.304,52.8],[-100.265,52.778],[-100.282,52.727],[-100.227,52.648],[-100.262,52.604],[-100.292,52.628],[-100.282,52.659],[-100.347,52.644],[-100.365,52.659],[-100.323,52.714],[-100.43,52.745],[-100.435,52.798],[-100.406,52.844],[-100.451,52.874],[-100.41,52.944],[-100.42,52.96],[-100.458,52.972],[-100.51,52.947],[-100.557,52.973],[-100.543,53.001],[-100.563,53.008],[-100.605,52.987],[-100.635,53.001],[-100.728,52.974],[-100.705,52.95],[-100.6,52.904],[-100.598,52.858],[-100.68,52.831],[-100.658,52.794],[-100.674,52.755],[-100.718,52.764],[-100.827,52.741],[-100.849,52.749],[-100.851,52.775],[-100.798,52.813],[-100.824,52.831],[-100.927,52.791],[-100.958,52.796],[-100.924,52.834],[-100.933,52.858],[-101.002,52.865],[-101.016,52.888],[-100.961,52.937],[-101.009,52.968],[-100.979,52.982],[-100.971,53.005],[-101.098,53.063],[-101.115,53.087],[-101.108,53.108],[-101.024,53.148],[-100.956,53.151],[-100.919,53.138],[-100.947,53.097],[-100.899,53.084],[-100.837,53.077],[-100.746,53.098],[-100.693,53.085],[-100.663,53.091],[-100.646,53.123],[-100.611,53.115],[-100.598,53.135],[-100.556,53.135],[-100.571,53.18],[-100.532,53.176],[-100.426,53.152],[-100.391,53.103],[-100.084,53.066],[-99.943,52.987],[-99.744,52.962],[-99.738,52.95],[-99.772,52.923],[-99.803,52.865],[-99.71,52.926],[-99.676,52.916],[-99.665,52.893],[-99.693,52.878],[-99.734,52.817],[-99.687,52.783],[-99.713,52.748],[-99.669,52.699],[-99.679,52.67],[-99.659,52.652],[-99.659,52.617],[-99.673,52.598],[-99.635,52.537],[-99.698,52.458],[-99.693,52.41],[-99.741,52.371],[-99.749,52.331],[-99.82,52.279],[-99.853,52.277],[-99.858,52.261],[-99.824,52.189],[-99.834,52.115],[-99.824,52.059],[-99.749,52.058],[-99.733,51.963],[-99.762,51.907],[-99.817,51.906],[-99.81,51.758],[-99.802,51.744],[-99.755,51.755],[-99.72,51.734],[-99.704,51.833],[-99.679,51.878],[-99.629,51.836],[-99.654,51.74],[-99.635,51.68]],[[-99.872,52.375],[-99.851,52.409],[-99.858,52.447],[-99.837,52.484],[-99.836,52.537],[-99.923,52.519],[-99.968,52.447],[-99.961,52.388],[-99.927,52.347],[-99.931,52.306],[-99.889,52.32],[-99.872,52.375]]]]}},{"type":"Feature","properties":{"n":"Lake Athabasca"},"geometry":{"type":"MultiPolygon","coordinates":[[[[-109.181,59.09],[-109.237,59.138],[-109.277,59.14],[-109.393,59.087],[-109.921,59.011],[-109.962,58.984],[-110.212,58.902],[-110.298,58.861],[-110.329,58.823],[-110.386,58.804],[-110.444,58.749],[-110.48,58.671],[-110.451,58.665],[-110.413,58.7],[-110.356,58.697],[-110.345,58.686],[-110.369,58.638],[-110.409,58.606],[-110.586,58.648],[-110.63,58.615],[-110.771,58.628],[-110.786,58.619],[-110.761,58.54],[-110.839,58.478],[-110.856,58.488],[-110.836,58.59],[-110.843,58.637],[-110.891,58.628],[-110.917,58.647],[-110.945,58.644],[-110.966,58.611],[-111.042,58.559],[-111.059,58.508],[-111.086,58.511],[-111.123,58.543],[-111.096,58.58],[-111.116,58.6],[-111.075,58.621],[-111.131,58.617],[-111.167,58.646],[-111.144,58.662],[-111.288,58.697],[-111.304,58.748],[-111.33,58.757],[-111.301,58.783],[-111.171,58.8],[-111.177,58.79],[-111.134,58.768],[-111.185,58.72],[-111.164,58.703],[-111.069,58.731],[-110.983,58.779],[-110.911,58.793],[-110.814,58.84],[-110.82,58.881],[-110.705,58.95],[-110.668,59.022],[-110.56,59.106],[-110.39,59.128],[-110.171,59.224],[-110.143,59.254],[-110.08,59.27],[-109.964,59.344],[-109.829,59.354],[-109.867,59.395],[-109.827,59.412],[-109.766,59.406],[-109.746,59.422],[-109.835,59.422],[-109.749,59.493],[-109.486,59.608],[-109.226,59.615],[-109.154,59.601],[-109.136,59.555],[-109.064,59.521],[-109.064,59.493],[-109.045,59.481],[-108.989,59.488],[-108.926,59.524],[-108.835,59.532],[-108.756,59.504],[-108.9,59.405],[-108.952,59.387],[-108.944,59.375],[-108.816,59.368],[-108.716,59.383],[-108.618,59.406],[-108.561,59.45],[-108.444,59.457],[-108.376,59.436],[-108.334,59.444],[-108.283,59.477],[-108.227,59.462],[-108.145,59.476],[-108.122,59.47],[-108.129,59.45],[-108.04,59.454],[-107.864,59.416],[-107.704,59.42],[-107.663,59.402],[-107.598,59.419],[-107.523,59.412],[-107.253,59.322],[-107.051,59.335],[-106.999,59.325],[-106.888,59.348],[-106.901,59.318],[-106.65,59.317],[-106.635,59.313],[-106.663,59.293],[-106.64,59.289],[-106.32,59.271],[-106.094,59.294],[-106.018,59.279],[-106.799,59.252],[-106.786,59.265],[-106.805,59.276],[-106.909,59.265],[-106.896,59.279],[-106.933,59.289],[-107.09,59.287],[-107.163,59.309],[-107.45,59.293],[-107.471,59.313],[-107.513,59.315],[-107.553,59.307],[-107.539,59.286],[-107.591,59.289],[-107.635,59.307],[-107.602,59.327],[-107.669,59.346],[-107.759,59.34],[-107.749,59.319],[-107.785,59.265],[-107.834,59.238],[-107.806,59.217],[-107.834,59.204],[-107.901,59.225],[-108.04,59.204],[-108.194,59.152],[-108.602,59.141],[-108.64,59.125],[-108.852,59.101],[-108.907,59.133],[-109.054,59.088],[-109.181,59.09]]]]}},{"type":"Feature","properties":{"n":"Lake Mistassini"},"geometry":{"type":"MultiPolygon","coordinates":[[[[-73.396,50.822],[-73.543,50.734],[-73.479,50.788],[-73.462,50.828],[-73.399,50.895],[-73.347,50.935],[-73.214,50.987],[-73.218,51.014],[-73.242,51.028],[-73.18,51.09],[-73.153,51.069],[-73.194,51.042],[-73.167,51.048],[-73.112,51.11],[-73.139,51.117],[-73.129,51.134],[-73.14,51.152],[-73.174,51.172],[-73.314,51.066],[-73.329,51.04],[-73.479,50.935],[-73.633,50.767],[-73.584,50.833],[-73.587,50.849],[-73.625,50.836],[-73.685,50.746],[-73.681,50.727],[-73.74,50.694],[-73.783,50.61],[-73.819,50.584],[-73.823,50.518],[-73.803,50.507],[-73.824,50.456],[-73.786,50.401],[-73.793,50.374],[-73.735,50.37],[-73.816,50.363],[-73.845,50.466],[-73.866,50.427],[-73.817,50.329],[-73.824,50.302],[-73.808,50.252],[-73.83,50.217],[-74.096,50.082],[-74.112,50.062],[-74.05,50.075],[-74.079,50.045],[-74.169,50.039],[-74.181,50.041],[-74.174,50.055],[-74.215,50.055],[-74.107,50.087],[-74.071,50.13],[-74.033,50.144],[-73.968,50.201],[-73.927,50.206],[-73.934,50.185],[-73.911,50.187],[-73.827,50.229],[-73.824,50.267],[-73.89,50.282],[-73.921,50.378],[-73.858,50.356],[-73.893,50.429],[-73.871,50.458],[-73.881,50.481],[-73.845,50.595],[-73.803,50.644],[-73.808,50.675],[-73.883,50.62],[-73.886,50.583],[-73.937,50.531],[-73.929,50.487],[-73.88,50.507],[-73.927,50.432],[-73.967,50.48],[-74.01,50.483],[-74.098,50.425],[-74.136,50.346],[-74.227,50.288],[-74.16,50.346],[-74.125,50.416],[-74.078,50.456],[-74.066,50.501],[-74.023,50.555],[-74.034,50.564],[-74,50.655],[-73.898,50.832],[-73.831,50.884],[-73.86,50.907],[-73.902,50.876],[-73.934,50.877],[-73.917,50.935],[-73.858,50.96],[-73.892,50.968],[-73.927,50.953],[-73.94,50.987],[-73.863,50.987],[-73.819,51.025],[-73.733,51.027],[-73.612,51.096],[-73.564,51.145],[-73.338,51.267],[-73.341,51.282],[-73.249,51.293],[-73.245,51.307],[-73.07,51.391],[-72.97,51.396],[-72.929,51.374],[-73.109,51.315],[-73.173,51.255],[-72.925,51.353],[-72.893,51.36],[-72.864,51.345],[-72.776,51.37],[-72.769,51.35],[-72.814,51.309],[-72.934,51.267],[-72.954,51.275],[-73.131,51.174],[-73.05,51.164],[-73.057,51.138],[-72.91,51.21],[-72.866,51.248],[-72.734,51.275],[-72.741,51.241],[-72.714,51.255],[-72.618,51.241],[-72.734,51.199],[-72.768,51.208],[-72.964,51.134],[-73.055,51.075],[-73.085,51.001],[-73.097,51.025],[-73.16,50.96],[-73.125,51.021],[-73.132,51.038],[-73.149,51.035],[-73.173,50.969],[-73.226,50.945],[-73.309,50.864],[-73.396,50.822]],[[-73.698,50.827],[-73.701,50.842],[-73.727,50.838],[-73.796,50.74],[-73.698,50.827]],[[-73.185,51.233],[-73.426,51.096],[-73.581,50.965],[-73.551,50.964],[-73.537,50.995],[-73.185,51.233]]]]}},{"type":"Feature","properties":{"n":"Oneida Lake"},"geometry":{"type":"MultiPolygon","coordinates":[[[[-75.777,43.235],[-75.732,43.221],[-75.732,43.206],[-75.764,43.185],[-75.933,43.178],[-76.069,43.216],[-76.12,43.264],[-75.976,43.264],[-75.777,43.235]]]]}},{"type":"Feature","properties":{"n":"Iliamna Lake"},"geometry":{"type":"MultiPolygon","coordinates":[[[[-154.026,59.781],[-153.885,59.8],[-153.993,59.731],[-154.09,59.697],[-154.371,59.677],[-154.654,59.611],[-154.651,59.595],[-154.571,59.566],[-154.573,59.531],[-154.505,59.564],[-154.507,59.55],[-154.57,59.518],[-154.692,59.533],[-154.734,59.518],[-154.713,59.485],[-154.69,59.498],[-154.645,59.467],[-154.617,59.463],[-154.614,59.482],[-154.576,59.491],[-154.515,59.485],[-154.569,59.435],[-154.803,59.45],[-155.009,59.418],[-155.249,59.425],[-155.337,59.381],[-155.387,59.385],[-155.502,59.34],[-155.783,59.32],[-155.844,59.327],[-155.907,59.358],[-155.929,59.471],[-155.889,59.526],[-155.675,59.628],[-154.983,59.666],[-154.922,59.686],[-154.789,59.775],[-154.674,59.784],[-154.624,59.772],[-154.447,59.8],[-154.151,59.806],[-154.22,59.779],[-154.166,59.759],[-154.131,59.781],[-154.026,59.781]]]]}},{"type":"Feature","properties":{"n":""},"geometry":{"type":"MultiPolygon","coordinates":[[[[-155.961,57.912],[-155.952,57.864],[-155.979,57.841],[-156.132,57.826],[-156.022,57.819],[-155.98,57.789],[-156.002,57.778],[-155.986,57.761],[-156.005,57.726],[-156.061,57.7],[-156.13,57.625],[-156.166,57.607],[-156.185,57.617],[-156.101,57.692],[-156.121,57.754],[-156.105,57.764],[-156.132,57.785],[-156.091,57.799],[-156.15,57.814],[-156.344,57.819],[-156.43,57.857],[-156.498,57.862],[-156.512,57.881],[-156.55,57.868],[-156.697,57.878],[-156.804,57.915],[-156.89,57.99],[-156.841,58.062],[-156.819,58.073],[-156.617,58.106],[-156.519,58.06],[-156.255,58.015],[-156.104,57.945],[-156.03,57.949],[-155.961,57.912]]]]}},{"type":"Feature","properties":{"n":"Lake Tahoe"},"geometry":{"type":"MultiPolygon","coordinates":[[[[-119.926,39.244],[-119.947,38.975],[-120.017,38.941],[-120.094,38.96],[-120.107,39.07],[-120.149,39.087],[-120.151,39.119],[-120.052,39.23],[-119.996,39.233],[-119.971,39.262],[-119.926,39.244]]]]}},{"type":"Feature","properties":{"n":"Lake Winnebago"},"geometry":{"type":"MultiPolygon","coordinates":[[[[-88.304,44.169],[-88.334,44.091],[-88.328,43.919],[-88.393,43.867],[-88.419,43.811],[-88.465,43.811],[-88.47,43.89],[-88.493,43.954],[-88.516,43.973],[-88.516,44.082],[-88.444,44.163],[-88.462,44.223],[-88.439,44.204],[-88.328,44.19],[-88.304,44.169]]]]}},{"type":"Feature","properties":{"n":"Nettilling Lake"},"geometry":{"type":"MultiPolygon","coordinates":[[[[-71.362,66.558],[-71.476,66.595],[-71.443,66.615],[-71.44,66.638],[-71.378,66.632],[-71.391,66.646],[-71.35,66.68],[-71.371,66.693],[-71.309,66.727],[-71.293,66.801],[-71.193,66.836],[-71.181,66.897],[-71.165,66.906],[-71.186,66.927],[-71.158,66.947],[-71.158,66.974],[-71.268,66.994],[-71.213,67.022],[-71.228,67.032],[-71.216,67.04],[-70.995,67.037],[-70.937,66.995],[-70.857,67.009],[-70.796,66.988],[-70.686,66.981],[-70.814,66.97],[-70.837,66.946],[-70.638,66.906],[-70.631,66.896],[-70.658,66.872],[-70.644,66.857],[-70.603,66.859],[-70.62,66.834],[-70.599,66.802],[-70.543,66.79],[-70.548,66.772],[-70.514,66.751],[-70.281,66.721],[-70.336,66.754],[-70.315,66.752],[-70.234,66.727],[-70.186,66.733],[-70.155,66.707],[-69.993,66.714],[-69.925,66.687],[-69.939,66.666],[-69.734,66.652],[-69.768,66.632],[-69.695,66.619],[-69.676,66.595],[-69.617,66.611],[-69.424,66.57],[-69.548,66.501],[-69.409,66.524],[-69.295,66.584],[-69.226,66.57],[-69.487,66.495],[-69.466,66.481],[-69.498,66.463],[-69.534,66.459],[-69.553,66.467],[-69.534,66.487],[-69.578,66.486],[-69.706,66.46],[-69.671,66.454],[-69.706,66.433],[-69.617,66.446],[-69.568,66.428],[-69.428,66.419],[-69.406,66.422],[-69.452,66.454],[-69.408,66.474],[-69.324,66.452],[-69.226,66.459],[-69.16,66.428],[-69.154,66.41],[-69.349,66.344],[-69.329,66.337],[-69.354,66.322],[-69.418,66.328],[-69.455,66.304],[-69.508,66.301],[-69.514,66.234],[-69.617,66.227],[-69.514,66.213],[-69.581,66.192],[-69.665,66.216],[-69.636,66.252],[-69.655,66.265],[-69.699,66.227],[-69.747,66.227],[-69.734,66.199],[-69.753,66.192],[-69.839,66.228],[-69.874,66.27],[-69.973,66.249],[-70.082,66.266],[-70.329,66.166],[-70.357,66.18],[-70.336,66.186],[-70.355,66.2],[-70.466,66.213],[-70.459,66.267],[-70.47,66.275],[-70.535,66.283],[-70.573,66.262],[-70.569,66.309],[-70.626,66.336],[-70.645,66.33],[-70.61,66.317],[-70.672,66.303],[-70.624,66.289],[-70.672,66.249],[-70.658,66.222],[-70.718,66.21],[-70.746,66.173],[-70.865,66.176],[-70.864,66.158],[-70.908,66.13],[-70.926,66.097],[-71.007,66.08],[-71.034,66.032],[-71.188,65.966],[-71.262,65.955],[-71.336,65.967],[-71.309,65.988],[-71.33,66.007],[-71.17,66.026],[-71.076,66.076],[-71.097,66.092],[-71.286,66.089],[-71.186,66.14],[-71.173,66.183],[-71.117,66.234],[-71.159,66.251],[-71.165,66.289],[-71.097,66.33],[-71.147,66.372],[-71.2,66.371],[-71.21,66.412],[-71.262,66.433],[-71.251,66.454],[-71.283,66.473],[-71.289,66.515],[-71.362,66.558]]]]}},{"type":"Feature","properties":{"n":"Dubawnt Lake"},"geometry":{"type":"MultiPolygon","coordinates":[[[[-102.198,63.166],[-101.872,63.225],[-101.797,63.267],[-101.78,63.304],[-101.763,63.308],[-101.783,63.321],[-101.749,63.331],[-101.667,63.398],[-101.647,63.388],[-101.66,63.37],[-101.637,63.363],[-101.6,63.376],[-101.607,63.413],[-101.52,63.388],[-101.518,63.403],[-101.619,63.445],[-101.589,63.465],[-101.426,63.445],[-101.434,63.431],[-101.385,63.418],[-101.386,63.392],[-101.304,63.384],[-101.283,63.415],[-101.301,63.446],[-101.385,63.45],[-101.413,63.473],[-101.303,63.507],[-101.208,63.472],[-101.156,63.435],[-101.132,63.39],[-101.089,63.378],[-101.072,63.449],[-101.092,63.479],[-101.06,63.479],[-101.013,63.429],[-100.988,63.431],[-100.981,63.466],[-100.961,63.479],[-100.975,63.497],[-100.964,63.511],[-100.892,63.549],[-100.878,63.522],[-100.808,63.504],[-100.776,63.59],[-100.759,63.583],[-100.751,63.555],[-100.685,63.556],[-100.611,63.486],[-100.655,63.403],[-100.646,63.376],[-100.67,63.346],[-100.74,63.314],[-100.828,63.334],[-100.865,63.321],[-100.807,63.295],[-100.814,63.278],[-101.021,63.323],[-101.078,63.288],[-101.05,63.275],[-101.068,63.256],[-101.063,63.232],[-100.996,63.232],[-101.143,63.159],[-101.113,63.097],[-101.046,63.053],[-100.915,63.021],[-100.835,63.02],[-100.822,63.006],[-100.846,62.964],[-100.947,62.897],[-100.974,62.898],[-100.968,62.918],[-101.004,62.918],[-101.084,62.87],[-101.132,62.863],[-101.078,62.849],[-101.038,62.803],[-100.968,62.787],[-101.023,62.774],[-101.046,62.736],[-101.098,62.71],[-101.153,62.706],[-101.139,62.726],[-101.178,62.717],[-101.261,62.671],[-101.278,62.645],[-101.341,62.664],[-101.426,62.657],[-101.416,62.714],[-101.434,62.739],[-101.335,62.752],[-101.31,62.821],[-101.31,62.844],[-101.331,62.856],[-101.31,62.884],[-101.368,62.942],[-101.392,62.955],[-101.475,62.945],[-101.428,62.914],[-101.434,62.897],[-101.405,62.842],[-101.444,62.832],[-101.454,62.808],[-101.498,62.78],[-101.489,62.76],[-101.516,62.733],[-101.489,62.709],[-101.493,62.686],[-101.551,62.664],[-101.532,62.684],[-101.571,62.726],[-101.551,62.741],[-101.552,62.784],[-101.684,62.81],[-101.725,62.801],[-101.737,62.78],[-101.771,62.782],[-101.77,62.806],[-101.792,62.827],[-101.779,62.863],[-101.808,62.882],[-101.898,62.895],[-101.954,62.86],[-102.003,62.87],[-101.975,62.897],[-102.036,62.925],[-101.989,62.951],[-101.989,62.973],[-102.113,63.041],[-102.056,63.077],[-101.999,63.064],[-101.961,63.075],[-102.051,63.102],[-102.125,63.077],[-102.195,63.11],[-102.182,63.133],[-102.198,63.166]]]]}},{"type":"Feature","properties":{"n":"Baker Lake"},"geometry":{"type":"MultiPolygon","coordinates":[[[[-96.143,64.199],[-96.321,64.254],[-96.29,64.262],[-96.138,64.227],[-96.082,64.247],[-96.08,64.267],[-96.201,64.264],[-96.273,64.301],[-96.206,64.292],[-96.014,64.315],[-95.792,64.288],[-95.613,64.31],[-95.556,64.285],[-95.458,64.309],[-95.23,64.282],[-95.085,64.223],[-94.841,64.23],[-94.804,64.213],[-94.75,64.227],[-94.588,64.192],[-94.675,64.177],[-94.637,64.14],[-94.275,64.139],[-94.197,64.124],[-94.228,64.066],[-94.314,64.014],[-94.326,63.985],[-94.245,63.938],[-94.494,64.008],[-94.642,64.019],[-94.734,64.043],[-94.756,64.069],[-94.896,64.114],[-95.003,64.124],[-95.191,64.076],[-95.293,64.08],[-95.746,64.035],[-95.842,64.05],[-95.87,64.069],[-95.821,64.082],[-95.832,64.097],[-96.034,64.141],[-96.061,64.158],[-96.047,64.165],[-96.083,64.181],[-96.239,64.172],[-96.269,64.191],[-96.239,64.206],[-96.164,64.186],[-96.143,64.199]],[[-94.609,64.105],[-94.63,64.09],[-94.57,64.058],[-94.4,64.057],[-94.465,64.083],[-94.54,64.09],[-94.533,64.103],[-94.583,64.116],[-94.63,64.11],[-94.609,64.105]],[[-95.708,64.149],[-95.719,64.13],[-95.702,64.113],[-95.615,64.13],[-95.708,64.149]]]]}},{"type":"Feature","properties":{"n":"Lake Champlain"},"geometry":{"type":"MultiPolygon","coordinates":[[[[-73.365,44.208],[-73.358,44.162],[-73.411,44.059],[-73.392,44.011],[-73.4,43.946],[-73.365,43.881],[-73.376,43.827],[-73.353,43.795],[-73.372,43.751],[-73.372,43.791],[-73.406,43.829],[-73.392,43.871],[-73.426,43.945],[-73.42,44.028],[-73.436,44.036],[-73.454,44.018],[-73.458,44.06],[-73.424,44.161],[-73.433,44.195],[-73.338,44.264],[-73.379,44.384],[-73.379,44.45],[-73.4,44.433],[-73.406,44.395],[-73.412,44.407],[-73.399,44.46],[-73.42,44.497],[-73.396,44.524],[-73.431,44.554],[-73.454,44.642],[-73.439,44.652],[-73.435,44.713],[-73.411,44.719],[-73.398,44.698],[-73.386,44.703],[-73.417,44.746],[-73.373,44.79],[-73.4,44.853],[-73.335,45.08],[-73.317,45.059],[-73.338,44.995],[-73.306,44.98],[-73.297,44.884],[-73.283,44.868],[-73.269,44.935],[-73.201,45.032],[-73.145,45.087],[-73.134,45.076],[-73.096,45.085],[-73.079,45.054],[-73.098,45.028],[-73.098,44.991],[-73.129,44.981],[-73.132,45.011],[-73.168,45.001],[-73.216,44.949],[-73.17,44.928],[-73.182,44.82],[-73.173,44.799],[-73.145,44.821],[-73.147,44.804],[-73.187,44.758],[-73.229,44.62],[-73.23,44.589],[-73.194,44.58],[-73.201,44.557],[-73.242,44.573],[-73.31,44.56],[-73.273,44.537],[-73.264,44.508],[-73.228,44.491],[-73.221,44.432],[-73.24,44.424],[-73.242,44.45],[-73.27,44.422],[-73.269,44.381],[-73.301,44.292],[-73.279,44.273],[-73.365,44.208]],[[-73.338,44.626],[-73.31,44.607],[-73.271,44.642],[-73.276,44.662],[-73.317,44.659],[-73.261,44.745],[-73.272,44.77],[-73.339,44.74],[-73.351,44.655],[-73.338,44.626]]]]}},{"type":"Feature","properties":{"n":"Churchill Lake"},"geometry":{"type":"MultiPolygon","coordinates":[[[[-108.233,55.91],[-108.286,55.882],[-108.303,55.832],[-108.376,55.808],[-108.444,55.83],[-108.493,55.727],[-108.632,55.693],[-108.643,55.664],[-108.608,55.619],[-108.599,55.579],[-108.643,55.524],[-108.669,55.55],[-108.671,55.595],[-108.691,55.63],[-108.664,55.76],[-108.676,55.795],[-108.733,55.847],[-108.736,55.912],[-108.833,55.942],[-109.013,55.921],[-109.091,55.958],[-109.138,56.031],[-109.206,56.086],[-109.172,56.127],[-109.128,56.141],[-109.009,56.115],[-108.883,56.119],[-108.836,56.071],[-108.765,56.047],[-108.648,55.974],[-108.629,55.941],[-108.605,55.938],[-108.593,55.92],[-108.644,55.86],[-108.629,55.832],[-108.571,55.863],[-108.496,55.87],[-108.457,55.944],[-108.458,55.986],[-108.492,56.01],[-108.453,56.029],[-108.465,56.107],[-108.358,56.156],[-108.348,56.175],[-108.246,56.168],[-108.239,56.216],[-108.251,56.252],[-108.326,56.305],[-108.355,56.298],[-108.332,56.267],[-108.365,56.263],[-108.443,56.346],[-108.508,56.321],[-108.564,56.326],[-108.582,56.381],[-108.492,56.483],[-108.499,56.524],[-108.444,56.593],[-108.483,56.609],[-108.554,56.476],[-108.572,56.475],[-108.597,56.512],[-108.648,56.474],[-108.738,56.49],[-108.746,56.599],[-108.735,56.632],[-108.677,56.689],[-108.779,56.702],[-108.911,56.668],[-108.916,56.681],[-108.875,56.722],[-108.883,56.744],[-108.835,56.798],[-108.793,56.813],[-108.643,56.812],[-108.691,56.744],[-108.671,56.721],[-108.602,56.72],[-108.598,56.684],[-108.574,56.675],[-108.547,56.685],[-108.548,56.708],[-108.533,56.716],[-108.479,56.708],[-108.503,56.695],[-108.509,56.671],[-108.458,56.675],[-108.446,56.64],[-108.419,56.628],[-108.402,56.586],[-108.441,56.522],[-108.42,56.461],[-108.365,56.415],[-108.35,56.411],[-108.283,56.469],[-108.229,56.418],[-108.179,56.416],[-108.134,56.436],[-108.04,56.414],[-108.073,56.336],[-108.067,56.298],[-108.084,56.264],[-108.183,56.291],[-108.235,56.288],[-108.212,56.247],[-108.163,56.25],[-108.166,56.192],[-108.208,56.137],[-108.136,56.107],[-108.114,56.059],[-108.126,56.028],[-108.177,56.038],[-108.205,55.972],[-108.233,55.957],[-108.233,55.91]],[[-108.546,56.619],[-108.54,56.64],[-108.643,56.654],[-108.697,56.613],[-108.589,56.537],[-108.561,56.558],[-108.546,56.619]]]]}},{"type":"Feature","properties":{"n":"Lac la Martre"},"geometry":{"type":"MultiPolygon","coordinates":[[[[-117.795,63.137],[-117.75,63.157],[-117.939,63.143],[-117.952,63.187],[-117.983,63.192],[-117.962,63.212],[-118.004,63.22],[-118.083,63.195],[-118.12,63.206],[-118.093,63.226],[-118.127,63.239],[-118.099,63.253],[-118.223,63.253],[-118.111,63.285],[-118.126,63.311],[-118.328,63.266],[-118.34,63.275],[-118.298,63.294],[-118.335,63.309],[-118.565,63.306],[-118.668,63.329],[-118.609,63.384],[-118.627,63.404],[-118.581,63.4],[-118.545,63.418],[-118.577,63.436],[-118.573,63.453],[-118.422,63.479],[-118.319,63.541],[-118.209,63.549],[-118.038,63.587],[-118.005,63.566],[-118.001,63.523],[-117.953,63.457],[-117.764,63.404],[-117.777,63.39],[-117.748,63.384],[-117.606,63.39],[-117.558,63.37],[-117.579,63.357],[-117.564,63.349],[-117.499,63.341],[-117.524,63.315],[-117.455,63.308],[-117.445,63.288],[-117.395,63.307],[-117.376,63.275],[-117.387,63.239],[-117.329,63.224],[-117.31,63.21],[-117.325,63.192],[-117.256,63.143],[-117.585,63.096],[-117.782,63.113],[-117.802,63.119],[-117.795,63.137]],[[-117.811,63.306],[-117.785,63.321],[-117.855,63.345],[-117.936,63.321],[-117.914,63.308],[-117.955,63.288],[-117.931,63.275],[-117.811,63.306]]]]}},{"type":"Feature","properties":{"n":"Keuka Lake"},"geometry":{"type":"MultiPolygon","coordinates":[[[[-77.103,42.56],[-77.066,42.661],[-77.104,42.517],[-77.216,42.415],[-77.154,42.51],[-77.154,42.613],[-77.136,42.595],[-77.129,42.538],[-77.103,42.56]]]]}},{"type":"Feature","properties":{"n":"Seneca Lake"},"geometry":{"type":"MultiPolygon","coordinates":[[[[-76.871,42.43],[-76.868,42.389],[-76.911,42.457],[-76.926,42.621],[-76.908,42.666],[-76.966,42.745],[-76.97,42.881],[-76.922,42.75],[-76.866,42.661],[-76.897,42.528],[-76.866,42.462],[-76.871,42.43]]]]}},{"type":"Feature","properties":{"n":"Cayuga Lake"},"geometry":{"type":"MultiPolygon","coordinates":[[[[-76.542,42.545],[-76.517,42.517],[-76.517,42.48],[-76.586,42.558],[-76.657,42.593],[-76.709,42.689],[-76.775,42.757],[-76.78,42.788],[-76.747,42.849],[-76.738,42.945],[-76.713,42.737],[-76.682,42.706],[-76.64,42.613],[-76.542,42.545]]]]}},{"type":"Feature","properties":{"n":"Cree Lake"},"geometry":{"type":"MultiPolygon","coordinates":[[[[-106.172,57.44],[-106.174,57.425],[-106.21,57.416],[-106.203,57.397],[-106.285,57.353],[-106.278,57.38],[-106.244,57.394],[-106.296,57.4],[-106.532,57.312],[-106.565,57.315],[-106.504,57.363],[-106.636,57.354],[-106.703,57.306],[-106.769,57.306],[-106.773,57.328],[-106.71,57.347],[-106.676,57.388],[-106.81,57.391],[-106.829,57.332],[-106.868,57.34],[-106.97,57.271],[-106.923,57.265],[-107.062,57.214],[-107.094,57.223],[-107.067,57.237],[-107.135,57.246],[-107.052,57.285],[-106.991,57.285],[-106.979,57.3],[-107.025,57.328],[-107.152,57.331],[-107.177,57.347],[-107.036,57.384],[-106.992,57.429],[-107.092,57.462],[-107.08,57.475],[-107.026,57.49],[-106.941,57.453],[-106.95,57.399],[-106.909,57.422],[-106.859,57.482],[-106.657,57.596],[-106.591,57.621],[-106.399,57.652],[-106.367,57.691],[-106.297,57.723],[-106.272,57.723],[-106.279,57.682],[-106.202,57.697],[-106.114,57.675],[-106.114,57.655],[-106.096,57.648],[-106.042,57.647],[-106.189,57.566],[-106.151,57.537],[-106.046,57.552],[-106.129,57.498],[-106.128,57.483],[-106.084,57.479],[-106.096,57.42],[-106.086,57.401],[-106.154,57.395],[-106.108,57.466],[-106.168,57.466],[-106.183,57.456],[-106.172,57.44]],[[-106.489,57.52],[-106.484,57.535],[-106.638,57.494],[-106.655,57.497],[-106.641,57.518],[-106.658,57.522],[-106.73,57.477],[-106.751,57.435],[-106.666,57.459],[-106.575,57.458],[-106.551,57.488],[-106.489,57.52]]]]}},{"type":"Feature","properties":{"n":""},"geometry":{"type":"MultiPolygon","coordinates":[[[[-99.722,62.883],[-99.702,62.882],[-99.679,62.897],[-99.684,62.915],[-99.638,62.926],[-99.563,62.979],[-99.577,62.993],[-99.536,63.014],[-99.556,63.027],[-99.452,63.067],[-99.436,63.096],[-99.396,63.092],[-99.365,63.165],[-99.282,63.196],[-99.261,63.192],[-99.344,63.13],[-99.323,63.102],[-99.341,63.087],[-99.337,63.064],[-99.296,63.033],[-99.169,63.004],[-99.139,62.951],[-99.104,62.928],[-99.195,62.91],[-99.225,62.895],[-99.247,62.855],[-99.354,62.829],[-99.415,62.798],[-99.466,62.818],[-99.653,62.8],[-99.759,62.815],[-99.769,62.829],[-99.748,62.849],[-99.794,62.88],[-99.722,62.883]]]]}},{"type":"Feature","properties":{"n":"Kasba Lake"},"geometry":{"type":"MultiPolygon","coordinates":[[[[-102.592,60.342],[-102.558,60.348],[-102.572,60.329],[-102.561,60.314],[-102.486,60.286],[-102.449,60.306],[-102.434,60.352],[-102.407,60.372],[-102.339,60.374],[-102.318,60.389],[-102.306,60.424],[-102.332,60.459],[-102.381,60.447],[-102.401,60.413],[-102.421,60.417],[-102.41,60.471],[-102.449,60.506],[-102.427,60.526],[-102.463,60.537],[-102.454,60.577],[-102.366,60.647],[-102.222,60.663],[-102.236,60.621],[-102.205,60.614],[-102.198,60.563],[-102.139,60.553],[-102.166,60.514],[-102.16,60.468],[-101.946,60.377],[-101.93,60.34],[-101.94,60.279],[-101.876,60.239],[-101.87,60.213],[-101.829,60.178],[-101.83,60.12],[-101.861,60.104],[-101.905,60.029],[-101.872,59.971],[-101.889,59.96],[-101.927,60.008],[-101.982,60.035],[-101.996,60.019],[-101.965,60.001],[-101.958,59.965],[-102.039,59.911],[-102.058,59.93],[-102.023,59.971],[-102.036,60.005],[-102.102,60.015],[-102.138,60.062],[-102.18,60.083],[-102.231,60.191],[-102.263,60.217],[-102.342,60.218],[-102.358,60.269],[-102.374,60.275],[-102.438,60.233],[-102.66,60.204],[-102.628,60.245],[-102.592,60.342]]]]}},{"type":"Feature","properties":{"n":""},"geometry":{"type":"MultiPolygon","coordinates":[[[[-90.422,30.31],[-90.401,30.299],[-90.476,30.189],[-90.547,30.177],[-90.593,30.216],[-90.576,30.22],[-90.576,30.284],[-90.5,30.347],[-90.476,30.354],[-90.422,30.31]]]]}},{"type":"Feature","properties":{"n":"Lac-à-l'Eau-Claire"},"geometry":{"type":"MultiPolygon","coordinates":[[[[-73.955,56.109],[-73.984,56.016],[-74.036,55.962],[-74.112,55.948],[-74.225,55.96],[-74.249,55.948],[-74.188,55.928],[-74.261,55.937],[-74.287,55.95],[-74.27,55.969],[-74.185,55.99],[-74.215,56.003],[-74.208,55.99],[-74.282,55.99],[-74.366,56.046],[-74.512,56.071],[-74.568,56.058],[-74.81,56.094],[-74.742,56.119],[-74.852,56.161],[-74.797,56.175],[-74.849,56.25],[-74.801,56.27],[-74.825,56.304],[-74.715,56.319],[-74.742,56.339],[-74.646,56.331],[-74.626,56.332],[-74.626,56.346],[-74.455,56.348],[-74.435,56.327],[-74.355,56.308],[-74.256,56.236],[-74.28,56.229],[-74.256,56.202],[-74.302,56.202],[-74.263,56.154],[-74.167,56.134],[-74.047,56.152],[-73.955,56.109]]]]}},{"type":"Feature","properties":{"n":"Lake Nipissing"},"geometry":{"type":"MultiPolygon","coordinates":[[[[-80.436,46.257],[-80.458,46.266],[-80.471,46.286],[-80.462,46.297],[-80.429,46.278],[-80.317,46.306],[-80.307,46.297],[-80.322,46.251],[-80.275,46.244],[-80.163,46.266],[-80.097,46.255],[-80.096,46.275],[-80.156,46.287],[-80.123,46.293],[-80.17,46.334],[-80.066,46.345],[-80.04,46.334],[-80.013,46.375],[-79.991,46.341],[-79.903,46.34],[-79.875,46.321],[-79.771,46.345],[-79.73,46.376],[-79.683,46.375],[-79.503,46.326],[-79.431,46.248],[-79.36,46.209],[-79.382,46.197],[-79.466,46.214],[-79.519,46.199],[-79.539,46.18],[-79.525,46.149],[-79.547,46.13],[-79.676,46.205],[-79.771,46.221],[-79.868,46.205],[-79.998,46.141],[-80.033,46.17],[-79.959,46.182],[-79.91,46.225],[-80.037,46.252],[-80.282,46.22],[-80.327,46.231],[-80.36,46.282],[-80.436,46.257]]]]}},{"type":"Feature","properties":{"n":""},"geometry":{"type":"MultiPolygon","coordinates":[[[[-76.546,56.138],[-76.613,56.168],[-76.456,56.168],[-76.481,56.183],[-76.572,56.182],[-76.499,56.203],[-76.479,56.247],[-76.448,56.262],[-76.463,56.291],[-76.37,56.322],[-76.388,56.35],[-76.443,56.36],[-76.408,56.39],[-76.443,56.414],[-76.435,56.437],[-76.366,56.476],[-76.394,56.497],[-76.404,56.54],[-76.353,56.565],[-76.353,56.53],[-76.306,56.497],[-76.353,56.49],[-76.27,56.455],[-76.292,56.428],[-76.201,56.416],[-76.218,56.393],[-76.298,56.387],[-76.283,56.377],[-76.298,56.36],[-76.288,56.348],[-76.194,56.326],[-76.154,56.281],[-75.945,56.205],[-75.922,56.188],[-75.968,56.182],[-75.883,56.144],[-75.887,56.132],[-76.005,56.137],[-76.079,56.113],[-76.202,56.127],[-76.305,56.113],[-76.546,56.138]]]]}},{"type":"Feature","properties":{"n":""},"geometry":{"type":"MultiPolygon","coordinates":[[[[-156.578,57.798],[-156.555,57.753],[-156.571,57.718],[-156.721,57.595],[-156.796,57.572],[-156.796,57.524],[-156.742,57.511],[-156.793,57.48],[-156.783,57.463],[-156.805,57.428],[-156.825,57.421],[-156.845,57.435],[-156.831,57.462],[-156.842,57.474],[-156.981,57.473],[-157.038,57.51],[-157.02,57.558],[-157.098,57.566],[-157.078,57.582],[-156.81,57.572],[-156.851,57.607],[-156.853,57.655],[-156.79,57.696],[-156.694,57.701],[-156.729,57.726],[-156.713,57.748],[-156.578,57.798]]]]}},{"type":"Feature","properties":{"n":""},"geometry":{"type":"MultiPolygon","coordinates":[[[[-159.728,66.523],[-159.668,66.492],[-159.641,66.46],[-159.648,66.433],[-159.736,66.419],[-159.867,66.446],[-159.914,66.419],[-159.953,66.422],[-159.974,66.427],[-160.009,66.477],[-160.016,66.492],[-159.997,66.501],[-160.115,66.497],[-160.141,66.508],[-160.149,66.533],[-160.104,66.548],[-160.079,66.543],[-160.088,66.525],[-160.015,66.512],[-159.921,66.552],[-159.843,66.556],[-159.728,66.523]]]]}},{"type":"Feature","properties":{"n":""},"geometry":{"type":"MultiPolygon","coordinates":[[[[-115.074,60.357],[-115.051,60.334],[-115.074,60.292],[-115.126,60.273],[-115.126,60.251],[-115.167,60.232],[-115.139,60.221],[-115.145,60.18],[-115.2,60.198],[-115.331,60.156],[-115.283,60.13],[-115.285,60.107],[-115.325,60.093],[-115.584,60.176],[-115.715,60.176],[-115.83,60.138],[-115.848,60.162],[-115.898,60.155],[-115.941,60.197],[-115.804,60.257],[-115.496,60.251],[-115.329,60.289],[-115.241,60.351],[-115.133,60.368],[-115.074,60.357]]]]}},{"type":"Feature","properties":{"n":"Lake Sakami"},"geometry":{"type":"MultiPolygon","coordinates":[[[[-76.523,53.301],[-76.644,53.281],[-76.696,53.256],[-76.68,53.239],[-76.646,53.247],[-76.627,53.235],[-76.634,53.228],[-76.579,53.235],[-76.684,53.207],[-76.702,53.207],[-76.681,53.228],[-76.715,53.224],[-76.73,53.187],[-76.64,53.193],[-76.662,53.174],[-76.654,53.156],[-76.803,53.174],[-76.834,53.153],[-76.839,53.144],[-76.819,53.138],[-76.878,53.083],[-76.86,53.056],[-76.84,53.072],[-76.825,53.062],[-76.815,53.039],[-76.823,53.004],[-76.858,52.985],[-76.847,52.974],[-76.744,52.982],[-76.634,52.968],[-76.871,52.965],[-76.942,52.982],[-76.887,52.987],[-76.881,53.022],[-76.932,53.039],[-76.908,53.084],[-76.983,53.097],[-76.981,53.109],[-76.881,53.174],[-76.876,53.202],[-76.915,53.215],[-76.816,53.232],[-76.834,53.25],[-76.932,53.239],[-76.955,53.254],[-76.942,53.269],[-76.873,53.275],[-76.901,53.317],[-76.851,53.305],[-76.839,53.317],[-76.857,53.336],[-76.912,53.345],[-76.904,53.372],[-76.708,53.48],[-76.655,53.488],[-76.803,53.337],[-76.799,53.323],[-76.761,53.313],[-76.707,53.345],[-76.702,53.365],[-76.744,53.344],[-76.655,53.44],[-76.62,53.448],[-76.603,53.478],[-76.504,53.488],[-76.552,53.44],[-76.478,53.416],[-76.478,53.384],[-76.527,53.367],[-76.637,53.377],[-76.694,53.332],[-76.668,53.317],[-76.675,53.289],[-76.606,53.297],[-76.552,53.317],[-76.553,53.339],[-76.527,53.344],[-76.49,53.31],[-76.523,53.301]],[[-76.817,53.395],[-76.832,53.378],[-76.777,53.396],[-76.744,53.427],[-76.817,53.395]],[[-76.776,53.275],[-76.757,53.289],[-76.795,53.293],[-76.826,53.269],[-76.776,53.275]]]]}},{"type":"Feature","properties":{"n":""},"geometry":{"type":"MultiPolygon","coordinates":[[[[-105.107,21.829],[-105.019,21.799],[-105.021,21.778],[-105.065,21.808],[-105.114,21.815],[-105.107,21.829]]]]}},{"type":"Feature","properties":{"n":"Scott Lake"},"geometry":{"type":"MultiPolygon","coordinates":[[[[-105.861,59.997],[-105.912,59.986],[-106.002,60.015],[-106.062,59.992],[-106.067,59.951],[-106.109,59.932],[-106.121,59.896],[-106.064,59.907],[-106.05,59.846],[-106.032,59.834],[-106.077,59.824],[-106.093,59.806],[-106.196,59.793],[-106.183,59.842],[-106.217,59.868],[-106.164,59.906],[-106.19,59.931],[-106.313,59.845],[-106.305,59.826],[-106.287,59.824],[-106.244,59.841],[-106.261,59.8],[-106.313,59.793],[-106.347,59.813],[-106.399,59.793],[-106.356,59.924],[-106.258,59.997],[-106.291,60.024],[-106.4,60.021],[-106.381,60.047],[-106.43,60.06],[-106.387,60.087],[-106.293,60.115],[-106.259,60.086],[-106.293,60.06],[-106.21,60.037],[-106.217,60.019],[-106.2,60.006],[-106.169,60.037],[-106.183,60.06],[-106.135,60.076],[-106.175,60.115],[-106.119,60.136],[-106.077,60.188],[-105.931,60.208],[-105.804,60.257],[-105.794,60.228],[-105.806,60.211],[-105.888,60.176],[-105.813,60.155],[-105.607,60.232],[-105.638,60.194],[-105.711,60.17],[-105.791,60.115],[-105.91,60.102],[-106.043,60.148],[-106.114,60.047],[-106.106,60.027],[-106.042,60.06],[-105.922,60.067],[-105.869,60.045],[-105.853,60.023],[-105.861,59.997]]]]}},{"type":"Feature","properties":{"n":""},"geometry":{"type":"MultiPolygon","coordinates":[[[[-72.679,81.684],[-72.906,81.673],[-72.875,81.691],[-69.054,81.954],[-68.921,81.943],[-68.976,81.92],[-69.377,81.905],[-69.488,81.874],[-72.786,81.649],[-72.817,81.66],[-72.68,81.667],[-72.694,81.673],[-72.679,81.684]]]]}},{"type":"Feature","properties":{"n":""},"geometry":{"type":"MultiPolygon","coordinates":[[[[-89.518,52.869],[-89.551,52.878],[-89.468,52.906],[-89.396,52.899],[-89.432,52.946],[-89.476,52.968],[-89.341,52.959],[-89.28,53.021],[-89.233,53.022],[-89.207,52.974],[-89.154,52.94],[-89.13,52.971],[-89.079,52.982],[-89.031,52.96],[-88.993,52.999],[-88.913,53.001],[-88.989,52.951],[-89.041,52.858],[-89.175,52.863],[-89.216,52.844],[-89.214,52.831],[-89.284,52.88],[-89.324,52.858],[-89.518,52.869]]]]}},{"type":"Feature","properties":{"n":""},"geometry":{"type":"MultiPolygon","coordinates":[[[[-70.993,53.244],[-70.993,53.244]]]]}},{"type":"Feature","properties":{"n":""},"geometry":{"type":"MultiPolygon","coordinates":[[[[-101.996,57.022],[-101.996,57.022]]]]}},{"type":"Feature","properties":{"n":"Yellowstone Lake"},"geometry":{"type":"MultiPolygon","coordinates":[[[[-110.198,44.371],[-110.198,44.32],[-110.25,44.326],[-110.262,44.395],[-110.28,44.409],[-110.299,44.331],[-110.28,44.313],[-110.302,44.298],[-110.345,44.39],[-110.425,44.387],[-110.384,44.401],[-110.378,44.417],[-110.397,44.439],[-110.479,44.45],[-110.511,44.413],[-110.542,44.418],[-110.566,44.444],[-110.527,44.484],[-110.463,44.469],[-110.405,44.496],[-110.397,44.552],[-110.32,44.569],[-110.28,44.552],[-110.267,44.436],[-110.198,44.371]]]]}},{"type":"Feature","properties":{"n":"Teshekpuk Lake"},"geometry":{"type":"MultiPolygon","coordinates":[[[[-152.952,70.585],[-152.927,70.569],[-152.952,70.552],[-153.012,70.561],[-153.068,70.532],[-153.275,70.535],[-153.569,70.463],[-153.65,70.49],[-153.676,70.467],[-153.696,70.469],[-153.706,70.497],[-153.767,70.513],[-153.782,70.5],[-153.761,70.463],[-153.777,70.462],[-153.854,70.511],[-153.905,70.497],[-153.946,70.527],[-154.001,70.524],[-154.057,70.563],[-154.103,70.562],[-154.123,70.585],[-154.076,70.61],[-154.1,70.636],[-154.252,70.641],[-154.268,70.648],[-154.241,70.664],[-154.268,70.689],[-154.179,70.668],[-154.192,70.681],[-154.177,70.69],[-154.117,70.661],[-154.079,70.668],[-154.056,70.695],[-154.019,70.698],[-153.987,70.681],[-154.008,70.668],[-153.975,70.668],[-153.96,70.709],[-153.943,70.714],[-153.891,70.695],[-153.799,70.743],[-153.613,70.747],[-153.421,70.71],[-153.405,70.674],[-153.369,70.651],[-153.293,70.675],[-153.226,70.675],[-153.044,70.63],[-152.949,70.598],[-152.952,70.585]]]]}},{"type":"Feature","properties":{"n":"Flathead Lake"},"geometry":{"type":"MultiPolygon","coordinates":[[[[-114.186,47.907],[-114.139,47.924],[-114.167,48.01],[-114.201,48.033],[-114.2,48.072],[-114.142,48.095],[-114.115,48.064],[-114.07,48.061],[-114.016,47.963],[-114.021,47.872],[-114.002,47.811],[-114.022,47.752],[-114.043,47.76],[-114.057,47.794],[-114.07,47.785],[-114.043,47.718],[-114.166,47.715],[-114.155,47.751],[-114.106,47.798],[-114.217,47.829],[-114.283,47.82],[-114.317,47.842],[-114.206,47.878],[-114.186,47.907]]]]}},{"type":"Feature","properties":{"n":"Lake Claire"},"geometry":{"type":"MultiPolygon","coordinates":[[[[-111.799,58.61],[-111.816,58.607],[-111.82,58.566],[-111.837,58.559],[-111.797,58.504],[-111.823,58.474],[-111.912,58.45],[-111.842,58.441],[-111.829,58.429],[-111.873,58.401],[-111.751,58.343],[-111.829,58.313],[-111.821,58.297],[-111.734,58.305],[-111.748,58.287],[-111.798,58.275],[-111.854,58.287],[-111.893,58.315],[-111.951,58.303],[-112.021,58.327],[-112.059,58.316],[-112.11,58.34],[-112.134,58.357],[-112.124,58.374],[-112.15,58.405],[-112.235,58.424],[-112.288,58.456],[-112.206,58.45],[-112.248,58.466],[-112.247,58.483],[-112.179,58.511],[-112.199,58.551],[-112.266,58.587],[-112.288,58.58],[-112.274,58.546],[-112.423,58.578],[-112.453,58.609],[-112.46,58.675],[-112.438,58.712],[-112.352,58.771],[-112.091,58.851],[-112.079,58.826],[-112,58.82],[-111.987,58.806],[-111.993,58.778],[-112.079,58.785],[-112.162,58.769],[-112.159,58.792],[-112.206,58.781],[-112.207,58.758],[-112.096,58.744],[-112.086,58.725],[-112.104,58.703],[-111.959,58.703],[-111.945,58.738],[-111.916,58.745],[-111.894,58.712],[-111.838,58.743],[-111.804,58.687],[-111.761,58.669],[-111.768,58.69],[-111.729,58.692],[-111.699,58.669],[-111.74,58.607],[-111.799,58.61]]]]}},{"type":"Feature","properties":{"n":"Lago de Izabal"},"geometry":{"type":"MultiPolygon","coordinates":[[[[-88.831,15.764],[-88.891,15.689],[-88.921,15.697],[-88.941,15.675],[-88.975,15.668],[-89.003,15.603],[-88.989,15.508],[-89.089,15.43],[-89.147,15.408],[-89.263,15.422],[-89.25,15.415],[-89.265,15.397],[-89.317,15.365],[-89.337,15.394],[-89.332,15.449],[-89.408,15.476],[-89.365,15.519],[-89.269,15.525],[-89.235,15.569],[-89.185,15.586],[-89.135,15.576],[-89.066,15.598],[-88.996,15.668],[-88.943,15.696],[-88.921,15.737],[-88.885,15.744],[-88.84,15.79],[-88.831,15.764]]]]}},{"type":"Feature","properties":{"n":"Lago de Chapala"},"geometry":{"type":"MultiPolygon","coordinates":[[[[-102.756,20.198],[-102.686,20.197],[-102.715,20.15],[-102.794,20.129],[-102.813,20.105],[-102.877,20.161],[-103.003,20.171],[-103.068,20.197],[-103.088,20.173],[-103.183,20.172],[-103.399,20.234],[-103.428,20.256],[-103.31,20.288],[-103.175,20.28],[-103.035,20.335],[-102.901,20.328],[-102.832,20.301],[-102.78,20.31],[-102.739,20.283],[-102.727,20.261],[-102.776,20.198],[-102.756,20.198]]]]}},{"type":"Feature","properties":{"n":"Lago de Managua"},"geometry":{"type":"MultiPolygon","coordinates":[[[[-86.124,12.344],[-86.091,12.311],[-86.118,12.18],[-86.301,12.165],[-86.325,12.178],[-86.29,12.228],[-86.304,12.282],[-86.365,12.287],[-86.425,12.247],[-86.576,12.321],[-86.594,12.346],[-86.597,12.406],[-86.577,12.423],[-86.563,12.4],[-86.502,12.393],[-86.446,12.452],[-86.29,12.501],[-86.275,12.496],[-86.272,12.433],[-86.22,12.378],[-86.2,12.277],[-86.124,12.344]]]]}},{"type":"Feature","properties":{"n":"Rainy Lake"},"geometry":{"type":"MultiPolygon","coordinates":[[[[-92.785,48.433],[-92.967,48.424],[-93.095,48.504],[-93.077,48.527],[-93.05,48.524],[-92.929,48.462],[-92.84,48.466],[-92.82,48.458],[-92.854,48.452],[-92.789,48.452],[-92.753,48.459],[-92.727,48.502],[-92.673,48.501],[-92.649,48.52],[-92.856,48.535],[-92.91,48.563],[-92.971,48.561],[-92.937,48.582],[-92.962,48.601],[-93.142,48.589],[-93.121,48.565],[-93.081,48.561],[-93.096,48.547],[-93.195,48.558],[-93.172,48.583],[-93.183,48.598],[-93.382,48.616],[-93.327,48.65],[-93.344,48.664],[-93.406,48.658],[-93.409,48.733],[-93.375,48.691],[-93.346,48.686],[-93.334,48.711],[-93.363,48.742],[-93.351,48.771],[-93.556,48.835],[-93.588,48.815],[-93.642,48.821],[-93.57,48.856],[-93.429,48.825],[-93.416,48.839],[-93.457,48.862],[-93.416,48.877],[-93.485,48.897],[-93.432,48.921],[-93.353,48.914],[-93.311,48.96],[-93.279,48.818],[-93.217,48.808],[-93.194,48.787],[-93.21,48.744],[-93.183,48.739],[-93.201,48.719],[-93.279,48.691],[-93.256,48.666],[-93.217,48.664],[-93.18,48.712],[-93.122,48.739],[-93.106,48.722],[-93.152,48.707],[-93.176,48.678],[-93.108,48.658],[-92.947,48.706],[-92.923,48.691],[-92.997,48.658],[-92.779,48.678],[-92.895,48.65],[-92.854,48.63],[-92.889,48.609],[-92.734,48.602],[-92.72,48.598],[-92.727,48.572],[-92.716,48.567],[-92.652,48.616],[-92.646,48.577],[-92.552,48.551],[-92.604,48.529],[-92.59,48.503],[-92.546,48.503],[-92.56,48.487],[-92.666,48.484],[-92.677,48.465],[-92.479,48.472],[-92.464,48.45],[-92.471,48.424],[-92.422,48.424],[-92.446,48.375],[-92.429,48.369],[-92.463,48.331],[-92.495,48.372],[-92.491,48.409],[-92.518,48.431],[-92.669,48.417],[-92.785,48.433]]]]}},{"type":"Feature","properties":{"n":"Split Lake"},"geometry":{"type":"MultiPolygon","coordinates":[[[[-96.03,56.171],[-96.051,56.119],[-96.123,56.113],[-96.061,56.089],[-96.083,56.072],[-96.177,56.073],[-96.228,56.096],[-96.488,56.091],[-96.555,56.065],[-96.568,56.109],[-96.56,56.137],[-96.582,56.14],[-96.436,56.167],[-96.299,56.16],[-96.205,56.211],[-96.198,56.241],[-96.166,56.263],[-96.081,56.257],[-95.945,56.298],[-95.835,56.291],[-95.925,56.26],[-95.965,56.224],[-96.092,56.224],[-96.122,56.195],[-96.03,56.171]]]]}},{"type":"Feature","properties":{"n":"Lake St. Joseph"},"geometry":{"type":"MultiPolygon","coordinates":[[[[-91.387,50.915],[-91.379,50.935],[-91.286,51],[-91.266,50.996],[-91.258,50.967],[-91.191,50.969],[-91.168,50.987],[-91.189,51.035],[-91.312,51.063],[-91.292,51.071],[-91.201,51.072],[-91.127,51.035],[-90.974,51.002],[-90.929,51.015],[-90.87,51.076],[-90.816,51.071],[-90.771,51.117],[-90.73,51.115],[-90.683,51.179],[-90.616,51.221],[-90.597,51.222],[-90.607,51.192],[-90.659,51.135],[-90.603,51.149],[-90.518,51.209],[-90.494,51.172],[-90.434,51.154],[-90.442,51.138],[-90.411,51.106],[-90.42,51.088],[-90.529,51.076],[-90.639,51.016],[-90.654,51.015],[-90.648,51.035],[-90.723,51.008],[-90.879,51.01],[-90.919,50.998],[-90.929,50.973],[-90.974,50.95],[-91.138,50.932],[-91.258,50.939],[-91.408,50.891],[-91.387,50.915]]]]}},{"type":"Feature","properties":{"n":"Amadjuak Lake"},"geometry":{"type":"MultiPolygon","coordinates":[[[[-70.682,64.646],[-70.655,64.696],[-70.597,64.707],[-70.693,64.726],[-70.722,64.758],[-70.782,64.771],[-70.782,64.789],[-70.886,64.809],[-71.049,64.781],[-71.097,64.733],[-71.103,64.668],[-71.138,64.644],[-71.289,64.644],[-71.323,64.624],[-71.395,64.644],[-71.44,64.638],[-71.46,64.607],[-71.491,64.618],[-71.524,64.603],[-71.584,64.607],[-71.837,64.686],[-71.93,64.745],[-71.916,64.778],[-71.844,64.795],[-71.971,64.806],[-71.993,64.829],[-71.967,64.85],[-72.036,64.884],[-72.001,64.899],[-72.07,64.899],[-72.034,64.935],[-71.95,64.958],[-71.939,64.948],[-71.949,64.931],[-71.981,64.918],[-71.931,64.898],[-71.797,64.934],[-71.769,64.925],[-71.786,64.909],[-71.851,64.905],[-71.923,64.877],[-71.94,64.854],[-71.772,64.807],[-71.658,64.821],[-71.659,64.836],[-71.734,64.864],[-71.837,64.871],[-71.787,64.886],[-71.627,64.876],[-71.438,64.888],[-71.391,64.912],[-71.47,64.918],[-71.679,64.98],[-71.672,64.996],[-71.618,65.01],[-71.631,65.028],[-71.612,65.043],[-71.521,65.042],[-71.559,65.099],[-71.578,65.165],[-71.727,65.22],[-71.669,65.258],[-71.648,65.301],[-71.684,65.342],[-71.796,65.385],[-71.775,65.413],[-71.725,65.431],[-71.645,65.357],[-71.597,65.347],[-71.574,65.315],[-71.442,65.275],[-71.412,65.296],[-71.301,65.271],[-71.271,65.25],[-71.289,65.234],[-71.172,65.2],[-71.115,65.159],[-71.028,65.152],[-70.993,65.124],[-70.899,65.13],[-70.878,65.11],[-70.96,65.11],[-70.806,65.096],[-70.778,65.062],[-70.717,65.054],[-70.662,64.997],[-70.679,64.98],[-70.671,64.965],[-70.624,64.953],[-70.62,64.929],[-70.645,64.918],[-70.61,64.899],[-70.613,64.877],[-70.458,64.771],[-70.404,64.754],[-70.414,64.733],[-70.4,64.718],[-70.351,64.707],[-70.44,64.672],[-70.507,64.666],[-70.459,64.651],[-70.487,64.631],[-70.432,64.597],[-70.357,64.603],[-70.375,64.581],[-70.427,64.563],[-70.588,64.635],[-70.672,64.61],[-70.799,64.627],[-70.682,64.646]]]]}},{"type":"Feature","properties":{"n":"Teslin Lake"},"geometry":{"type":"MultiPolygon","coordinates":[[[[-132.141,59.644],[-132.092,59.608],[-132.182,59.587],[-132.17,59.63],[-132.25,59.745],[-132.237,59.765],[-132.38,59.889],[-132.438,59.994],[-132.969,60.234],[-133.151,60.371],[-133.179,60.376],[-133.246,60.451],[-133.196,60.437],[-132.983,60.309],[-132.858,60.213],[-132.703,60.163],[-132.643,60.127],[-132.497,60.108],[-132.545,60.094],[-132.497,60.062],[-132.41,60.039],[-132.316,59.925],[-132.237,59.863],[-132.223,59.841],[-132.257,59.848],[-132.154,59.701],[-132.141,59.644]]]]}},{"type":"Feature","properties":{"n":"Lake Bienville"},"geometry":{"type":"MultiPolygon","coordinates":[[[[-73.28,55.066],[-73.132,55.113],[-73.166,55.124],[-73.153,55.14],[-72.96,55.157],[-72.867,55.211],[-72.806,55.169],[-72.653,55.229],[-72.629,55.202],[-72.556,55.229],[-72.481,55.208],[-72.383,55.266],[-72.229,55.275],[-72.189,55.302],[-72.118,55.297],[-72.19,55.265],[-72.234,55.253],[-72.283,55.265],[-72.337,55.235],[-72.412,55.222],[-72.33,55.229],[-72.392,55.208],[-72.288,55.21],[-72.297,55.202],[-72.248,55.168],[-72.258,55.157],[-72.316,55.147],[-72.56,55.048],[-72.706,55.046],[-72.734,55.023],[-72.687,55.016],[-72.734,54.996],[-72.879,54.996],[-72.95,54.956],[-73.05,54.954],[-73.147,54.93],[-73.173,54.935],[-73.085,54.961],[-73.265,54.977],[-73.361,54.921],[-73.424,54.928],[-73.543,54.909],[-73.666,54.935],[-73.409,54.936],[-73.365,54.948],[-73.388,54.948],[-73.427,54.982],[-73.345,54.968],[-73.29,54.996],[-73.358,54.996],[-73.338,55.009],[-73.244,55.029],[-73.284,55.036],[-73.491,55.009],[-73.53,55.044],[-73.482,55.064],[-73.396,55.036],[-73.345,55.058],[-73.269,55.058],[-73.28,55.066]]]]}},{"type":"Feature","properties":{"n":"Lake Pend Oreille"},"geometry":{"type":"MultiPolygon","coordinates":[[[[-116.217,48.175],[-116.189,48.155],[-116.411,48.13],[-116.419,48.091],[-116.458,48.053],[-116.435,48.015],[-116.454,47.971],[-116.567,47.957],[-116.55,47.997],[-116.515,48.01],[-116.533,48.039],[-116.511,48.112],[-116.479,48.131],[-116.437,48.197],[-116.389,48.183],[-116.361,48.215],[-116.415,48.265],[-116.45,48.244],[-116.481,48.286],[-116.56,48.244],[-116.571,48.253],[-116.525,48.302],[-116.437,48.313],[-116.403,48.286],[-116.334,48.279],[-116.286,48.238],[-116.263,48.19],[-116.217,48.175]]]]}},{"type":"Feature","properties":{"n":"Canandaigua Lake"},"geometry":{"type":"MultiPolygon","coordinates":[[[[-77.259,42.887],[-77.264,42.826],[-77.332,42.741],[-77.355,42.688],[-77.367,42.706],[-77.357,42.745],[-77.272,42.894],[-77.259,42.887]]]]}},{"type":"Feature","properties":{"n":"Owasco Lake"},"geometry":{"type":"MultiPolygon","coordinates":[[[[-76.497,42.826],[-76.469,42.764],[-76.524,42.839],[-76.547,42.909],[-76.537,42.922],[-76.497,42.826]]]]}},{"type":"Feature","properties":{"n":"Skaneateles Lake"},"geometry":{"type":"MultiPolygon","coordinates":[[[[-76.377,42.894],[-76.292,42.827],[-76.27,42.784],[-76.418,42.897],[-76.431,42.953],[-76.408,42.942],[-76.377,42.894]]]]}},{"type":"Feature","properties":{"n":""},"geometry":{"type":"MultiPolygon","coordinates":[[[[-163.396,60.431],[-163.376,60.422],[-163.588,60.402],[-163.541,60.375],[-163.623,60.312],[-163.505,60.266],[-163.515,60.249],[-163.556,60.227],[-163.592,60.235],[-163.785,60.155],[-163.8,60.17],[-163.739,60.197],[-163.8,60.201],[-163.797,60.221],[-163.813,60.232],[-163.855,60.225],[-163.711,60.293],[-163.732,60.334],[-163.814,60.321],[-163.779,60.306],[-163.792,60.293],[-163.862,60.304],[-163.999,60.266],[-164.136,60.267],[-164.163,60.286],[-163.968,60.304],[-163.882,60.334],[-163.896,60.348],[-163.786,60.355],[-163.819,60.371],[-163.917,60.368],[-163.964,60.396],[-163.936,60.409],[-163.896,60.41],[-163.91,60.396],[-163.886,60.397],[-163.821,60.423],[-163.881,60.424],[-163.849,60.444],[-163.797,60.431],[-163.752,60.389],[-163.705,60.39],[-163.67,60.41],[-163.752,60.423],[-163.714,60.451],[-163.636,60.417],[-163.396,60.431]]]]}},{"type":"Feature","properties":{"n":"Bear Lake"},"geometry":{"type":"MultiPolygon","coordinates":[[[[-111.293,42.135],[-111.285,42.038],[-111.313,41.911],[-111.36,41.869],[-111.381,41.883],[-111.41,41.958],[-111.413,42.069],[-111.375,42.15],[-111.336,42.158],[-111.293,42.135]]]]}},{"type":"Feature","properties":{"n":"Utah Lake"},"geometry":{"type":"MultiPolygon","coordinates":[[[[-111.674,40.234],[-111.68,40.206],[-111.731,40.201],[-111.754,40.176],[-111.821,40.169],[-111.863,40.072],[-111.894,40.061],[-111.892,40.086],[-111.874,40.097],[-111.92,40.168],[-111.868,40.23],[-111.842,40.295],[-111.884,40.371],[-111.845,40.38],[-111.769,40.359],[-111.725,40.289],[-111.726,40.238],[-111.674,40.234]]]]}},{"type":"Feature","properties":{"n":""},"geometry":{"type":"MultiPolygon","coordinates":[[[[-126.4,66.853],[-126.436,66.935],[-126.432,66.972],[-126.339,67.032],[-126.167,67.01],[-126.101,66.908],[-126.185,66.904],[-126.199,66.837],[-126.147,66.784],[-126.223,66.805],[-126.24,66.79],[-126.233,66.765],[-126.283,66.744],[-126.391,66.79],[-126.411,66.814],[-126.4,66.853]]]]}},{"type":"Feature","properties":{"n":"Leech Lake"},"geometry":{"type":"MultiPolygon","coordinates":[[[[-94.279,47.189],[-94.225,47.197],[-94.266,47.156],[-94.266,47.113],[-94.375,47.054],[-94.46,47.082],[-94.469,47.143],[-94.508,47.13],[-94.557,47.159],[-94.574,47.148],[-94.56,47.081],[-94.588,47.047],[-94.581,47.102],[-94.63,47.139],[-94.613,47.23],[-94.588,47.225],[-94.588,47.181],[-94.567,47.171],[-94.537,47.208],[-94.454,47.246],[-94.437,47.274],[-94.416,47.26],[-94.457,47.197],[-94.437,47.198],[-94.294,47.307],[-94.269,47.263],[-94.317,47.207],[-94.328,47.17],[-94.279,47.189]]]]}},{"type":"Feature","properties":{"n":"Lac des Mille Lacs"},"geometry":{"type":"MultiPolygon","coordinates":[[[[-90.308,48.938],[-90.29,48.948],[-90.279,48.906],[-90.322,48.859],[-90.35,48.852],[-90.335,48.816],[-90.347,48.801],[-90.332,48.801],[-90.353,48.78],[-90.463,48.782],[-90.483,48.794],[-90.429,48.808],[-90.476,48.821],[-90.587,48.794],[-90.607,48.801],[-90.586,48.81],[-90.585,48.828],[-90.669,48.82],[-90.694,48.835],[-90.654,48.87],[-90.599,48.881],[-90.599,48.907],[-90.617,48.932],[-90.683,48.895],[-90.703,48.966],[-90.654,48.963],[-90.593,48.986],[-90.562,48.911],[-90.538,48.911],[-90.558,48.862],[-90.443,48.881],[-90.405,48.904],[-90.387,48.897],[-90.4,48.875],[-90.348,48.881],[-90.308,48.938]]]]}},{"type":"Feature","properties":{"n":"Trout Lake"},"geometry":{"type":"MultiPolygon","coordinates":[[[[-121.048,60.551],[-121.073,60.524],[-121.184,60.492],[-121.231,60.451],[-121.353,60.397],[-121.445,60.394],[-121.447,60.406],[-121.385,60.452],[-121.382,60.506],[-121.429,60.497],[-121.555,60.43],[-121.616,60.431],[-121.548,60.467],[-121.477,60.532],[-121.368,60.574],[-121.175,60.564],[-121.269,60.598],[-121.311,60.638],[-121.306,60.704],[-121.341,60.731],[-121.348,60.773],[-121.32,60.782],[-121.234,60.744],[-121.162,60.739],[-121.149,60.718],[-121.115,60.711],[-121.048,60.551]]]]}},{"type":"Feature","properties":{"n":"Lake Rossignol"},"geometry":{"type":"MultiPolygon","coordinates":[[[[-64.986,44.25],[-64.95,44.258],[-65.005,44.217],[-64.984,44.195],[-65.032,44.148],[-65.142,44.154],[-65.152,44.134],[-65.202,44.165],[-65.203,44.223],[-65.176,44.237],[-65.159,44.272],[-65.073,44.278],[-65.101,44.261],[-65.113,44.221],[-65.052,44.194],[-64.986,44.25]]]]}},{"type":"Feature","properties":{"n":"Grand Lake"},"geometry":{"type":"MultiPolygon","coordinates":[[[[-66.033,45.9],[-66.115,45.875],[-66.135,45.854],[-66.17,45.862],[-66.191,45.885],[-66.087,45.925],[-66.044,45.99],[-66.04,46.053],[-66.02,46.045],[-65.987,46.088],[-65.974,46.07],[-65.944,46.08],[-65.971,46.095],[-65.951,46.104],[-65.896,46.092],[-65.976,46.051],[-65.978,46.033],[-65.963,46.029],[-65.896,46.039],[-65.911,46.017],[-65.999,45.978],[-65.963,45.961],[-66.033,45.9]]]]}},{"type":"Feature","properties":{"n":"Black Lake"},"geometry":{"type":"MultiPolygon","coordinates":[[[[-105.086,59.148],[-105.141,59.138],[-105.319,59.148],[-105.519,59.128],[-105.724,59.032],[-105.757,58.973],[-105.738,58.942],[-105.759,58.915],[-105.847,58.91],[-105.888,58.939],[-105.881,58.963],[-105.827,59.005],[-105.795,59.065],[-105.539,59.155],[-105.299,59.288],[-105.206,59.307],[-104.916,59.246],[-104.908,59.23],[-104.949,59.204],[-105.086,59.148]]]]}},{"type":"Feature","properties":{"n":"Lake Louise"},"geometry":{"type":"MultiPolygon","coordinates":[[[[-146.506,62.363],[-146.449,62.321],[-146.526,62.284],[-146.564,62.292],[-146.631,62.349],[-146.685,62.371],[-146.717,62.421],[-146.682,62.506],[-146.634,62.493],[-146.663,62.476],[-146.607,62.452],[-146.622,62.374],[-146.573,62.383],[-146.506,62.363]]]]}},{"type":"Feature","properties":{"n":"Bluenose Lake"},"geometry":{"type":"MultiPolygon","coordinates":[[[[-119.852,68.534],[-119.909,68.564],[-119.82,68.598],[-119.696,68.62],[-119.718,68.634],[-119.84,68.633],[-119.826,68.639],[-119.828,68.672],[-119.742,68.699],[-119.732,68.711],[-119.746,68.731],[-119.688,68.763],[-119.634,68.756],[-119.696,68.736],[-119.705,68.719],[-119.559,68.721],[-119.538,68.708],[-119.662,68.694],[-119.677,68.664],[-119.669,68.639],[-119.604,68.626],[-119.549,68.639],[-119.566,68.663],[-119.634,68.667],[-119.599,68.687],[-119.554,68.682],[-119.477,68.646],[-119.448,68.612],[-119.491,68.585],[-119.589,68.614],[-119.621,68.605],[-119.58,68.588],[-119.657,68.481],[-119.652,68.427],[-119.606,68.397],[-119.518,68.389],[-119.492,68.366],[-119.516,68.339],[-119.633,68.312],[-119.645,68.301],[-119.634,68.283],[-119.717,68.25],[-119.867,68.239],[-119.842,68.282],[-119.84,68.458],[-119.826,68.482],[-119.852,68.534]]]]}},{"type":"Feature","properties":{"n":"Grand Lake"},"geometry":{"type":"MultiPolygon","coordinates":[[[[-57.693,48.705],[-57.905,48.646],[-58.084,48.671],[-57.91,48.676],[-57.658,48.86],[-57.544,48.918],[-57.44,48.945],[-57.377,49.014],[-57.266,49.076],[-57.254,49.16],[-57.276,49.192],[-57.184,49.182],[-57.084,49.248],[-57.014,49.26],[-57.023,49.285],[-56.987,49.346],[-56.994,49.369],[-56.973,49.376],[-56.919,49.308],[-56.932,49.302],[-56.906,49.279],[-56.914,49.257],[-57.063,49.192],[-57.028,49.225],[-57.056,49.234],[-57.127,49.209],[-57.145,49.171],[-57.111,49.157],[-57.157,49.141],[-57.368,48.935],[-57.506,48.874],[-57.549,48.815],[-57.628,48.771],[-57.693,48.705]],[[-57.79,48.685],[-57.565,48.836],[-57.525,48.893],[-57.603,48.87],[-57.678,48.815],[-57.726,48.799],[-57.899,48.664],[-57.79,48.685]]]]}},{"type":"Feature","properties":{"n":""},"geometry":{"type":"MultiPolygon","coordinates":[[[[-126.09,67.324],[-126.17,67.294],[-126.301,67.282],[-126.395,67.253],[-126.549,67.255],[-126.487,67.376],[-126.494,67.392],[-126.549,67.399],[-126.59,67.434],[-126.494,67.454],[-126.552,67.477],[-126.605,67.459],[-126.679,67.489],[-126.574,67.486],[-126.549,67.502],[-126.586,67.508],[-126.59,67.536],[-126.631,67.508],[-126.663,67.535],[-126.844,67.571],[-126.6,67.569],[-126.534,67.586],[-126.542,67.571],[-126.451,67.537],[-126.349,67.432],[-126.24,67.447],[-126.186,67.409],[-126.212,67.38],[-126.378,67.392],[-126.361,67.374],[-126.228,67.328],[-126.09,67.324]]]]}},{"type":"Feature","properties":{"n":"Colville Lake"},"geometry":{"type":"MultiPolygon","coordinates":[[[[-125.745,67.324],[-125.698,67.331],[-125.754,67.276],[-125.74,67.251],[-125.754,67.199],[-125.833,67.149],[-125.843,67.128],[-125.823,67.111],[-125.851,67.082],[-125.921,67.062],[-125.993,67.069],[-126.149,67.042],[-126.188,67.055],[-126.22,67.091],[-126.268,67.105],[-126.158,67.119],[-126.186,67.132],[-126.158,67.173],[-126.247,67.201],[-126.269,67.193],[-126.269,67.218],[-125.806,67.288],[-125.745,67.324]]]]}},{"type":"Feature","properties":{"n":"Hottah Lake"},"geometry":{"type":"MultiPolygon","coordinates":[[[[-118.689,64.96],[-118.645,64.992],[-118.647,65.015],[-118.723,65.049],[-118.654,65.06],[-118.641,65.076],[-118.704,65.084],[-118.69,65.116],[-118.716,65.145],[-118.86,65.193],[-118.805,65.2],[-118.866,65.202],[-118.884,65.216],[-118.435,65.309],[-118.456,65.282],[-118.394,65.282],[-118.405,65.265],[-118.393,65.238],[-118.352,65.252],[-118.34,65.234],[-118.243,65.207],[-118.278,65.186],[-118.223,65.179],[-118.27,65.153],[-118.295,65.152],[-118.319,65.172],[-118.366,65.159],[-118.319,65.128],[-118.203,65.141],[-118.214,65.12],[-118.323,65.064],[-118.319,65.042],[-118.28,65.058],[-118.278,65.032],[-118.199,65.035],[-118.188,65.02],[-118.209,65.008],[-118.363,65.005],[-118.338,64.983],[-118.22,64.984],[-118.189,64.963],[-118.199,64.945],[-118.271,64.96],[-118.352,64.948],[-118.429,64.871],[-118.325,64.858],[-118.346,64.823],[-118.154,64.864],[-118.175,64.85],[-118.12,64.843],[-118.215,64.832],[-118.271,64.809],[-118.175,64.816],[-118.202,64.795],[-118.093,64.795],[-118.096,64.771],[-118.313,64.783],[-118.42,64.806],[-118.445,64.833],[-118.535,64.85],[-118.689,64.96]],[[-118.568,64.972],[-118.6,64.967],[-118.537,64.93],[-118.502,64.929],[-118.476,64.946],[-118.466,64.982],[-118.439,64.99],[-118.433,65.014],[-118.487,65.039],[-118.48,64.99],[-118.568,64.972]]]]}},{"type":"Feature","properties":{"n":"Big Trout Lake"},"geometry":{"type":"MultiPolygon","coordinates":[[[[-90.336,53.751],[-90.358,53.749],[-90.373,53.77],[-90.309,53.818],[-90.325,53.855],[-90.304,53.873],[-90.227,53.872],[-90.228,53.842],[-90.144,53.831],[-90.133,53.843],[-90.157,53.867],[-90.147,53.876],[-90.058,53.867],[-90.065,53.886],[-90.039,53.898],[-89.92,53.869],[-89.832,53.817],[-89.852,53.812],[-89.839,53.799],[-89.759,53.804],[-89.671,53.773],[-89.599,53.79],[-89.558,53.776],[-89.652,53.756],[-89.712,53.695],[-89.948,53.684],[-90.042,53.665],[-90.092,53.721],[-90.186,53.76],[-90.291,53.77],[-90.336,53.751]]]]}},{"type":"Feature","properties":{"n":"Trout Lake"},"geometry":{"type":"MultiPolygon","coordinates":[[[[-93.256,51.109],[-93.267,51.088],[-93.18,51.086],[-93.156,51.069],[-93.211,51.021],[-93.299,51.048],[-93.289,51.066],[-93.382,51.107],[-93.492,51.199],[-93.477,51.226],[-93.485,51.248],[-93.392,51.309],[-93.354,51.302],[-93.402,51.261],[-93.334,51.255],[-93.235,51.304],[-93.151,51.299],[-93.118,51.264],[-93.101,51.217],[-93.183,51.179],[-93.103,51.168],[-93.081,51.186],[-93.048,51.151],[-93.2,51.131],[-93.256,51.109]]]]}},{"type":"Feature","properties":{"n":"Island Lake"},"geometry":{"type":"MultiPolygon","coordinates":[[[[-94.039,53.769],[-94.033,53.755],[-94.139,53.762],[-94.232,53.728],[-94.287,53.735],[-94.32,53.715],[-94.416,53.745],[-94.464,53.692],[-94.535,53.698],[-94.642,53.734],[-94.828,53.742],[-94.842,53.749],[-94.834,53.766],[-94.875,53.79],[-94.9,53.832],[-94.964,53.826],[-94.971,53.845],[-94.917,53.886],[-94.948,53.909],[-94.944,53.935],[-94.897,53.954],[-94.855,53.935],[-94.834,53.995],[-94.766,54.003],[-94.746,53.995],[-94.759,53.982],[-94.581,53.989],[-94.54,53.971],[-94.694,53.921],[-94.703,53.891],[-94.56,53.838],[-94.392,53.886],[-94.294,53.865],[-94.174,53.899],[-94.012,53.886],[-93.989,53.873],[-93.992,53.859],[-94.012,53.783],[-94.039,53.769]]]]}},{"type":"Feature","properties":{"n":"Lake Naococane"},"geometry":{"type":"MultiPolygon","coordinates":[[[[-70.37,52.971],[-70.521,52.906],[-70.501,52.893],[-70.507,52.871],[-70.48,52.865],[-70.48,52.885],[-70.439,52.844],[-70.494,52.837],[-70.494,52.823],[-70.459,52.806],[-70.475,52.772],[-70.461,52.742],[-70.487,52.714],[-70.483,52.683],[-70.401,52.666],[-70.446,52.577],[-70.473,52.632],[-70.549,52.659],[-70.5,52.703],[-70.535,52.748],[-70.507,52.775],[-70.544,52.813],[-70.622,52.801],[-70.579,52.79],[-70.58,52.766],[-70.645,52.741],[-70.672,52.714],[-70.686,52.722],[-70.647,52.782],[-70.665,52.79],[-70.699,52.768],[-70.795,52.79],[-70.769,52.854],[-70.782,52.919],[-70.762,52.936],[-70.774,52.952],[-70.801,52.955],[-70.823,52.934],[-70.804,52.925],[-70.824,52.896],[-70.809,52.878],[-70.875,52.888],[-70.925,52.809],[-70.934,52.821],[-70.983,52.815],[-70.991,52.896],[-70.98,52.885],[-70.912,52.926],[-70.933,52.947],[-70.909,52.954],[-70.888,52.919],[-70.852,52.921],[-70.84,52.927],[-70.85,52.94],[-70.796,52.963],[-70.762,52.969],[-70.743,52.947],[-70.726,52.952],[-70.735,52.978],[-70.706,53.001],[-70.732,53.015],[-70.843,53.001],[-70.849,53.013],[-70.823,53.039],[-70.849,53.048],[-70.795,53.077],[-70.798,53.054],[-70.674,53.004],[-70.699,52.974],[-70.686,52.96],[-70.656,52.959],[-70.617,52.987],[-70.586,52.982],[-70.569,53.009],[-70.501,53.009],[-70.495,52.994],[-70.556,52.982],[-70.521,52.968],[-70.583,52.934],[-70.561,52.926],[-70.48,52.94],[-70.498,52.949],[-70.487,52.975],[-70.351,52.982],[-70.37,52.971]],[[-70.912,52.899],[-70.898,52.913],[-70.95,52.894],[-70.974,52.851],[-70.938,52.846],[-70.912,52.899]]]]}},{"type":"Feature","properties":{"n":"Lac la Ronge"},"geometry":{"type":"MultiPolygon","coordinates":[[[[-104.363,55.191],[-104.354,55.17],[-104.368,55.162],[-104.445,55.151],[-104.486,55.126],[-104.578,55.139],[-104.654,55.188],[-104.702,55.147],[-104.674,55.14],[-104.67,55.123],[-104.799,55.058],[-104.779,55.032],[-104.828,54.975],[-104.962,54.982],[-105.086,54.907],[-105.193,54.917],[-105.244,54.945],[-105.257,54.989],[-105.226,55.036],[-105.284,55.084],[-105.209,55.12],[-105.182,55.157],[-105.244,55.16],[-105.203,55.195],[-105.264,55.202],[-105.274,55.22],[-105.2,55.246],[-105.152,55.29],[-105.077,55.314],[-105.046,55.297],[-105.083,55.273],[-105.107,55.229],[-105.04,55.237],[-105.002,55.275],[-104.891,55.284],[-104.812,55.325],[-104.81,55.289],[-104.771,55.29],[-104.709,55.332],[-104.723,55.256],[-104.638,55.318],[-104.586,55.314],[-104.566,55.297],[-104.579,55.271],[-104.558,55.263],[-104.599,55.249],[-104.6,55.222],[-104.627,55.208],[-104.56,55.208],[-104.417,55.266],[-104.388,55.243],[-104.428,55.205],[-104.363,55.191]]]]}},{"type":"Feature","properties":{"n":"Mille Lacs Lake"},"geometry":{"type":"MultiPolygon","coordinates":[[[[-93.538,46.31],[-93.538,46.227],[-93.485,46.156],[-93.56,46.128],[-93.608,46.142],[-93.642,46.121],[-93.757,46.161],[-93.769,46.209],[-93.812,46.242],[-93.839,46.292],[-93.725,46.348],[-93.608,46.372],[-93.552,46.354],[-93.538,46.31]]]]}},{"type":"Feature","properties":{"n":"Lower Red Lake"},"geometry":{"type":"MultiPolygon","coordinates":[[[[-95.02,48.067],[-94.969,48.018],[-94.907,48.026],[-94.763,47.996],[-94.78,47.91],[-94.822,47.889],[-95.165,47.88],[-95.245,47.887],[-95.292,47.908],[-95.295,47.95],[-95.256,48.02],[-95.035,48.087],[-95.02,48.067]]]]}},{"type":"Feature","properties":{"n":"Upper Red Lake"},"geometry":{"type":"MultiPolygon","coordinates":[[[[-95.035,48.087],[-95.026,48.095],[-95.048,48.105],[-95.048,48.122],[-95.033,48.137],[-94.853,48.194],[-94.622,48.211],[-94.571,48.202],[-94.54,48.177],[-94.543,48.147],[-94.608,48.091],[-94.793,48.053],[-94.852,48.072],[-94.979,48.054],[-95.035,48.087]]]]}},{"type":"Feature","properties":{"n":"Lake Winnipesaukee"},"geometry":{"type":"MultiPolygon","coordinates":[[[[-71.304,43.691],[-71.286,43.663],[-71.302,43.634],[-71.289,43.606],[-71.271,43.62],[-71.254,43.593],[-71.206,43.591],[-71.2,43.576],[-71.245,43.525],[-71.241,43.49],[-71.287,43.556],[-71.437,43.617],[-71.469,43.648],[-71.416,43.653],[-71.453,43.709],[-71.335,43.676],[-71.412,43.724],[-71.389,43.737],[-71.304,43.691]]]]}},{"type":"Feature","properties":{"n":"Lake Simcoe"},"geometry":{"type":"MultiPolygon","coordinates":[[[[-79.422,44.337],[-79.47,44.326],[-79.498,44.299],[-79.491,44.264],[-79.465,44.238],[-79.504,44.218],[-79.523,44.234],[-79.528,44.411],[-79.634,44.386],[-79.67,44.395],[-79.538,44.428],[-79.4,44.544],[-79.412,44.595],[-79.37,44.61],[-79.408,44.64],[-79.408,44.66],[-79.34,44.752],[-79.361,44.696],[-79.35,44.603],[-79.32,44.601],[-79.326,44.585],[-79.313,44.573],[-79.225,44.56],[-79.161,44.481],[-79.159,44.444],[-79.197,44.358],[-79.252,44.367],[-79.276,44.346],[-79.422,44.337]]]]}},{"type":"Feature","properties":{"n":"Gods Lake"},"geometry":{"type":"MultiPolygon","coordinates":[[[[-94.256,54.873],[-94.145,54.858],[-94.092,54.871],[-94.081,54.852],[-94.026,54.84],[-93.768,54.82],[-93.725,54.787],[-93.656,54.797],[-93.608,54.77],[-93.937,54.777],[-93.885,54.739],[-94.023,54.638],[-94.163,54.64],[-94.261,54.613],[-94.287,54.626],[-94.352,54.594],[-94.419,54.596],[-94.462,54.555],[-94.437,54.524],[-94.489,54.52],[-94.498,54.482],[-94.574,54.486],[-94.793,54.386],[-94.751,54.443],[-94.783,54.451],[-94.787,54.471],[-94.732,54.482],[-94.746,54.502],[-94.711,54.53],[-94.626,54.537],[-94.551,54.566],[-94.532,54.598],[-94.576,54.634],[-94.572,54.661],[-94.481,54.666],[-94.403,54.715],[-94.444,54.762],[-94.482,54.779],[-94.481,54.814],[-94.416,54.79],[-94.256,54.873]],[[-94.156,54.701],[-94.259,54.653],[-94.05,54.68],[-94.047,54.739],[-94.156,54.701]]]]}},{"type":"Feature","properties":{"n":"Yathkyed Lake"},"geometry":{"type":"MultiPolygon","coordinates":[[[[-98.014,62.534],[-97.953,62.547],[-97.955,62.565],[-98.049,62.561],[-98.049,62.615],[-98.068,62.629],[-98.055,62.651],[-98.137,62.657],[-98.203,62.696],[-98.227,62.684],[-98.219,62.65],[-98.35,62.615],[-98.295,62.643],[-98.285,62.666],[-98.304,62.686],[-98.364,62.698],[-98.349,62.719],[-98.425,62.739],[-98.411,62.78],[-98.494,62.835],[-98.428,62.834],[-98.402,62.827],[-98.411,62.808],[-98.39,62.804],[-98.309,62.822],[-98.239,62.803],[-98.19,62.812],[-98.213,62.829],[-98.196,62.862],[-98.09,62.856],[-98.103,62.835],[-98.076,62.826],[-98.045,62.873],[-98.02,62.88],[-97.963,62.852],[-97.789,62.883],[-97.712,62.842],[-97.724,62.894],[-97.681,62.958],[-97.634,62.979],[-97.61,62.946],[-97.603,62.9],[-97.67,62.875],[-97.662,62.835],[-97.617,62.801],[-97.651,62.767],[-97.617,62.692],[-97.624,62.651],[-97.562,62.651],[-97.507,62.629],[-97.526,62.615],[-97.503,62.576],[-97.514,62.554],[-97.459,62.537],[-97.391,62.477],[-97.342,62.486],[-97.37,62.506],[-97.346,62.513],[-97.28,62.478],[-97.384,62.418],[-97.461,62.416],[-97.531,62.444],[-97.582,62.486],[-97.744,62.52],[-97.81,62.492],[-97.891,62.493],[-97.877,62.472],[-97.912,62.443],[-98.083,62.534],[-98.014,62.534]]]]}},{"type":"Feature","properties":{"n":""},"geometry":{"type":"MultiPolygon","coordinates":[[[[-56.469,48.33],[-56.454,48.309],[-56.554,48.251],[-56.712,48.179],[-56.775,48.171],[-56.635,48.25],[-56.631,48.291],[-56.569,48.314],[-56.61,48.322],[-56.538,48.359],[-56.515,48.389],[-56.5,48.383],[-56.527,48.347],[-56.473,48.348],[-56.459,48.342],[-56.469,48.33]]]]}},{"type":"Feature","properties":{"n":""},"geometry":{"type":"MultiPolygon","coordinates":[[[[-95.626,55.619],[-95.575,55.62],[-95.683,55.547],[-95.684,55.483],[-95.707,55.448],[-95.904,55.407],[-95.928,55.422],[-95.901,55.443],[-95.91,55.503],[-95.752,55.54],[-95.746,55.565],[-95.842,55.565],[-95.626,55.619]]]]}},{"type":"Feature","properties":{"n":""},"geometry":{"type":"MultiPolygon","coordinates":[[[[-165.415,65.212],[-165.392,65.221],[-165.363,65.206],[-165.383,65.2],[-165.391,65.165],[-165.678,65.061],[-165.723,65.073],[-165.728,65.089],[-165.837,65.098],[-165.938,65.165],[-165.931,65.172],[-165.966,65.172],[-165.929,65.178],[-165.857,65.146],[-165.822,65.152],[-165.863,65.176],[-165.839,65.2],[-165.634,65.171],[-165.582,65.179],[-165.582,65.193],[-165.476,65.174],[-165.415,65.212]]]]}},{"type":"Feature","properties":{"n":""},"geometry":{"type":"MultiPolygon","coordinates":[[[[-163.744,61.163],[-163.779,61.163],[-163.759,61.15],[-163.775,61.143],[-163.835,61.137],[-163.732,61.129],[-163.821,61.094],[-163.807,61.094],[-163.813,61.08],[-163.786,61.054],[-163.855,61.054],[-163.839,61.084],[-163.85,61.096],[-163.944,61.14],[-163.945,61.18],[-163.925,61.197],[-163.819,61.232],[-163.759,61.239],[-163.751,61.231],[-163.773,61.218],[-163.749,61.202],[-163.567,61.246],[-163.513,61.232],[-163.744,61.163]]]]}},{"type":"Feature","properties":{"n":""},"geometry":{"type":"MultiPolygon","coordinates":[[[[-162.553,60.829],[-162.491,60.793],[-162.498,60.764],[-162.591,60.753],[-162.749,60.794],[-162.788,60.827],[-162.772,60.843],[-162.694,60.852],[-162.553,60.829]]]]}},{"type":"Feature","properties":{"n":""},"geometry":{"type":"MultiPolygon","coordinates":[[[[-158.89,59.268],[-158.859,59.2],[-158.863,59.176],[-158.893,59.158],[-158.939,59.168],[-158.962,59.204],[-158.943,59.257],[-159.073,59.326],[-159.078,59.348],[-158.89,59.268]]]]}},{"type":"Feature","properties":{"n":""},"geometry":{"type":"MultiPolygon","coordinates":[[[[-158.217,59.959],[-158.202,59.941],[-158.27,59.93],[-158.386,59.944],[-158.383,59.959],[-158.395,59.962],[-158.576,59.967],[-158.816,59.904],[-159.127,59.889],[-159.089,59.92],[-159.175,59.971],[-159.032,59.927],[-158.962,59.925],[-158.537,60.032],[-158.455,60.005],[-158.516,59.984],[-158.498,59.979],[-158.332,59.991],[-158.222,59.971],[-158.217,59.959]]]]}},{"type":"Feature","properties":{"n":""},"geometry":{"type":"MultiPolygon","coordinates":[[[[-159.15,60.198],[-159.182,60.17],[-159.176,60.194],[-159.121,60.244],[-159.008,60.243],[-158.848,60.296],[-158.825,60.293],[-158.915,60.251],[-158.885,60.234],[-158.757,60.238],[-158.785,60.209],[-158.757,60.176],[-158.958,60.214],[-159.04,60.203],[-159.113,60.217],[-159.15,60.198]]]]}},{"type":"Feature","properties":{"n":""},"geometry":{"type":"MultiPolygon","coordinates":[[[[-158.543,59.586],[-158.476,59.567],[-158.622,59.567],[-158.66,59.552],[-158.759,59.571],[-158.778,59.567],[-158.764,59.552],[-158.852,59.56],[-158.825,59.567],[-158.836,59.577],[-158.99,59.56],[-158.97,59.522],[-158.934,59.499],[-158.682,59.482],[-158.599,59.453],[-158.565,59.426],[-158.592,59.408],[-158.68,59.443],[-158.815,59.434],[-158.839,59.444],[-158.729,59.457],[-158.748,59.47],[-158.818,59.463],[-158.978,59.497],[-159.077,59.564],[-159.076,59.611],[-159.092,59.628],[-159.172,59.671],[-159.156,59.683],[-158.954,59.573],[-158.88,59.587],[-158.893,59.601],[-158.723,59.611],[-158.543,59.586]]]]}},{"type":"Feature","properties":{"n":"Aylmer Lake"},"geometry":{"type":"MultiPolygon","coordinates":[[[[-107.957,64.046],[-108.036,64.063],[-108.128,64.056],[-108.193,64.019],[-108.286,64.021],[-108.375,64.001],[-108.413,63.962],[-108.413,63.925],[-108.736,64.004],[-108.759,64.021],[-108.734,64.036],[-108.74,64.054],[-108.762,64.065],[-108.806,64.055],[-108.993,64.082],[-109.168,64.077],[-109.301,64.037],[-109.518,64.012],[-109.591,64.018],[-109.637,64.042],[-109.604,64.054],[-109.425,64.051],[-109.17,64.096],[-109.088,64.09],[-108.91,64.13],[-108.823,64.117],[-108.567,64.164],[-108.577,64.234],[-108.657,64.24],[-108.602,64.268],[-108.616,64.284],[-108.605,64.307],[-108.634,64.33],[-108.54,64.398],[-108.451,64.425],[-108.427,64.407],[-108.425,64.353],[-108.452,64.328],[-108.429,64.295],[-108.422,64.246],[-108.38,64.247],[-108.361,64.26],[-108.376,64.279],[-108.365,64.29],[-108.276,64.328],[-108.224,64.323],[-108.262,64.29],[-108.285,64.25],[-108.273,64.227],[-108.294,64.204],[-108.386,64.202],[-108.407,64.183],[-108.392,64.162],[-108.31,64.133],[-108.187,64.124],[-108.177,64.128],[-108.204,64.146],[-108.3,64.165],[-108.241,64.187],[-108.135,64.171],[-108.065,64.101],[-107.962,64.085],[-107.957,64.046]]]]}},{"type":"Feature","properties":{"n":"Clinton-Colden Lake"},"geometry":{"type":"MultiPolygon","coordinates":[[[[-107.962,64.085],[-107.827,64.11],[-107.764,64.058],[-107.688,64.058],[-107.677,64.074],[-107.697,64.096],[-107.683,64.105],[-107.59,64.101],[-107.494,64.143],[-107.276,64.127],[-107.241,64.113],[-107.217,64.082],[-107.294,64.066],[-107.348,64.028],[-107.215,64.048],[-107.181,64.024],[-107.301,63.993],[-107.382,63.993],[-107.252,63.938],[-107.228,63.911],[-107.046,63.927],[-107.052,63.911],[-107.273,63.826],[-107.277,63.806],[-107.203,63.733],[-107.35,63.774],[-107.415,63.811],[-107.464,63.809],[-107.513,63.772],[-107.539,63.795],[-107.512,63.829],[-107.539,63.849],[-107.64,63.872],[-107.684,63.897],[-107.687,63.915],[-107.651,63.939],[-107.545,63.96],[-107.539,63.973],[-107.559,63.991],[-107.649,63.979],[-107.772,64.001],[-107.795,63.988],[-107.781,63.963],[-107.793,63.946],[-107.839,63.945],[-107.846,63.961],[-107.827,63.993],[-107.862,64.014],[-107.852,64.029],[-107.885,64.048],[-107.957,64.046],[-107.962,64.085]]]]}},{"type":"Feature","properties":{"n":"Lac Île-à-la-Crosse"},"geometry":{"type":"MultiPolygon","coordinates":[[[[-107.908,55.444],[-107.909,55.48],[-108.177,55.633],[-108.149,55.66],[-108.054,55.595],[-107.937,55.55],[-107.827,55.483],[-107.834,55.496],[-107.785,55.497],[-107.772,55.509],[-107.831,55.575],[-107.841,55.616],[-107.95,55.731],[-107.94,55.739],[-107.803,55.627],[-107.766,55.619],[-107.739,55.689],[-107.794,55.705],[-107.739,55.737],[-107.763,55.761],[-107.789,55.882],[-107.748,55.929],[-107.724,55.907],[-107.724,55.849],[-107.684,55.801],[-107.665,55.715],[-107.712,55.616],[-107.707,55.535],[-107.74,55.464],[-107.772,55.455],[-107.738,55.407],[-107.787,55.414],[-107.827,55.397],[-107.806,55.318],[-107.775,55.268],[-107.779,55.199],[-107.837,55.325],[-107.981,55.422],[-108.054,55.509],[-107.99,55.495],[-107.937,55.441],[-107.908,55.444]]]]}},{"type":"Feature","properties":{"n":"Wholdaia Lake"},"geometry":{"type":"MultiPolygon","coordinates":[[[[-103.945,60.406],[-104.093,60.376],[-104.086,60.361],[-104.102,60.349],[-104.244,60.306],[-104.161,60.402],[-104.172,60.42],[-104.158,60.44],[-104.107,60.471],[-104.117,60.481],[-104.044,60.553],[-104.292,60.588],[-104.288,60.618],[-104.353,60.628],[-104.394,60.698],[-104.438,60.715],[-104.599,60.684],[-104.339,60.821],[-104.298,60.868],[-104.311,60.887],[-104.285,60.91],[-104.409,60.916],[-104.442,60.882],[-104.408,60.86],[-104.502,60.806],[-104.606,60.802],[-104.636,60.844],[-104.668,60.848],[-104.6,60.882],[-104.579,60.876],[-104.591,60.852],[-104.579,60.84],[-104.521,60.858],[-104.498,60.886],[-104.518,60.903],[-104.448,60.951],[-104.462,60.967],[-104.428,61.006],[-104.476,61.027],[-104.296,61.029],[-104.27,61.02],[-104.352,60.951],[-104.318,60.943],[-104.247,60.97],[-104.209,60.965],[-104.228,60.932],[-104.188,60.923],[-104.21,60.9],[-104.202,60.876],[-104.244,60.835],[-104.244,60.793],[-104.144,60.835],[-104.032,60.841],[-104.287,60.736],[-104.27,60.715],[-104.198,60.718],[-104.02,60.809],[-104.004,60.807],[-104.035,60.784],[-104.021,60.771],[-103.853,60.815],[-103.791,60.862],[-103.737,60.848],[-103.716,60.862],[-103.726,60.88],[-103.716,60.91],[-103.812,60.923],[-103.746,60.953],[-103.667,60.951],[-103.681,60.938],[-103.64,60.917],[-103.612,60.868],[-103.626,60.851],[-103.702,60.812],[-103.761,60.8],[-103.803,60.769],[-103.864,60.776],[-103.919,60.761],[-103.929,60.747],[-103.914,60.711],[-103.938,60.701],[-104.003,60.696],[-104.056,60.721],[-104.089,60.716],[-104.213,60.639],[-104.216,60.621],[-104.196,60.609],[-104.113,60.636],[-104.112,60.607],[-104.075,60.596],[-103.907,60.608],[-103.859,60.643],[-103.897,60.659],[-103.889,60.67],[-103.799,60.725],[-103.755,60.722],[-103.704,60.673],[-103.696,60.641],[-103.675,60.636],[-103.692,60.62],[-103.777,60.608],[-103.839,60.574],[-103.842,60.55],[-103.884,60.526],[-103.89,60.495],[-103.939,60.509],[-103.976,60.471],[-103.919,60.465],[-103.906,60.446],[-103.945,60.406]]]]}},{"type":"Feature","properties":{"n":"Tehek Lake"},"geometry":{"type":"MultiPolygon","coordinates":[[[[-95.958,64.894],[-96.102,64.905],[-96.019,64.942],[-95.966,64.989],[-95.979,65.015],[-95.801,64.994],[-95.804,65.008],[-95.848,65.028],[-95.84,65.042],[-95.605,64.972],[-95.465,65.015],[-95.549,65.039],[-95.609,65.021],[-95.712,65.028],[-95.556,65.063],[-95.437,65.035],[-95.277,65.041],[-95.171,65.005],[-95.199,64.994],[-95.276,65.005],[-95.302,64.985],[-95.364,65.002],[-95.375,64.993],[-95.354,64.962],[-95.54,64.939],[-95.418,64.843],[-95.485,64.809],[-95.437,64.795],[-95.477,64.757],[-95.556,64.755],[-95.609,64.782],[-95.597,64.81],[-95.669,64.808],[-95.678,64.823],[-95.547,64.85],[-95.563,64.856],[-95.738,64.884],[-95.807,64.871],[-95.779,64.92],[-95.866,64.918],[-95.897,64.939],[-95.923,64.928],[-95.924,64.909],[-95.846,64.874],[-95.863,64.83],[-95.902,64.861],[-95.952,64.871],[-95.958,64.894]]]]}},{"type":"Feature","properties":{"n":"Lake George"},"geometry":{"type":"MultiPolygon","coordinates":[[[[-81.527,29.257],[-81.52,29.229],[-81.598,29.199],[-81.623,29.216],[-81.618,29.235],[-81.643,29.243],[-81.64,29.274],[-81.677,29.315],[-81.677,29.339],[-81.658,29.353],[-81.671,29.374],[-81.664,29.415],[-81.685,29.441],[-81.677,29.511],[-81.659,29.43],[-81.64,29.421],[-81.644,29.386],[-81.596,29.374],[-81.563,29.314],[-81.535,29.301],[-81.544,29.268],[-81.527,29.257]]]]}},{"type":"Feature","properties":{"n":"Lake Havasu"},"geometry":{"type":"MultiPolygon","coordinates":[[[[-114.104,34.325],[-114.064,34.308],[-114.129,34.319],[-114.281,34.408],[-114.315,34.446],[-114.39,34.467],[-114.398,34.488],[-114.379,34.541],[-114.36,34.524],[-114.351,34.473],[-114.322,34.469],[-114.104,34.325]]]]}},{"type":"Feature","properties":{"n":"Point Lake"},"geometry":{"type":"MultiPolygon","coordinates":[[[[-114.403,65.645],[-114.509,65.672],[-114.458,65.682],[-114.166,65.638],[-114.194,65.622],[-114.338,65.626],[-114.35,65.51],[-114.257,65.518],[-114.23,65.548],[-114.198,65.53],[-114.2,65.514],[-114.267,65.495],[-114.262,65.481],[-114.038,65.463],[-113.964,65.433],[-113.837,65.455],[-113.782,65.446],[-114.019,65.396],[-114.023,65.378],[-113.981,65.359],[-113.804,65.373],[-113.718,65.404],[-113.639,65.412],[-113.529,65.405],[-113.55,65.392],[-113.439,65.351],[-113.303,65.414],[-113.131,65.378],[-113.046,65.372],[-113.022,65.385],[-112.994,65.364],[-113.157,65.339],[-113.205,65.363],[-113.263,65.367],[-113.289,65.351],[-113.277,65.339],[-113.291,65.33],[-113.384,65.323],[-113.419,65.302],[-113.255,65.302],[-113.21,65.286],[-113.148,65.3],[-113.067,65.271],[-112.831,65.241],[-112.774,65.209],[-112.676,65.185],[-112.531,65.202],[-112.462,65.236],[-112.391,65.206],[-112.196,65.224],[-112.138,65.189],[-112.2,65.172],[-112.256,65.207],[-112.295,65.2],[-112.321,65.185],[-112.323,65.159],[-112.38,65.124],[-112.383,65.106],[-112.357,65.104],[-112.326,65.066],[-112.227,65.076],[-112.343,65.042],[-112.263,64.966],[-112.329,64.953],[-112.288,64.973],[-112.412,65.049],[-112.391,65.049],[-112.405,65.062],[-112.371,65.076],[-112.46,65.124],[-112.426,65.165],[-112.443,65.171],[-112.547,65.146],[-112.569,65.181],[-112.67,65.148],[-112.741,65.179],[-112.749,65.156],[-112.78,65.153],[-112.83,65.172],[-112.822,65.209],[-112.857,65.227],[-113.042,65.241],[-112.967,65.186],[-113.013,65.169],[-113.086,65.239],[-113.186,65.271],[-113.536,65.254],[-113.487,65.275],[-113.52,65.284],[-113.695,65.225],[-113.768,65.227],[-113.917,65.297],[-113.865,65.337],[-113.979,65.337],[-114.152,65.371],[-114.049,65.432],[-114.092,65.459],[-114.365,65.484],[-114.502,65.474],[-114.386,65.531],[-114.358,65.563],[-114.374,65.617],[-114.403,65.645]]]]}},{"type":"Feature","properties":{"n":"Upper Klamath Lake"},"geometry":{"type":"MultiPolygon","coordinates":[[[[-121.825,42.292],[-121.807,42.259],[-121.821,42.243],[-121.891,42.318],[-121.931,42.312],[-121.944,42.325],[-121.94,42.345],[-121.909,42.361],[-121.92,42.394],[-121.971,42.393],[-121.986,42.421],[-122.012,42.407],[-122.081,42.483],[-122.019,42.503],[-121.974,42.585],[-121.948,42.602],[-121.958,42.634],[-121.937,42.62],[-121.933,42.543],[-121.967,42.525],[-121.979,42.492],[-121.958,42.476],[-121.91,42.476],[-121.83,42.418],[-121.817,42.38],[-121.825,42.292]]]]}},{"type":"Feature","properties":{"n":"Chiputneticook Lakes"},"geometry":{"type":"MultiPolygon","coordinates":[[[[-67.459,45.635],[-67.438,45.623],[-67.442,45.604],[-67.541,45.594],[-67.649,45.611],[-67.698,45.649],[-67.723,45.645],[-67.794,45.676],[-67.869,45.745],[-67.828,45.739],[-67.808,45.765],[-67.78,45.765],[-67.767,45.755],[-67.77,45.707],[-67.753,45.7],[-67.723,45.716],[-67.686,45.668],[-67.595,45.628],[-67.567,45.641],[-67.526,45.625],[-67.498,45.647],[-67.484,45.692],[-67.457,45.66],[-67.459,45.635]]]]}},{"type":"Feature","properties":{"n":"Aishihik Lake"},"geometry":{"type":"MultiPolygon","coordinates":[[[[-136.996,61.273],[-137.003,61.225],[-137.03,61.245],[-137.016,61.258],[-137.024,61.269],[-137.081,61.285],[-137.126,61.423],[-137.156,61.457],[-137.337,61.535],[-137.441,61.616],[-137.523,61.629],[-137.491,61.654],[-137.387,61.618],[-137.349,61.633],[-137.314,61.613],[-137.345,61.588],[-137.284,61.581],[-137.097,61.481],[-137.113,61.471],[-137.061,61.404],[-137.085,61.369],[-137.044,61.3],[-136.996,61.273]]]]}},{"type":"Feature","properties":{"n":""},"geometry":{"type":"MultiPolygon","coordinates":[[[[-155.477,58.546],[-155.351,58.539],[-155.536,58.505],[-155.657,58.51],[-155.764,58.554],[-155.808,58.6],[-156.066,58.615],[-156.148,58.596],[-156.248,58.601],[-156.343,58.617],[-156.365,58.669],[-156.358,58.683],[-156.41,58.692],[-156.461,58.675],[-156.355,58.729],[-156.277,58.73],[-156.203,58.703],[-156.187,58.71],[-156.215,58.724],[-156.17,58.738],[-156.057,58.718],[-156.077,58.68],[-156.125,58.691],[-156.077,58.697],[-156.099,58.713],[-156.129,58.709],[-156.174,58.669],[-156.132,58.658],[-156.018,58.66],[-155.988,58.683],[-156.022,58.697],[-155.998,58.713],[-155.839,58.668],[-155.536,58.671],[-155.492,58.656],[-155.417,58.672],[-155.412,58.642],[-155.474,58.641],[-155.469,58.62],[-155.515,58.613],[-155.803,58.621],[-155.694,58.582],[-155.68,58.559],[-155.477,58.546]]]]}},{"type":"Feature","properties":{"n":""},"geometry":{"type":"MultiPolygon","coordinates":[[[[-162.738,61.06],[-162.854,61.049],[-162.998,61.067],[-163.06,61.101],[-163.016,61.111],[-162.703,61.081],[-162.738,61.06]]]]}},{"type":"Feature","properties":{"n":"Lake Clark"},"geometry":{"type":"MultiPolygon","coordinates":[[[[-153.642,60.443],[-153.589,60.451],[-153.686,60.401],[-153.951,60.345],[-154.16,60.257],[-154.229,60.256],[-154.248,60.232],[-154.332,60.218],[-154.544,60.11],[-154.597,60.098],[-154.672,60.04],[-154.775,60.043],[-154.756,60.076],[-154.618,60.163],[-154.612,60.147],[-154.634,60.119],[-154.693,60.087],[-154.564,60.154],[-154.521,60.148],[-154.453,60.184],[-154.51,60.199],[-154.576,60.184],[-154.561,60.204],[-154.419,60.225],[-154.402,60.245],[-154.347,60.253],[-154.336,60.277],[-154.216,60.303],[-154.155,60.336],[-154.028,60.355],[-153.978,60.379],[-153.708,60.411],[-153.642,60.443]]]]}},{"type":"Feature","properties":{"n":""},"geometry":{"type":"MultiPolygon","coordinates":[[[[-150.65,60.126],[-150.642,60.109],[-150.671,60.091],[-150.667,60.05],[-150.71,60.042],[-150.776,60.072],[-150.805,60.142],[-150.938,60.156],[-150.968,60.184],[-151.067,60.217],[-151.013,60.232],[-151.026,60.243],[-151.075,60.245],[-151.084,60.224],[-151.132,60.216],[-151.177,60.223],[-151.177,60.245],[-151.066,60.3],[-150.903,60.274],[-150.65,60.126]]]]}},{"type":"Feature","properties":{"n":""},"geometry":{"type":"MultiPolygon","coordinates":[[[[-159.959,61.396],[-159.929,61.364],[-160.096,61.334],[-160.137,61.384],[-160.045,61.42],[-159.959,61.396]]]]}},{"type":"Feature","properties":{"n":""},"geometry":{"type":"MultiPolygon","coordinates":[[[[-162.234,60.84],[-162.251,60.828],[-162.231,60.813],[-162.387,60.831],[-162.385,60.909],[-162.427,60.946],[-162.369,61],[-162.348,60.999],[-162.346,60.961],[-162.238,60.917],[-162.298,60.926],[-162.354,60.903],[-162.286,60.88],[-162.231,60.889],[-162.176,60.841],[-162.234,60.84]]]]}},{"type":"Feature","properties":{"n":""},"geometry":{"type":"MultiPolygon","coordinates":[[[[-163.954,61.624],[-163.999,61.636],[-163.967,61.639],[-163.961,61.666],[-163.915,61.633],[-163.905,61.653],[-163.881,61.655],[-163.857,61.611],[-163.764,61.605],[-163.745,61.589],[-163.759,61.575],[-163.684,61.568],[-163.637,61.516],[-163.665,61.479],[-163.698,61.472],[-163.712,61.538],[-163.917,61.575],[-163.932,61.616],[-163.954,61.624]]]]}},{"type":"Feature","properties":{"n":""},"geometry":{"type":"MultiPolygon","coordinates":[[[[-163.608,62.664],[-163.643,62.692],[-163.54,62.678],[-163.467,62.708],[-163.382,62.664],[-163.464,62.684],[-163.526,62.651],[-163.485,62.623],[-163.546,62.637],[-163.513,62.575],[-163.581,62.608],[-163.608,62.664]]]]}},{"type":"Feature","properties":{"n":""},"geometry":{"type":"MultiPolygon","coordinates":[[[[-76.868,51.359],[-76.853,51.378],[-76.881,51.393],[-76.873,51.405],[-76.829,51.419],[-76.811,51.413],[-76.847,51.37],[-76.851,51.332],[-76.839,51.323],[-76.606,51.343],[-76.779,51.293],[-76.939,51.325],[-77.025,51.323],[-77.007,51.341],[-76.935,51.336],[-76.868,51.359]]]]}},{"type":"Feature","properties":{"n":""},"geometry":{"type":"MultiPolygon","coordinates":[[[[-91.662,51.158],[-91.45,51.164],[-91.415,51.138],[-91.426,51.111],[-91.393,51.07],[-91.468,51.067],[-91.507,51.09],[-91.569,51.083],[-91.567,51.115],[-91.662,51.158]]]]}},{"type":"Feature","properties":{"n":""},"geometry":{"type":"MultiPolygon","coordinates":[[[[-91.989,51.928],[-91.999,51.937],[-91.961,51.958],[-91.97,51.987],[-91.898,51.949],[-91.922,51.892],[-91.989,51.928]]]]}},{"type":"Feature","properties":{"n":""},"geometry":{"type":"MultiPolygon","coordinates":[[[[-78.741,51.107],[-78.539,51.035],[-78.824,51.097],[-78.839,51.133],[-78.813,51.151],[-78.83,51.165],[-78.741,51.107]]]]}},{"type":"Feature","properties":{"n":""},"geometry":{"type":"MultiPolygon","coordinates":[[[[-78.787,47.631],[-78.813,47.656],[-78.749,47.695],[-78.708,47.678],[-78.635,47.691],[-78.589,47.677],[-78.566,47.643],[-78.574,47.62],[-78.622,47.616],[-78.6,47.581],[-78.69,47.609],[-78.745,47.535],[-78.751,47.581],[-78.805,47.583],[-78.787,47.631]]]]}},{"type":"Feature","properties":{"n":""},"geometry":{"type":"MultiPolygon","coordinates":[[[[-108.085,64.714],[-108.108,64.72],[-108.109,64.734],[-108.052,64.752],[-107.978,64.72],[-108.085,64.714]]]]}},{"type":"Feature","properties":{"n":""},"geometry":{"type":"MultiPolygon","coordinates":[[[[-108.491,64.552],[-108.533,64.562],[-108.331,64.609],[-108.314,64.624],[-108.361,64.631],[-108.252,64.679],[-108.108,64.686],[-108.239,64.638],[-108.17,64.624],[-108.194,64.615],[-108.273,64.617],[-108.293,64.597],[-108.434,64.582],[-108.491,64.552]]]]}},{"type":"Feature","properties":{"n":""},"geometry":{"type":"MultiPolygon","coordinates":[[[[-109.076,64.602],[-109.129,64.603],[-109.121,64.619],[-109.075,64.631],[-109.07,64.645],[-109.109,64.658],[-109.099,64.675],[-108.999,64.651],[-109.04,64.679],[-109.03,64.699],[-109.116,64.73],[-109.097,64.737],[-108.937,64.703],[-108.9,64.672],[-108.985,64.709],[-109.001,64.703],[-108.965,64.658],[-108.876,64.664],[-108.88,64.623],[-108.831,64.59],[-108.821,64.548],[-108.851,64.555],[-108.859,64.583],[-109.017,64.638],[-109.047,64.624],[-109.019,64.61],[-109.041,64.594],[-109.122,64.576],[-109.068,64.593],[-109.076,64.602]]]]}},{"type":"Feature","properties":{"n":""},"geometry":{"type":"MultiPolygon","coordinates":[[[[-109.358,64.74],[-109.369,64.761],[-109.291,64.767],[-109.214,64.737],[-109.242,64.72],[-109.328,64.733],[-109.308,64.707],[-109.312,64.677],[-109.205,64.624],[-109.191,64.597],[-109.137,64.577],[-109.137,64.562],[-109.196,64.53],[-109.294,64.542],[-109.27,64.561],[-109.19,64.56],[-109.185,64.576],[-109.321,64.61],[-109.302,64.637],[-109.382,64.679],[-109.354,64.695],[-109.358,64.74]]]]}},{"type":"Feature","properties":{"n":""},"geometry":{"type":"MultiPolygon","coordinates":[[[[-78.697,71.101],[-78.683,71.086],[-78.73,71.08],[-78.762,71.098],[-78.855,71.082],[-78.958,71.101],[-79.094,71.073],[-79.11,71.096],[-79.312,71.092],[-79.328,71.127],[-79.389,71.141],[-79.372,71.147],[-79.361,71.189],[-79.193,71.161],[-79.149,71.175],[-79.053,71.169],[-78.977,71.195],[-78.827,71.168],[-78.888,71.161],[-78.863,71.152],[-78.573,71.134],[-78.553,71.12],[-78.717,71.113],[-78.697,71.101]]]]}},{"type":"Feature","properties":{"n":""},"geometry":{"type":"MultiPolygon","coordinates":[[[[-104.835,69.817],[-104.901,69.86],[-104.811,69.885],[-104.778,69.844],[-104.738,69.831],[-104.596,69.856],[-104.428,69.845],[-104.478,69.811],[-104.584,69.824],[-104.607,69.809],[-104.597,69.784],[-104.496,69.788],[-104.326,69.832],[-104.357,69.778],[-104.501,69.713],[-104.61,69.732],[-104.702,69.728],[-104.677,69.76],[-104.7,69.784],[-104.835,69.817]]]]}},{"type":"Feature","properties":{"n":""},"geometry":{"type":"MultiPolygon","coordinates":[[[[-98.257,67.315],[-98.288,67.293],[-98.294,67.264],[-98.388,67.234],[-98.4,67.167],[-98.412,67.164],[-98.473,67.207],[-98.549,67.221],[-98.529,67.233],[-98.577,67.283],[-98.524,67.288],[-98.536,67.352],[-98.527,67.393],[-98.504,67.427],[-98.466,67.441],[-98.484,67.409],[-98.459,67.386],[-98.399,67.422],[-98.37,67.42],[-98.348,67.322],[-98.329,67.311],[-98.337,67.324],[-98.181,67.36],[-98.223,67.298],[-98.247,67.324],[-98.257,67.315]]]]}},{"type":"Feature","properties":{"n":""},"geometry":{"type":"MultiPolygon","coordinates":[[[[-95.684,55.4],[-95.684,55.359],[-95.773,55.311],[-95.705,55.297],[-95.848,55.284],[-96.137,55.215],[-96.301,55.235],[-96.194,55.275],[-96.077,55.264],[-96.033,55.297],[-95.868,55.357],[-95.826,55.389],[-95.684,55.4]]]]}},{"type":"Feature","properties":{"n":""},"geometry":{"type":"MultiPolygon","coordinates":[[[[-102.094,54.716],[-102.078,54.708],[-102.078,54.64],[-102.131,54.556],[-102.121,54.482],[-102.139,54.455],[-102.214,54.455],[-102.276,54.43],[-102.332,54.48],[-102.421,54.509],[-102.34,54.567],[-102.353,54.668],[-102.299,54.717],[-102.198,54.759],[-102.157,54.727],[-102.094,54.716]]]]}},{"type":"Feature","properties":{"n":""},"geometry":{"type":"MultiPolygon","coordinates":[[[[-105.55,54.375],[-105.547,54.342],[-105.66,54.258],[-105.688,54.211],[-105.724,54.194],[-105.695,54.159],[-105.713,54.088],[-105.751,54.05],[-105.809,54.074],[-105.8,54.175],[-105.831,54.221],[-105.789,54.321],[-105.744,54.304],[-105.731,54.319],[-105.721,54.505],[-105.671,54.512],[-105.614,54.468],[-105.566,54.468],[-105.539,54.399],[-105.55,54.375]]]]}},{"type":"Feature","properties":{"n":""},"geometry":{"type":"MultiPolygon","coordinates":[[[[-70.847,53.456],[-70.857,53.44],[-70.843,53.427],[-70.869,53.419],[-70.999,53.428],[-71.009,53.453],[-71.062,53.488],[-71.035,53.536],[-71.097,53.55],[-71.117,53.591],[-71.015,53.598],[-71.076,53.57],[-70.974,53.585],[-71.001,53.563],[-70.925,53.57],[-70.931,53.546],[-71.001,53.509],[-70.952,53.513],[-70.912,53.536],[-70.906,53.494],[-70.966,53.461],[-70.958,53.441],[-70.905,53.468],[-70.894,53.454],[-70.847,53.456]]]]}},{"type":"Feature","properties":{"n":""},"geometry":{"type":"MultiPolygon","coordinates":[[[[-60.598,52.33],[-60.571,52.317],[-60.66,52.317],[-60.7,52.365],[-60.825,52.412],[-60.769,52.42],[-60.794,52.446],[-60.936,52.471],[-60.954,52.526],[-60.976,52.544],[-61.078,52.566],[-61.163,52.605],[-61.238,52.589],[-61.298,52.604],[-61.211,52.599],[-61.148,52.619],[-61.057,52.582],[-60.9,52.549],[-60.907,52.506],[-60.891,52.492],[-60.73,52.456],[-60.715,52.447],[-60.736,52.426],[-60.694,52.4],[-60.647,52.337],[-60.598,52.33]]]]}},{"type":"Feature","properties":{"n":""},"geometry":{"type":"MultiPolygon","coordinates":[[[[-112.165,64.833],[-112.159,64.816],[-112.108,64.793],[-111.99,64.776],[-111.897,64.713],[-111.856,64.726],[-111.83,64.695],[-111.856,64.669],[-111.904,64.669],[-111.941,64.646],[-112.035,64.651],[-111.971,64.69],[-111.974,64.73],[-112.261,64.802],[-112.396,64.899],[-112.355,64.903],[-112.241,64.843],[-112.165,64.833]]]]}},{"type":"Feature","properties":{"n":""},"geometry":{"type":"MultiPolygon","coordinates":[[[[-83.897,48.301],[-83.939,48.3],[-83.641,48.446],[-83.589,48.452],[-83.713,48.391],[-83.741,48.361],[-83.724,48.355],[-83.562,48.415],[-83.425,48.507],[-83.527,48.409],[-83.694,48.347],[-83.836,48.253],[-83.849,48.259],[-83.759,48.341],[-83.758,48.365],[-83.791,48.363],[-83.816,48.335],[-83.897,48.301]]]]}},{"type":"Feature","properties":{"n":""},"geometry":{"type":"MultiPolygon","coordinates":[[[[-106.868,55.935],[-106.896,55.906],[-106.861,55.887],[-106.893,55.866],[-106.982,55.859],[-107.005,55.825],[-106.943,55.818],[-107.002,55.798],[-107.058,55.794],[-107.091,55.808],[-107.067,55.866],[-107.011,55.88],[-106.955,55.934],[-106.887,55.95],[-106.868,55.935]]]]}},{"type":"Feature","properties":{"n":""},"geometry":{"type":"MultiPolygon","coordinates":[[[[-106.559,55.683],[-106.554,55.7],[-106.502,55.701],[-106.466,55.73],[-106.272,55.77],[-106.31,55.74],[-106.384,55.716],[-106.422,55.682],[-106.34,55.682],[-106.329,55.668],[-106.348,55.644],[-106.507,55.623],[-106.525,55.633],[-106.498,55.668],[-106.573,55.66],[-106.559,55.683]]]]}},{"type":"Feature","properties":{"n":""},"geometry":{"type":"MultiPolygon","coordinates":[[[[-102.482,62.445],[-102.626,62.437],[-102.708,62.405],[-102.735,62.411],[-102.674,62.445],[-102.708,62.468],[-102.623,62.551],[-102.627,62.583],[-102.804,62.637],[-102.715,62.637],[-102.738,62.675],[-102.812,62.673],[-102.811,62.692],[-102.66,62.76],[-102.667,62.733],[-102.603,62.715],[-102.587,62.653],[-102.61,62.608],[-102.513,62.551],[-102.539,62.53],[-102.589,62.525],[-102.605,62.5],[-102.482,62.445]]]]}},{"type":"Feature","properties":{"n":""},"geometry":{"type":"MultiPolygon","coordinates":[[[[-103.229,61.619],[-103.211,61.634],[-103.222,61.677],[-103.198,61.696],[-103.184,61.666],[-103.126,61.629],[-103.159,61.592],[-103.318,61.54],[-103.389,61.41],[-103.447,61.366],[-103.476,61.376],[-103.497,61.416],[-103.443,61.516],[-103.301,61.602],[-103.229,61.619]]]]}},{"type":"Feature","properties":{"n":""},"geometry":{"type":"MultiPolygon","coordinates":[[[[-103.64,58.669],[-103.592,58.669],[-103.575,58.637],[-103.654,58.583],[-103.671,58.539],[-103.74,58.575],[-103.828,58.578],[-103.845,58.604],[-103.754,58.662],[-103.791,58.697],[-103.612,58.703],[-103.64,58.669]]]]}},{"type":"Feature","properties":{"n":""},"geometry":{"type":"MultiPolygon","coordinates":[[[[-68.952,56.171],[-68.794,56.058],[-68.899,56.112],[-69.18,56.304],[-69.178,56.342],[-69.137,56.387],[-69.157,56.428],[-69.25,56.475],[-69.267,56.51],[-69.117,56.668],[-69.117,56.627],[-69.196,56.505],[-69.105,56.391],[-69.144,56.332],[-69.134,56.302],[-69.096,56.273],[-68.972,56.209],[-68.952,56.171]]]]}},{"type":"Feature","properties":{"n":""},"geometry":{"type":"MultiPolygon","coordinates":[[[[-88.783,66.632],[-88.815,66.594],[-88.969,66.563],[-89.082,66.477],[-89.103,66.478],[-89.085,66.553],[-89.045,66.563],[-88.982,66.609],[-88.783,66.632]]]]}},{"type":"Feature","properties":{"n":""},"geometry":{"type":"MultiPolygon","coordinates":[[[[-88.577,66.649],[-88.664,66.591],[-88.708,66.572],[-88.742,66.577],[-88.693,66.643],[-88.715,66.666],[-88.619,66.663],[-88.606,66.687],[-88.634,66.733],[-88.601,66.761],[-88.574,66.737],[-88.551,66.683],[-88.482,66.68],[-88.435,66.724],[-88.407,66.728],[-88.085,66.605],[-88.234,66.594],[-88.266,66.636],[-88.371,66.671],[-88.577,66.649]]]]}},{"type":"Feature","properties":{"n":"Lake Superior"},"geometry":{"type":"MultiPolygon","coordinates":[[[[-84.493,46.474],[-84.49,46.446],[-84.57,46.423],[-84.603,46.438],[-84.594,46.458],[-84.618,46.484],[-84.656,46.502],[-84.82,46.457],[-84.946,46.506],[-85.027,46.497],[-85.056,46.533],[-85.018,46.573],[-85.031,46.607],[-85.013,46.724],[-84.953,46.786],[-85.039,46.773],[-85.2,46.775],[-85.522,46.684],[-85.899,46.711],[-86.091,46.675],[-86.146,46.691],[-86.283,46.622],[-86.488,46.554],[-86.625,46.444],[-86.659,46.438],[-86.652,46.457],[-86.702,46.461],[-86.76,46.501],[-86.83,46.463],[-86.882,46.46],[-86.897,46.483],[-86.93,46.488],[-86.97,46.54],[-87.008,46.554],[-87.081,46.54],[-87.111,46.512],[-87.183,46.517],[-87.226,46.502],[-87.348,46.517],[-87.388,46.547],[-87.397,46.604],[-87.469,46.635],[-87.468,46.649],[-87.598,46.766],[-87.63,46.829],[-87.661,46.82],[-87.677,46.851],[-87.721,46.848],[-87.749,46.882],[-87.796,46.901],[-87.903,46.921],[-88.119,46.928],[-88.199,46.912],[-88.246,46.857],[-88.297,46.835],[-88.239,46.913],[-88.184,46.933],[-88.144,46.97],[-88.174,46.972],[-88.339,46.881],[-88.4,46.866],[-88.386,46.854],[-88.441,46.8],[-88.475,46.773],[-88.489,46.78],[-88.456,46.803],[-88.483,46.848],[-88.444,46.96],[-88.447,47.001],[-88.496,47.047],[-88.524,47.047],[-88.513,47.112],[-88.635,47.151],[-88.636,47.237],[-88.684,47.228],[-88.887,47.115],[-88.969,47.019],[-89.061,46.999],[-89.131,47.006],[-89.308,46.893],[-89.398,46.864],[-89.794,46.83],[-90.06,46.68],[-90.362,46.609],[-90.435,46.576],[-90.57,46.607],[-90.757,46.704],[-90.73,46.684],[-90.771,46.676],[-90.736,46.67],[-90.781,46.637],[-90.901,46.602],[-90.956,46.607],[-90.863,46.701],[-90.866,46.781],[-90.819,46.816],[-90.777,46.876],[-90.785,46.889],[-90.762,46.898],[-90.789,46.939],[-90.829,46.944],[-90.857,46.97],[-90.915,46.945],[-90.976,46.948],[-91.045,46.916],[-91.054,46.898],[-91.099,46.889],[-91.128,46.859],[-91.148,46.882],[-91.19,46.862],[-91.204,46.868],[-91.196,46.889],[-91.225,46.884],[-91.401,46.786],[-91.57,46.764],[-91.793,46.706],[-91.963,46.691],[-92.059,46.724],[-92.114,46.773],[-92.095,46.804],[-92.048,46.834],[-91.798,46.95],[-91.746,46.993],[-91.655,47.033],[-91.582,47.097],[-91.511,47.122],[-91.012,47.493],[-90.949,47.512],[-90.791,47.616],[-90.533,47.712],[-90.085,47.811],[-89.743,47.931],[-89.648,47.995],[-89.59,47.991],[-89.578,48.013],[-89.52,48.029],[-89.499,48.052],[-89.46,48.051],[-89.419,48.08],[-89.455,48.089],[-89.433,48.102],[-89.332,48.122],[-89.345,48.136],[-89.305,48.167],[-89.294,48.186],[-89.304,48.205],[-89.274,48.202],[-89.268,48.264],[-89.229,48.322],[-89.206,48.326],[-89.237,48.401],[-89.189,48.467],[-88.78,48.588],[-88.758,48.567],[-88.838,48.486],[-88.863,48.389],[-88.907,48.377],[-88.941,48.322],[-88.803,48.351],[-88.73,48.384],[-88.687,48.492],[-88.698,48.507],[-88.64,48.52],[-88.621,48.625],[-88.547,48.645],[-88.558,48.699],[-88.509,48.719],[-88.542,48.743],[-88.544,48.784],[-88.496,48.819],[-88.489,48.849],[-88.364,48.843],[-88.317,48.753],[-88.339,48.694],[-88.558,48.54],[-88.591,48.492],[-88.564,48.492],[-88.558,48.432],[-88.516,48.445],[-88.525,48.454],[-88.503,48.479],[-88.482,48.479],[-88.492,48.516],[-88.427,48.575],[-88.421,48.556],[-88.39,48.551],[-88.359,48.579],[-88.304,48.596],[-88.326,48.611],[-88.33,48.657],[-88.273,48.609],[-88.228,48.643],[-88.255,48.596],[-88.226,48.598],[-88.109,48.711],[-88.109,48.797],[-88.214,48.849],[-88.263,48.89],[-88.241,48.926],[-88.271,48.99],[-88.255,49],[-88.239,48.974],[-88.177,48.973],[-88.112,49.006],[-88.081,48.993],[-88.036,49.028],[-88.036,48.993],[-87.942,48.947],[-87.793,48.934],[-87.782,48.928],[-87.79,48.911],[-87.7,48.911],[-87.639,48.865],[-87.576,48.883],[-87.544,48.837],[-87.437,48.844],[-87.365,48.808],[-87.318,48.808],[-87.293,48.774],[-87.242,48.767],[-87.042,48.793],[-87.015,48.78],[-86.997,48.785],[-87.002,48.808],[-86.988,48.814],[-86.854,48.759],[-86.717,48.815],[-86.618,48.788],[-86.632,48.746],[-86.558,48.74],[-86.536,48.76],[-86.429,48.773],[-86.434,48.753],[-86.385,48.743],[-86.4,48.727],[-86.361,48.674],[-86.31,48.658],[-86.33,48.63],[-86.267,48.587],[-86.228,48.432],[-86.179,48.397],[-86.192,48.383],[-86.186,48.351],[-86.077,48.163],[-85.859,47.985],[-85.743,47.952],[-85.533,47.926],[-85.424,47.927],[-85.279,47.958],[-84.929,47.972],[-84.902,47.951],[-84.859,47.961],[-84.839,47.935],[-84.844,47.917],[-84.925,47.862],[-84.939,47.835],[-84.891,47.801],[-84.943,47.742],[-84.984,47.727],[-84.994,47.711],[-84.972,47.688],[-84.997,47.667],[-85.014,47.621],[-85.028,47.622],[-85,47.591],[-84.95,47.569],[-84.942,47.54],[-84.905,47.512],[-84.796,47.482],[-84.727,47.445],[-84.682,47.372],[-84.627,47.365],[-84.583,47.305],[-84.589,47.282],[-84.62,47.27],[-84.697,47.194],[-84.7,47.163],[-84.723,47.153],[-84.709,47.109],[-84.77,47.053],[-84.768,47.019],[-84.787,47.006],[-84.777,46.988],[-84.73,46.964],[-84.671,46.962],[-84.61,46.909],[-84.594,46.91],[-84.593,46.934],[-84.573,46.946],[-84.46,46.943],[-84.36,46.893],[-84.356,46.876],[-84.389,46.84],[-84.463,46.854],[-84.549,46.827],[-84.543,46.786],[-84.566,46.741],[-84.546,46.697],[-84.521,46.697],[-84.477,46.759],[-84.442,46.741],[-84.425,46.711],[-84.563,46.601],[-84.588,46.563],[-84.589,46.542],[-84.547,46.526],[-84.493,46.474]],[[-86.604,46.473],[-86.602,46.497],[-86.639,46.499],[-86.618,46.533],[-86.628,46.553],[-86.688,46.567],[-86.701,46.533],[-86.676,46.475],[-86.652,46.485],[-86.639,46.471],[-86.604,46.473]],[[-86.956,48.641],[-86.954,48.671],[-86.982,48.678],[-87.046,48.654],[-87.046,48.642],[-86.988,48.636],[-86.995,48.623],[-86.956,48.641]],[[-85.611,47.739],[-85.591,47.752],[-85.61,47.773],[-85.734,47.808],[-85.859,47.803],[-85.955,47.754],[-85.938,47.727],[-85.907,47.72],[-85.832,47.717],[-85.775,47.732],[-85.733,47.718],[-85.611,47.739]],[[-87.715,47.417],[-87.763,47.465],[-87.82,47.484],[-88.053,47.484],[-88.209,47.453],[-88.249,47.43],[-88.283,47.437],[-88.431,47.372],[-88.527,47.283],[-88.606,47.239],[-88.619,47.153],[-88.606,47.14],[-88.516,47.136],[-88.482,47.108],[-88.438,47.115],[-88.423,47.144],[-88.436,47.155],[-88.462,47.143],[-88.399,47.197],[-88.423,47.111],[-88.483,47.066],[-88.424,46.992],[-88.336,47.1],[-88.298,47.114],[-88.272,47.148],[-88.235,47.149],[-88.242,47.188],[-88.215,47.218],[-88.176,47.221],[-88.061,47.303],[-87.949,47.355],[-88.03,47.383],[-88.018,47.395],[-87.879,47.41],[-87.794,47.396],[-87.715,47.417]],[[-88.636,48.035],[-88.591,48.064],[-88.599,48.095],[-88.575,48.116],[-88.455,48.185],[-88.509,48.163],[-88.476,48.191],[-88.571,48.15],[-88.633,48.15],[-88.787,48.077],[-88.948,48.034],[-89.124,47.964],[-89.216,47.917],[-89.205,47.906],[-89.154,47.917],[-89.202,47.89],[-89.214,47.857],[-89.138,47.835],[-88.914,47.897],[-89.003,47.903],[-88.948,47.938],[-88.636,48.035]],[[-90.41,47.074],[-90.439,47.082],[-90.46,47.064],[-90.476,47.002],[-90.41,47.034],[-90.41,47.074]],[[-88.085,48.942],[-88.09,48.93],[-88.023,48.897],[-88.033,48.953],[-88.057,48.959],[-88.085,48.942]],[[-88.087,48.827],[-88.098,48.818],[-88.085,48.753],[-88.068,48.712],[-88.047,48.705],[-87.982,48.756],[-87.91,48.767],[-87.818,48.759],[-87.81,48.794],[-87.773,48.796],[-87.763,48.856],[-87.966,48.868],[-88.087,48.827]],[[-87.67,48.748],[-87.606,48.76],[-87.688,48.842],[-87.746,48.84],[-87.75,48.807],[-87.723,48.786],[-87.751,48.757],[-87.67,48.748]],[[-89.15,48.249],[-89.17,48.233],[-89.126,48.212],[-89.023,48.253],[-89.099,48.274],[-89.15,48.249]],[[-87.465,48.764],[-87.447,48.788],[-87.523,48.801],[-87.487,48.761],[-87.465,48.764]],[[-90.585,46.849],[-90.6,46.876],[-90.677,46.853],[-90.777,46.8],[-90.796,46.763],[-90.682,46.79],[-90.668,46.807],[-90.686,46.808],[-90.676,46.82],[-90.585,46.849]],[[-84.542,46.901],[-84.549,46.882],[-84.425,46.903],[-84.512,46.923],[-84.542,46.901]],[[-90.771,46.944],[-90.73,46.916],[-90.701,46.931],[-90.716,46.957],[-90.751,46.972],[-90.771,46.944]],[[-90.531,46.95],[-90.531,46.965],[-90.547,46.967],[-90.635,46.949],[-90.664,46.927],[-90.552,46.909],[-90.552,46.935],[-90.531,46.95]],[[-90.937,46.986],[-90.929,46.999],[-90.943,47.013],[-90.984,46.978],[-90.968,46.968],[-90.937,46.986]]]]}},{"type":"Feature","properties":{"n":"Lake Michigan"},"geometry":{"type":"MultiPolygon","coordinates":[[[[-84.775,45.8],[-84.823,45.765],[-84.994,45.779],[-84.942,45.732],[-85.082,45.631],[-85.104,45.601],[-85.111,45.564],[-85.089,45.495],[-85.021,45.439],[-84.911,45.423],[-84.936,45.396],[-85.174,45.377],[-85.334,45.316],[-85.392,45.265],[-85.399,45.227],[-85.378,45.101],[-85.393,45.01],[-85.424,44.93],[-85.543,44.767],[-85.566,44.769],[-85.568,44.786],[-85.546,44.844],[-85.501,44.901],[-85.485,44.993],[-85.522,44.998],[-85.539,44.935],[-85.57,44.909],[-85.542,44.901],[-85.573,44.88],[-85.61,44.787],[-85.636,44.805],[-85.66,44.854],[-85.603,44.964],[-85.611,44.988],[-85.645,44.984],[-85.579,45.061],[-85.603,45.144],[-85.571,45.158],[-85.543,45.2],[-85.54,45.213],[-85.563,45.217],[-85.642,45.186],[-85.693,45.115],[-85.762,45.063],[-85.831,44.954],[-85.937,44.984],[-86.001,44.915],[-86.076,44.917],[-86.092,44.753],[-86.166,44.752],[-86.255,44.713],[-86.27,44.688],[-86.234,44.585],[-86.264,44.496],[-86.269,44.45],[-86.254,44.418],[-86.268,44.375],[-86.381,44.198],[-86.518,44.083],[-86.522,44.045],[-86.453,43.958],[-86.462,43.935],[-86.437,43.822],[-86.442,43.785],[-86.54,43.667],[-86.543,43.628],[-86.356,43.258],[-86.337,43.243],[-86.255,43.27],[-86.277,43.243],[-86.327,43.223],[-86.222,42.964],[-86.219,42.709],[-86.302,42.397],[-86.379,42.255],[-86.493,42.13],[-86.603,41.94],[-86.657,41.876],[-86.801,41.777],[-87.03,41.681],[-87.202,41.635],[-87.386,41.64],[-87.423,41.654],[-87.427,41.688],[-87.459,41.679],[-87.494,41.698],[-87.595,41.82],[-87.648,41.945],[-87.676,42.071],[-87.752,42.125],[-87.813,42.24],[-87.826,42.355],[-87.804,42.483],[-87.812,42.644],[-87.78,42.704],[-87.771,42.79],[-87.834,42.867],[-87.849,42.982],[-87.901,43.023],[-87.872,43.096],[-87.9,43.124],[-87.885,43.178],[-87.907,43.267],[-87.872,43.373],[-87.808,43.466],[-87.793,43.506],[-87.799,43.562],[-87.7,43.709],[-87.697,43.767],[-87.732,43.823],[-87.721,43.935],[-87.638,44.1],[-87.531,44.162],[-87.501,44.199],[-87.496,44.22],[-87.543,44.278],[-87.548,44.324],[-87.466,44.57],[-87.365,44.693],[-87.328,44.804],[-87.371,44.819],[-87.45,44.886],[-87.493,44.864],[-87.516,44.875],[-87.57,44.837],[-87.565,44.855],[-87.618,44.844],[-87.696,44.772],[-87.728,44.724],[-87.719,44.708],[-87.756,44.665],[-87.883,44.61],[-87.944,44.542],[-87.995,44.545],[-88.043,44.581],[-87.989,44.675],[-87.983,44.729],[-87.858,44.867],[-87.841,44.894],[-87.852,44.922],[-87.823,44.949],[-87.688,44.977],[-87.637,45.007],[-87.633,45.061],[-87.598,45.108],[-87.604,45.174],[-87.56,45.191],[-87.345,45.423],[-87.282,45.539],[-87.174,45.669],[-87.094,45.7],[-87.056,45.818],[-87.018,45.858],[-86.988,45.923],[-86.971,45.923],[-86.965,45.899],[-87.002,45.823],[-86.982,45.786],[-86.984,45.705],[-86.965,45.69],[-86.953,45.707],[-86.857,45.731],[-86.788,45.822],[-86.792,45.855],[-86.779,45.865],[-86.738,45.868],[-86.677,45.842],[-86.61,45.883],[-86.548,45.882],[-86.536,45.868],[-86.569,45.802],[-86.563,45.781],[-86.629,45.785],[-86.639,45.752],[-86.712,45.674],[-86.69,45.645],[-86.622,45.608],[-86.611,45.623],[-86.623,45.667],[-86.604,45.669],[-86.569,45.719],[-86.537,45.727],[-86.524,45.762],[-86.358,45.813],[-86.331,45.883],[-86.298,45.927],[-86.252,45.954],[-86.08,45.974],[-85.919,45.93],[-85.923,45.953],[-85.898,45.976],[-85.645,45.992],[-85.611,46.039],[-85.525,46.107],[-85.446,46.102],[-85.405,46.115],[-85.37,46.095],[-85.34,46.109],[-85.282,46.08],[-85.171,46.069],[-85.021,46.025],[-84.925,45.943],[-84.871,45.928],[-84.824,45.88],[-84.781,45.862],[-84.775,45.8]],[[-86.995,45.224],[-86.983,45.292],[-87.071,45.307],[-87.088,45.27],[-87.111,45.265],[-87.139,45.197],[-87.187,45.168],[-87.248,45.166],[-87.29,45.053],[-87.31,45.053],[-87.393,44.965],[-87.406,44.922],[-87.374,44.845],[-87.337,44.82],[-87.296,44.821],[-87.232,44.878],[-87.214,44.915],[-87.174,44.937],[-87.197,44.955],[-87.13,45.06],[-87.111,45.073],[-87.087,45.066],[-87.077,45.101],[-87.05,45.115],[-87.098,45.156],[-87.043,45.149],[-87.057,45.182],[-87.043,45.224],[-87.057,45.241],[-86.995,45.224]],[[-85.488,45.635],[-85.506,45.745],[-85.488,45.765],[-85.555,45.779],[-85.562,45.737],[-85.625,45.615],[-85.573,45.592],[-85.504,45.614],[-85.488,45.635]],[[-85.448,45.802],[-85.514,45.841],[-85.506,45.805],[-85.463,45.793],[-85.448,45.802]],[[-85.833,45.399],[-85.835,45.433],[-85.879,45.463],[-85.833,45.399]],[[-86.091,45.032],[-86.077,45.046],[-86.111,45.059],[-86.15,45.025],[-86.124,45.002],[-86.091,45.032]],[[-86.854,45.387],[-86.864,45.416],[-86.92,45.41],[-86.944,45.431],[-86.957,45.366],[-86.974,45.347],[-86.864,45.34],[-86.872,45.354],[-86.854,45.387]],[[-85.974,45.087],[-85.988,45.097],[-85.982,45.146],[-86.022,45.169],[-86.049,45.161],[-86.063,45.142],[-86.03,45.09],[-86.004,45.074],[-85.974,45.087]]]]}},{"type":"Feature","properties":{"n":"Lake Huron"},"geometry":{"type":"MultiPolygon","coordinates":[[[[-79.671,44.768],[-79.663,44.758],[-79.739,44.755],[-79.882,44.771],[-79.875,44.808],[-79.942,44.815],[-79.916,44.85],[-79.934,44.867],[-80.016,44.862],[-80.061,44.819],[-80.108,44.822],[-80.108,44.76],[-79.992,44.693],[-80.013,44.531],[-80.109,44.475],[-80.245,44.525],[-80.451,44.566],[-80.512,44.607],[-80.577,44.612],[-80.598,44.624],[-80.639,44.718],[-80.68,44.73],[-80.763,44.719],[-80.826,44.69],[-80.937,44.593],[-80.943,44.629],[-80.889,44.752],[-80.897,44.791],[-80.985,44.815],[-81.033,44.806],[-81.119,44.755],[-81.131,44.763],[-81.126,44.789],[-81.007,44.861],[-81.006,44.922],[-80.953,44.971],[-81.032,44.966],[-81.044,44.951],[-81.033,44.929],[-81.088,44.909],[-81.087,44.925],[-81.149,44.915],[-81.113,44.952],[-81.117,44.965],[-81.201,44.977],[-81.191,45.011],[-81.257,45.002],[-81.266,45.108],[-81.32,45.149],[-81.328,45.172],[-81.28,45.237],[-81.302,45.252],[-81.607,45.252],[-81.64,45.279],[-81.693,45.265],[-81.691,45.244],[-81.719,45.224],[-81.71,45.21],[-81.656,45.211],[-81.602,45.182],[-81.575,45.196],[-81.596,45.156],[-81.523,45.115],[-81.462,45.05],[-81.427,44.982],[-81.416,45.002],[-81.404,44.991],[-81.381,45.004],[-81.363,44.991],[-81.376,44.977],[-81.348,44.977],[-81.362,44.889],[-81.33,44.871],[-81.322,44.834],[-81.28,44.813],[-81.274,44.721],[-81.3,44.703],[-81.27,44.663],[-81.27,44.624],[-81.379,44.515],[-81.41,44.442],[-81.496,44.418],[-81.54,44.366],[-81.588,44.34],[-81.591,44.28],[-81.616,44.223],[-81.661,44.158],[-81.739,44.1],[-81.712,43.942],[-81.722,43.684],[-81.699,43.515],[-81.712,43.428],[-81.753,43.35],[-81.88,43.257],[-82.006,43.212],[-82.116,43.106],[-82.417,43.017],[-82.476,43.102],[-82.526,43.277],[-82.547,43.451],[-82.58,43.528],[-82.637,43.812],[-82.689,43.921],[-82.743,43.981],[-82.812,44.026],[-82.924,44.07],[-82.968,44.07],[-83.033,44.052],[-83.086,44.014],[-83.25,43.987],[-83.316,43.931],[-83.405,43.922],[-83.336,43.901],[-83.389,43.854],[-83.474,43.721],[-83.49,43.703],[-83.51,43.706],[-83.526,43.732],[-83.538,43.727],[-83.605,43.651],[-83.679,43.608],[-83.882,43.671],[-83.925,43.702],[-83.95,43.756],[-83.932,43.84],[-83.91,43.86],[-83.925,43.881],[-83.863,43.99],[-83.822,44.004],[-83.696,44.004],[-83.678,44.045],[-83.592,44.063],[-83.59,44.096],[-83.57,44.116],[-83.554,44.231],[-83.532,44.266],[-83.453,44.285],[-83.466,44.258],[-83.397,44.323],[-83.353,44.33],[-83.333,44.354],[-83.315,44.624],[-83.287,44.703],[-83.304,44.813],[-83.336,44.888],[-83.429,44.946],[-83.459,45.007],[-83.435,45.065],[-83.415,45.076],[-83.38,45.08],[-83.336,45.046],[-83.267,45.039],[-83.314,45.07],[-83.322,45.093],[-83.302,45.101],[-83.322,45.162],[-83.358,45.171],[-83.409,45.238],[-83.41,45.259],[-83.384,45.279],[-83.465,45.339],[-83.675,45.387],[-83.719,45.423],[-83.844,45.442],[-83.943,45.501],[-84.116,45.512],[-84.163,45.594],[-84.224,45.642],[-84.318,45.674],[-84.499,45.681],[-84.576,45.73],[-84.739,45.8],[-84.775,45.8],[-84.781,45.862],[-84.734,45.857],[-84.706,45.875],[-84.732,45.901],[-84.713,45.937],[-84.729,45.964],[-84.688,45.991],[-84.678,46.044],[-84.657,46.056],[-84.556,46.042],[-84.53,45.991],[-84.494,46.005],[-84.466,45.985],[-84.453,46.014],[-84.356,45.992],[-84.333,46.005],[-84.004,45.959],[-83.904,45.971],[-83.891,46.012],[-83.998,46.048],[-84.055,46.102],[-84.028,46.149],[-84.104,46.162],[-84.136,46.188],[-84.193,46.19],[-84.217,46.174],[-84.258,46.213],[-84.179,46.252],[-84.215,46.296],[-84.224,46.355],[-84.123,46.332],[-84.117,46.347],[-84.039,46.33],[-83.884,46.341],[-83.873,46.308],[-83.833,46.3],[-83.701,46.277],[-83.603,46.287],[-83.561,46.252],[-83.5,46.259],[-82.983,46.177],[-82.708,46.2],[-82.63,46.224],[-82.691,46.177],[-82.536,46.183],[-82.444,46.205],[-82.451,46.186],[-82.321,46.197],[-82.315,46.183],[-82.379,46.177],[-82.321,46.156],[-82.232,46.155],[-82.135,46.119],[-82.109,46.136],[-82.013,46.115],[-81.719,46.108],[-81.781,46.059],[-81.762,46.019],[-81.739,46.055],[-81.746,46.07],[-81.669,46.082],[-81.638,46.126],[-81.546,46.098],[-81.54,46.067],[-81.705,46.018],[-81.506,46.046],[-81.643,46.018],[-81.568,46.012],[-81.677,45.951],[-81.489,46.02],[-81.507,45.984],[-81.43,45.998],[-81.261,45.966],[-81.163,45.998],[-81.18,46.012],[-81.246,45.992],[-81.179,46.018],[-81.156,46.01],[-81.176,45.945],[-81.162,45.937],[-81.06,45.956],[-80.931,45.944],[-80.903,45.957],[-80.852,45.933],[-80.806,45.957],[-80.798,45.917],[-80.753,45.927],[-80.725,45.861],[-80.68,45.852],[-80.714,45.844],[-80.717,45.829],[-80.673,45.819],[-80.636,45.777],[-80.643,45.737],[-80.587,45.697],[-80.609,45.683],[-80.574,45.676],[-80.573,45.651],[-80.524,45.639],[-80.526,45.601],[-80.506,45.573],[-80.424,45.588],[-80.416,45.603],[-80.437,45.628],[-80.406,45.617],[-80.383,45.559],[-80.395,45.481],[-80.355,45.422],[-80.369,45.409],[-80.355,45.391],[-80.334,45.382],[-80.329,45.395],[-80.341,45.436],[-80.309,45.433],[-80.3,45.366],[-80.255,45.367],[-80.182,45.342],[-80.163,45.351],[-80.19,45.382],[-80.171,45.402],[-80.114,45.411],[-80.065,45.39],[-80.067,45.367],[-80.033,45.326],[-80.128,45.234],[-80.108,45.224],[-80.115,45.204],[-80.101,45.19],[-80.066,45.218],[-79.998,45.162],[-80.004,45.137],[-80.101,45.134],[-80.096,45.124],[-80.054,45.08],[-80.002,45.063],[-79.985,45.025],[-79.933,45.015],[-79.928,44.961],[-79.909,44.95],[-79.873,44.963],[-79.827,44.943],[-79.832,44.915],[-79.793,44.888],[-79.821,44.875],[-79.773,44.847],[-79.783,44.821],[-79.739,44.814],[-79.718,44.828],[-79.715,44.849],[-79.738,44.868],[-79.691,44.888],[-79.682,44.846],[-79.724,44.802],[-79.671,44.768]],[[-80.16,44.845],[-80.149,44.862],[-80.166,44.872],[-80.238,44.875],[-80.245,44.855],[-80.187,44.794],[-80.17,44.793],[-80.183,44.807],[-80.16,44.845]],[[-81.713,45.3],[-81.698,45.32],[-81.739,45.334],[-81.767,45.32],[-81.713,45.3]],[[-81.806,45.458],[-81.735,45.488],[-81.705,45.539],[-81.824,45.504],[-81.842,45.477],[-81.806,45.458]],[[-81.589,45.787],[-81.606,45.806],[-81.712,45.8],[-81.66,45.86],[-81.657,45.889],[-81.68,45.909],[-81.754,45.849],[-81.787,45.797],[-81.792,45.739],[-81.808,45.745],[-81.849,45.803],[-81.821,45.882],[-81.898,45.896],[-81.91,45.906],[-81.895,45.953],[-81.954,45.988],[-82.001,45.985],[-82.088,45.944],[-82.14,45.855],[-82.161,45.845],[-82.176,45.848],[-82.171,45.868],[-82.207,45.905],[-82.219,45.951],[-82.285,45.931],[-82.298,45.987],[-82.435,45.965],[-82.472,45.923],[-82.477,45.947],[-82.507,45.951],[-82.541,45.916],[-82.589,45.902],[-82.584,45.881],[-82.554,45.875],[-82.562,45.854],[-82.532,45.861],[-82.507,45.847],[-82.54,45.792],[-82.598,45.852],[-82.637,45.834],[-82.668,45.868],[-82.76,45.847],[-82.779,45.891],[-82.838,45.916],[-82.816,45.997],[-82.934,45.971],[-82.976,45.937],[-83.055,45.964],[-83.1,45.925],[-83.124,45.959],[-83.164,45.976],[-83.226,45.93],[-83.225,45.887],[-83.184,45.874],[-83.082,45.868],[-83.02,45.843],[-82.966,45.84],[-82.949,45.832],[-82.952,45.813],[-82.892,45.803],[-82.842,45.813],[-82.718,45.785],[-82.696,45.798],[-82.633,45.766],[-82.532,45.75],[-82.453,45.705],[-82.339,45.695],[-82.314,45.668],[-82.28,45.676],[-82.253,45.642],[-82.184,45.611],[-82.099,45.602],[-82.102,45.581],[-82.068,45.559],[-82.016,45.568],[-81.984,45.606],[-81.937,45.614],[-81.842,45.687],[-81.76,45.704],[-81.759,45.679],[-81.9,45.588],[-81.911,45.594],[-81.903,45.608],[-81.929,45.602],[-81.993,45.559],[-81.931,45.569],[-81.914,45.539],[-81.865,45.524],[-81.822,45.533],[-81.757,45.601],[-81.718,45.613],[-81.71,45.646],[-81.65,45.704],[-81.664,45.71],[-81.605,45.752],[-81.589,45.787]],[[-80.221,45.311],[-80.217,45.272],[-80.18,45.244],[-80.161,45.266],[-80.074,45.3],[-80.06,45.334],[-80.091,45.348],[-80.138,45.319],[-80.183,45.334],[-80.221,45.311]],[[-84.367,45.775],[-84.356,45.786],[-84.401,45.801],[-84.42,45.827],[-84.432,45.8],[-84.532,45.823],[-84.583,45.813],[-84.456,45.733],[-84.398,45.737],[-84.367,45.775]],[[-83.268,45.939],[-83.272,45.969],[-83.302,45.964],[-83.37,46.001],[-83.417,45.989],[-83.46,45.951],[-83.487,45.892],[-83.425,45.889],[-83.353,45.861],[-83.281,45.909],[-83.268,45.939]],[[-84.384,45.958],[-84.343,45.957],[-84.384,45.978],[-84.384,45.998],[-84.411,46.005],[-84.432,45.992],[-84.411,45.978],[-84.425,45.971],[-84.384,45.958]],[[-83.893,46.104],[-83.87,46.162],[-83.815,46.143],[-83.788,46.238],[-83.814,46.236],[-83.843,46.269],[-83.891,46.272],[-83.925,46.299],[-83.986,46.31],[-84.024,46.296],[-84.106,46.313],[-84.078,46.224],[-84.004,46.159],[-83.949,46.076],[-83.893,46.104]],[[-83.517,45.94],[-83.479,46.005],[-83.546,46.03],[-83.562,46.076],[-83.624,46.108],[-83.715,46.106],[-83.716,46.091],[-83.679,46.077],[-83.685,46.051],[-83.771,46.025],[-83.805,45.998],[-83.866,46.026],[-83.887,45.991],[-83.856,45.99],[-83.802,45.944],[-83.744,45.951],[-83.711,45.937],[-83.658,45.955],[-83.593,45.93],[-83.517,45.94]],[[-84.114,46.249],[-84.122,46.297],[-84.158,46.334],[-84.184,46.334],[-84.199,46.293],[-84.142,46.238],[-84.114,46.249]],[[-82.733,45.935],[-82.746,45.937],[-82.712,45.911],[-82.658,45.902],[-82.605,45.914],[-82.575,45.951],[-82.578,45.967],[-82.63,45.978],[-82.713,45.959],[-82.713,45.937],[-82.733,45.935]],[[-82.255,46.04],[-82.266,46.033],[-82.256,46.021],[-82.191,45.998],[-82.21,46.052],[-82.239,46.057],[-82.255,46.04]],[[-81.962,46.047],[-81.951,46.018],[-81.903,45.998],[-81.846,46.007],[-81.812,45.986],[-81.794,46.002],[-81.808,46.025],[-81.793,46.046],[-81.821,46.064],[-81.962,46.047]]]]}},{"type":"Feature","properties":{"n":"Whitefish Bay"},"geometry":{"type":"MultiPolygon","coordinates":[[[[-84.768,47.019],[-84.784,47],[-84.768,47.019]]],[[[-84.493,46.474],[-84.49,46.446],[-84.57,46.423],[-84.603,46.438],[-84.594,46.458],[-84.618,46.484],[-84.656,46.502],[-84.82,46.457],[-84.946,46.506],[-85.008,46.492],[-85.048,46.518],[-85.056,46.533],[-85.018,46.573],[-85.031,46.607],[-85.008,46.739],[-84.961,46.769],[-84.953,46.786],[-84.976,46.784],[-84.784,47],[-84.752,46.972],[-84.671,46.962],[-84.61,46.909],[-84.594,46.91],[-84.593,46.934],[-84.573,46.946],[-84.46,46.943],[-84.36,46.893],[-84.356,46.876],[-84.389,46.84],[-84.463,46.854],[-84.549,46.827],[-84.543,46.786],[-84.566,46.741],[-84.546,46.697],[-84.521,46.697],[-84.477,46.759],[-84.442,46.741],[-84.425,46.711],[-84.563,46.601],[-84.588,46.563],[-84.589,46.542],[-84.547,46.526],[-84.493,46.474]],[[-84.542,46.901],[-84.549,46.882],[-84.425,46.903],[-84.512,46.923],[-84.542,46.901]]]]}},{"type":"Feature","properties":{"n":"Saginaw Bay"},"geometry":{"type":"MultiPolygon","coordinates":[[[[-83.018,44.058],[-83.086,44.014],[-83.25,43.987],[-83.316,43.931],[-83.405,43.922],[-83.336,43.901],[-83.389,43.854],[-83.474,43.721],[-83.49,43.703],[-83.51,43.706],[-83.526,43.732],[-83.538,43.727],[-83.605,43.651],[-83.679,43.608],[-83.882,43.671],[-83.943,43.728],[-83.932,43.84],[-83.908,43.869],[-83.925,43.881],[-83.863,43.99],[-83.822,44.004],[-83.696,44.004],[-83.678,44.045],[-83.592,44.063],[-83.59,44.096],[-83.57,44.116],[-83.554,44.231],[-83.532,44.266],[-83.453,44.285],[-83.466,44.258],[-83.397,44.323],[-83.353,44.33],[-83.328,44.367],[-83.018,44.058]]]]}},{"type":"Feature","properties":{"n":"North Channel"},"geometry":{"type":"MultiPolygon","coordinates":[[[[-81.921,46.01],[-81.895,45.953],[-81.954,45.988],[-82.048,45.968],[-82.101,45.932],[-82.14,45.855],[-82.161,45.845],[-82.176,45.848],[-82.171,45.868],[-82.207,45.905],[-82.219,45.951],[-82.285,45.931],[-82.298,45.987],[-82.435,45.965],[-82.472,45.923],[-82.477,45.947],[-82.507,45.951],[-82.541,45.916],[-82.589,45.902],[-82.584,45.881],[-82.554,45.875],[-82.562,45.854],[-82.532,45.861],[-82.507,45.847],[-82.54,45.792],[-82.598,45.852],[-82.637,45.834],[-82.668,45.868],[-82.76,45.847],[-82.779,45.891],[-82.838,45.916],[-82.816,45.997],[-82.934,45.971],[-82.976,45.937],[-83.055,45.964],[-83.1,45.925],[-83.124,45.959],[-83.164,45.976],[-83.302,45.964],[-83.353,46.002],[-83.417,45.989],[-83.46,45.951],[-83.497,45.971],[-83.479,46.005],[-83.546,46.03],[-83.58,46.09],[-83.624,46.108],[-83.715,46.106],[-83.716,46.091],[-83.679,46.069],[-83.815,46.143],[-83.782,46.223],[-83.788,46.238],[-83.814,46.236],[-83.833,46.3],[-83.701,46.277],[-83.603,46.287],[-83.561,46.252],[-83.5,46.259],[-82.983,46.177],[-82.708,46.2],[-82.63,46.224],[-82.691,46.177],[-82.536,46.183],[-82.444,46.205],[-82.451,46.186],[-82.321,46.197],[-82.315,46.183],[-82.379,46.177],[-82.321,46.156],[-82.232,46.155],[-82.135,46.119],[-82.109,46.136],[-81.951,46.114],[-81.93,46.055],[-81.962,46.047],[-81.963,46.032],[-81.921,46.01]],[[-82.733,45.935],[-82.746,45.937],[-82.712,45.911],[-82.658,45.902],[-82.605,45.914],[-82.575,45.951],[-82.578,45.967],[-82.63,45.978],[-82.713,45.959],[-82.713,45.937],[-82.733,45.935]],[[-82.255,46.04],[-82.266,46.033],[-82.256,46.021],[-82.191,45.998],[-82.21,46.052],[-82.239,46.057],[-82.255,46.04]]]]}},{"type":"Feature","properties":{"n":"Georgian Bay"},"geometry":{"type":"MultiPolygon","coordinates":[[[[-79.671,44.768],[-79.663,44.758],[-79.739,44.755],[-79.882,44.771],[-79.875,44.808],[-79.942,44.815],[-79.916,44.85],[-79.934,44.867],[-80.016,44.862],[-80.061,44.819],[-80.108,44.822],[-80.108,44.76],[-79.992,44.693],[-80.013,44.531],[-80.109,44.475],[-80.245,44.525],[-80.451,44.566],[-80.512,44.607],[-80.577,44.612],[-80.598,44.624],[-80.639,44.718],[-80.68,44.73],[-80.763,44.719],[-80.826,44.69],[-80.937,44.593],[-80.943,44.629],[-80.889,44.752],[-80.897,44.791],[-80.985,44.815],[-81.033,44.806],[-81.119,44.755],[-81.131,44.763],[-81.126,44.789],[-81.007,44.861],[-81.006,44.922],[-80.953,44.971],[-81.032,44.966],[-81.044,44.951],[-81.033,44.929],[-81.071,44.91],[-81.088,44.909],[-81.087,44.925],[-81.149,44.915],[-81.113,44.952],[-81.117,44.965],[-81.201,44.977],[-81.191,45.011],[-81.21,45.018],[-81.257,45.002],[-81.266,45.108],[-81.32,45.149],[-81.32,45.192],[-81.28,45.237],[-81.302,45.252],[-81.607,45.252],[-81.726,45.622],[-81.65,45.704],[-81.664,45.71],[-81.605,45.752],[-81.588,45.8],[-81.712,45.8],[-81.66,45.86],[-81.657,45.889],[-81.68,45.909],[-81.642,45.956],[-81.489,46.02],[-81.507,45.984],[-81.43,45.998],[-81.261,45.966],[-81.163,45.998],[-81.18,46.012],[-81.246,45.992],[-81.179,46.018],[-81.156,46.01],[-81.176,45.945],[-81.162,45.937],[-81.06,45.956],[-80.931,45.944],[-80.903,45.957],[-80.852,45.933],[-80.806,45.957],[-80.787,45.91],[-80.776,45.927],[-80.753,45.927],[-80.725,45.861],[-80.68,45.852],[-80.714,45.844],[-80.717,45.829],[-80.673,45.819],[-80.636,45.777],[-80.643,45.737],[-80.587,45.697],[-80.609,45.683],[-80.574,45.676],[-80.573,45.651],[-80.524,45.639],[-80.526,45.601],[-80.506,45.573],[-80.424,45.588],[-80.416,45.603],[-80.437,45.628],[-80.406,45.617],[-80.383,45.559],[-80.395,45.481],[-80.355,45.422],[-80.369,45.409],[-80.355,45.391],[-80.334,45.382],[-80.329,45.395],[-80.341,45.436],[-80.309,45.433],[-80.3,45.366],[-80.255,45.367],[-80.182,45.342],[-80.163,45.351],[-80.19,45.382],[-80.171,45.402],[-80.114,45.411],[-80.065,45.39],[-80.067,45.367],[-80.033,45.326],[-80.128,45.234],[-80.108,45.224],[-80.115,45.204],[-80.101,45.19],[-80.066,45.218],[-79.998,45.162],[-80.004,45.137],[-80.101,45.134],[-80.096,45.124],[-80.054,45.08],[-80.002,45.063],[-79.985,45.025],[-79.933,45.015],[-79.928,44.961],[-79.909,44.95],[-79.873,44.963],[-79.827,44.943],[-79.832,44.915],[-79.793,44.888],[-79.821,44.875],[-79.773,44.847],[-79.783,44.821],[-79.739,44.814],[-79.718,44.828],[-79.715,44.849],[-79.738,44.868],[-79.691,44.888],[-79.682,44.846],[-79.724,44.802],[-79.671,44.768]],[[-80.216,44.865],[-80.238,44.875],[-80.245,44.855],[-80.209,44.81],[-80.17,44.793],[-80.183,44.807],[-80.149,44.862],[-80.216,44.865]],[[-80.183,45.334],[-80.227,45.297],[-80.21,45.261],[-80.18,45.244],[-80.161,45.266],[-80.074,45.3],[-80.06,45.334],[-80.091,45.348],[-80.138,45.319],[-80.183,45.334]]]]}},{"type":"Feature","properties":{"n":"Lake Ladoga"},"geometry":{"type":"MultiPolygon","coordinates":[[[[30.078,61.243],[30.111,61.259],[30.082,61.274],[30.092,61.308],[30.238,61.301],[30.261,61.321],[30.193,61.334],[30.248,61.348],[30.145,61.355],[30.22,61.4],[30.207,61.424],[30.265,61.458],[30.351,61.451],[30.237,61.481],[30.227,61.527],[30.459,61.486],[30.488,61.492],[30.452,61.534],[30.52,61.522],[30.561,61.54],[30.646,61.547],[30.559,61.585],[30.558,61.602],[30.596,61.602],[30.704,61.7],[30.841,61.779],[30.906,61.76],[30.865,61.739],[31.05,61.711],[31.078,61.623],[31.159,61.612],[31.166,61.638],[31.235,61.636],[31.229,61.656],[31.249,61.664],[31.298,61.599],[31.317,61.595],[31.338,61.623],[31.323,61.642],[31.378,61.623],[31.522,61.527],[31.577,61.441],[31.625,61.406],[31.652,61.399],[31.652,61.416],[31.605,61.451],[31.599,61.486],[31.731,61.392],[31.857,61.359],[31.912,61.312],[32.509,61.137],[32.582,61.06],[32.58,60.998],[32.63,60.996],[32.644,60.96],[32.806,60.861],[32.817,60.838],[32.804,60.746],[32.814,60.722],[32.933,60.684],[32.955,60.657],[32.926,60.601],[32.821,60.515],[32.783,60.458],[32.776,60.506],[32.762,60.513],[32.677,60.544],[32.602,60.545],[32.585,60.519],[32.595,60.5],[32.672,60.44],[32.687,60.403],[32.645,60.361],[32.578,60.352],[32.627,60.264],[32.62,60.238],[32.57,60.191],[32.498,60.165],[32.292,60.134],[32.239,60.153],[32.164,60.216],[32.125,60.211],[32.05,60.24],[31.736,60.259],[31.724,60.235],[31.589,60.167],[31.57,60.135],[31.606,60.147],[31.607,60.129],[31.546,60.091],[31.529,60.053],[31.577,59.98],[31.57,59.951],[31.537,59.927],[31.427,59.901],[31.386,59.906],[31.349,59.94],[31.323,59.944],[31.187,59.916],[31.127,59.92],[31.043,59.951],[31.097,59.964],[31.107,59.988],[31.161,60.019],[31.151,60.041],[31.088,60.069],[31.118,60.129],[31.106,60.152],[30.99,60.206],[30.857,60.435],[30.824,60.465],[30.797,60.44],[30.769,60.451],[30.762,60.479],[30.776,60.506],[30.728,60.537],[30.706,60.58],[30.534,60.63],[30.528,60.673],[30.494,60.728],[30.536,60.742],[30.525,60.835],[30.433,60.868],[30.467,60.889],[30.235,61.044],[29.896,61.165],[29.796,61.218],[29.913,61.207],[29.96,61.17],[30.011,61.153],[30.029,61.156],[29.987,61.211],[29.903,61.222],[29.877,61.232],[29.911,61.232],[29.899,61.244],[29.837,61.259],[29.862,61.265],[29.891,61.307],[29.91,61.307],[30.03,61.246],[30.078,61.243]],[[30.797,61.704],[30.803,61.732],[30.747,61.703],[30.715,61.661],[30.792,61.646],[30.836,61.62],[30.81,61.667],[30.776,61.683],[30.81,61.683],[30.797,61.704]],[[30.857,61.712],[30.857,61.68],[30.913,61.65],[30.908,61.701],[30.857,61.712]],[[30.632,61.576],[30.686,61.561],[30.618,61.589],[30.632,61.576]],[[30.565,61.519],[30.549,61.52],[30.582,61.5],[30.618,61.52],[30.565,61.519]],[[30.337,61.485],[30.405,61.465],[30.337,61.485]],[[30.96,61.412],[30.886,61.389],[30.911,61.366],[30.955,61.357],[30.988,61.366],[30.981,61.396],[31.025,61.411],[30.96,61.412]],[[31.537,61.394],[31.529,61.376],[31.546,61.348],[31.62,61.306],[31.659,61.314],[31.625,61.349],[31.646,61.362],[31.578,61.395],[31.537,61.394]],[[31.679,61.382],[31.666,61.376],[31.82,61.303],[31.886,61.301],[31.838,61.314],[31.801,61.351],[31.679,61.382]],[[30.261,61.375],[30.351,61.389],[30.263,61.398],[30.235,61.383],[30.261,61.375]],[[29.959,61.239],[29.98,61.239],[29.911,61.266],[29.959,61.239]],[[30.622,60.897],[30.562,60.868],[30.606,60.86],[30.622,60.897]]],[[[30.797,61.704],[30.797,61.704]]]]}},{"type":"Feature","properties":{"n":"Lake Balkhash"},"geometry":{"type":"MultiPolygon","coordinates":[[[[79.053,46.464],[78.992,46.407],[78.884,46.365],[78.731,46.396],[78.639,46.374],[78.547,46.406],[78.456,46.402],[78.418,46.367],[78.422,46.348],[78.477,46.32],[78.471,46.294],[78.441,46.287],[78.405,46.295],[78.367,46.34],[78.307,46.362],[78.262,46.331],[78.107,46.341],[78.182,46.327],[78.164,46.312],[78.043,46.325],[77.871,46.426],[77.811,46.439],[77.758,46.415],[77.839,46.415],[77.761,46.402],[77.714,46.375],[77.696,46.382],[77.737,46.409],[77.595,46.42],[77.412,46.506],[77.254,46.451],[77.18,46.484],[77.073,46.45],[76.929,46.478],[76.928,46.457],[76.912,46.458],[76.752,46.533],[76.397,46.541],[76.281,46.579],[76.263,46.574],[76.284,46.56],[76.257,46.566],[76.258,46.545],[76.208,46.554],[76.215,46.532],[76.199,46.527],[76.062,46.547],[76.08,46.517],[76.069,46.506],[75.942,46.506],[75.969,46.519],[75.961,46.531],[75.874,46.548],[75.86,46.526],[75.777,46.506],[75.763,46.523],[75.71,46.531],[75.667,46.485],[75.643,46.499],[75.538,46.471],[75.585,46.516],[75.521,46.557],[75.471,46.627],[75.51,46.663],[75.516,46.627],[75.533,46.621],[75.556,46.624],[75.572,46.635],[75.563,46.648],[75.585,46.656],[75.553,46.677],[75.492,46.676],[75.402,46.626],[75.445,46.525],[75.476,46.506],[75.436,46.495],[75.434,46.478],[75.414,46.499],[75.389,46.466],[75.353,46.457],[75.359,46.471],[75.333,46.489],[75.352,46.523],[75.278,46.529],[75.256,46.509],[75.283,46.492],[75.243,46.478],[75.276,46.449],[75.227,46.419],[75.163,46.415],[75.14,46.428],[75.133,46.415],[75.084,46.438],[75.147,46.485],[75.133,46.498],[75.074,46.461],[75.016,46.389],[74.972,46.387],[74.91,46.415],[74.866,46.332],[74.853,46.268],[74.785,46.191],[74.812,46.139],[74.763,46.095],[74.708,46.074],[74.691,46.091],[74.656,46.083],[74.628,46.06],[74.633,46.033],[74.551,46.013],[74.521,45.989],[74.424,46.039],[74.29,46.018],[74.231,45.989],[74.24,45.945],[74.324,45.789],[74.287,45.753],[74.268,45.775],[74.246,45.775],[74.231,45.732],[74.255,45.721],[74.276,45.732],[74.327,45.702],[74.339,45.676],[74.323,45.66],[74.25,45.683],[74.271,45.65],[74.256,45.608],[74.16,45.581],[74.072,45.521],[74.098,45.477],[74.07,45.426],[74.091,45.375],[74.073,45.35],[74.113,45.325],[74.16,45.354],[74.168,45.319],[74.14,45.205],[74.149,45.134],[74.174,45.087],[74.07,45.043],[74.081,45.022],[74.132,45.039],[74.112,45.005],[74.14,44.985],[74.136,44.964],[74.098,44.991],[74.002,44.998],[74.009,45.011],[73.988,45.025],[74.036,45.053],[73.989,45.106],[73.994,45.138],[74.036,45.142],[73.982,45.196],[74.003,45.216],[73.896,45.221],[73.813,45.281],[73.824,45.307],[73.728,45.354],[73.763,45.361],[73.697,45.397],[73.636,45.501],[73.538,45.557],[73.455,45.573],[73.425,45.607],[73.437,45.676],[73.506,45.675],[73.521,45.732],[73.559,45.75],[73.444,45.782],[73.424,45.796],[73.433,45.813],[73.488,45.847],[73.523,45.813],[73.574,45.81],[73.594,45.868],[73.612,45.875],[73.605,45.896],[73.646,45.909],[73.639,45.944],[73.673,45.973],[73.654,45.982],[73.707,45.998],[73.701,45.978],[73.756,45.978],[73.738,45.986],[73.727,46.027],[73.641,46.073],[73.637,46.092],[73.66,46.115],[73.633,46.139],[73.656,46.148],[73.669,46.179],[73.735,46.183],[73.739,46.207],[73.769,46.231],[73.831,46.162],[73.848,46.192],[73.879,46.205],[74.002,46.19],[74.05,46.231],[73.996,46.227],[73.997,46.265],[73.961,46.259],[73.941,46.299],[73.982,46.323],[73.975,46.341],[74.07,46.415],[74.134,46.441],[74.201,46.43],[74.249,46.472],[74.379,46.499],[74.4,46.563],[74.534,46.597],[74.571,46.739],[74.638,46.743],[74.611,46.773],[74.849,46.773],[74.886,46.821],[74.947,46.804],[74.983,46.835],[74.998,46.828],[74.996,46.807],[74.97,46.793],[74.999,46.772],[75.07,46.811],[75.064,46.841],[75.085,46.85],[75.109,46.794],[75.286,46.721],[75.49,46.734],[75.685,46.794],[75.77,46.8],[75.822,46.786],[75.925,46.835],[75.962,46.821],[75.94,46.81],[75.957,46.783],[75.949,46.766],[76.003,46.774],[76.044,46.799],[76.076,46.781],[76.101,46.804],[76.149,46.802],[76.363,46.739],[76.39,46.646],[76.407,46.663],[76.51,46.615],[76.548,46.661],[76.597,46.676],[76.682,46.666],[76.722,46.684],[76.73,46.666],[76.716,46.649],[76.73,46.632],[76.935,46.56],[76.833,46.653],[76.825,46.684],[76.84,46.691],[76.92,46.637],[77.019,46.647],[77.063,46.636],[77.101,46.611],[77.148,46.547],[77.228,46.559],[77.264,46.601],[77.307,46.618],[77.463,46.642],[77.619,46.632],[77.648,46.642],[77.615,46.657],[77.635,46.67],[77.669,46.656],[77.71,46.67],[77.767,46.649],[77.894,46.658],[78.058,46.597],[78.149,46.607],[78.182,46.56],[78.217,46.56],[78.232,46.545],[78.258,46.478],[78.31,46.457],[78.331,46.473],[78.327,46.503],[78.367,46.533],[78.346,46.577],[78.367,46.684],[78.388,46.653],[78.38,46.615],[78.403,46.604],[78.419,46.659],[78.46,46.676],[78.436,46.642],[78.456,46.601],[78.489,46.634],[78.494,46.667],[78.573,46.717],[78.591,46.748],[78.69,46.732],[78.744,46.739],[78.793,46.708],[78.818,46.662],[78.82,46.642],[78.793,46.622],[78.923,46.63],[78.932,46.636],[78.919,46.653],[78.848,46.676],[78.768,46.747],[78.78,46.785],[78.888,46.807],[78.987,46.75],[79.032,46.745],[79.019,46.812],[79.119,46.816],[79.226,46.736],[79.259,46.663],[79.222,46.604],[79.183,46.613],[79.075,46.594],[79.053,46.464]]]]}},{"type":"Feature","properties":{"n":"Lake Baikal"},"geometry":{"type":"MultiPolygon","coordinates":[[[[109.873,55.719],[109.961,55.673],[109.828,55.544],[109.876,55.537],[109.853,55.489],[109.904,55.468],[109.842,55.438],[109.821,55.359],[109.774,55.294],[109.802,55.27],[109.804,55.238],[109.732,55.168],[109.78,55.054],[109.718,54.996],[109.715,54.911],[109.663,54.876],[109.69,54.841],[109.631,54.796],[109.65,54.742],[109.638,54.699],[109.527,54.633],[109.513,54.606],[109.527,54.543],[109.499,54.479],[109.513,54.441],[109.483,54.391],[109.511,54.347],[109.477,54.288],[109.552,54.184],[109.557,54.144],[109.52,54.118],[109.481,54.034],[109.26,53.889],[109.194,53.807],[109.184,53.787],[109.211,53.749],[109.184,53.701],[109.21,53.671],[109.167,53.626],[109.126,53.618],[108.985,53.643],[109.042,53.679],[109.081,53.742],[109.019,53.766],[109.045,53.795],[109.067,53.796],[109.074,53.817],[109.041,53.865],[109.019,53.872],[108.919,53.859],[108.808,53.79],[108.711,53.693],[108.649,53.604],[108.526,53.516],[108.551,53.505],[108.677,53.563],[108.897,53.594],[108.929,53.574],[108.992,53.479],[108.998,53.393],[108.979,53.365],[108.787,53.283],[108.709,53.276],[108.684,53.305],[108.608,53.283],[108.398,53.151],[108.294,53.111],[108.299,53.077],[108.341,53.047],[108.315,53.011],[108.226,52.954],[108.207,52.924],[108.02,52.853],[107.968,52.79],[107.793,52.714],[107.53,52.701],[107.434,52.672],[107.319,52.608],[107.13,52.557],[106.955,52.488],[106.888,52.433],[106.828,52.331],[106.74,52.321],[106.621,52.378],[106.552,52.387],[106.336,52.344],[106.247,52.262],[106.264,52.186],[106.292,52.138],[106.264,52.099],[106.237,52.097],[106.23,52.065],[106.166,51.997],[106.191,51.974],[106.193,51.943],[106.114,51.907],[105.919,51.73],[105.874,51.734],[105.748,51.704],[105.435,51.615],[104.942,51.538],[104.788,51.474],[104.522,51.481],[104.257,51.508],[103.994,51.575],[103.952,51.601],[103.854,51.617],[103.709,51.686],[103.727,51.719],[103.791,51.732],[103.914,51.734],[104.247,51.782],[104.633,51.785],[104.705,51.824],[104.75,51.87],[104.937,51.864],[105.221,51.918],[105.307,51.999],[105.456,52.04],[105.607,52.131],[105.723,52.268],[105.84,52.361],[105.944,52.472],[106.409,52.632],[106.58,52.73],[106.588,52.749],[106.573,52.775],[106.745,52.851],[106.796,52.924],[106.909,52.989],[106.861,53.043],[106.745,53.015],[106.829,53.087],[106.87,53.101],[106.888,53.132],[106.955,53.158],[107.032,53.228],[107.109,53.254],[107.133,53.278],[107.528,53.432],[107.553,53.459],[107.55,53.516],[107.653,53.643],[107.997,53.817],[108.074,53.838],[108.199,53.918],[108.232,53.995],[108.29,54.05],[108.307,54.091],[108.3,54.132],[108.321,54.163],[108.376,54.176],[108.467,54.294],[108.505,54.31],[108.56,54.468],[108.691,54.565],[108.817,54.708],[108.827,54.757],[108.855,54.777],[108.857,54.83],[108.913,54.863],[108.937,54.91],[108.958,54.92],[108.903,54.961],[108.965,54.983],[109.031,55.031],[109.103,55.05],[109.113,55.116],[109.167,55.163],[109.191,55.22],[109.205,55.304],[109.194,55.323],[109.218,55.386],[109.188,55.443],[109.197,55.462],[109.17,55.468],[109.197,55.509],[109.201,55.558],[109.351,55.625],[109.374,55.659],[109.559,55.767],[109.696,55.765],[109.821,55.743],[109.723,55.776],[109.616,55.79],[109.796,55.782],[109.847,55.76],[109.873,55.719]],[[107.765,53.317],[107.783,53.41],[107.722,53.388],[107.649,53.31],[107.513,53.278],[107.468,53.245],[107.259,53.187],[107.197,53.152],[107.162,53.162],[107.053,53.118],[106.991,53.113],[106.922,53.07],[106.957,53.07],[106.929,53.043],[106.971,53.05],[106.936,53.022],[106.968,53.011],[107.392,53.077],[107.626,53.22],[107.752,53.245],[107.773,53.283],[107.765,53.317]]]]}},{"type":"Feature","properties":{"n":"Lake Albert"},"geometry":{"type":"MultiPolygon","coordinates":[[[[31.366,2.271],[31.36,2.208],[31.389,2.161],[31.395,2.137],[31.378,2.121],[31.404,2.058],[31.405,2.025],[31.386,1.997],[31.406,1.915],[31.381,1.838],[31.36,1.824],[31.331,1.833],[31.296,1.712],[31.184,1.614],[31.111,1.579],[31.05,1.586],[31.037,1.556],[30.947,1.518],[30.898,1.433],[30.731,1.24],[30.714,1.175],[30.59,1.045],[30.604,1.032],[30.578,1.028],[30.556,1.045],[30.534,1.014],[30.536,1.058],[30.498,1.035],[30.51,1.095],[30.488,1.141],[30.486,1.199],[30.508,1.216],[30.455,1.271],[30.452,1.23],[30.433,1.223],[30.421,1.254],[30.392,1.257],[30.399,1.298],[30.386,1.31],[30.422,1.339],[30.499,1.509],[30.549,1.565],[30.621,1.603],[30.654,1.663],[30.734,1.716],[30.745,1.746],[30.816,1.799],[30.913,1.907],[31.005,1.941],[31.067,2.003],[31.152,2.045],[31.202,2.107],[31.237,2.117],[31.241,2.148],[31.294,2.191],[31.325,2.262],[31.368,2.31],[31.451,2.348],[31.475,2.408],[31.468,2.336],[31.366,2.271]]]]}},{"type":"Feature","properties":{"n":"Lake Malawi"},"geometry":{"type":"MultiPolygon","coordinates":[[[[35.225,-14.385],[35.098,-14.257],[35.065,-14.186],[34.997,-14.147],[34.964,-14.155],[34.942,-14.128],[34.942,-14.052],[34.893,-14.011],[34.863,-14.002],[34.844,-14.015],[34.863,-14.093],[34.812,-14.169],[34.829,-14.206],[34.79,-14.248],[34.709,-14.275],[34.695,-14.265],[34.699,-14.224],[34.617,-14.185],[34.551,-14.079],[34.534,-13.953],[34.583,-13.893],[34.6,-13.846],[34.593,-13.812],[34.62,-13.784],[34.635,-13.703],[34.517,-13.565],[34.438,-13.574],[34.325,-13.396],[34.309,-13.33],[34.348,-13.244],[34.331,-12.901],[34.316,-12.928],[34.311,-12.873],[34.264,-12.808],[34.276,-12.738],[34.223,-12.705],[34.186,-12.622],[34.185,-12.547],[34.206,-12.509],[34.171,-12.397],[34.085,-12.38],[34.04,-12.27],[34.03,-12.188],[34.069,-12.002],[34.195,-11.9],[34.183,-11.88],[34.191,-11.82],[34.316,-11.692],[34.325,-11.64],[34.284,-11.479],[34.277,-11.354],[34.257,-11.297],[34.232,-11.272],[34.215,-11.186],[34.25,-11.112],[34.229,-11.06],[34.209,-10.626],[34.183,-10.578],[34.229,-10.533],[34.226,-10.468],[34.271,-10.441],[34.181,-10.279],[34.078,-10.187],[33.995,-10.069],[33.966,-10.002],[33.953,-9.89],[33.931,-9.882],[33.907,-9.827],[33.904,-9.725],[33.951,-9.674],[33.963,-9.612],[33.946,-9.55],[34.013,-9.477],[34.078,-9.51],[34.288,-9.708],[34.318,-9.719],[34.332,-9.769],[34.525,-10.009],[34.538,-10.054],[34.525,-10.095],[34.586,-10.29],[34.565,-10.41],[34.593,-10.482],[34.581,-10.54],[34.6,-10.578],[34.624,-10.583],[34.626,-10.614],[34.66,-10.665],[34.648,-10.708],[34.675,-10.752],[34.657,-10.77],[34.645,-10.913],[34.593,-11.016],[34.614,-11.102],[34.682,-11.185],[34.714,-11.203],[34.728,-11.254],[34.757,-11.278],[34.737,-11.297],[34.766,-11.345],[34.8,-11.332],[34.868,-11.359],[34.961,-11.499],[34.956,-11.814],[34.869,-12.043],[34.819,-12.063],[34.805,-12.099],[34.695,-12.188],[34.716,-12.237],[34.7,-12.318],[34.709,-12.407],[34.689,-12.427],[34.825,-12.715],[34.784,-12.798],[34.755,-12.922],[34.816,-13.085],[34.797,-13.136],[34.812,-13.236],[34.795,-13.316],[34.863,-13.383],[34.857,-13.693],[34.899,-13.725],[35.017,-13.723],[35.055,-13.731],[35.069,-13.749],[35.113,-13.849],[35.135,-13.971],[35.181,-14.052],[35.177,-14.101],[35.288,-14.336],[35.268,-14.388],[35.236,-14.401],[35.225,-14.385]],[[34.711,-12.066],[34.708,-12.084],[34.74,-12.089],[34.741,-12.052],[34.757,-12.044],[34.729,-12.03],[34.711,-12.066]]]]}},{"type":"Feature","properties":{"n":"Lake Tanganyika"},"geometry":{"type":"MultiPolygon","coordinates":[[[[30.81,-8.585],[30.795,-8.56],[30.734,-8.556],[30.714,-8.528],[30.683,-8.525],[30.676,-8.481],[30.638,-8.487],[30.632,-8.501],[30.658,-8.501],[30.643,-8.524],[30.548,-8.582],[30.53,-8.578],[30.57,-8.549],[30.567,-8.502],[30.47,-8.508],[30.474,-8.487],[30.446,-8.467],[30.452,-8.396],[30.487,-8.341],[30.57,-8.303],[30.561,-8.28],[30.584,-8.14],[30.515,-8.039],[30.452,-8.015],[30.46,-8.001],[30.41,-7.941],[30.381,-7.934],[30.353,-7.89],[30.303,-7.885],[30.269,-7.836],[30.264,-7.745],[30.232,-7.711],[30.2,-7.601],[30.218,-7.543],[30.204,-7.451],[30.128,-7.249],[29.975,-7.111],[29.79,-7.047],[29.678,-6.911],[29.638,-6.839],[29.549,-6.771],[29.499,-6.703],[29.474,-6.61],[29.49,-6.569],[29.487,-6.514],[29.442,-6.518],[29.418,-6.482],[29.367,-6.321],[29.34,-6.286],[29.322,-6.199],[29.278,-6.168],[29.267,-6.119],[29.198,-6.078],[29.179,-5.918],[29.236,-5.89],[29.321,-5.816],[29.357,-5.746],[29.335,-5.746],[29.349,-5.727],[29.332,-5.634],[29.37,-5.637],[29.373,-5.61],[29.177,-5.292],[29.096,-5.068],[29.118,-5.012],[29.099,-4.77],[29.113,-4.615],[29.158,-4.5],[29.201,-4.516],[29.2,-4.417],[29.259,-4.119],[29.234,-4.047],[29.138,-4.349],[29.042,-4.307],[29.105,-4.224],[29.104,-4.177],[29.083,-4.15],[29.096,-4.119],[29.096,-3.917],[29.124,-3.83],[29.096,-3.773],[29.152,-3.68],[29.135,-3.427],[29.165,-3.351],[29.206,-3.334],[29.297,-3.341],[29.329,-3.362],[29.343,-3.403],[29.337,-3.763],[29.373,-3.887],[29.435,-3.965],[29.432,-4.013],[29.494,-4.107],[29.501,-4.163],[29.536,-4.201],[29.554,-4.266],[29.654,-4.399],[29.65,-4.51],[29.603,-4.761],[29.603,-4.842],[29.621,-4.873],[29.593,-4.904],[29.652,-4.917],[29.782,-5.006],[29.775,-5.026],[29.816,-5.097],[29.823,-5.144],[29.796,-5.177],[29.814,-5.206],[29.807,-5.254],[29.782,-5.267],[29.784,-5.329],[29.741,-5.431],[29.77,-5.492],[29.836,-5.56],[29.953,-5.842],[29.946,-5.918],[29.9,-5.935],[29.827,-6],[29.789,-5.986],[29.734,-6.045],[29.732,-6.196],[29.712,-6.247],[29.75,-6.271],[29.857,-6.411],[29.94,-6.47],[29.953,-6.507],[30.072,-6.453],[30.159,-6.469],[30.19,-6.524],[30.336,-6.646],[30.396,-6.747],[30.419,-6.822],[30.515,-6.925],[30.565,-6.956],[30.577,-7.018],[30.556,-7.041],[30.56,-7.102],[30.518,-7.11],[30.501,-7.098],[30.494,-7.11],[30.532,-7.15],[30.532,-7.195],[30.551,-7.205],[30.604,-7.332],[30.611,-7.371],[30.594,-7.446],[30.605,-7.454],[30.583,-7.508],[30.666,-7.644],[30.714,-7.672],[30.745,-7.72],[30.799,-7.874],[30.903,-8.019],[30.916,-8.094],[30.926,-8.111],[30.947,-8.097],[30.955,-8.111],[30.965,-8.148],[30.96,-8.165],[30.947,-8.151],[30.943,-8.166],[30.971,-8.262],[31.008,-8.282],[31.043,-8.337],[31.05,-8.33],[31.127,-8.394],[31.145,-8.426],[31.135,-8.525],[31.166,-8.546],[31.166,-8.587],[31.2,-8.628],[31.187,-8.659],[31.194,-8.724],[31.173,-8.748],[31.143,-8.71],[31.107,-8.743],[31.104,-8.769],[31.025,-8.799],[30.858,-8.618],[30.81,-8.585]]]]}},{"type":"Feature","properties":{"n":"Lake Victoria"},"geometry":{"type":"MultiPolygon","coordinates":[[[[33.914,-1.532],[33.825,-1.512],[33.798,-1.471],[33.726,-1.491],[33.681,-1.466],[33.654,-1.471],[33.653,-1.492],[33.682,-1.509],[33.681,-1.535],[33.612,-1.566],[33.675,-1.58],[33.688,-1.615],[33.668,-1.628],[33.702,-1.628],[33.709,-1.66],[33.688,-1.675],[33.543,-1.675],[33.599,-1.738],[33.647,-1.762],[33.641,-1.775],[33.578,-1.758],[33.557,-1.803],[33.493,-1.84],[33.451,-1.837],[33.448,-1.8],[33.365,-1.804],[33.331,-1.837],[33.311,-1.906],[33.283,-1.922],[33.314,-1.944],[33.393,-1.897],[33.462,-1.881],[33.455,-1.894],[33.49,-1.927],[33.462,-1.95],[33.544,-1.963],[33.573,-1.987],[33.551,-2.029],[33.496,-2.025],[33.4,-1.972],[33.372,-1.998],[33.4,-2.039],[33.38,-2.053],[33.324,-2.017],[33.318,-2.046],[33.282,-2],[33.27,-2.012],[33.292,-2.032],[33.286,-2.056],[33.219,-2.043],[33.208,-2.115],[33.221,-2.142],[33.259,-2.111],[33.282,-2.111],[33.337,-2.136],[33.358,-2.168],[33.509,-2.153],[33.606,-2.183],[33.749,-2.086],[33.786,-2.095],[33.816,-2.123],[33.838,-2.221],[33.668,-2.313],[33.649,-2.308],[33.597,-2.357],[33.532,-2.379],[33.51,-2.405],[33.53,-2.44],[33.515,-2.449],[33.476,-2.436],[33.408,-2.467],[33.462,-2.502],[33.451,-2.527],[33.422,-2.532],[33.428,-2.553],[33.4,-2.552],[33.393,-2.529],[33.345,-2.525],[33.345,-2.496],[33.33,-2.517],[33.311,-2.505],[33.208,-2.513],[33.138,-2.453],[33.119,-2.4],[33.08,-2.389],[32.963,-2.388],[32.903,-2.438],[32.907,-2.47],[32.875,-2.477],[32.907,-2.55],[32.866,-2.601],[32.87,-2.634],[32.909,-2.679],[32.879,-2.705],[32.955,-2.786],[32.927,-2.82],[32.969,-2.82],[32.969,-2.841],[33.01,-2.846],[33.028,-2.861],[33.023,-2.883],[32.934,-2.852],[32.899,-2.8],[32.891,-2.822],[32.841,-2.851],[32.809,-2.961],[32.756,-3.012],[32.746,-2.985],[32.762,-2.928],[32.797,-2.91],[32.72,-2.87],[32.782,-2.837],[32.847,-2.824],[32.845,-2.793],[32.873,-2.729],[32.823,-2.705],[32.845,-2.677],[32.811,-2.669],[32.797,-2.635],[32.817,-2.642],[32.816,-2.59],[32.838,-2.587],[32.829,-2.567],[32.811,-2.566],[32.838,-2.512],[32.805,-2.485],[32.762,-2.5],[32.735,-2.533],[32.728,-2.485],[32.673,-2.518],[32.695,-2.473],[32.66,-2.38],[32.625,-2.467],[32.549,-2.538],[32.525,-2.553],[32.502,-2.546],[32.549,-2.482],[32.551,-2.436],[32.509,-2.47],[32.492,-2.456],[32.434,-2.457],[32.441,-2.436],[32.371,-2.432],[32.32,-2.354],[32.324,-2.334],[32.344,-2.341],[32.361,-2.329],[32.329,-2.316],[32.31,-2.272],[32.259,-2.284],[32.219,-2.251],[32.222,-2.321],[32.203,-2.322],[32.159,-2.388],[32.078,-2.367],[32.066,-2.386],[32.068,-2.425],[32.167,-2.496],[32.157,-2.551],[32.138,-2.56],[32.132,-2.533],[32.108,-2.531],[32.087,-2.503],[32.07,-2.505],[32.07,-2.525],[32.03,-2.47],[32.023,-2.505],[32.007,-2.487],[31.986,-2.508],[31.992,-2.584],[31.934,-2.594],[31.995,-2.677],[31.995,-2.711],[32.023,-2.742],[32.015,-2.76],[31.981,-2.766],[31.96,-2.696],[31.937,-2.69],[31.932,-2.649],[31.906,-2.656],[31.9,-2.635],[31.906,-2.711],[31.872,-2.717],[31.858,-2.678],[31.832,-2.691],[31.824,-2.707],[31.845,-2.786],[31.796,-2.834],[31.783,-2.815],[31.789,-2.726],[31.76,-2.716],[31.774,-2.654],[31.816,-2.64],[31.824,-2.615],[31.856,-2.617],[31.858,-2.601],[31.755,-2.62],[31.749,-2.557],[31.72,-2.539],[31.718,-2.508],[31.771,-2.498],[31.796,-2.463],[31.796,-2.425],[31.759,-2.393],[31.755,-2.361],[31.772,-2.357],[31.749,-2.341],[31.755,-2.327],[31.725,-2.32],[31.659,-2.361],[31.634,-2.356],[31.669,-2.19],[31.694,-2.142],[31.681,-2.115],[31.701,-2.077],[31.686,-2.06],[31.707,-2.005],[31.621,-2.041],[31.613,-2.004],[31.684,-1.867],[31.721,-1.676],[31.761,-1.597],[31.742,-1.566],[31.755,-1.466],[31.796,-1.484],[31.801,-1.471],[31.87,-1.15],[31.845,-1.059],[31.874,-1.025],[31.84,-1.024],[31.824,-0.984],[31.814,-1.04],[31.769,-1.048],[31.788,-0.989],[31.77,-0.965],[31.769,-0.864],[31.761,-0.846],[31.701,-0.839],[31.699,-0.799],[31.798,-0.652],[31.785,-0.616],[31.793,-0.576],[31.847,-0.471],[31.926,-0.422],[31.998,-0.315],[32.019,-0.306],[32.037,-0.326],[32.006,-0.247],[31.975,-0.23],[31.98,-0.189],[31.927,-0.196],[31.94,-0.14],[31.92,-0.134],[31.995,-0.086],[32.07,-0.099],[32.062,-0.076],[32.026,-0.067],[32.016,-0.045],[32.037,-0.052],[32.077,-0.036],[32.132,-0.063],[32.188,-0.068],[32.206,-0.042],[32.194,0.014],[32.208,0.037],[32.2,0.017],[32.241,-0.021],[32.29,-0.018],[32.292,0.002],[32.248,0.044],[32.256,0.051],[32.324,0.027],[32.352,0.01],[32.352,-0.024],[32.379,-0.024],[32.365,0.085],[32.421,0.083],[32.448,0.119],[32.458,0.095],[32.42,0.055],[32.438,0.034],[32.452,0.03],[32.496,0.085],[32.509,0.051],[32.53,0.078],[32.557,0.044],[32.57,0.06],[32.544,0.102],[32.551,0.119],[32.588,0.108],[32.572,0.133],[32.598,0.14],[32.563,0.19],[32.616,0.211],[32.645,0.291],[32.667,0.277],[32.648,0.231],[32.657,0.222],[32.673,0.236],[32.681,0.222],[32.661,0.172],[32.69,0.167],[32.715,0.209],[32.742,0.174],[32.704,0.14],[32.653,0.133],[32.667,0.092],[32.756,0.126],[32.797,0.106],[32.811,0.161],[32.859,0.147],[32.851,0.181],[32.864,0.169],[32.893,0.196],[32.886,0.161],[32.899,0.147],[32.871,0.127],[32.901,0.077],[32.986,0.101],[33.092,0.186],[33.105,0.222],[33.043,0.229],[33.079,0.25],[33.071,0.263],[33.124,0.247],[33.113,0.226],[33.126,0.217],[33.139,0.247],[33.167,0.263],[33.154,0.316],[33.27,0.373],[33.267,0.39],[33.193,0.406],[33.187,0.428],[33.236,0.427],[33.25,0.44],[33.242,0.462],[33.283,0.483],[33.291,0.44],[33.319,0.438],[33.366,0.497],[33.389,0.485],[33.35,0.422],[33.366,0.407],[33.31,0.382],[33.318,0.352],[33.366,0.373],[33.359,0.339],[33.428,0.325],[33.414,0.346],[33.469,0.352],[33.455,0.346],[33.508,0.3],[33.495,0.27],[33.459,0.294],[33.4,0.298],[33.434,0.277],[33.421,0.27],[33.448,0.257],[33.426,0.244],[33.482,0.188],[33.493,0.236],[33.503,0.196],[33.531,0.222],[33.516,0.181],[33.537,0.202],[33.566,0.184],[33.617,0.227],[33.62,0.311],[33.642,0.323],[33.668,0.311],[33.709,0.332],[33.749,0.319],[33.756,0.311],[33.702,0.284],[33.695,0.263],[33.743,0.263],[33.709,0.202],[33.777,0.188],[33.79,0.236],[33.818,0.154],[33.831,0.209],[33.894,0.174],[33.921,0.219],[33.982,0.266],[34.004,0.226],[33.988,0.119],[33.955,0.095],[33.962,0.058],[33.986,0.038],[33.996,-0.041],[34.03,-0.052],[34.021,-0.071],[34.044,-0.073],[34.065,-0.107],[34.077,-0.063],[34.135,-0.065],[34.113,-0.107],[34.138,-0.117],[34.085,-0.14],[34.094,-0.169],[34.122,-0.185],[34.188,-0.189],[34.196,-0.221],[34.249,-0.252],[34.236,-0.299],[34.257,-0.305],[34.243,-0.326],[34.277,-0.346],[34.271,-0.381],[34.288,-0.396],[34.387,-0.285],[34.383,-0.244],[34.373,-0.223],[34.346,-0.22],[34.345,-0.189],[34.447,-0.168],[34.506,-0.181],[34.548,-0.149],[34.647,-0.117],[34.674,-0.09],[34.737,-0.086],[34.731,-0.138],[34.795,-0.196],[34.855,-0.287],[34.838,-0.309],[34.75,-0.287],[34.754,-0.336],[34.74,-0.34],[34.658,-0.345],[34.587,-0.336],[34.562,-0.318],[34.449,-0.346],[34.457,-0.424],[34.5,-0.441],[34.506,-0.468],[34.424,-0.525],[34.407,-0.522],[34.419,-0.489],[34.386,-0.445],[34.359,-0.442],[34.366,-0.459],[34.348,-0.479],[34.311,-0.449],[34.311,-0.477],[34.244,-0.429],[34.216,-0.428],[34.223,-0.415],[34.189,-0.422],[34.15,-0.532],[34.103,-0.532],[34.057,-0.559],[34.085,-0.6],[34.048,-0.641],[34.037,-0.73],[34.057,-0.728],[34.072,-0.795],[34.175,-0.847],[34.183,-0.871],[34.14,-0.912],[34.125,-0.978],[34.133,-1.004],[34.072,-0.97],[34.058,-1.002],[34.037,-0.997],[34.063,-1.016],[34.092,-1.004],[34.098,-1.019],[34.073,-1.025],[34.072,-1.059],[34.023,-1.101],[33.976,-1.105],[33.993,-1.138],[33.901,-1.209],[33.873,-1.256],[33.886,-1.278],[33.934,-1.278],[33.928,-1.299],[33.983,-1.333],[33.986,-1.37],[33.969,-1.374],[33.976,-1.354],[33.962,-1.34],[33.905,-1.321],[33.804,-1.32],[33.793,-1.334],[33.825,-1.374],[33.818,-1.388],[33.844,-1.388],[33.859,-1.408],[33.798,-1.388],[33.781,-1.41],[33.804,-1.429],[33.847,-1.433],[33.894,-1.498],[33.936,-1.49],[33.956,-1.519],[33.914,-1.532]],[[34.146,-0.405],[34.12,-0.428],[34.161,-0.436],[34.204,-0.407],[34.223,-0.36],[34.202,-0.395],[34.167,-0.367],[34.146,-0.405]],[[33.947,-0.464],[34.017,-0.505],[34.062,-0.474],[34.03,-0.432],[33.964,-0.445],[33.947,-0.464]],[[31.816,-1.801],[31.811,-1.819],[31.849,-1.78],[31.845,-1.753],[31.816,-1.801]],[[31.775,-2.14],[31.798,-2.151],[31.825,-2.13],[31.793,-2.124],[31.776,-2.08],[31.764,-2.121],[31.775,-2.14]],[[31.92,-2.416],[31.9,-2.355],[31.908,-2.322],[31.869,-2.31],[31.845,-2.224],[31.811,-2.183],[31.788,-2.26],[31.811,-2.252],[31.808,-2.268],[31.776,-2.286],[31.783,-2.321],[31.83,-2.323],[31.817,-2.334],[31.851,-2.375],[31.838,-2.426],[31.848,-2.455],[31.875,-2.454],[31.92,-2.416]],[[31.9,-1.635],[31.94,-1.662],[31.892,-1.611],[31.858,-1.621],[31.872,-1.69],[31.865,-1.683],[31.858,-1.745],[31.9,-1.635]],[[32.07,-2.293],[32.068,-2.267],[32.044,-2.279],[32.057,-2.245],[32.026,-2.234],[31.951,-2.277],[31.951,-2.292],[31.981,-2.293],[31.985,-2.309],[31.955,-2.347],[31.97,-2.344],[31.978,-2.367],[32.038,-2.351],[32.07,-2.293]],[[32.283,-0.353],[32.324,-0.354],[32.29,-0.299],[32.273,-0.33],[32.248,-0.318],[32.256,-0.305],[32.166,-0.326],[32.153,-0.312],[32.172,-0.24],[32.074,-0.23],[32.05,-0.257],[32.092,-0.28],[32.112,-0.305],[32.104,-0.322],[32.144,-0.338],[32.194,-0.332],[32.248,-0.397],[32.242,-0.413],[32.217,-0.399],[32.197,-0.428],[32.171,-0.436],[32.138,-0.538],[32.166,-0.538],[32.174,-0.505],[32.194,-0.511],[32.187,-0.47],[32.242,-0.464],[32.239,-0.484],[32.259,-0.49],[32.283,-0.47],[32.271,-0.387],[32.283,-0.353]],[[32.343,-0.262],[32.37,-0.27],[32.328,-0.204],[32.297,-0.203],[32.324,-0.22],[32.319,-0.242],[32.343,-0.262]],[[32.388,-0.368],[32.413,-0.36],[32.369,-0.334],[32.379,-0.367],[32.352,-0.36],[32.357,-0.375],[32.388,-0.368]],[[32.531,-2.327],[32.533,-2.284],[32.496,-2.286],[32.502,-2.321],[32.475,-2.324],[32.468,-2.272],[32.446,-2.284],[32.434,-2.266],[32.408,-2.342],[32.441,-2.416],[32.507,-2.397],[32.531,-2.327]],[[32.538,-0.39],[32.544,-0.374],[32.504,-0.384],[32.502,-0.408],[32.454,-0.428],[32.477,-0.442],[32.441,-0.49],[32.448,-0.502],[32.481,-0.492],[32.523,-0.395],[32.537,-0.408],[32.538,-0.39]],[[32.754,-0.018],[32.763,-0.052],[32.811,0.019],[32.789,0.037],[32.789,0.017],[32.767,0.012],[32.77,-0.018],[32.754,-0.018]],[[32.804,-0.106],[32.817,-0.086],[32.763,-0.093],[32.759,-0.06],[32.735,-0.038],[32.756,-0.086],[32.735,-0.058],[32.724,-0.072],[32.708,-0.065],[32.708,-0.107],[32.66,-0.099],[32.686,-0.121],[32.756,-0.121],[32.742,-0.134],[32.804,-0.106]],[[33.006,-1.805],[32.997,-1.859],[33.023,-1.888],[33.037,-1.895],[33.091,-1.849],[33.079,-1.813],[33.098,-1.814],[33.092,-1.8],[33.006,-1.805]],[[33.187,-2.132],[33.135,-2.074],[33.147,-2.06],[33.101,-2.043],[33.12,-2.011],[33.105,-1.967],[33.027,-1.973],[32.992,-1.991],[32.941,-1.963],[32.932,-1.948],[32.948,-1.909],[32.92,-1.895],[32.851,-1.943],[32.825,-1.929],[32.851,-1.97],[32.899,-1.977],[32.845,-2.051],[32.853,-2.072],[32.996,-2.099],[33.056,-2.141],[33.079,-2.122],[33.142,-2.167],[33.174,-2.169],[33.164,-2.154],[33.187,-2.132]],[[33.184,0.15],[33.195,0.161],[33.166,0.147],[33.174,0.106],[33.184,0.15]],[[33.296,0.031],[33.304,0.044],[33.283,0.044],[33.29,0.064],[33.25,0.05],[33.256,0.01],[33.296,0.031]],[[33.387,0.251],[33.4,0.257],[33.371,0.298],[33.352,0.291],[33.372,0.27],[33.357,0.274],[33.352,0.243],[33.329,0.239],[33.318,0.263],[33.296,0.263],[33.318,0.298],[33.239,0.298],[33.205,0.256],[33.262,0.191],[33.208,0.188],[33.228,0.154],[33.247,0.165],[33.264,0.153],[33.283,0.106],[33.311,0.14],[33.316,0.085],[33.339,0.08],[33.319,0.119],[33.338,0.154],[33.318,0.171],[33.318,0.211],[33.336,0.217],[33.345,0.202],[33.372,0.216],[33.387,0.251]],[[33.726,-0.13],[33.719,-0.099],[33.654,-0.14],[33.682,-0.14],[33.715,-0.168],[33.726,-0.13]],[[33.77,0.078],[33.879,0.064],[33.883,0.079],[33.786,0.116],[33.765,0.101],[33.77,0.078]]]]}},{"type":"Feature","properties":{"n":"Lake Chad"},"geometry":{"type":"MultiPolygon","coordinates":[[[[14.734,13.081],[14.768,13.07],[14.699,13.039],[14.681,12.978],[14.637,12.973],[14.599,12.996],[14.571,12.972],[14.551,12.986],[14.509,12.978],[14.473,12.937],[14.462,12.957],[14.449,12.927],[14.423,12.931],[14.398,12.907],[14.407,12.882],[14.372,12.873],[14.319,12.87],[14.31,12.885],[14.269,12.888],[14.288,12.904],[14.273,12.938],[14.294,12.947],[14.247,12.999],[14.294,13.02],[14.274,13.058],[14.325,13.057],[14.279,13.136],[14.381,13.064],[14.371,13.103],[14.3,13.173],[14.356,13.159],[14.374,13.194],[14.438,13.224],[14.469,13.214],[14.464,13.231],[14.537,13.254],[14.608,13.193],[14.61,13.217],[14.667,13.206],[14.671,13.164],[14.719,13.128],[14.734,13.081]]]]}},{"type":"Feature","properties":{"n":"Vänern"},"geometry":{"type":"MultiPolygon","coordinates":[[[[14.117,59.067],[14.071,59.023],[13.974,58.998],[13.977,58.977],[14.014,58.95],[13.986,58.881],[13.954,58.851],[13.966,58.826],[13.929,58.809],[13.88,58.813],[13.872,58.783],[13.89,58.772],[13.85,58.74],[13.687,58.67],[13.653,58.673],[13.64,58.7],[13.624,58.699],[13.53,58.657],[13.476,58.665],[13.363,58.628],[13.325,58.604],[13.28,58.536],[13.214,58.504],[13.138,58.512],[13.123,58.536],[13.184,58.614],[12.99,58.609],[12.947,58.569],[12.876,58.58],[12.939,58.546],[12.911,58.539],[12.931,58.525],[12.876,58.491],[12.67,58.443],[12.692,58.415],[12.602,58.366],[12.553,58.357],[12.513,58.374],[12.585,58.412],[12.636,58.478],[12.59,58.462],[12.522,58.397],[12.326,58.376],[12.304,58.399],[12.376,58.47],[12.458,58.483],[12.534,58.539],[12.52,58.552],[12.631,58.64],[12.54,58.653],[12.502,58.684],[12.491,58.73],[12.52,58.792],[12.458,58.772],[12.41,58.813],[12.451,58.831],[12.464,58.804],[12.513,58.806],[12.484,58.823],[12.479,58.916],[12.454,58.922],[12.431,58.955],[12.451,58.957],[12.534,58.895],[12.511,58.833],[12.581,58.816],[12.592,58.842],[12.629,58.861],[12.644,58.952],[12.677,58.971],[12.667,58.988],[12.712,59.032],[12.698,59.067],[12.732,59.046],[12.773,59.077],[12.836,59.095],[12.857,59.08],[12.876,59.094],[12.89,59.073],[12.876,59.053],[12.988,59.045],[13.075,59.011],[13.068,58.985],[13.04,58.971],[13.086,58.957],[13.125,58.915],[13.169,58.91],[13.198,58.881],[13.259,58.916],[13.219,58.963],[13.226,58.997],[13.21,59.057],[13.16,59.14],[13.123,59.169],[13.136,59.181],[13.109,59.217],[13.11,59.251],[13.072,59.283],[13.127,59.278],[13.135,59.295],[13.116,59.334],[13.171,59.368],[13.177,59.329],[13.197,59.311],[13.273,59.307],[13.233,59.337],[13.28,59.368],[13.359,59.361],[13.383,59.375],[13.451,59.357],[13.671,59.408],[13.657,59.389],[13.67,59.377],[13.766,59.395],[13.763,59.375],[13.726,59.354],[13.743,59.325],[13.808,59.327],[13.785,59.351],[13.808,59.361],[13.832,59.34],[13.87,59.34],[13.858,59.323],[13.913,59.325],[13.922,59.306],[13.94,59.312],[13.952,59.354],[13.975,59.353],[14.014,59.307],[14.037,59.334],[14.061,59.33],[14.076,59.313],[14.04,59.299],[14.06,59.249],[14.055,59.212],[14.009,59.154],[13.962,59.136],[13.927,59.091],[13.959,59.053],[14.048,59.067],[14.04,59.087],[14.06,59.093],[14.051,59.111],[14.069,59.122],[14.097,59.087],[14.083,59.067],[14.117,59.067]],[[13.199,58.634],[13.205,58.672],[13.171,58.697],[13.101,58.693],[13.061,58.662],[13.062,58.645],[13.109,58.628],[13.164,58.656],[13.15,58.635],[13.199,58.634]],[[13.569,59.307],[13.562,59.334],[13.534,59.343],[13.46,59.335],[13.431,59.313],[13.473,59.314],[13.5,59.271],[13.507,59.286],[13.547,59.279],[13.528,59.307],[13.569,59.307]],[[13.831,58.801],[13.842,58.82],[13.822,58.84],[13.78,58.826],[13.766,58.8],[13.74,58.837],[13.715,58.84],[13.691,58.806],[13.718,58.753],[13.811,58.76],[13.831,58.801]]]]}},{"type":"Feature","properties":{"n":"Lake Onega"},"geometry":{"type":"MultiPolygon","coordinates":[[[[35.86,60.855],[35.805,60.889],[35.743,60.876],[35.779,60.914],[35.617,60.896],[35.56,60.908],[35.495,60.951],[35.49,60.971],[35.513,60.984],[35.488,61.013],[35.368,61.059],[35.268,61.006],[35.225,61.025],[35.123,60.996],[35.092,60.999],[35.144,61.034],[35.108,61.059],[34.962,61.068],[34.936,61.09],[34.879,61.093],[34.921,61.054],[34.825,61.02],[34.833,61.041],[34.799,61.077],[34.804,61.099],[34.772,61.121],[34.786,61.144],[34.812,61.15],[34.809,61.206],[34.859,61.232],[34.955,61.197],[35.057,61.199],[35.08,61.225],[35.163,61.184],[35.257,61.17],[35.226,61.168],[35.216,61.143],[35.11,61.18],[35.072,61.178],[35.027,61.133],[35.181,61.047],[35.29,61.087],[35.326,61.085],[35.428,61.065],[35.5,61.021],[35.557,61.011],[35.628,61.058],[35.64,61.09],[35.692,61.128],[35.679,61.152],[35.599,61.191],[35.612,61.224],[35.596,61.256],[35.559,61.273],[35.548,61.311],[35.474,61.369],[35.374,61.383],[35.336,61.434],[35.24,61.483],[35.096,61.506],[35.059,61.495],[35.044,61.499],[35.053,61.525],[35.028,61.541],[34.91,61.531],[34.826,61.572],[34.723,61.582],[34.674,61.642],[34.62,61.657],[34.428,61.787],[34.318,61.828],[34.342,61.827],[34.284,61.883],[34.308,61.894],[34.354,61.86],[34.352,61.842],[34.49,61.821],[34.555,61.777],[34.576,61.784],[34.579,61.847],[34.623,61.858],[34.624,61.906],[34.521,62.033],[34.284,62.129],[34.304,62.137],[34.236,62.184],[34.284,62.212],[34.257,62.235],[34.264,62.27],[34.154,62.338],[34.076,62.423],[34.023,62.418],[34.037,62.404],[34.02,62.381],[33.99,62.383],[33.932,62.452],[33.935,62.525],[33.969,62.547],[34.071,62.514],[34.074,62.438],[34.164,62.392],[34.201,62.338],[34.373,62.26],[34.3,62.232],[34.311,62.184],[34.501,62.107],[34.745,62.033],[34.743,62.061],[34.656,62.133],[34.655,62.157],[34.559,62.232],[34.595,62.228],[34.624,62.244],[34.723,62.162],[34.682,62.253],[34.44,62.464],[34.445,62.475],[34.511,62.445],[34.58,62.385],[34.631,62.369],[34.727,62.281],[34.795,62.25],[34.77,62.341],[34.57,62.454],[34.544,62.505],[34.478,62.548],[34.462,62.596],[34.517,62.545],[34.702,62.459],[34.737,62.411],[34.803,62.365],[34.846,62.28],[34.853,62.321],[34.874,62.268],[34.866,62.251],[34.839,62.26],[34.888,62.167],[35.102,62.039],[35.162,62.034],[35.154,62.05],[35.188,62.081],[35.186,62.118],[35.042,62.195],[35.01,62.226],[35.052,62.226],[35.01,62.26],[35.117,62.224],[35.155,62.182],[35.291,62.171],[35.358,62.123],[35.373,62.16],[35.402,62.181],[35.464,62.172],[35.578,62.233],[35.593,62.249],[35.588,62.279],[35.545,62.335],[35.538,62.383],[35.364,62.531],[35.326,62.582],[35.297,62.57],[35.31,62.524],[35.287,62.527],[35.095,62.565],[34.966,62.651],[34.921,62.657],[34.962,62.623],[34.871,62.646],[34.846,62.623],[34.849,62.602],[34.921,62.568],[34.99,62.5],[35.024,62.424],[34.915,62.563],[34.887,62.568],[34.908,62.534],[34.896,62.536],[34.714,62.676],[34.702,62.661],[34.711,62.646],[34.771,62.596],[34.74,62.612],[34.678,62.681],[34.565,62.753],[34.576,62.776],[34.562,62.816],[34.519,62.864],[34.484,62.855],[34.458,62.911],[34.544,62.918],[34.72,62.813],[34.765,62.842],[34.851,62.847],[35.065,62.756],[34.976,62.76],[35.415,62.657],[35.412,62.619],[35.496,62.576],[35.51,62.575],[35.476,62.609],[35.512,62.64],[35.543,62.614],[35.557,62.566],[35.706,62.552],[35.805,62.478],[35.847,62.407],[35.844,62.379],[35.819,62.351],[35.826,62.318],[35.792,62.273],[35.761,62.167],[35.688,62.117],[35.66,62.058],[35.713,62.009],[35.872,61.946],[35.833,61.91],[35.86,61.876],[35.823,61.859],[35.826,61.847],[35.957,61.807],[36.042,61.706],[36.026,61.654],[36.183,61.574],[36.232,61.513],[36.223,61.479],[36.343,61.461],[36.436,61.396],[36.449,61.353],[36.432,61.311],[36.349,61.28],[36.333,61.259],[36.384,61.215],[36.457,61.184],[36.448,61.172],[36.395,61.178],[36.294,61.103],[36.21,61.074],[36.159,61.069],[36.111,61.097],[35.987,60.975],[35.931,60.955],[35.805,60.945],[35.853,60.937],[35.819,60.923],[35.949,60.923],[35.922,60.882],[35.86,60.855]],[[35.141,61.985],[35.14,62.018],[35.071,62.039],[35.082,61.944],[35.125,61.948],[35.141,61.985]],[[34.682,61.944],[34.611,62.002],[34.586,62],[34.636,61.939],[34.682,61.944]],[[35.347,61.998],[35.354,62.016],[35.319,62.081],[35.28,62.096],[35.236,62.081],[35.216,62.047],[35.23,62.013],[35.183,61.971],[35.152,61.87],[35.227,61.84],[35.236,61.855],[35.223,61.876],[35.319,61.906],[35.326,61.944],[35.312,61.971],[35.347,61.998]]]]}},{"type":"Feature","properties":{"n":"Lake Tana"},"geometry":{"type":"MultiPolygon","coordinates":[[[[37.302,11.74],[37.292,11.799],[37.272,11.816],[37.21,11.83],[37.149,11.81],[37.123,11.826],[37.121,11.858],[37.102,11.85],[37.086,11.804],[37.07,11.83],[37.039,11.841],[37.026,11.88],[36.991,11.885],[37.015,12.171],[37.068,12.242],[37.137,12.281],[37.167,12.259],[37.176,12.22],[37.251,12.208],[37.276,12.216],[37.295,12.265],[37.327,12.289],[37.361,12.269],[37.395,12.29],[37.499,12.304],[37.601,12.112],[37.574,11.981],[37.539,11.92],[37.491,11.906],[37.506,11.838],[37.457,11.81],[37.387,11.632],[37.327,11.632],[37.294,11.664],[37.299,11.698],[37.344,11.705],[37.302,11.74]]]]}},{"type":"Feature","properties":{"n":"Lago Titicaca"},"geometry":{"type":"MultiPolygon","coordinates":[[[[-69.295,-16.265],[-69.372,-16.238],[-69.39,-16.211],[-69.377,-16.2],[-69.383,-16.183],[-69.395,-16.195],[-69.424,-16.183],[-69.47,-16.214],[-69.503,-16.201],[-69.511,-16.183],[-69.416,-16.075],[-69.435,-16.012],[-69.685,-15.969],[-69.706,-15.929],[-69.679,-15.909],[-69.707,-15.889],[-69.722,-15.92],[-69.743,-15.914],[-69.765,-15.893],[-69.785,-15.825],[-69.822,-15.785],[-69.857,-15.81],[-69.877,-15.861],[-69.809,-15.895],[-69.804,-15.917],[-69.883,-15.927],[-69.9,-15.879],[-69.932,-15.881],[-70.028,-15.841],[-70.005,-15.793],[-70.037,-15.767],[-70.04,-15.717],[-70.025,-15.7],[-69.973,-15.704],[-69.967,-15.666],[-69.932,-15.621],[-69.945,-15.567],[-69.862,-15.64],[-69.863,-15.676],[-69.841,-15.703],[-69.795,-15.728],[-69.756,-15.722],[-69.791,-15.691],[-69.795,-15.669],[-69.774,-15.663],[-69.809,-15.652],[-69.95,-15.41],[-69.934,-15.374],[-69.89,-15.37],[-69.863,-15.347],[-69.835,-15.361],[-69.808,-15.343],[-69.878,-15.322],[-69.885,-15.302],[-69.719,-15.296],[-69.712,-15.281],[-69.751,-15.255],[-69.721,-15.24],[-69.658,-15.296],[-69.643,-15.347],[-69.55,-15.368],[-69.472,-15.431],[-69.439,-15.496],[-69.39,-15.47],[-69.37,-15.476],[-69.372,-15.496],[-69.39,-15.491],[-69.381,-15.512],[-69.326,-15.56],[-69.294,-15.569],[-69.301,-15.621],[-69.27,-15.669],[-69.157,-15.675],[-69.192,-15.704],[-69.104,-15.729],[-69.018,-15.814],[-69.007,-15.878],[-69.02,-15.923],[-68.932,-15.944],[-68.908,-15.929],[-68.797,-15.947],[-68.77,-15.977],[-68.772,-15.995],[-68.822,-16.013],[-68.85,-16.057],[-68.911,-16.067],[-68.853,-16.173],[-68.85,-16.211],[-68.837,-16.22],[-68.801,-16.183],[-68.783,-16.185],[-68.713,-16.215],[-68.618,-16.213],[-68.577,-16.253],[-68.603,-16.296],[-68.582,-16.326],[-68.639,-16.33],[-68.692,-16.312],[-68.732,-16.334],[-68.678,-16.348],[-68.726,-16.368],[-68.764,-16.416],[-68.853,-16.408],[-68.957,-16.443],[-68.942,-16.458],[-68.867,-16.471],[-68.854,-16.532],[-68.863,-16.601],[-68.96,-16.584],[-69.033,-16.553],[-69.096,-16.495],[-69.088,-16.462],[-69.043,-16.412],[-69.031,-16.342],[-69.036,-16.313],[-69.082,-16.265],[-69.058,-16.258],[-69.034,-16.273],[-69.015,-16.261],[-69,-16.273],[-68.95,-16.209],[-68.883,-16.265],[-68.843,-16.248],[-68.925,-16.183],[-68.979,-16.166],[-69.016,-16.112],[-69.12,-16.053],[-69.14,-16.061],[-69.082,-16.121],[-69.092,-16.157],[-69.135,-16.194],[-69.101,-16.203],[-69.113,-16.235],[-69.153,-16.256],[-69.25,-16.265],[-69.267,-16.286],[-69.295,-16.265]]]]}},{"type":"Feature","properties":{"n":"Lake Saimaa"},"geometry":{"type":"MultiPolygon","coordinates":[[[[28.055,61.089],[28.076,61.088],[28,61.105],[27.987,61.094],[28.006,61.077],[27.966,61.081],[27.93,61.062],[27.904,61.074],[27.938,61.101],[27.928,61.113],[27.901,61.112],[27.857,61.146],[27.808,61.156],[27.873,61.16],[27.909,61.188],[27.983,61.204],[28.088,61.188],[28.17,61.134],[28.261,61.156],[28.24,61.178],[28.139,61.182],[28.11,61.218],[28.055,61.237],[28.04,61.276],[27.877,61.259],[27.846,61.239],[27.657,61.259],[27.695,61.236],[27.663,61.197],[27.48,61.225],[27.479,61.256],[27.466,61.259],[27.473,61.239],[27.455,61.241],[27.432,61.266],[27.383,61.246],[27.395,61.272],[27.427,61.281],[27.493,61.273],[27.377,61.334],[27.329,61.341],[27.329,61.355],[27.315,61.342],[27.322,61.321],[27.239,61.321],[27.281,61.334],[27.267,61.362],[27.287,61.376],[27.246,61.383],[27.258,61.395],[27.342,61.416],[27.329,61.424],[27.363,61.437],[27.34,61.455],[27.308,61.451],[27.315,61.437],[27.302,61.436],[27.267,61.444],[27.274,61.458],[27.219,61.465],[27.248,61.496],[27.281,61.485],[27.294,61.506],[27.383,61.458],[27.376,61.475],[27.486,61.465],[27.468,61.486],[27.327,61.509],[27.277,61.537],[27.282,61.579],[27.267,61.595],[27.284,61.612],[27.287,61.65],[27.274,61.659],[27.327,61.687],[27.356,61.683],[27.356,61.664],[27.308,61.623],[27.337,61.599],[27.356,61.633],[27.383,61.623],[27.294,61.534],[27.416,61.509],[27.528,61.513],[27.486,61.534],[27.5,61.547],[27.425,61.554],[27.479,61.565],[27.466,61.65],[27.514,61.629],[27.491,61.6],[27.5,61.571],[27.57,61.566],[27.733,61.623],[27.623,61.616],[27.6,61.624],[27.601,61.638],[27.753,61.642],[27.801,61.698],[27.736,61.704],[27.74,61.718],[27.671,61.76],[27.596,61.773],[27.619,61.79],[27.616,61.815],[27.678,61.801],[27.657,61.787],[27.712,61.773],[27.709,61.742],[27.759,61.742],[27.801,61.767],[27.826,61.745],[27.808,61.726],[27.832,61.701],[27.863,61.711],[27.914,61.682],[27.925,61.671],[27.904,61.671],[27.946,61.642],[27.904,61.616],[27.932,61.623],[27.95,61.586],[28.016,61.545],[28.035,61.485],[28.09,61.499],[28.096,61.527],[28.13,61.527],[28.12,61.55],[28.144,61.568],[28.18,61.517],[28.233,61.575],[28.212,61.582],[28.246,61.616],[28.263,61.661],[28.261,61.732],[28.226,61.726],[28.243,61.743],[28.335,61.767],[28.309,61.746],[28.405,61.739],[28.402,61.757],[28.357,61.78],[28.419,61.767],[28.444,61.737],[28.459,61.746],[28.441,61.764],[28.445,61.793],[28.508,61.75],[28.528,61.752],[28.533,61.769],[28.479,61.801],[28.535,61.842],[28.473,61.856],[28.502,61.862],[28.675,61.81],[28.699,61.821],[28.767,61.807],[28.809,61.826],[28.849,61.812],[28.865,61.826],[28.859,61.844],[28.822,61.848],[28.85,61.862],[28.832,61.881],[28.663,61.897],[28.604,61.924],[28.774,61.924],[28.747,61.938],[28.693,61.941],[28.585,61.988],[28.395,62.032],[28.309,62.075],[28.44,62.034],[28.487,62.034],[28.425,62.067],[28.359,62.07],[28.275,62.109],[28.212,62.102],[28.288,62.081],[28.171,62.102],[28.178,62.095],[28.153,62.09],[28.101,62.112],[28.076,62.109],[28.103,62.095],[28.071,62.089],[27.884,62.143],[27.863,62.157],[27.987,62.171],[27.934,62.2],[27.915,62.219],[27.918,62.246],[27.883,62.253],[27.897,62.267],[27.886,62.283],[27.822,62.328],[27.938,62.321],[27.926,62.344],[27.903,62.348],[27.818,62.345],[27.823,62.362],[27.87,62.377],[27.819,62.404],[27.774,62.472],[27.736,62.465],[27.772,62.394],[27.74,62.383],[27.579,62.463],[27.58,62.443],[27.627,62.421],[27.625,62.408],[27.558,62.393],[27.446,62.453],[27.507,62.472],[27.377,62.52],[27.372,62.504],[27.418,62.472],[27.34,62.472],[27.306,62.455],[27.254,62.465],[27.274,62.486],[27.263,62.505],[27.164,62.554],[27.12,62.6],[27.121,62.633],[27.195,62.561],[27.329,62.493],[27.329,62.525],[27.37,62.534],[27.339,62.582],[27.394,62.55],[27.404,62.561],[27.389,62.584],[27.421,62.585],[27.445,62.512],[27.551,62.554],[27.554,62.506],[27.616,62.478],[27.637,62.452],[27.74,62.411],[27.693,62.466],[27.613,62.503],[27.596,62.531],[27.656,62.522],[27.698,62.478],[27.736,62.515],[27.608,62.569],[27.572,62.564],[27.507,62.606],[27.514,62.623],[27.562,62.603],[27.534,62.596],[27.56,62.585],[27.643,62.575],[27.585,62.668],[27.637,62.712],[27.616,62.746],[27.661,62.726],[27.68,62.756],[27.644,62.8],[27.616,62.78],[27.603,62.792],[27.648,62.826],[27.698,62.82],[27.643,62.835],[27.637,62.863],[27.689,62.879],[27.698,62.918],[27.65,62.932],[27.61,62.918],[27.616,62.897],[27.57,62.9],[27.554,62.884],[27.576,62.842],[27.551,62.831],[27.477,62.885],[27.39,62.89],[27.397,62.909],[27.383,62.918],[27.401,62.942],[27.377,62.951],[27.397,62.979],[27.342,62.986],[27.356,63],[27.246,63.027],[27.301,63.048],[27.226,63.068],[27.205,63.055],[27.171,63.061],[27.165,63.076],[27.185,63.082],[27.164,63.11],[27.267,63.096],[27.13,63.185],[27.171,63.185],[27.157,63.206],[27.246,63.212],[27.226,63.259],[27.21,63.272],[27.191,63.26],[27.191,63.288],[27.164,63.308],[27.198,63.329],[27.225,63.298],[27.267,63.301],[27.228,63.333],[27.225,63.369],[27.198,63.349],[27.201,63.385],[27.16,63.431],[27.178,63.452],[27.166,63.479],[27.178,63.507],[27.023,63.539],[27.007,63.524],[27.048,63.493],[26.979,63.493],[26.959,63.521],[26.972,63.539],[26.897,63.549],[26.912,63.562],[26.877,63.591],[26.928,63.592],[26.973,63.559],[27.035,63.566],[27.072,63.539],[27.147,63.562],[27.197,63.518],[27.191,63.473],[27.26,63.445],[27.287,63.39],[27.212,63.449],[27.178,63.424],[27.274,63.369],[27.274,63.343],[27.307,63.339],[27.365,63.369],[27.348,63.304],[27.383,63.315],[27.396,63.303],[27.342,63.288],[27.308,63.239],[27.363,63.212],[27.322,63.198],[27.37,63.192],[27.322,63.185],[27.377,63.171],[27.322,63.155],[27.255,63.185],[27.219,63.171],[27.308,63.116],[27.274,63.11],[27.377,63.082],[27.329,63.089],[27.351,63.045],[27.4,63.013],[27.46,62.993],[27.63,62.979],[27.576,63.033],[27.64,63.013],[27.718,62.94],[27.772,62.931],[27.794,62.938],[27.816,62.98],[27.746,62.986],[27.746,63.006],[27.768,63.02],[27.705,63.068],[27.74,63.099],[27.774,63.082],[27.832,63.116],[27.87,63.068],[27.839,63.059],[27.822,63.03],[27.89,63],[27.95,63.046],[28.027,63.041],[28.098,62.998],[28.186,62.992],[28.216,62.997],[28.233,63.014],[28.219,63.02],[28.277,63.043],[28.377,63.048],[28.377,63.021],[28.302,63.031],[28.267,63.014],[28.349,62.986],[28.24,62.991],[28.22,62.967],[28.124,62.951],[28.185,62.945],[28.124,62.89],[28.192,62.881],[28.246,62.849],[28.13,62.842],[28.157,62.829],[28.13,62.801],[28.179,62.783],[28.201,62.738],[28.233,62.719],[28.199,62.698],[28.247,62.713],[28.276,62.693],[28.274,62.657],[28.233,62.643],[28.335,62.629],[28.487,62.574],[28.651,62.554],[28.623,62.541],[28.714,62.473],[28.892,62.427],[28.96,62.399],[28.966,62.383],[28.867,62.405],[28.836,62.396],[28.898,62.356],[28.794,62.394],[28.607,62.419],[28.525,62.486],[28.459,62.506],[28.543,62.509],[28.597,62.478],[28.651,62.472],[28.607,62.508],[28.511,62.561],[28.432,62.568],[28.357,62.603],[28.377,62.588],[28.358,62.569],[28.267,62.582],[28.205,62.527],[28.215,62.518],[28.203,62.477],[28.171,62.465],[28.171,62.445],[28.219,62.424],[28.173,62.419],[28.068,62.442],[28.055,62.459],[28.098,62.455],[28.144,62.478],[28.135,62.502],[28.155,62.524],[28.117,62.547],[28.138,62.603],[28.027,62.664],[28.047,62.676],[28.124,62.664],[28.076,62.684],[28.08,62.707],[28.004,62.722],[27.997,62.756],[27.952,62.769],[27.89,62.725],[27.768,62.698],[27.788,62.684],[27.719,62.651],[27.794,62.623],[27.863,62.629],[27.83,62.606],[27.801,62.623],[27.777,62.609],[27.712,62.623],[27.733,62.609],[27.726,62.588],[27.779,62.588],[27.811,62.562],[27.815,62.534],[27.89,62.5],[27.899,62.474],[27.87,62.452],[27.892,62.433],[28.007,62.404],[28.052,62.428],[28.048,62.377],[27.925,62.287],[27.939,62.258],[28.076,62.232],[28.069,62.246],[28.178,62.253],[28.144,62.273],[28.274,62.246],[28.299,62.249],[28.233,62.28],[28.342,62.294],[28.377,62.28],[28.349,62.265],[28.363,62.24],[28.414,62.242],[28.549,62.204],[28.569,62.212],[28.563,62.232],[28.589,62.218],[28.572,62.27],[28.622,62.269],[28.618,62.307],[28.662,62.294],[28.74,62.328],[28.654,62.363],[28.644,62.377],[28.727,62.356],[28.638,62.396],[28.661,62.399],[28.747,62.377],[28.746,62.364],[28.811,62.338],[28.822,62.328],[28.777,62.318],[28.791,62.294],[28.926,62.218],[28.98,62.164],[28.957,62.159],[28.795,62.246],[28.839,62.195],[28.932,62.164],[28.896,62.158],[28.685,62.205],[28.808,62.164],[28.843,62.136],[28.788,62.143],[28.795,62.136],[28.76,62.129],[28.874,62.119],[29.042,62.164],[29.104,62.15],[29.227,62.157],[29.188,62.179],[29.062,62.198],[29.098,62.206],[29.322,62.159],[29.343,62.164],[29.313,62.177],[29.367,62.187],[29.37,62.212],[29.412,62.226],[29.275,62.246],[29.316,62.253],[29.288,62.273],[29.316,62.287],[29.288,62.315],[29.302,62.335],[29.268,62.386],[29.221,62.404],[29.316,62.418],[29.336,62.448],[29.319,62.489],[29.241,62.561],[29.206,62.554],[29.255,62.575],[29.281,62.609],[29.366,62.594],[29.377,62.575],[29.322,62.582],[29.364,62.541],[29.367,62.517],[29.398,62.506],[29.389,62.534],[29.413,62.552],[29.412,62.523],[29.474,62.5],[29.473,62.481],[29.581,62.44],[29.618,62.4],[29.662,62.386],[29.693,62.39],[29.677,62.427],[29.602,62.444],[29.569,62.472],[29.631,62.475],[29.576,62.5],[29.572,62.527],[29.652,62.554],[29.59,62.603],[29.642,62.624],[29.699,62.629],[29.8,62.576],[29.816,62.557],[29.802,62.527],[29.895,62.441],[29.947,62.449],[29.911,62.411],[29.85,62.424],[29.848,62.394],[29.816,62.383],[29.825,62.354],[29.791,62.367],[29.741,62.356],[29.775,62.342],[29.768,62.328],[29.857,62.308],[29.747,62.321],[29.738,62.301],[29.722,62.301],[29.657,62.326],[29.624,62.315],[29.658,62.284],[29.593,62.301],[29.542,62.294],[29.655,62.207],[29.74,62.186],[29.768,62.191],[29.775,62.218],[29.872,62.175],[29.975,62.171],[30.02,62.132],[29.939,62.109],[29.912,62.085],[29.801,62.153],[29.666,62.157],[29.699,62.136],[29.685,62.123],[29.56,62.176],[29.531,62.165],[29.508,62.178],[29.534,62.142],[29.507,62.091],[29.522,62.081],[29.497,62.075],[29.418,62.102],[29.461,62.059],[29.522,62.034],[29.508,62.013],[29.566,61.984],[29.672,61.951],[29.628,61.975],[29.607,62.016],[29.666,62.034],[29.761,61.949],[29.802,61.93],[29.755,61.903],[29.789,61.889],[29.775,61.876],[29.707,61.889],[29.741,61.842],[29.719,61.819],[29.66,61.854],[29.631,61.848],[29.686,61.828],[29.637,61.8],[29.536,61.798],[29.48,61.78],[29.525,61.767],[29.528,61.752],[29.47,61.749],[29.439,61.718],[29.412,61.752],[29.384,61.718],[29.432,61.698],[29.302,61.689],[29.329,61.664],[29.247,61.626],[29.241,61.616],[29.281,61.616],[29.253,61.602],[29.145,61.623],[29.152,61.609],[29.104,61.616],[29.124,61.601],[29.105,61.598],[29.042,61.616],[29.124,61.568],[29.103,61.562],[29.042,61.575],[28.987,61.609],[28.774,61.69],[28.722,61.689],[28.719,61.641],[28.707,61.636],[28.665,61.671],[28.668,61.646],[28.652,61.639],[28.597,61.642],[28.617,61.601],[28.672,61.609],[28.665,61.623],[28.76,61.621],[28.857,61.575],[28.774,61.597],[28.685,61.589],[28.662,61.57],[28.699,61.554],[28.665,61.54],[28.707,61.534],[28.658,61.51],[28.688,61.514],[28.712,61.495],[28.707,61.479],[28.67,61.463],[28.575,61.5],[28.535,61.499],[28.569,61.479],[28.568,61.451],[28.589,61.431],[28.559,61.404],[28.35,61.399],[28.347,61.373],[28.473,61.369],[28.418,61.346],[28.304,61.364],[28.298,61.353],[28.345,61.325],[28.453,61.314],[28.555,61.355],[28.555,61.334],[28.583,61.349],[28.679,61.348],[28.651,61.376],[28.669,61.372],[28.735,61.332],[28.788,61.321],[28.796,61.305],[28.867,61.287],[28.884,61.269],[28.865,61.226],[28.51,61.127],[28.396,61.113],[28.322,61.074],[28.127,61.059],[28.045,61.074],[28.055,61.089]],[[28.566,61.246],[28.622,61.203],[28.679,61.218],[28.617,61.246],[28.566,61.246]],[[27.951,61.484],[27.973,61.479],[27.946,61.528],[27.846,61.511],[27.815,61.534],[27.748,61.544],[27.712,61.534],[27.716,61.495],[27.759,61.489],[27.774,61.479],[27.755,61.471],[27.788,61.451],[27.718,61.451],[27.692,61.477],[27.63,61.465],[27.577,61.485],[27.5,61.479],[27.541,61.458],[27.801,61.431],[27.712,61.403],[27.849,61.41],[27.92,61.454],[27.883,61.485],[27.951,61.484]],[[27.67,61.287],[27.719,61.273],[27.678,61.287],[27.682,61.304],[27.658,61.321],[27.671,61.334],[27.637,61.341],[27.65,61.362],[27.617,61.389],[27.528,61.389],[27.534,61.403],[27.421,61.431],[27.301,61.396],[27.412,61.359],[27.556,61.348],[27.583,61.328],[27.467,61.348],[27.441,61.335],[27.597,61.261],[27.67,61.287]],[[28.24,61.394],[28.29,61.399],[28.288,61.416],[28.422,61.416],[28.541,61.437],[28.459,61.506],[28.41,61.513],[28.389,61.507],[28.391,61.492],[28.357,61.499],[28.377,61.465],[28.343,61.446],[28.185,61.451],[28.213,61.451],[28.219,61.41],[28.24,61.394]],[[28.243,61.539],[28.226,61.513],[28.281,61.527],[28.291,61.513],[28.329,61.534],[28.363,61.52],[28.384,61.558],[28.432,61.541],[28.473,61.582],[28.384,61.589],[28.243,61.539]],[[28.291,61.694],[28.274,61.642],[28.301,61.636],[28.281,61.609],[28.329,61.642],[28.36,61.608],[28.541,61.623],[28.506,61.676],[28.453,61.698],[28.5,61.718],[28.405,61.705],[28.432,61.683],[28.432,61.664],[28.415,61.657],[28.377,61.671],[28.384,61.718],[28.369,61.727],[28.29,61.729],[28.291,61.694]],[[28.858,61.904],[28.898,61.917],[28.884,61.903],[28.921,61.895],[28.932,61.856],[29.008,61.78],[29.112,61.779],[29.172,61.752],[29.234,61.784],[29.193,61.807],[29.302,61.821],[29.294,61.847],[29.313,61.855],[29.292,61.875],[29.324,61.915],[29.316,61.93],[29.343,61.944],[29.324,61.957],[29.331,61.969],[29.37,61.979],[29.43,61.96],[29.432,61.944],[29.514,61.944],[29.46,61.979],[29.439,62.02],[29.464,62.029],[29.401,62.065],[29.364,62.123],[29.268,62.15],[29.299,62.103],[29.248,62.048],[29.288,62.026],[29.295,61.985],[29.2,62.02],[29.227,62.04],[29.158,62.081],[29.247,62.08],[29.226,62.134],[29.183,62.141],[29.142,62.137],[29.124,62.109],[29.004,62.129],[28.878,62.091],[28.699,62.075],[28.707,62.061],[28.679,62.055],[28.688,62.023],[28.744,61.986],[28.828,61.968],[28.877,61.938],[28.822,61.917],[28.858,61.904]],[[27.815,62.478],[27.79,62.529],[27.657,62.561],[27.765,62.518],[27.787,62.484],[27.815,62.478]],[[27.843,62.925],[27.822,62.932],[27.875,62.818],[27.916,62.825],[28.052,62.734],[28.082,62.746],[28.042,62.753],[28.076,62.762],[28.165,62.746],[28.112,62.774],[28.048,62.78],[28.06,62.799],[28.124,62.822],[28.042,62.835],[28.117,62.849],[28.048,62.863],[28.13,62.877],[28.035,62.884],[28.082,62.897],[28.027,62.911],[28.09,62.925],[28.055,62.979],[28.013,62.981],[27.993,62.945],[27.952,62.951],[27.904,62.934],[27.883,62.945],[27.918,62.959],[27.861,62.968],[27.849,62.951],[27.904,62.918],[27.882,62.91],[27.843,62.925]]]]}},{"type":"Feature","properties":{"n":""},"geometry":{"type":"MultiPolygon","coordinates":[[[[35.304,-14.559],[35.326,-14.628],[35.284,-14.675],[35.278,-14.758],[35.191,-14.685],[35.202,-14.655],[35.193,-14.558],[35.214,-14.517],[35.257,-14.504],[35.304,-14.559]]]]}},{"type":"Feature","properties":{"n":"Lago Buenos Aires"},"geometry":{"type":"MultiPolygon","coordinates":[[[[-71.179,-46.497],[-71.145,-46.52],[-71.15,-46.535],[-71.186,-46.54],[-71.21,-46.582],[-71.282,-46.594],[-71.446,-46.586],[-71.659,-46.526],[-71.73,-46.532],[-71.769,-46.496],[-71.805,-46.503],[-71.858,-46.474],[-72.124,-46.565],[-72.172,-46.569],[-72.242,-46.547],[-72.324,-46.588],[-72.425,-46.683],[-72.55,-46.725],[-72.663,-46.836],[-72.7,-46.849],[-72.761,-46.839],[-72.788,-46.909],[-72.803,-46.884],[-72.828,-46.885],[-72.834,-46.936],[-72.817,-46.958],[-72.841,-47.001],[-72.94,-47.027],[-72.895,-46.99],[-72.887,-46.919],[-72.869,-46.887],[-72.821,-46.854],[-72.811,-46.803],[-72.824,-46.774],[-72.774,-46.749],[-72.687,-46.74],[-72.629,-46.653],[-72.698,-46.61],[-72.755,-46.497],[-72.748,-46.479],[-72.687,-46.444],[-72.665,-46.574],[-72.639,-46.61],[-72.617,-46.594],[-72.538,-46.621],[-72.467,-46.623],[-72.362,-46.543],[-72.292,-46.536],[-72.213,-46.499],[-72.162,-46.512],[-71.955,-46.413],[-71.874,-46.387],[-71.784,-46.382],[-71.794,-46.356],[-71.877,-46.364],[-71.94,-46.328],[-71.973,-46.28],[-71.87,-46.319],[-71.796,-46.315],[-71.748,-46.348],[-71.728,-46.309],[-71.638,-46.308],[-71.597,-46.287],[-71.582,-46.305],[-71.637,-46.322],[-71.659,-46.356],[-71.412,-46.425],[-71.286,-46.424],[-71.268,-46.472],[-71.179,-46.497]]]]}},{"type":"Feature","properties":{"n":"Lago Llanquihue"},"geometry":{"type":"MultiPolygon","coordinates":[[[[-72.902,-41.319],[-72.977,-41.299],[-73.014,-41.224],[-73.012,-41.203],[-72.952,-41.163],[-73.046,-41.127],[-72.963,-41.086],[-72.922,-41.05],[-72.917,-40.997],[-72.846,-40.949],[-72.828,-40.95],[-72.81,-40.992],[-72.786,-41.002],[-72.687,-41.003],[-72.653,-41.094],[-72.564,-41.207],[-72.614,-41.226],[-72.699,-41.193],[-72.725,-41.198],[-72.775,-41.251],[-72.837,-41.268],[-72.902,-41.319]]]]}},{"type":"Feature","properties":{"n":"Hongze Hu"},"geometry":{"type":"MultiPolygon","coordinates":[[[[118.669,33.181],[118.652,33.191],[118.614,33.173],[118.579,33.184],[118.558,33.153],[118.565,33.119],[118.544,33.088],[118.544,33.047],[118.525,33.057],[118.481,32.985],[118.334,32.938],[118.319,32.937],[118.315,32.956],[118.295,32.95],[118.288,32.933],[118.261,32.933],[118.25,32.882],[118.229,32.887],[118.223,32.909],[118.175,32.862],[118.161,32.906],[118.191,32.934],[118.189,32.95],[118.229,32.958],[118.135,33.03],[118.116,32.972],[118.082,32.961],[118.003,32.896],[117.986,32.86],[117.983,32.903],[117.975,32.896],[118.1,33.037],[118.127,33.047],[118.173,33.034],[118.243,32.972],[118.291,32.971],[118.255,32.989],[118.231,33.026],[118.199,33.155],[118.158,33.163],[118.062,33.136],[117.907,33.136],[117.907,33.05],[117.844,33.021],[117.807,33.024],[117.757,33.06],[117.877,33.05],[117.894,33.088],[117.878,33.148],[117.92,33.193],[118.051,33.184],[118.116,33.224],[118.173,33.227],[118.211,33.206],[118.237,33.163],[118.229,33.118],[118.26,33.018],[118.291,32.991],[118.343,32.979],[118.415,33],[118.456,33.06],[118.403,33.031],[118.339,33.032],[118.457,33.081],[118.47,33.106],[118.443,33.101],[118.485,33.138],[118.483,33.166],[118.394,33.157],[118.233,33.208],[118.198,33.405],[118.209,33.423],[118.255,33.269],[118.305,33.239],[118.331,33.276],[118.409,33.327],[118.397,33.39],[118.412,33.403],[118.456,33.397],[118.477,33.445],[118.495,33.434],[118.49,33.373],[118.51,33.369],[118.537,33.392],[118.557,33.388],[118.575,33.358],[118.619,33.354],[118.634,33.369],[118.586,33.403],[118.542,33.413],[118.47,33.554],[118.469,33.639],[118.565,33.658],[118.579,33.623],[118.558,33.602],[118.583,33.596],[118.579,33.567],[118.607,33.578],[118.616,33.563],[118.607,33.513],[118.622,33.508],[118.607,33.451],[118.633,33.478],[118.782,33.446],[118.881,33.359],[118.836,33.307],[118.816,33.235],[118.788,33.215],[118.744,33.13],[118.744,33.088],[118.686,33.08],[118.688,33.06],[118.661,33.106],[118.669,33.133],[118.696,33.15],[118.669,33.181]]]]}},{"type":"Feature","properties":{"n":"Khövsgöl Nuur"},"geometry":{"type":"MultiPolygon","coordinates":[[[[100.767,51.447],[100.796,51.412],[100.781,51.343],[100.789,51.316],[100.769,51.302],[100.776,51.255],[100.708,51.128],[100.742,51.069],[100.682,51.039],[100.672,51.021],[100.712,50.996],[100.657,50.92],[100.512,50.844],[100.494,50.8],[100.529,50.791],[100.51,50.765],[100.44,50.733],[100.423,50.632],[100.447,50.63],[100.46,50.65],[100.495,50.638],[100.481,50.593],[100.433,50.589],[100.474,50.562],[100.423,50.555],[100.389,50.528],[100.322,50.543],[100.263,50.526],[100.228,50.535],[100.193,50.479],[100.193,50.453],[100.167,50.489],[100.159,50.534],[100.165,50.562],[100.207,50.603],[100.203,50.635],[100.262,50.678],[100.241,50.699],[100.247,50.894],[100.335,51.136],[100.267,51.269],[100.267,51.328],[100.291,51.35],[100.324,51.33],[100.405,51.347],[100.432,51.367],[100.468,51.425],[100.458,51.443],[100.367,51.432],[100.36,51.456],[100.432,51.52],[100.505,51.546],[100.523,51.611],[100.55,51.62],[100.615,51.59],[100.646,51.515],[100.679,51.48],[100.767,51.447]]]]}},{"type":"Feature","properties":{"n":"Päijänne"},"geometry":{"type":"MultiPolygon","coordinates":[[[[26.305,61.414],[26.356,61.431],[26.283,61.351],[26.191,61.307],[26.202,61.296],[26.287,61.301],[26.266,61.28],[26.28,61.259],[26.256,61.229],[26.229,61.23],[26.221,61.279],[26.177,61.266],[26.184,61.287],[26.108,61.253],[26.191,61.232],[26.185,61.208],[26.211,61.156],[26.191,61.17],[26.174,61.157],[26.177,61.122],[26.207,61.142],[26.226,61.106],[26.273,61.088],[26.211,61.089],[26.169,61.058],[26.164,61.033],[26.204,61.04],[26.144,61.009],[26.088,60.931],[26.061,60.986],[26.033,60.943],[26.009,60.964],[26.095,61.006],[26.164,61.098],[26.095,61.122],[26.088,61.15],[25.985,61.204],[25.97,61.173],[25.917,61.211],[25.845,61.14],[25.835,61.15],[25.876,61.184],[25.849,61.184],[25.806,61.217],[25.763,61.211],[25.794,61.242],[25.665,61.286],[25.613,61.276],[25.624,61.231],[25.725,61.211],[25.685,61.187],[25.553,61.17],[25.55,61.146],[25.499,61.115],[25.575,61.06],[25.592,61.088],[25.607,61.083],[25.622,61.054],[25.609,61.027],[25.631,61.01],[25.624,60.993],[25.592,60.992],[25.512,61.027],[25.547,61.06],[25.467,61.1],[25.44,61.091],[25.465,61.06],[25.444,61.04],[25.406,61.066],[25.307,61.068],[25.318,61.083],[25.403,61.101],[25.376,61.101],[25.395,61.14],[25.435,61.16],[25.532,61.17],[25.492,61.193],[25.516,61.263],[25.458,61.29],[25.431,61.28],[25.454,61.258],[25.449,61.241],[25.395,61.239],[25.385,61.284],[25.409,61.328],[25.386,61.338],[25.307,61.307],[25.321,61.339],[25.261,61.351],[25.239,61.369],[25.28,61.376],[25.232,61.389],[25.308,61.399],[25.149,61.458],[25.218,61.465],[25.225,61.477],[25.177,61.485],[25.212,61.506],[25.143,61.54],[25.254,61.541],[25.28,61.561],[25.259,61.582],[25.287,61.588],[25.391,61.562],[25.416,61.589],[25.368,61.595],[25.427,61.609],[25.465,61.642],[25.423,61.677],[25.348,61.677],[25.376,61.683],[25.345,61.703],[25.362,61.726],[25.283,61.739],[25.239,61.726],[25.252,61.752],[25.17,61.807],[25.246,61.807],[25.273,61.793],[25.273,61.767],[25.352,61.763],[25.403,61.777],[25.465,61.871],[25.435,61.884],[25.212,61.862],[25.277,61.889],[25.383,61.904],[25.293,61.938],[25.406,61.93],[25.485,61.903],[25.489,61.919],[25.532,61.938],[25.491,61.944],[25.509,61.973],[25.56,61.97],[25.575,61.985],[25.512,62.013],[25.68,62],[25.731,62.023],[25.724,62.041],[25.631,62.066],[25.632,62.087],[25.677,62.091],[25.63,62.113],[25.605,62.117],[25.578,62.095],[25.456,62.112],[25.457,62.143],[25.436,62.153],[25.447,62.168],[25.468,62.172],[25.478,62.15],[25.526,62.164],[25.532,62.123],[25.703,62.131],[25.732,62.157],[25.684,62.2],[25.754,62.203],[25.766,62.218],[25.725,62.24],[25.827,62.241],[25.917,62.287],[25.853,62.31],[25.842,62.318],[25.854,62.332],[25.938,62.321],[25.91,62.359],[25.944,62.411],[25.903,62.447],[25.849,62.452],[25.876,62.424],[25.851,62.417],[25.787,62.445],[25.863,62.472],[25.863,62.486],[25.746,62.548],[25.698,62.554],[25.711,62.535],[25.704,62.513],[25.678,62.542],[25.698,62.575],[25.612,62.596],[25.584,62.588],[25.581,62.599],[25.609,62.615],[25.589,62.629],[25.618,62.641],[25.711,62.629],[25.799,62.653],[25.814,62.671],[25.773,62.742],[25.794,62.753],[25.834,62.703],[25.908,62.702],[25.929,62.738],[25.924,62.771],[25.85,62.779],[25.804,62.767],[25.794,62.78],[25.812,62.801],[25.855,62.794],[25.842,62.842],[25.887,62.84],[25.917,62.863],[25.807,62.911],[25.897,62.884],[25.89,62.897],[25.992,62.897],[25.855,62.973],[25.881,62.986],[25.865,63.002],[25.719,63.064],[25.684,63.068],[25.691,63.048],[25.647,63.052],[25.54,63.102],[25.564,63.065],[25.532,63.033],[25.519,62.988],[25.54,62.966],[25.488,62.945],[25.465,62.973],[25.328,63.007],[25.352,63.041],[25.485,63.014],[25.504,63.022],[25.492,63.059],[25.416,63.123],[25.457,63.123],[25.431,63.143],[25.459,63.151],[25.485,63.122],[25.532,63.123],[25.538,63.182],[25.526,63.192],[25.575,63.185],[25.618,63.254],[25.636,63.212],[25.601,63.185],[25.648,63.147],[25.829,63.072],[25.863,63.076],[25.781,63.123],[25.814,63.143],[25.938,63.11],[25.923,63.08],[25.945,63.059],[26.15,62.973],[26.089,62.969],[25.988,63.014],[25.974,63.008],[25.996,62.967],[26.076,62.94],[26.16,62.872],[26.245,62.856],[26.412,62.732],[26.416,62.719],[26.396,62.712],[26.36,62.736],[26.31,62.699],[26.229,62.78],[26.045,62.863],[26.046,62.84],[26.095,62.8],[26.033,62.815],[25.989,62.756],[26.04,62.678],[25.958,62.726],[25.96,62.704],[26.108,62.623],[26.053,62.618],[26.003,62.647],[25.888,62.667],[25.791,62.636],[25.791,62.611],[25.845,62.569],[25.809,62.558],[25.781,62.582],[25.751,62.591],[25.742,62.58],[25.982,62.415],[26.007,62.411],[25.997,62.446],[26.047,62.478],[26.028,62.495],[26.033,62.52],[26.061,62.53],[26.054,62.506],[26.07,62.505],[26.086,62.549],[26.142,62.472],[26.04,62.459],[26.056,62.449],[26.054,62.424],[26.111,62.392],[26.211,62.377],[26.184,62.39],[26.207,62.43],[26.177,62.465],[26.187,62.472],[26.164,62.5],[26.181,62.506],[26.15,62.547],[26.191,62.541],[26.181,62.572],[26.24,62.56],[26.244,62.577],[26.218,62.596],[26.278,62.58],[26.358,62.614],[26.376,62.623],[26.338,62.638],[26.364,62.658],[26.418,62.651],[26.411,62.637],[26.436,62.627],[26.541,62.607],[26.554,62.616],[26.557,62.637],[26.461,62.727],[26.378,62.777],[26.396,62.801],[26.342,62.835],[26.314,62.891],[26.383,62.863],[26.377,62.843],[26.467,62.797],[26.48,62.781],[26.472,62.767],[26.562,62.689],[26.71,62.622],[26.769,62.617],[26.792,62.598],[26.816,62.604],[26.794,62.647],[26.804,62.663],[26.877,62.692],[26.73,62.742],[26.664,62.794],[26.7,62.803],[26.699,62.819],[26.621,62.836],[26.608,62.874],[26.451,62.959],[26.53,62.942],[26.624,62.897],[26.66,62.85],[26.778,62.787],[26.776,62.807],[26.753,62.815],[26.746,62.884],[26.704,62.907],[26.733,62.938],[26.671,62.986],[26.788,62.927],[26.842,62.918],[26.691,63.014],[26.739,63.014],[26.836,62.972],[26.896,62.986],[26.938,63.033],[26.997,63.035],[27.054,63.02],[27.028,63.002],[26.959,63.02],[26.955,63.006],[26.993,62.993],[26.966,62.986],[27.061,62.925],[27.026,62.921],[26.912,62.979],[26.924,62.959],[26.907,62.952],[26.92,62.936],[26.973,62.911],[26.937,62.902],[26.897,62.932],[26.877,62.928],[26.857,62.9],[26.869,62.884],[26.966,62.842],[26.924,62.877],[27.112,62.851],[27.185,62.822],[27.133,62.815],[26.993,62.856],[27.026,62.839],[27.013,62.801],[27.027,62.794],[26.993,62.774],[26.815,62.835],[26.869,62.794],[26.897,62.739],[27.054,62.664],[26.924,62.678],[26.966,62.651],[26.952,62.629],[27.006,62.619],[27.054,62.588],[27.023,62.585],[26.867,62.653],[26.835,62.654],[26.852,62.621],[26.89,62.603],[26.796,62.563],[26.794,62.526],[26.877,62.52],[26.835,62.496],[26.857,62.477],[26.916,62.515],[26.912,62.5],[26.938,62.493],[26.912,62.478],[26.955,62.441],[26.924,62.434],[26.878,62.458],[26.814,62.464],[26.808,62.5],[26.772,62.494],[26.711,62.452],[26.684,62.452],[26.757,62.544],[26.739,62.561],[26.767,62.575],[26.679,62.613],[26.636,62.582],[26.698,62.554],[26.666,62.521],[26.629,62.513],[26.657,62.478],[26.602,62.465],[26.623,62.431],[26.568,62.418],[26.564,62.382],[26.451,62.404],[26.418,62.362],[26.418,62.335],[26.458,62.315],[26.453,62.301],[26.433,62.305],[26.354,62.346],[26.376,62.387],[26.431,62.404],[26.383,62.437],[26.438,62.445],[26.514,62.408],[26.527,62.418],[26.464,62.455],[26.479,62.472],[26.516,62.452],[26.529,62.468],[26.587,62.484],[26.602,62.506],[26.593,62.537],[26.557,62.561],[26.332,62.597],[26.273,62.535],[26.215,62.537],[26.252,62.478],[26.233,62.431],[26.299,62.409],[26.321,62.377],[26.305,62.362],[26.308,62.308],[26.171,62.368],[26.04,62.39],[26.142,62.335],[26.172,62.288],[26.205,62.285],[26.177,62.267],[26.095,62.273],[26.119,62.288],[26.061,62.308],[26.083,62.311],[26.068,62.341],[26.038,62.372],[25.983,62.378],[25.978,62.396],[25.944,62.356],[25.964,62.328],[25.958,62.315],[26.054,62.26],[25.944,62.273],[25.956,62.208],[25.928,62.151],[26.006,62.095],[25.889,62.143],[25.907,62.215],[25.89,62.225],[25.849,62.205],[25.854,62.184],[25.818,62.157],[25.781,62.054],[25.905,62.024],[25.93,61.996],[25.922,61.983],[25.803,62.017],[25.787,62.007],[25.801,61.982],[25.753,61.988],[25.794,61.958],[25.748,61.938],[25.708,61.981],[25.686,61.958],[25.657,61.985],[25.615,61.975],[25.677,61.917],[25.615,61.924],[25.623,61.9],[25.673,61.889],[25.716,61.904],[25.745,61.889],[25.671,61.858],[25.601,61.862],[25.601,61.82],[25.567,61.78],[25.597,61.749],[25.617,61.749],[25.676,61.785],[25.684,61.815],[25.745,61.828],[25.711,61.78],[25.725,61.726],[25.65,61.698],[25.622,61.671],[25.663,61.671],[25.655,61.635],[25.787,61.575],[25.593,61.619],[25.547,61.595],[25.636,61.589],[25.567,61.561],[25.595,61.513],[25.532,61.499],[25.633,61.467],[25.663,61.472],[25.643,61.485],[25.697,61.49],[25.697,61.456],[25.725,61.444],[25.499,61.451],[25.506,61.416],[25.595,61.396],[25.532,61.362],[25.561,61.355],[25.526,61.293],[25.57,61.329],[25.595,61.321],[25.567,61.301],[25.589,61.28],[25.632,61.301],[25.796,61.256],[25.855,61.259],[25.835,61.266],[25.851,61.284],[25.875,61.281],[25.944,61.254],[26.006,61.253],[26.023,61.234],[25.998,61.218],[26.089,61.176],[26.15,61.211],[26.084,61.244],[26.088,61.266],[26.202,61.342],[26.245,61.35],[26.305,61.414]]]]}},{"type":"Feature","properties":{"n":"Lac Moeru"},"geometry":{"type":"MultiPolygon","coordinates":[[[[29.127,-8.621],[29.147,-8.676],[29.008,-8.988],[28.92,-9.037],[28.891,-9.098],[28.83,-9.153],[28.816,-9.195],[28.718,-9.304],[28.712,-9.333],[28.727,-9.364],[28.714,-9.414],[28.733,-9.42],[28.72,-9.445],[28.665,-9.399],[28.647,-9.406],[28.625,-9.391],[28.521,-9.426],[28.524,-9.392],[28.5,-9.364],[28.483,-9.387],[28.483,-9.445],[28.459,-9.468],[28.526,-9.481],[28.528,-9.509],[28.504,-9.503],[28.425,-9.529],[28.357,-9.515],[28.315,-9.522],[28.352,-9.458],[28.34,-9.398],[28.315,-9.361],[28.329,-9.338],[28.315,-9.276],[28.345,-9.207],[28.321,-9.149],[28.329,-9.104],[28.466,-8.988],[28.541,-8.878],[28.757,-8.655],[28.869,-8.495],[28.909,-8.483],[29.127,-8.621]]]]}},{"type":"Feature","properties":{"n":"Lake Khanka"},"geometry":{"type":"MultiPolygon","coordinates":[[[[132.82,45.148],[132.838,45.067],[132.742,44.924],[132.649,44.855],[132.627,44.796],[132.641,44.752],[132.631,44.71],[132.491,44.626],[132.418,44.604],[132.371,44.532],[132.243,44.567],[132.232,44.585],[132.247,44.61],[132.216,44.638],[132.284,44.634],[132.232,44.664],[132.108,44.694],[132.065,44.73],[132.037,44.817],[132.12,44.868],[132.114,44.991],[132.086,45.025],[132.012,45.045],[132.003,45.069],[132.041,45.113],[132.003,45.162],[132,45.203],[131.983,45.212],[132.014,45.252],[132.109,45.309],[132.196,45.334],[132.42,45.337],[132.572,45.308],[132.754,45.232],[132.82,45.148]]]]}},{"type":"Feature","properties":{"n":"Tonlé Sap"},"geometry":{"type":"MultiPolygon","coordinates":[[[[104.604,12.433],[104.62,12.379],[104.496,12.511],[104.442,12.523],[104.408,12.509],[104.212,12.581],[104.149,12.663],[104.151,12.693],[104.133,12.694],[104.14,12.742],[104.117,12.761],[104.127,12.797],[104.111,12.789],[104.092,12.825],[104.079,12.804],[104.023,12.783],[104.01,12.811],[103.986,12.802],[103.956,12.845],[103.941,12.834],[103.924,12.844],[103.859,12.907],[103.853,12.865],[103.846,12.913],[103.81,12.919],[103.777,13],[103.75,13.01],[103.778,13.037],[103.727,13.078],[103.714,13.11],[103.689,13.229],[103.705,13.261],[103.826,13.249],[103.84,13.229],[103.902,13.225],[104.011,13.18],[104.074,13.109],[104.127,12.962],[104.169,12.902],[104.239,12.745],[104.278,12.736],[104.391,12.757],[104.456,12.729],[104.476,12.663],[104.449,12.605],[104.49,12.561],[104.442,12.557],[104.447,12.541],[104.463,12.53],[104.492,12.544],[104.5,12.529],[104.525,12.564],[104.521,12.527],[104.579,12.5],[104.594,12.466],[104.525,12.496],[104.534,12.481],[104.604,12.433]]]]}},{"type":"Feature","properties":{"n":"Lake Pskov"},"geometry":{"type":"MultiPolygon","coordinates":[[[[27.507,58.237],[27.592,58.227],[27.602,58.192],[27.583,58.169],[27.604,58.166],[27.61,58.135],[27.713,58.173],[27.815,58.189],[27.85,58.164],[27.946,58.176],[27.98,58.141],[28.045,58.113],[28.065,58.069],[28.151,58.015],[28.14,57.973],[28.166,57.938],[28.162,57.896],[28.127,57.859],[27.961,57.855],[27.94,57.862],[27.92,57.903],[27.842,57.921],[27.897,57.936],[27.89,57.956],[27.815,57.974],[27.774,58.018],[27.711,58.039],[27.657,58.028],[27.616,57.964],[27.594,58.009],[27.59,58.089],[27.558,58.097],[27.469,58.21],[27.467,58.221],[27.507,58.237]]]]}},{"type":"Feature","properties":{"n":"Ozero Yarroto Vtoroye"},"geometry":{"type":"MultiPolygon","coordinates":[[[[71.367,67.98],[71.239,67.981],[71.11,68.016],[71.083,68.014],[71.09,68.003],[71.071,67.987],[71.007,67.993],[70.963,68.016],[70.912,68.077],[70.935,68.096],[71.066,68.107],[71.236,68.061],[71.323,68.06],[71.398,68.009],[71.392,67.987],[71.367,67.98]]]]}},{"type":"Feature","properties":{"n":"Lake Srednye Kuyto"},"geometry":{"type":"MultiPolygon","coordinates":[[[[30.418,65.11],[30.347,65.147],[30.33,65.172],[30.337,65.192],[30.354,65.199],[30.358,65.179],[30.502,65.095],[30.683,65.062],[30.716,65.075],[30.686,65.096],[30.702,65.104],[31.008,65.104],[30.981,65.124],[31.084,65.11],[31.085,65.127],[31.029,65.159],[30.776,65.159],[30.83,65.2],[30.924,65.206],[31.102,65.183],[31.248,65.193],[31.367,65.161],[31.46,65.172],[31.503,65.147],[31.632,65.117],[31.613,65.083],[31.577,65.069],[31.707,65.021],[31.652,65.015],[31.767,64.991],[31.924,64.923],[32.003,64.905],[31.955,64.899],[31.965,64.872],[31.872,64.912],[31.659,64.939],[31.663,64.949],[31.512,65.015],[31.499,65.041],[31.529,65.062],[31.484,65.101],[31.43,65.121],[31.399,65.096],[31.317,65.137],[31.262,65.104],[31.142,65.121],[31.146,65.101],[31.221,65.062],[31.2,65.057],[31.09,65.097],[31.007,65.095],[30.974,65.083],[30.988,65.069],[30.852,65.081],[30.81,65.062],[30.858,65.028],[30.837,65.028],[30.858,65.001],[30.803,64.98],[30.816,64.967],[30.744,64.934],[30.577,64.939],[30.508,64.918],[30.569,64.95],[30.577,64.98],[30.748,64.98],[30.711,64.987],[30.711,65.01],[30.728,65.015],[30.713,65.024],[30.433,65.083],[30.418,65.11]]]]}},{"type":"Feature","properties":{"n":"Lake Chany"},"geometry":{"type":"MultiPolygon","coordinates":[[[[76.746,54.804],[76.716,54.818],[76.787,54.854],[76.81,54.889],[76.913,54.895],[77.052,54.935],[77.14,54.934],[77.179,54.919],[77.162,54.907],[77.108,54.916],[77.264,54.797],[77.346,54.913],[77.285,54.907],[77.292,54.954],[77.314,54.973],[77.394,55.021],[77.62,55.067],[77.648,55.058],[77.627,55.044],[77.703,55.064],[77.69,55.051],[77.71,55.044],[77.683,55.03],[77.756,55.024],[77.819,54.996],[77.941,55.031],[78.012,55.018],[78.069,54.978],[78.072,54.948],[78.053,54.915],[78.022,54.901],[77.89,54.894],[77.787,54.853],[77.765,54.852],[77.792,54.879],[77.744,54.879],[77.688,54.809],[77.554,54.761],[77.543,54.748],[77.585,54.748],[77.655,54.79],[77.648,54.749],[77.703,54.729],[77.73,54.742],[77.738,54.684],[77.713,54.657],[77.755,54.666],[77.765,54.66],[77.751,54.646],[77.799,54.646],[77.753,54.626],[77.661,54.633],[77.604,54.598],[77.545,54.606],[77.557,54.623],[77.531,54.626],[77.593,54.646],[77.577,54.669],[77.504,54.66],[77.415,54.684],[77.408,54.708],[77.34,54.688],[77.333,54.701],[77.31,54.681],[77.285,54.701],[77.429,54.722],[77.402,54.731],[77.205,54.72],[77.21,54.735],[77.089,54.716],[77.016,54.748],[76.945,54.708],[76.866,54.694],[76.866,54.715],[76.847,54.717],[76.769,54.687],[76.722,54.715],[76.722,54.749],[76.749,54.739],[76.756,54.712],[76.804,54.722],[76.764,54.758],[76.746,54.804]]]]}},{"type":"Feature","properties":{"n":"Hulun Nuur"},"geometry":{"type":"MultiPolygon","coordinates":[[[[117.312,48.62],[117.267,48.589],[117.069,48.544],[117.051,48.568],[117.108,48.575],[117.114,48.607],[117.134,48.616],[117.126,48.63],[117.154,48.629],[117.171,48.657],[117.078,48.678],[117.109,48.732],[117.037,48.767],[117.03,48.788],[116.976,48.801],[116.995,48.812],[116.978,48.856],[117.005,48.895],[117.058,48.897],[117.126,48.924],[117.112,48.938],[117.126,48.952],[117.309,49.038],[117.339,49.096],[117.57,49.326],[117.636,49.333],[117.701,49.378],[117.703,49.331],[117.723,49.315],[117.682,49.28],[117.667,49.222],[117.7,49.205],[117.73,49.157],[117.739,49.184],[117.788,49.172],[117.791,49.114],[117.879,49.1],[118.048,49.127],[118.053,49.068],[118.026,49.036],[117.983,49.024],[117.837,49.025],[117.826,49.041],[117.845,49.06],[117.77,49.092],[117.709,49.028],[117.728,49.027],[117.744,48.972],[117.667,48.972],[117.509,48.82],[117.304,48.726],[117.347,48.716],[117.312,48.62]]]]}},{"type":"Feature","properties":{"n":"Lake Bangweulu"},"geometry":{"type":"MultiPolygon","coordinates":[[[[30.037,-10.976],[30.042,-10.999],[29.988,-11.123],[29.967,-11.14],[29.977,-11.071],[29.898,-11.126],[29.95,-11.231],[29.948,-11.276],[29.902,-11.314],[29.88,-11.361],[29.85,-11.372],[29.824,-11.419],[29.753,-11.405],[29.707,-11.434],[29.679,-11.434],[29.565,-11.384],[29.549,-11.311],[29.599,-11.191],[29.699,-11.043],[29.626,-11.128],[29.559,-11.255],[29.503,-11.243],[29.48,-11.181],[29.502,-11.163],[29.522,-11.174],[29.514,-11.236],[29.552,-11.168],[29.592,-11.15],[29.666,-11.024],[29.71,-10.982],[29.72,-10.961],[29.705,-10.95],[29.722,-10.931],[29.74,-10.923],[29.741,-10.948],[29.762,-10.92],[29.734,-10.996],[29.796,-10.906],[29.713,-11.051],[29.837,-10.875],[29.881,-10.872],[29.926,-10.845],[30.021,-10.948],[30.008,-10.961],[30.015,-10.982],[30.037,-10.976]]]]}},{"type":"Feature","properties":{"n":"Inarijrvi"},"geometry":{"type":"MultiPolygon","coordinates":[[[[27.164,68.896],[27.013,68.9],[27.25,68.959],[27.471,68.993],[27.493,69.003],[27.48,69.017],[27.583,69.044],[27.549,69.061],[27.561,69.082],[27.647,69.084],[27.906,69.192],[27.966,69.181],[27.925,69.16],[27.977,69.15],[28.022,69.167],[28.021,69.14],[28.288,69.201],[28.267,69.21],[28.267,69.229],[28.071,69.173],[28.069,69.195],[28.014,69.215],[28.042,69.229],[27.98,69.222],[28.007,69.243],[27.98,69.267],[27.997,69.283],[28.152,69.318],[28.103,69.277],[28.115,69.267],[28.1,69.213],[28.25,69.245],[28.329,69.29],[28.315,69.298],[28.329,69.311],[28.303,69.309],[28.246,69.277],[28.259,69.312],[28.207,69.296],[28.157,69.256],[28.171,69.292],[28.241,69.316],[28.323,69.326],[28.377,69.318],[28.369,69.311],[28.538,69.373],[28.597,69.373],[28.349,69.27],[28.369,69.272],[28.61,69.339],[28.646,69.366],[28.648,69.379],[28.623,69.386],[28.762,69.435],[28.828,69.436],[28.788,69.408],[28.714,69.388],[28.699,69.373],[28.707,69.358],[28.677,69.338],[28.404,69.248],[28.405,69.221],[28.421,69.22],[28.651,69.243],[28.541,69.181],[28.426,69.166],[28.397,69.099],[28.5,69.122],[28.445,69.078],[28.466,69.044],[28.268,69.096],[28.241,69.061],[28.254,69.037],[28.124,69.05],[28.082,68.999],[28.076,68.982],[28.135,68.96],[28.32,68.934],[28.329,68.921],[28.261,68.886],[28.294,68.879],[28.411,68.9],[28.315,68.866],[28.384,68.858],[28.261,68.845],[28.274,68.858],[28.13,68.858],[27.883,68.894],[27.875,68.882],[27.918,68.873],[27.873,68.849],[27.889,68.828],[28.023,68.807],[28.055,68.817],[28.007,68.845],[28.032,68.851],[28.11,68.817],[27.835,68.736],[27.811,68.715],[27.746,68.722],[27.911,68.79],[27.824,68.826],[27.775,68.825],[27.697,68.78],[27.696,68.73],[27.63,68.701],[27.678,68.736],[27.633,68.754],[27.473,68.742],[27.48,68.763],[27.424,68.775],[27.404,68.77],[27.431,68.749],[27.33,68.75],[27.301,68.736],[27.329,68.714],[27.298,68.708],[27.205,68.729],[27.274,68.746],[27.331,68.78],[27.423,68.79],[27.523,68.78],[27.569,68.797],[27.473,68.845],[27.486,68.858],[27.468,68.863],[27.418,68.839],[27.486,68.811],[27.377,68.845],[27.39,68.866],[27.356,68.882],[27.35,68.905],[27.286,68.91],[27.236,68.894],[27.287,68.866],[27.164,68.896]]]]}},{"type":"Feature","properties":{"n":"Lake Peipus"},"geometry":{"type":"MultiPolygon","coordinates":[[[[27.467,58.221],[27.462,58.258],[27.41,58.292],[27.411,58.378],[27.237,58.424],[27.23,58.521],[27.161,58.663],[27.075,58.744],[26.955,58.796],[26.947,58.82],[26.965,58.876],[27.045,58.944],[27.287,59.002],[27.537,59.016],[27.734,58.994],[27.719,58.95],[27.727,58.915],[27.794,58.863],[27.801,58.82],[27.78,58.785],[27.762,58.667],[27.83,58.573],[27.833,58.472],[27.786,58.423],[27.788,58.47],[27.71,58.42],[27.661,58.364],[27.63,58.357],[27.651,58.309],[27.543,58.322],[27.523,58.259],[27.467,58.221]],[[27.47,58.388],[27.528,58.374],[27.491,58.393],[27.47,58.388]]]]}},{"type":"Feature","properties":{"n":"Lake Kivu"},"geometry":{"type":"MultiPolygon","coordinates":[[[[29.333,-2.051],[29.316,-2.06],[29.316,-2.101],[29.288,-2.073],[29.275,-2.128],[29.263,-2.118],[29.268,-2.08],[29.254,-2.087],[29.248,-2.132],[29.275,-2.169],[29.252,-2.148],[29.224,-2.15],[29.206,-2.168],[29.214,-2.197],[29.183,-2.206],[29.196,-2.252],[29.158,-2.245],[29.117,-2.327],[29.124,-2.286],[29.096,-2.321],[29.083,-2.313],[29.058,-2.385],[29.042,-2.395],[29.062,-2.355],[29.047,-2.292],[29.028,-2.286],[28.996,-2.354],[28.905,-2.409],[28.874,-2.478],[28.843,-2.47],[28.842,-2.373],[28.96,-2.31],[28.972,-2.264],[28.973,-2.245],[28.884,-2.327],[28.926,-2.253],[28.912,-2.224],[28.891,-2.252],[28.877,-2.245],[28.863,-2.259],[28.871,-2.224],[28.858,-2.207],[28.877,-2.183],[28.863,-2.169],[28.898,-2.15],[28.857,-2.142],[28.967,-2.053],[28.942,-1.984],[28.92,-1.983],[28.905,-2.015],[28.917,-2.024],[28.891,-2.053],[28.884,-2.012],[28.912,-1.963],[28.928,-1.968],[28.946,-1.944],[28.994,-1.833],[29.024,-1.803],[29.014,-1.752],[29.048,-1.74],[29.093,-1.671],[29.083,-1.614],[29.014,-1.69],[29.028,-1.629],[29.059,-1.587],[29.255,-1.697],[29.248,-1.721],[29.272,-1.741],[29.261,-1.779],[29.288,-1.868],[29.276,-1.887],[29.331,-1.971],[29.35,-1.97],[29.361,-2.051],[29.35,-2.039],[29.333,-2.051]],[[29.1,-1.956],[29.115,-1.928],[29.076,-1.916],[29.044,-1.972],[29.042,-1.998],[29.062,-2],[29.056,-2.032],[28.98,-2.203],[29.008,-2.197],[29.014,-2.224],[29.028,-2.217],[29.014,-2.259],[29.036,-2.262],[29.094,-2.22],[29.09,-2.174],[29.11,-2.134],[29.076,-2.067],[29.114,-2.036],[29.1,-1.956]]]]}},{"type":"Feature","properties":{"n":"Lake Edward"},"geometry":{"type":"MultiPolygon","coordinates":[[[[29.47,-0.616],[29.438,-0.61],[29.411,-0.667],[29.37,-0.69],[29.376,-0.61],[29.356,-0.593],[29.309,-0.593],[29.344,-0.514],[29.309,-0.497],[29.392,-0.422],[29.392,-0.376],[29.438,-0.319],[29.447,-0.257],[29.493,-0.181],[29.532,-0.155],[29.675,-0.114],[29.707,-0.073],[29.732,-0.069],[29.769,-0.094],[29.781,-0.126],[29.81,-0.131],[29.823,-0.162],[29.902,-0.14],[29.867,-0.294],[29.83,-0.36],[29.747,-0.42],[29.672,-0.447],[29.626,-0.491],[29.588,-0.58],[29.48,-0.641],[29.47,-0.616]]]]}},{"type":"Feature","properties":{"n":"Tai Hu"},"geometry":{"type":"MultiPolygon","coordinates":[[[[120.563,31.173],[120.577,31.173],[120.601,31.086],[120.59,31.077],[120.389,30.96],[120.304,30.93],[120.213,30.92],[120.128,30.943],[119.943,31.086],[119.898,31.248],[119.984,31.397],[120.019,31.429],[120.014,31.461],[120.092,31.469],[120.105,31.491],[120.203,31.546],[120.196,31.532],[120.229,31.538],[120.238,31.519],[120.279,31.519],[120.264,31.471],[120.217,31.519],[120.209,31.413],[120.224,31.402],[120.337,31.461],[120.402,31.444],[120.38,31.369],[120.326,31.361],[120.292,31.306],[120.357,31.33],[120.33,31.282],[120.388,31.244],[120.354,31.224],[120.47,31.217],[120.475,31.193],[120.428,31.144],[120.435,31.109],[120.384,31.11],[120.331,31.058],[120.332,31.038],[120.402,31.005],[120.462,31.111],[120.546,31.107],[120.563,31.173]]]]}},{"type":"Feature","properties":{"n":"Lago Argentino"},"geometry":{"type":"MultiPolygon","coordinates":[[[[-72.004,-50.167],[-71.973,-50.214],[-71.999,-50.247],[-72.043,-50.266],[-72.2,-50.28],[-72.279,-50.317],[-72.338,-50.296],[-72.53,-50.323],[-72.618,-50.293],[-72.615,-50.261],[-72.73,-50.254],[-72.805,-50.307],[-72.906,-50.309],[-73.026,-50.34],[-73.044,-50.364],[-73.033,-50.439],[-73.026,-50.457],[-72.975,-50.479],[-72.866,-50.485],[-72.728,-50.433],[-72.775,-50.494],[-72.85,-50.513],[-72.926,-50.632],[-72.984,-50.67],[-72.954,-50.566],[-72.915,-50.521],[-72.926,-50.509],[-73.074,-50.467],[-73.07,-50.433],[-73.109,-50.339],[-73.142,-50.316],[-73.221,-50.303],[-73.286,-50.365],[-73.301,-50.367],[-73.303,-50.35],[-73.249,-50.26],[-73.005,-50.309],[-72.934,-50.284],[-72.852,-50.279],[-72.845,-50.242],[-73.078,-50.218],[-73.177,-50.117],[-73.221,-50.139],[-73.214,-50.165],[-73.226,-50.182],[-73.305,-50.225],[-73.331,-50.214],[-73.235,-50.087],[-73.31,-50.097],[-73.29,-50.066],[-73.289,-49.997],[-73.203,-50.064],[-73.177,-50.063],[-73.228,-49.973],[-73.187,-49.995],[-73.149,-49.967],[-73.142,-50.061],[-73.069,-50.102],[-73.044,-50.173],[-72.996,-50.197],[-72.894,-50.192],[-72.844,-50.221],[-72.762,-50.18],[-72.7,-50.193],[-72.555,-50.168],[-72.181,-50.153],[-72.104,-50.11],[-72.075,-50.155],[-72.004,-50.167]]]]}},{"type":"Feature","properties":{"n":"Nam Co"},"geometry":{"type":"MultiPolygon","coordinates":[[[[90.394,30.535],[90.361,30.511],[90.325,30.511],[90.338,30.54],[90.298,30.583],[90.315,30.614],[90.278,30.628],[90.304,30.713],[90.272,30.836],[90.285,30.87],[90.315,30.887],[90.401,30.874],[90.428,30.883],[90.497,30.819],[90.583,30.813],[90.623,30.84],[90.682,30.84],[90.658,30.866],[90.706,30.912],[90.779,30.888],[90.804,30.902],[90.887,30.861],[90.884,30.919],[90.929,30.895],[90.939,30.932],[90.968,30.936],[90.998,30.926],[91.025,30.886],[91.03,30.862],[90.995,30.788],[90.846,30.785],[90.864,30.714],[90.799,30.658],[90.523,30.559],[90.499,30.566],[90.394,30.535]]]]}},{"type":"Feature","properties":{"n":""},"geometry":{"type":"MultiPolygon","coordinates":[[[[27.565,60.971],[27.543,60.963],[27.544,60.93],[27.52,60.951],[27.503,60.94],[27.48,60.965],[27.42,60.959],[27.367,61.006],[27.308,60.978],[27.346,61.037],[27.37,61.046],[27.418,61.012],[27.41,60.989],[27.433,60.977],[27.558,60.976],[27.652,61.005],[27.675,60.978],[27.688,61.03],[27.753,61.033],[27.714,61.058],[27.698,61.06],[27.698,61.047],[27.658,61.063],[27.649,61.079],[27.697,61.071],[27.723,61.083],[27.801,61.068],[27.78,61.054],[27.847,61.003],[27.877,60.999],[27.829,60.975],[27.629,60.94],[27.565,60.971]]]]}},{"type":"Feature","properties":{"n":""},"geometry":{"type":"MultiPolygon","coordinates":[[[[29.199,62.696],[29.261,62.684],[29.248,62.719],[29.196,62.757],[29.234,62.792],[29.297,62.806],[29.322,62.801],[29.35,62.767],[29.322,62.753],[29.358,62.736],[29.376,62.673],[29.421,62.724],[29.46,62.733],[29.53,62.713],[29.569,62.664],[29.494,62.698],[29.457,62.668],[29.474,62.651],[29.453,62.644],[29.392,62.643],[29.322,62.671],[29.303,62.652],[29.257,62.648],[29.175,62.667],[29.147,62.696],[29.199,62.696]]]]}},{"type":"Feature","properties":{"n":""},"geometry":{"type":"MultiPolygon","coordinates":[[[[32.406,67.447],[32.406,67.447]]]]}},{"type":"Feature","properties":{"n":"Ozero Nerpich'ye"},"geometry":{"type":"MultiPolygon","coordinates":[[[[160.466,69.277],[160.494,69.253],[160.467,69.217],[160.303,69.225],[159.95,69.284],[159.77,69.359],[159.873,69.373],[160.041,69.363],[160.298,69.29],[160.466,69.277]]]]}},{"type":"Feature","properties":{"n":""},"geometry":{"type":"MultiPolygon","coordinates":[[[[114.434,30.066],[114.434,30.066]]]]}},{"type":"Feature","properties":{"n":""},"geometry":{"type":"MultiPolygon","coordinates":[[[[114.44,30.067],[114.44,30.067]]]]}},{"type":"Feature","properties":{"n":"Ozero Yarroto Pervoye"},"geometry":{"type":"MultiPolygon","coordinates":[[[[71.693,67.895],[71.332,67.866],[71.254,67.879],[71.323,67.886],[71.293,67.907],[71.302,67.927],[71.35,67.931],[71.583,68.028],[71.74,68.032],[71.799,67.991],[71.806,67.958],[71.693,67.895]]]]}},{"type":"Feature","properties":{"n":"Ozero Neyto"},"geometry":{"type":"MultiPolygon","coordinates":[[[[70.395,70.113],[70.515,70.1],[70.535,70.089],[70.529,70.053],[70.363,69.996],[70.229,70.014],[70.155,70.037],[70.123,70.065],[70.135,70.116],[70.167,70.14],[70.267,70.14],[70.395,70.113]]]]}},{"type":"Feature","properties":{"n":"Ozero Yambuto"},"geometry":{"type":"MultiPolygon","coordinates":[[[[71.042,69.967],[70.844,69.966],[70.773,70.021],[70.696,70.055],[70.759,70.058],[70.802,70.099],[70.798,70.128],[70.843,70.142],[70.946,70.134],[70.967,70.108],[70.878,70.051],[71.031,70.016],[71.07,69.989],[71.042,69.967]]]]}},{"type":"Feature","properties":{"n":""},"geometry":{"type":"MultiPolygon","coordinates":[[[[70.703,70.124],[70.589,70.111],[70.371,70.147],[70.308,70.186],[70.379,70.204],[70.529,70.199],[70.619,70.156],[70.654,70.189],[70.754,70.222],[70.85,70.189],[70.829,70.164],[70.664,70.147],[70.703,70.124]]]]}},{"type":"Feature","properties":{"n":""},"geometry":{"type":"MultiPolygon","coordinates":[[[[81.374,46.096],[81.374,46.096]]]]}},{"type":"Feature","properties":{"n":"Lake Vygozero"},"geometry":{"type":"MultiPolygon","coordinates":[[[[34.511,63.799],[34.662,63.836],[34.655,63.774],[34.604,63.772],[34.589,63.764],[34.6,63.746],[34.829,63.752],[34.872,63.72],[34.853,63.692],[34.868,63.649],[34.969,63.62],[35.01,63.575],[34.968,63.57],[34.99,63.541],[34.928,63.562],[34.965,63.496],[35.047,63.498],[35.193,63.469],[35.216,63.473],[35.227,63.496],[35.349,63.506],[35.38,63.493],[35.387,63.469],[35.445,63.449],[35.497,63.398],[35.361,63.424],[35.198,63.417],[35.181,63.411],[35.209,63.376],[35.12,63.376],[35.089,63.359],[35.057,63.376],[35.01,63.439],[34.799,63.479],[34.832,63.411],[34.819,63.376],[34.828,63.349],[34.899,63.308],[34.908,63.287],[34.891,63.259],[34.99,63.157],[34.973,63.139],[34.942,63.151],[34.959,63.094],[34.944,63.068],[34.956,63.017],[34.931,62.948],[34.825,62.89],[34.871,62.948],[34.876,62.978],[34.846,63],[34.881,63],[34.853,63.064],[34.908,63.033],[34.926,63.088],[34.914,63.11],[34.856,63.134],[34.872,63.171],[34.833,63.213],[34.866,63.232],[34.839,63.255],[34.84,63.284],[34.795,63.305],[34.778,63.38],[34.786,63.409],[34.709,63.431],[34.655,63.418],[34.584,63.462],[34.441,63.473],[34.541,63.482],[34.544,63.5],[34.473,63.528],[34.531,63.55],[34.529,63.565],[34.466,63.561],[34.452,63.579],[34.475,63.61],[34.461,63.632],[34.469,63.651],[34.371,63.688],[34.326,63.724],[34.25,63.685],[34.264,63.61],[34.246,63.617],[34.188,63.596],[34.223,63.651],[34.195,63.683],[34.238,63.719],[34.334,63.758],[34.325,63.787],[34.265,63.824],[34.257,63.849],[34.352,63.817],[34.352,63.843],[34.323,63.879],[34.358,63.88],[34.442,63.854],[34.469,63.815],[34.511,63.799]],[[34.791,63.603],[34.765,63.602],[34.825,63.582],[34.791,63.603]],[[34.596,63.491],[34.585,63.479],[34.646,63.475],[34.701,63.444],[34.74,63.463],[34.688,63.521],[34.613,63.521],[34.596,63.491]]]]}},{"type":"Feature","properties":{"n":"Lake Vygozero"},"geometry":{"type":"MultiPolygon","coordinates":[[[[34.797,63.602],[34.785,63.602],[34.797,63.602]]]]}},{"type":"Feature","properties":{"n":"Lake Segozerskoye"},"geometry":{"type":"MultiPolygon","coordinates":[[[[33.349,63.429],[33.457,63.426],[33.486,63.449],[33.503,63.493],[33.602,63.452],[33.61,63.463],[33.578,63.527],[33.662,63.477],[33.667,63.443],[33.647,63.424],[33.66,63.411],[33.798,63.398],[33.803,63.418],[33.856,63.442],[33.912,63.411],[33.975,63.419],[33.989,63.401],[33.924,63.356],[33.927,63.32],[34.069,63.265],[34.188,63.192],[34.154,63.198],[34.161,63.185],[34.145,63.183],[34.085,63.206],[33.962,63.212],[33.957,63.187],[33.853,63.189],[33.816,63.166],[33.698,63.204],[33.578,63.192],[33.446,63.201],[33.406,63.258],[33.372,63.275],[33.345,63.247],[33.345,63.275],[33.275,63.298],[33.262,63.315],[33.292,63.321],[33.296,63.337],[33.256,63.349],[33.242,63.376],[33.28,63.367],[33.411,63.278],[33.444,63.279],[33.454,63.3],[33.4,63.357],[33.408,63.38],[33.214,63.414],[33.201,63.439],[33.266,63.412],[33.332,63.439],[33.349,63.429]]]]}},{"type":"Feature","properties":{"n":"Pielinen"},"geometry":{"type":"MultiPolygon","coordinates":[[[[29.871,63.329],[30.014,63.295],[30.077,63.253],[30.032,63.247],[30.015,63.267],[29.957,63.282],[29.917,63.248],[29.962,63.236],[29.994,63.206],[29.967,63.171],[30.009,63.117],[30.008,63.065],[30.12,62.978],[30.227,62.925],[30.22,62.911],[30.289,62.863],[30.248,62.849],[30.377,62.817],[30.404,62.787],[30.275,62.808],[30.317,62.815],[30.244,62.83],[30.227,62.815],[30.241,62.801],[30.155,62.789],[30.165,62.76],[30.147,62.731],[30.063,62.712],[30.049,62.719],[30.117,62.747],[30.143,62.796],[30.208,62.815],[30.2,62.829],[30.248,62.877],[30.16,62.905],[30.083,62.971],[30.056,62.962],[30.09,62.932],[30.022,62.949],[29.997,63.008],[29.928,63.024],[29.794,63.094],[29.832,63.152],[29.798,63.182],[29.628,63.12],[29.591,63.143],[29.6,63.161],[29.59,63.198],[29.566,63.168],[29.532,63.185],[29.439,63.192],[29.453,63.171],[29.39,63.181],[29.268,63.253],[29.322,63.267],[29.214,63.321],[29.248,63.343],[29.166,63.362],[29.145,63.376],[29.14,63.401],[28.939,63.521],[28.992,63.515],[29.033,63.485],[29.137,63.454],[29.161,63.459],[29.042,63.602],[29.127,63.567],[29.18,63.499],[29.237,63.5],[29.234,63.479],[29.256,63.462],[29.322,63.464],[29.375,63.437],[29.487,63.418],[29.59,63.325],[29.775,63.301],[29.747,63.334],[29.772,63.335],[29.796,63.308],[29.785,63.293],[29.755,63.294],[29.832,63.281],[29.905,63.308],[29.871,63.329]]]]}},{"type":"Feature","properties":{"n":"Lake Topozero"},"geometry":{"type":"MultiPolygon","coordinates":[[[[32.002,65.547],[31.975,65.555],[31.975,65.571],[31.927,65.61],[31.955,65.619],[31.934,65.638],[31.756,65.649],[31.655,65.697],[31.597,65.693],[31.599,65.73],[31.584,65.745],[31.527,65.756],[31.467,65.802],[31.512,65.833],[31.621,65.832],[31.666,65.843],[31.673,65.864],[31.733,65.865],[31.853,65.907],[31.893,65.907],[31.94,65.884],[32.2,65.885],[31.892,65.864],[31.865,65.851],[32.119,65.83],[32.173,65.843],[32.262,65.837],[32.084,65.81],[32.115,65.775],[32.195,65.788],[32.245,65.776],[32.214,65.728],[32.256,65.728],[32.294,65.7],[32.319,65.723],[32.338,65.72],[32.344,65.662],[32.413,65.624],[32.355,65.629],[32.338,65.624],[32.341,65.609],[32.283,65.604],[32.297,65.577],[32.284,65.567],[32.372,65.529],[32.501,65.544],[32.544,65.529],[32.482,65.529],[32.653,65.491],[32.672,65.479],[32.66,65.46],[32.718,65.437],[32.701,65.432],[32.72,65.399],[32.679,65.373],[32.667,65.398],[32.612,65.398],[32.653,65.426],[32.635,65.443],[32.361,65.486],[32.316,65.513],[32.259,65.495],[32.187,65.501],[32.242,65.522],[32.11,65.554],[32.002,65.547]],[[32.17,65.57],[32.159,65.569],[32.221,65.542],[32.29,65.535],[32.17,65.57]],[[31.803,65.7],[31.955,65.706],[31.892,65.728],[31.803,65.7]],[[31.961,65.672],[32.037,65.665],[31.951,65.691],[31.961,65.672]]]]}},{"type":"Feature","properties":{"n":""},"geometry":{"type":"MultiPolygon","coordinates":[[[[-72.988,-50.653],[-72.988,-50.653]]]]}},{"type":"Feature","properties":{"n":"Bosten Hu"},"geometry":{"type":"MultiPolygon","coordinates":[[[[87.434,41.849],[87.378,41.845],[87.31,41.866],[87.296,41.893],[87.281,41.884],[87.134,41.922],[86.844,41.866],[86.753,41.825],[86.68,41.845],[86.734,41.859],[86.721,41.89],[86.763,41.973],[86.844,42.003],[86.851,42.034],[86.803,42.12],[86.817,42.134],[87.074,42.061],[87.337,42.024],[87.354,42.003],[87.351,41.914],[87.377,41.913],[87.434,41.849]]]]}},{"type":"Feature","properties":{"n":""},"geometry":{"type":"MultiPolygon","coordinates":[[[[84.227,47.725],[84.213,47.732],[84.227,47.725]]]]}},{"type":"Feature","properties":{"n":""},"geometry":{"type":"MultiPolygon","coordinates":[[[[33.158,1.632],[33.158,1.632]]]]}},{"type":"Feature","properties":{"n":""},"geometry":{"type":"MultiPolygon","coordinates":[[[[30.85,61.953],[30.906,61.951],[30.83,61.999],[30.886,61.992],[30.869,62.009],[30.872,62.054],[30.782,62.095],[30.963,62.088],[30.995,62.061],[30.932,62.05],[31.029,62.026],[31.073,61.966],[31.036,61.921],[30.935,61.906],[30.85,61.953]]]]}},{"type":"Feature","properties":{"n":""},"geometry":{"type":"MultiPolygon","coordinates":[[[[28.884,61.623],[28.877,61.601],[28.905,61.595],[28.851,61.602],[28.884,61.623]]]]}},{"type":"Feature","properties":{"n":"Poyang Hu"},"geometry":{"type":"MultiPolygon","coordinates":[[[[116.678,29.173],[116.715,29.137],[116.715,29.097],[116.688,29.079],[116.684,29.128],[116.657,29.127],[116.633,29.072],[116.619,29.079],[116.628,29.104],[116.615,29.136],[116.607,29.117],[116.565,29.141],[116.537,29.119],[116.507,29.161],[116.476,29.152],[116.493,29.112],[116.537,29.079],[116.486,29.046],[116.461,29.051],[116.46,29.036],[116.522,28.941],[116.509,28.894],[116.558,28.887],[116.531,28.856],[116.543,28.825],[116.527,28.782],[116.517,28.777],[116.523,28.791],[116.509,28.798],[116.462,28.794],[116.423,28.85],[116.424,28.874],[116.455,28.894],[116.426,28.9],[116.366,28.825],[116.425,28.93],[116.421,28.966],[116.407,28.935],[116.393,28.938],[116.393,28.9],[116.342,28.841],[116.334,28.864],[116.359,28.894],[116.331,28.911],[116.359,28.976],[116.268,28.98],[116.252,29.031],[116.207,29.033],[116.195,29.051],[116.174,29.039],[116.156,29.047],[116.146,29.086],[116.103,29.078],[116.094,29.114],[116.057,29.141],[116.036,29.181],[116.084,29.187],[116.078,29.202],[116.159,29.203],[116.006,29.24],[115.981,29.28],[115.968,29.264],[115.975,29.196],[115.907,29.217],[115.928,29.273],[116.024,29.328],[116.03,29.353],[116.004,29.41],[115.975,29.429],[116.061,29.463],[116.078,29.497],[116.063,29.51],[116.098,29.538],[116.09,29.562],[116.112,29.58],[116.126,29.669],[116.098,29.682],[116.106,29.696],[116.061,29.692],[116.102,29.73],[116.174,29.734],[116.188,29.751],[116.229,29.744],[116.188,29.703],[116.257,29.71],[116.27,29.696],[116.248,29.691],[116.232,29.651],[116.218,29.67],[116.205,29.665],[116.206,29.613],[116.188,29.598],[116.216,29.552],[116.167,29.586],[116.152,29.554],[116.146,29.534],[116.171,29.501],[116.146,29.469],[116.146,29.435],[116.116,29.444],[116.062,29.384],[116.081,29.366],[116.151,29.374],[116.208,29.415],[116.222,29.346],[116.214,29.358],[116.188,29.339],[116.133,29.339],[116.124,29.312],[116.166,29.274],[116.126,29.264],[116.124,29.247],[116.197,29.242],[116.229,29.264],[116.255,29.223],[116.296,29.21],[116.31,29.216],[116.304,29.237],[116.338,29.243],[116.359,29.216],[116.372,29.239],[116.37,29.196],[116.324,29.157],[116.325,29.141],[116.365,29.167],[116.366,29.147],[116.38,29.155],[116.393,29.141],[116.393,29.188],[116.422,29.176],[116.446,29.215],[116.427,29.278],[116.464,29.27],[116.489,29.203],[116.506,29.223],[116.496,29.25],[116.523,29.209],[116.542,29.229],[116.537,29.257],[116.555,29.252],[116.558,29.271],[116.57,29.248],[116.619,29.237],[116.605,29.237],[116.619,29.202],[116.626,29.264],[116.688,29.216],[116.651,29.208],[116.619,29.168],[116.624,29.15],[116.678,29.173]]]]}},{"type":"Feature","properties":{"n":"Daguan Hu"},"geometry":{"type":"MultiPolygon","coordinates":[[[[116.461,30.094],[116.437,30.051],[116.495,30.039],[116.531,29.983],[116.478,29.951],[116.407,29.956],[116.366,29.99],[116.331,29.949],[116.309,29.964],[116.304,29.99],[116.27,30.004],[116.289,30.018],[116.257,30.011],[116.255,30.066],[116.24,30.06],[116.235,30.072],[116.243,30.107],[116.255,30.094],[116.247,30.139],[116.27,30.121],[116.287,30.06],[116.304,30.059],[116.289,30.099],[116.31,30.127],[116.32,30.081],[116.331,30.073],[116.34,30.085],[116.386,30.059],[116.388,30.04],[116.421,30.059],[116.411,30.076],[116.424,30.088],[116.444,30.101],[116.461,30.094]]]]}},{"type":"Feature","properties":{"n":"Long Hu"},"geometry":{"type":"MultiPolygon","coordinates":[[[[116.257,30.011],[116.249,29.983],[116.27,29.983],[116.263,29.928],[116.201,29.893],[116.091,29.902],[116.04,29.867],[116.002,29.894],[115.992,29.953],[115.936,29.993],[115.934,30.045],[115.996,29.983],[116.016,29.99],[115.996,30.021],[116.013,30.045],[116.061,29.974],[116.081,29.974],[116.091,29.983],[116.071,29.99],[116.086,29.997],[116.109,29.977],[116.148,29.979],[116.16,29.983],[116.153,29.996],[116.108,29.997],[116.133,30.011],[116.141,30.085],[116.186,30.063],[116.193,30.016],[116.218,29.991],[116.236,30.001],[116.216,30.045],[116.247,30.036],[116.257,30.011]]]]}},{"type":"Feature","properties":{"n":"Liangzi Hu"},"geometry":{"type":"MultiPolygon","coordinates":[[[[114.383,30.182],[114.331,30.189],[114.358,30.224],[114.383,30.206],[114.399,30.23],[114.412,30.224],[114.372,30.291],[114.429,30.264],[114.467,30.265],[114.434,30.306],[114.502,30.279],[114.515,30.3],[114.546,30.294],[114.556,30.306],[114.502,30.33],[114.454,30.326],[114.421,30.343],[114.428,30.366],[114.454,30.347],[114.46,30.375],[114.523,30.374],[114.543,30.332],[114.632,30.299],[114.605,30.268],[114.653,30.196],[114.598,30.21],[114.617,30.201],[114.622,30.158],[114.644,30.14],[114.653,30.08],[114.632,30.064],[114.578,30.175],[114.538,30.134],[114.53,30.162],[114.55,30.23],[114.505,30.214],[114.473,30.232],[114.477,30.119],[114.441,30.069],[114.422,30.082],[114.44,30.115],[114.426,30.127],[114.439,30.14],[114.43,30.173],[114.402,30.165],[114.365,30.107],[114.362,30.147],[114.383,30.182]]]]}},{"type":"Feature","properties":{"n":"Siling Co"},"geometry":{"type":"MultiPolygon","coordinates":[[[[89.338,31.819],[89.331,31.783],[89.297,31.778],[89.27,31.792],[89.277,31.827],[89.248,31.803],[89.235,31.676],[89.126,31.559],[89.064,31.611],[88.975,31.6],[88.941,31.623],[88.924,31.652],[88.98,31.71],[88.938,31.736],[88.841,31.736],[88.78,31.697],[88.654,31.718],[88.65,31.786],[88.612,31.779],[88.602,31.81],[88.559,31.819],[88.557,31.841],[88.571,31.869],[88.605,31.882],[88.731,31.883],[88.749,31.871],[88.737,31.836],[88.749,31.819],[88.807,31.814],[88.825,31.819],[88.798,31.849],[88.825,31.882],[88.846,31.874],[89.01,31.937],[89.03,31.917],[89.155,31.924],[89.191,31.896],[89.286,31.873],[89.338,31.819]]]]}},{"type":"Feature","properties":{"n":"Har Us Nuur"},"geometry":{"type":"MultiPolygon","coordinates":[[[[92.817,48.249],[92.828,48.208],[92.817,48.188],[92.696,48.088],[92.532,48.095],[92.443,48.02],[92.351,47.985],[92.269,47.866],[92.272,47.787],[92.228,47.764],[92.157,47.776],[92.073,47.76],[91.962,47.98],[91.966,48.012],[92.011,48.034],[92.192,48.062],[92.252,48.109],[92.281,48.159],[92.279,48.208],[92.299,48.24],[92.266,48.289],[92.197,48.335],[92.252,48.369],[92.349,48.335],[92.35,48.369],[92.402,48.37],[92.546,48.332],[92.527,48.32],[92.44,48.322],[92.393,48.244],[92.381,48.14],[92.463,48.102],[92.525,48.11],[92.542,48.136],[92.637,48.19],[92.662,48.232],[92.724,48.198],[92.594,48.311],[92.601,48.342],[92.757,48.325],[92.805,48.286],[92.817,48.249]]]]}},{"type":"Feature","properties":{"n":"Lake Geneva"},"geometry":{"type":"MultiPolygon","coordinates":[[[[6.871,46.459],[6.935,46.423],[6.914,46.404],[6.868,46.402],[6.697,46.423],[6.499,46.409],[6.384,46.348],[6.355,46.372],[6.295,46.374],[6.183,46.239],[6.133,46.205],[6.176,46.3],[6.335,46.461],[6.419,46.473],[6.511,46.518],[6.598,46.522],[6.871,46.459]]]]}},{"type":"Feature","properties":{"n":"Lough Neagh"},"geometry":{"type":"MultiPolygon","coordinates":[[[[-6.523,54.716],[-6.51,54.739],[-6.484,54.748],[-6.469,54.709],[-6.42,54.698],[-6.278,54.724],[-6.247,54.716],[-6.245,54.684],[-6.294,54.654],[-6.316,54.612],[-6.273,54.61],[-6.267,54.583],[-6.34,54.555],[-6.335,54.535],[-6.36,54.521],[-6.336,54.501],[-6.385,54.485],[-6.443,54.508],[-6.543,54.506],[-6.603,54.527],[-6.61,54.55],[-6.578,54.558],[-6.516,54.613],[-6.523,54.716]]]]}},{"type":"Feature","properties":{"n":"Vättern"},"geometry":{"type":"MultiPolygon","coordinates":[[[[14.922,58.814],[14.912,58.784],[14.925,58.772],[14.938,58.789],[14.96,58.778],[14.919,58.697],[14.919,58.628],[14.843,58.587],[14.962,58.565],[14.973,58.552],[14.955,58.534],[14.979,58.525],[14.871,58.461],[14.817,58.477],[14.788,58.47],[14.714,58.405],[14.67,58.391],[14.617,58.327],[14.637,58.295],[14.596,58.252],[14.603,58.217],[14.545,58.159],[14.523,58.112],[14.459,58.061],[14.428,58.006],[14.339,57.961],[14.286,57.888],[14.253,57.805],[14.202,57.787],[14.156,57.792],[14.087,57.944],[14.155,58.018],[14.207,58.128],[14.213,58.182],[14.244,58.227],[14.239,58.245],[14.279,58.303],[14.332,58.336],[14.398,58.428],[14.439,58.442],[14.459,58.491],[14.492,58.495],[14.516,58.541],[14.521,58.614],[14.554,58.642],[14.75,58.731],[14.86,58.816],[14.898,58.82],[14.919,58.881],[14.994,58.833],[14.966,58.847],[14.922,58.814]]]]}},{"type":"Feature","properties":{"n":"Lake Taymyr"},"geometry":{"type":"MultiPolygon","coordinates":[[[[101.33,73.857],[100.986,73.855],[100.92,73.841],[100.92,73.902],[101.036,73.93],[101.112,73.985],[101.114,74.021],[101.154,74.033],[101.006,74.125],[100.974,74.201],[100.916,74.255],[100.792,74.312],[100.57,74.286],[100.496,74.299],[100.44,74.348],[100.272,74.353],[100.165,74.333],[99.886,74.332],[99.782,74.306],[99.861,74.344],[99.768,74.361],[99.309,74.376],[99.124,74.416],[99.472,74.424],[99.644,74.447],[100.016,74.367],[100.211,74.454],[100.249,74.484],[100.221,74.506],[100.464,74.542],[100.454,74.561],[100.472,74.583],[100.571,74.602],[100.498,74.672],[100.464,74.681],[100.39,74.737],[100.386,74.812],[100.111,74.841],[100.115,74.86],[100.05,74.883],[100.247,74.925],[100.316,74.956],[100.383,74.949],[100.385,74.931],[100.476,74.938],[100.557,74.978],[100.495,75.026],[100.557,75.054],[100.499,75.077],[100.016,75.082],[100.07,75.101],[100.012,75.127],[100.014,75.146],[100.094,75.172],[100.196,75.169],[100.235,75.15],[100.207,75.129],[100.384,75.133],[100.379,75.095],[100.4,75.086],[100.562,75.082],[100.625,75.04],[100.635,74.982],[100.567,74.925],[100.47,74.918],[100.406,74.896],[100.584,74.896],[100.561,74.806],[100.584,74.783],[100.661,74.756],[100.846,74.734],[101.097,74.658],[101.457,74.624],[102.57,74.652],[102.678,74.633],[102.882,74.634],[102.98,74.652],[103.03,74.649],[103.023,74.629],[103.046,74.631],[103.286,74.686],[103.426,74.692],[103.701,74.735],[103.823,74.79],[104.206,74.795],[104.4,74.861],[104.421,74.883],[104.223,74.896],[104.045,74.857],[103.799,74.931],[103.84,74.947],[103.832,74.972],[103.869,74.992],[103.939,74.989],[104.113,75.026],[104.093,75.039],[104.14,75.074],[104.122,75.082],[104.133,75.116],[104.195,75.137],[104.532,75.096],[104.61,75.044],[104.627,74.992],[104.742,74.916],[105.346,74.834],[105.74,74.849],[105.792,74.834],[105.192,74.759],[104.754,74.786],[104.123,74.69],[103.963,74.724],[103.942,74.718],[103.98,74.684],[103.969,74.677],[104.031,74.656],[103.963,74.616],[103.722,74.643],[103.558,74.629],[103.444,74.581],[103.141,74.597],[102.701,74.539],[102.79,74.485],[102.463,74.533],[101.932,74.522],[101.903,74.505],[101.895,74.465],[102.053,74.369],[102.092,74.314],[102.057,74.293],[102.099,74.286],[102.084,74.273],[102.18,74.267],[102.199,74.234],[102.181,74.225],[102.084,74.246],[101.982,74.214],[101.989,74.239],[101.956,74.253],[101.739,74.264],[101.475,74.355],[101.332,74.379],[101.304,74.402],[101.313,74.432],[101.396,74.488],[101.358,74.507],[100.741,74.461],[100.584,74.424],[100.755,74.41],[101.054,74.429],[101.105,74.416],[101.131,74.394],[101.044,74.344],[101.18,74.238],[101.221,74.163],[101.486,74.008],[101.564,73.992],[101.485,73.947],[101.519,73.899],[101.581,73.865],[101.585,73.848],[101.563,73.835],[101.423,73.83],[101.33,73.857]]]]}},{"type":"Feature","properties":{"n":"Ozero Mogotoyevo"},"geometry":{"type":"MultiPolygon","coordinates":[[[[149.296,72.069],[149.33,72.038],[149.317,72.001],[149.183,71.936],[149.19,71.908],[149.153,71.894],[148.958,71.929],[148.971,71.947],[148.909,72.023],[148.916,72.073],[148.966,72.117],[148.978,72.155],[149.021,72.168],[149.21,72.153],[149.262,72.12],[149.296,72.069]]]]}},{"type":"Feature","properties":{"n":"Ayakkum Hu"},"geometry":{"type":"MultiPolygon","coordinates":[[[[89.674,37.512],[89.67,37.5],[89.599,37.499],[89.613,37.484],[89.44,37.476],[89.282,37.532],[89.165,37.526],[89.077,37.564],[89.071,37.588],[89.108,37.607],[89.195,37.588],[89.342,37.642],[89.544,37.626],[89.654,37.583],[89.65,37.55],[89.619,37.56],[89.611,37.542],[89.674,37.512]]]]}},{"type":"Feature","properties":{"n":"Storsjön"},"geometry":{"type":"MultiPolygon","coordinates":[[[[14.093,63.212],[14.158,63.212],[14.081,63.291],[14.048,63.29],[14.036,63.317],[13.993,63.335],[14.094,63.31],[14.199,63.315],[14.298,63.281],[14.336,63.294],[14.428,63.24],[14.459,63.238],[14.473,63.25],[14.473,63.288],[14.496,63.293],[14.53,63.248],[14.576,63.232],[14.627,63.184],[14.691,63.168],[14.795,63.089],[14.761,63.092],[14.679,63.143],[14.528,63.174],[14.42,63.153],[14.418,63.067],[14.466,63],[14.485,62.838],[14.473,62.815],[14.413,62.796],[14.445,62.842],[14.423,62.862],[14.395,62.853],[14.34,62.901],[14.333,62.988],[14.374,62.915],[14.411,62.89],[14.392,62.949],[14.431,62.961],[14.433,63.004],[14.397,63.036],[14.351,63.119],[14.074,63.189],[14,63.248],[13.925,63.275],[14.037,63.257],[14.093,63.212]]]]}},{"type":"Feature","properties":{"n":"Bodensee"},"geometry":{"type":"MultiPolygon","coordinates":[[[[9.719,47.547],[9.744,47.52],[9.69,47.52],[9.67,47.498],[9.553,47.512],[9.495,47.488],[9.398,47.544],[9.371,47.581],[9.207,47.647],[9.183,47.671],[9.206,47.682],[9.162,47.747],[9.032,47.821],[9.211,47.76],[9.227,47.725],[9.322,47.682],[9.488,47.654],[9.538,47.599],[9.719,47.547]]]]}},{"type":"Feature","properties":{"n":"Lake Kyoga"},"geometry":{"type":"MultiPolygon","coordinates":[[[[33.488,1.659],[33.496,1.634],[33.403,1.649],[33.352,1.642],[33.318,1.613],[33.287,1.623],[33.095,1.507],[33.108,1.481],[33.147,1.469],[33.221,1.49],[33.215,1.477],[33.276,1.486],[33.277,1.469],[33.25,1.47],[33.249,1.442],[33.2,1.439],[33.153,1.414],[33.221,1.395],[33.195,1.395],[33.203,1.381],[33.256,1.395],[33.278,1.383],[33.29,1.421],[33.332,1.424],[33.329,1.404],[33.307,1.403],[33.311,1.38],[33.333,1.372],[33.327,1.354],[33.352,1.332],[33.329,1.305],[33.318,1.312],[33.262,1.281],[33.27,1.216],[33.242,1.223],[33.215,1.305],[33.201,1.298],[33.186,1.312],[33.153,1.285],[33.113,1.277],[33.13,1.326],[33.103,1.349],[33.068,1.367],[33.048,1.359],[32.899,1.441],[32.851,1.428],[32.873,1.421],[32.859,1.395],[32.838,1.414],[32.893,1.312],[32.865,1.326],[32.879,1.298],[32.859,1.309],[32.831,1.401],[32.783,1.421],[32.724,1.399],[32.72,1.378],[32.773,1.342],[32.776,1.305],[32.738,1.354],[32.584,1.397],[32.537,1.451],[32.558,1.499],[32.544,1.524],[32.561,1.531],[32.602,1.497],[32.681,1.49],[32.758,1.571],[32.811,1.6],[32.811,1.565],[32.797,1.579],[32.789,1.565],[32.811,1.538],[32.842,1.556],[32.899,1.556],[32.914,1.572],[32.936,1.553],[32.98,1.568],[32.995,1.558],[32.982,1.538],[33.033,1.56],[33.089,1.612],[33.088,1.636],[33.108,1.65],[33.105,1.621],[33.133,1.606],[33.156,1.63],[33.153,1.621],[33.171,1.627],[33.192,1.672],[33.224,1.653],[33.252,1.692],[33.25,1.658],[33.274,1.634],[33.325,1.674],[33.393,1.689],[33.438,1.774],[33.455,1.764],[33.434,1.732],[33.436,1.671],[33.476,1.689],[33.469,1.655],[33.488,1.659]],[[32.865,1.442],[32.751,1.447],[32.715,1.462],[32.751,1.431],[32.824,1.425],[32.865,1.442]]]]}},{"type":"Feature","properties":{"n":"Lake Rukwa"},"geometry":{"type":"MultiPolygon","coordinates":[[[[31.922,-7.567],[31.922,-7.567]]],[[[32.472,-8],[32.533,-8.05],[32.539,-8.122],[32.394,-8.061],[32.325,-8.008],[32.114,-7.935],[31.967,-8.003],[31.913,-7.966],[31.779,-7.703],[31.796,-7.637],[31.922,-7.567],[31.959,-7.569],[32.072,-7.65],[32.191,-7.778],[32.272,-7.828],[32.403,-7.97],[32.472,-8]]]]}},{"type":"Feature","properties":{"n":"Ngoring Hu"},"geometry":{"type":"MultiPolygon","coordinates":[[[[97.868,34.872],[97.902,34.822],[97.85,34.828],[97.857,34.808],[97.845,34.807],[97.761,34.849],[97.755,34.817],[97.735,34.808],[97.698,34.842],[97.679,34.815],[97.698,34.795],[97.655,34.781],[97.581,34.796],[97.545,34.889],[97.592,34.946],[97.672,34.965],[97.633,34.971],[97.624,34.986],[97.65,35.042],[97.73,35.086],[97.768,35.088],[97.771,35.051],[97.808,35.01],[97.789,34.979],[97.8,34.915],[97.868,34.872]]]]}},{"type":"Feature","properties":{"n":"Gaoyou Hu"},"geometry":{"type":"MultiPolygon","coordinates":[[[[119.405,32.847],[119.415,32.793],[119.392,32.74],[119.367,32.731],[119.319,32.779],[119.282,32.718],[119.227,32.759],[119.208,32.69],[119.177,32.667],[119.155,32.704],[119.175,32.718],[119.142,32.738],[119.121,32.786],[119.129,32.818],[119.082,32.832],[119.045,32.882],[119.067,32.884],[119.113,32.848],[119.145,32.91],[119.161,32.881],[119.226,32.851],[119.285,32.876],[119.239,32.877],[119.237,32.937],[119.264,32.93],[119.276,32.951],[119.224,32.999],[119.264,33.019],[119.278,33.054],[119.307,33.024],[119.327,33.024],[119.299,33.112],[119.234,33.137],[119.236,33.176],[119.196,33.17],[119.158,33.134],[119.155,33.074],[119.196,33.088],[119.076,33.019],[118.97,33.047],[118.922,33.04],[118.84,33.101],[118.889,33.097],[118.9,33.07],[118.946,33.074],[119.052,33.047],[119.122,33.069],[119.157,33.166],[119.237,33.205],[119.245,33.228],[119.269,33.169],[119.316,33.139],[119.347,33.06],[119.342,33.019],[119.305,32.991],[119.38,33.02],[119.388,33.002],[119.405,32.847]]]]}},{"type":"Feature","properties":{"n":"Ozero Pyasino"},"geometry":{"type":"MultiPolygon","coordinates":[[[[88.153,69.516],[88.175,69.503],[88.14,69.471],[88.075,69.493],[88.051,69.477],[88.071,69.471],[88.045,69.462],[87.93,69.489],[87.75,69.488],[87.704,69.504],[87.701,69.54],[87.673,69.55],[87.737,69.623],[87.701,69.643],[87.693,69.712],[87.66,69.79],[87.55,69.848],[87.564,69.861],[87.534,69.879],[87.413,69.882],[87.38,69.864],[87.324,69.896],[87.42,69.943],[87.365,69.985],[87.401,70.01],[87.578,70.052],[87.753,70.116],[87.845,70.112],[87.892,70.088],[88.016,70.088],[87.931,69.999],[87.664,69.97],[87.612,69.943],[87.694,69.881],[87.887,69.797],[87.893,69.759],[87.965,69.758],[87.984,69.69],[88.054,69.643],[88.057,69.623],[88.043,69.603],[87.975,69.581],[88.153,69.516]],[[87.975,69.546],[87.879,69.554],[87.928,69.557],[87.941,69.546],[87.92,69.526],[87.975,69.546]]]]}},{"type":"Feature","properties":{"n":"Danau Toba"},"geometry":{"type":"MultiPolygon","coordinates":[[[[99.125,2.426],[99.153,2.408],[99.142,2.382],[99.118,2.388],[99.077,2.351],[99.026,2.358],[98.976,2.34],[98.861,2.354],[98.827,2.336],[98.83,2.383],[98.788,2.449],[98.679,2.552],[98.676,2.601],[98.703,2.598],[98.741,2.532],[98.878,2.431],[98.977,2.463],[98.966,2.51],[98.845,2.677],[98.766,2.748],[98.701,2.744],[98.679,2.71],[98.676,2.627],[98.628,2.652],[98.592,2.736],[98.525,2.801],[98.514,2.888],[98.69,2.872],[98.783,2.812],[98.819,2.766],[98.911,2.7],[98.926,2.645],[98.917,2.621],[99.036,2.49],[99.049,2.397],[99.125,2.426]]]]}},{"type":"Feature","properties":{"n":""},"geometry":{"type":"MultiPolygon","coordinates":[[[[27.054,61.677],[27.034,61.671],[27.048,61.65],[27.031,61.649],[27.01,61.667],[27.009,61.703],[26.959,61.683],[26.979,61.664],[26.91,61.666],[26.835,61.698],[26.831,61.718],[26.801,61.718],[26.804,61.681],[26.788,61.676],[26.677,61.718],[26.698,61.688],[26.807,61.637],[26.849,61.629],[26.824,61.667],[26.874,61.655],[26.869,61.629],[26.904,61.595],[26.863,61.589],[26.912,61.575],[26.856,61.554],[26.801,61.595],[26.821,61.561],[26.796,61.553],[26.77,61.564],[26.776,61.621],[26.714,61.647],[26.651,61.707],[26.609,61.718],[26.61,61.73],[26.558,61.741],[26.561,61.767],[26.534,61.792],[26.492,61.807],[26.513,61.787],[26.427,61.793],[26.404,61.801],[26.418,61.821],[26.364,61.845],[26.288,61.846],[26.266,61.876],[26.312,61.87],[26.346,61.906],[26.342,61.938],[26.371,61.978],[26.405,61.987],[26.436,61.987],[26.431,61.971],[26.466,61.951],[26.4,61.941],[26.385,61.916],[26.39,61.889],[26.356,61.862],[26.479,61.853],[26.458,61.897],[26.513,61.883],[26.561,61.93],[26.492,61.93],[26.552,61.951],[26.609,61.93],[26.595,61.907],[26.619,61.876],[26.66,61.858],[26.698,61.876],[26.671,61.889],[26.731,61.888],[26.753,61.876],[26.74,61.865],[26.758,61.849],[26.783,61.849],[26.815,61.876],[26.812,61.916],[26.767,61.903],[26.677,61.93],[26.554,62.054],[26.579,62.049],[26.605,62.02],[26.664,62.013],[26.677,61.979],[26.767,61.917],[26.746,61.971],[26.785,61.965],[26.882,61.9],[26.912,61.856],[26.869,61.883],[26.852,61.87],[26.902,61.843],[26.89,61.746],[26.918,61.747],[26.94,61.706],[27.024,61.718],[27.054,61.677]]]]}},{"type":"Feature","properties":{"n":"Hjälmaren"},"geometry":{"type":"MultiPolygon","coordinates":[[[[16.368,59.294],[16.426,59.32],[16.377,59.281],[15.871,59.197],[15.912,59.169],[15.826,59.142],[15.7,59.142],[15.579,59.176],[15.618,59.205],[15.659,59.21],[15.637,59.23],[15.559,59.231],[15.535,59.252],[15.57,59.258],[15.545,59.268],[15.411,59.252],[15.227,59.286],[15.256,59.299],[15.432,59.279],[15.576,59.327],[15.646,59.306],[15.723,59.307],[15.816,59.265],[15.838,59.324],[15.854,59.293],[16.022,59.29],[16.083,59.266],[16.289,59.307],[16.368,59.294]]]]}},{"type":"Feature","properties":{"n":""},"geometry":{"type":"MultiPolygon","coordinates":[[[[24.704,61.65],[24.685,61.641],[24.622,61.664],[24.566,61.661],[24.536,61.619],[24.484,61.623],[24.423,61.582],[24.577,61.536],[24.601,61.513],[24.532,61.515],[24.472,61.538],[24.387,61.515],[24.294,61.52],[24.272,61.513],[24.285,61.5],[24.233,61.493],[24.194,61.449],[24.162,61.443],[24.158,61.421],[24.197,61.416],[24.143,61.396],[24.163,61.355],[24.153,61.34],[24.108,61.341],[24.102,61.316],[24.115,61.307],[24.211,61.341],[24.225,61.317],[24.327,61.266],[24.188,61.308],[24.129,61.26],[24.029,61.257],[23.991,61.225],[24.136,61.163],[24.173,61.191],[24.245,61.184],[24.231,61.211],[24.352,61.173],[24.389,61.129],[24.325,61.154],[24.313,61.143],[24.326,61.113],[24.478,61.02],[24.393,61.034],[24.307,61.123],[24.272,61.109],[24.272,61.068],[24.252,61.066],[24.133,61.133],[23.764,61.218],[23.779,61.225],[23.75,61.315],[23.758,61.341],[23.833,61.213],[23.978,61.197],[23.937,61.246],[24.013,61.264],[24.046,61.293],[24.055,61.324],[24.028,61.369],[23.991,61.381],[23.971,61.424],[24.004,61.437],[24.074,61.418],[24.272,61.545],[24.346,61.563],[24.368,61.589],[24.341,61.601],[24.348,61.609],[24.297,61.608],[24.325,61.648],[24.356,61.648],[24.375,61.636],[24.371,61.621],[24.404,61.613],[24.478,61.63],[24.489,61.64],[24.478,61.657],[24.512,61.671],[24.457,61.691],[24.575,61.68],[24.601,61.698],[24.588,61.705],[24.626,61.722],[24.78,61.732],[24.766,61.711],[24.69,61.711],[24.665,61.694],[24.676,61.671],[24.663,61.664],[24.704,61.65]]]]}},{"type":"Feature","properties":{"n":"Pyhäjärvi"},"geometry":{"type":"MultiPolygon","coordinates":[[[[23.541,61.454],[23.502,61.42],[23.49,61.398],[23.5,61.382],[23.585,61.332],[23.724,61.328],[23.704,61.3],[23.731,61.28],[23.718,61.247],[23.703,61.239],[23.683,61.259],[23.686,61.287],[23.653,61.301],[23.532,61.307],[23.553,61.287],[23.498,61.293],[23.512,61.307],[23.464,61.348],[23.476,61.36],[23.419,61.386],[23.376,61.37],[23.326,61.376],[23.36,61.383],[23.375,61.417],[23.446,61.414],[23.56,61.485],[23.708,61.494],[23.717,61.516],[23.642,61.54],[23.632,61.588],[23.614,61.595],[23.642,61.609],[23.558,61.637],[23.556,61.653],[23.577,61.657],[23.656,61.642],[23.614,61.657],[23.649,61.671],[23.539,61.705],[23.636,61.702],[23.692,61.718],[23.677,61.748],[23.649,61.752],[23.709,61.782],[23.71,61.804],[23.67,61.821],[23.764,61.835],[23.636,61.903],[23.843,61.857],[23.874,61.886],[23.835,61.917],[23.909,61.918],[23.97,61.961],[24.073,61.971],[23.999,61.992],[24.025,62.007],[24.005,62.034],[24.02,62.066],[23.972,62.103],[23.95,62.109],[23.964,62.095],[23.954,62.092],[23.797,62.103],[23.785,62.089],[23.657,62.112],[23.653,62.123],[23.703,62.129],[23.649,62.143],[23.658,62.163],[23.621,62.212],[23.685,62.235],[23.71,62.226],[23.673,62.208],[23.699,62.175],[23.683,62.164],[23.696,62.152],[23.739,62.143],[23.758,62.15],[23.764,62.178],[23.787,62.18],[23.803,62.148],[23.875,62.133],[23.923,62.157],[23.905,62.18],[23.923,62.205],[23.904,62.219],[23.95,62.218],[23.974,62.241],[24.019,62.232],[23.993,62.2],[23.957,62.205],[23.944,62.19],[23.939,62.164],[23.955,62.141],[23.999,62.178],[24.053,62.129],[24.07,62.147],[24.204,62.169],[24.167,62.14],[24.081,62.129],[24.095,62.117],[24.163,62.123],[24.087,62.075],[24.102,62.06],[24.214,62.034],[24.258,62.062],[24.286,62.109],[24.277,62.121],[24.306,62.123],[24.358,62.099],[24.319,62.088],[24.278,62.048],[24.324,62.04],[24.341,62.02],[24.392,62.037],[24.573,62.019],[24.595,62.026],[24.565,62.038],[24.53,62.091],[24.498,62.109],[24.426,62.089],[24.361,62.117],[24.389,62.129],[24.278,62.178],[24.505,62.129],[24.588,62.068],[24.608,62.075],[24.601,62.095],[24.629,62.123],[24.574,62.171],[24.595,62.184],[24.588,62.212],[24.615,62.191],[24.622,62.229],[24.595,62.26],[24.698,62.276],[24.698,62.253],[24.658,62.207],[24.682,62.184],[24.745,62.205],[24.739,62.218],[24.78,62.218],[24.684,62.155],[24.694,62.126],[24.732,62.106],[24.687,62.106],[24.649,62.087],[24.635,62.027],[24.58,62.007],[24.671,61.975],[24.691,61.93],[24.73,61.919],[24.732,61.889],[24.65,61.951],[24.595,61.965],[24.583,61.983],[24.532,61.985],[24.56,61.999],[24.529,62.009],[24.396,61.999],[24.431,61.985],[24.413,61.98],[24.327,62.003],[24.278,61.985],[24.236,62.011],[24.073,62.04],[24.068,62.016],[24.094,62.007],[24.105,61.982],[24.167,61.982],[24.197,61.958],[24.019,61.944],[24.081,61.91],[24.005,61.917],[23.943,61.903],[23.971,61.897],[23.963,61.878],[23.797,61.821],[23.731,61.773],[23.758,61.746],[23.819,61.732],[23.764,61.726],[23.779,61.718],[23.764,61.705],[23.769,61.682],[23.745,61.664],[23.718,61.667],[23.731,61.651],[23.776,61.636],[23.937,61.657],[23.893,61.638],[23.751,61.623],[23.773,61.601],[23.819,61.62],[23.827,61.609],[23.779,61.589],[23.812,61.535],[23.71,61.479],[23.59,61.472],[23.541,61.454]]]]}},{"type":"Feature","properties":{"n":""},"geometry":{"type":"MultiPolygon","coordinates":[[[[23.223,61.445],[23.264,61.403],[23.121,61.41],[23.062,61.37],[23.059,61.389],[23.031,61.405],[22.96,61.341],[22.805,61.324],[22.693,61.28],[22.644,61.236],[22.647,61.201],[22.579,61.211],[22.627,61.211],[22.627,61.246],[22.739,61.323],[22.809,61.348],[22.948,61.358],[23.024,61.44],[23.046,61.444],[23.06,61.423],[23.081,61.424],[23.147,61.441],[23.169,61.465],[23.388,61.465],[23.373,61.453],[23.223,61.445]]]]}},{"type":"Feature","properties":{"n":"Gyaring Hu"},"geometry":{"type":"MultiPolygon","coordinates":[[[[97.437,34.994],[97.487,34.984],[97.486,34.967],[97.472,34.956],[97.452,34.965],[97.446,34.937],[97.396,34.909],[97.379,34.873],[97.304,34.829],[97.248,34.836],[97.069,34.935],[97.056,34.998],[97.086,35.01],[97.096,34.986],[97.123,35.028],[97.163,35.013],[97.25,35.014],[97.317,35.034],[97.437,34.994]]]]}},{"type":"Feature","properties":{"n":""},"geometry":{"type":"MultiPolygon","coordinates":[[[[26.64,63.154],[26.623,63.123],[26.636,63.096],[26.534,63.082],[26.624,63.023],[26.637,62.983],[26.664,62.966],[26.63,62.938],[26.451,63.02],[26.486,63.033],[26.455,63.048],[26.472,63.076],[26.419,63.141],[26.294,63.194],[26.198,63.275],[26.281,63.26],[26.321,63.197],[26.451,63.151],[26.458,63.165],[26.492,63.157],[26.502,63.192],[26.561,63.185],[26.579,63.209],[26.616,63.186],[26.643,63.192],[26.549,63.273],[26.472,63.281],[26.383,63.349],[26.487,63.38],[26.568,63.301],[26.629,63.328],[26.733,63.321],[26.707,63.298],[26.636,63.301],[26.661,63.277],[26.753,63.267],[26.719,63.253],[26.767,63.198],[26.712,63.198],[26.64,63.154]]]]}},{"type":"Feature","properties":{"n":""},"geometry":{"type":"MultiPolygon","coordinates":[[[[26.556,61.629],[26.581,61.623],[26.544,61.601],[26.486,61.616],[26.45,61.596],[26.438,61.611],[26.396,61.616],[26.404,61.636],[26.261,61.692],[26.204,61.76],[26.167,61.706],[26.122,61.731],[26.071,61.729],[26.082,61.705],[26.057,61.668],[26.067,61.657],[26.122,61.642],[26.108,61.657],[26.132,61.679],[26.16,61.679],[26.176,61.664],[26.164,61.642],[26.198,61.629],[26.15,61.578],[26.145,61.553],[26.17,61.54],[26.164,61.527],[26.012,61.561],[25.985,61.625],[25.941,61.612],[25.922,61.634],[25.869,61.65],[25.849,61.677],[25.883,61.664],[25.951,61.698],[25.951,61.726],[25.979,61.764],[25.93,61.773],[25.936,61.814],[26.047,61.773],[26.073,61.749],[26.146,61.742],[26.211,61.856],[26.251,61.836],[26.259,61.822],[26.239,61.815],[26.294,61.752],[26.266,61.746],[26.3,61.704],[26.373,61.686],[26.342,61.732],[26.359,61.735],[26.458,61.691],[26.466,61.709],[26.411,61.732],[26.442,61.749],[26.483,61.746],[26.518,61.729],[26.574,61.664],[26.556,61.629]]]]}},{"type":"Feature","properties":{"n":"Langa Co"},"geometry":{"type":"MultiPolygon","coordinates":[[[[81.313,30.674],[81.328,30.642],[81.316,30.619],[81.236,30.6],[81.218,30.621],[81.144,30.629],[81.109,30.676],[81.135,30.689],[81.16,30.676],[81.184,30.693],[81.177,30.71],[81.204,30.783],[81.19,30.847],[81.224,30.857],[81.296,30.822],[81.292,30.788],[81.26,30.785],[81.241,30.746],[81.263,30.706],[81.313,30.674]]]]}},{"type":"Feature","properties":{"n":"Mapam Yumco"},"geometry":{"type":"MultiPolygon","coordinates":[[[[81.578,30.749],[81.603,30.723],[81.603,30.69],[81.451,30.566],[81.424,30.566],[81.362,30.614],[81.379,30.641],[81.376,30.764],[81.407,30.789],[81.578,30.749]]]]}},{"type":"Feature","properties":{"n":"Lake Beloye"},"geometry":{"type":"MultiPolygon","coordinates":[[[[37.251,60.135],[37.22,60.173],[37.247,60.221],[37.431,60.319],[37.503,60.336],[37.816,60.34],[37.885,60.319],[38.008,60.226],[38.023,60.186],[37.978,60.109],[38.033,60.074],[37.957,60.06],[37.398,60.081],[37.251,60.135]]]]}},{"type":"Feature","properties":{"n":"Lake Manyara"},"geometry":{"type":"MultiPolygon","coordinates":[[[[35.739,-3.761],[35.739,-3.594],[35.767,-3.567],[35.785,-3.474],[35.811,-3.428],[35.862,-3.404],[35.895,-3.459],[35.859,-3.601],[35.865,-3.68],[35.783,-3.764],[35.739,-3.761]]]]}},{"type":"Feature","properties":{"n":"Lake Balaton"},"geometry":{"type":"MultiPolygon","coordinates":[[[[17.87,46.864],[17.563,46.765],[17.474,46.717],[17.275,46.717],[17.248,46.732],[17.263,46.768],[17.345,46.758],[17.423,46.8],[17.496,46.786],[17.838,46.92],[17.893,46.896],[17.895,46.92],[17.865,46.944],[17.996,46.999],[18.047,47.06],[18.112,47.047],[18.169,47.014],[18.119,46.944],[17.92,46.896],[17.87,46.864]]]]}},{"type":"Feature","properties":{"n":"Lago Ranco"},"geometry":{"type":"MultiPolygon","coordinates":[[[[-72.266,-40.245],[-72.322,-40.262],[-72.25,-40.284],[-72.252,-40.305],[-72.273,-40.313],[-72.37,-40.288],[-72.463,-40.284],[-72.522,-40.299],[-72.551,-40.286],[-72.565,-40.217],[-72.545,-40.169],[-72.506,-40.141],[-72.43,-40.122],[-72.371,-40.129],[-72.338,-40.1],[-72.319,-40.117],[-72.322,-40.152],[-72.293,-40.143],[-72.264,-40.169],[-72.272,-40.207],[-72.25,-40.237],[-72.266,-40.245]]]]}},{"type":"Feature","properties":{"n":"Lago Viedma"},"geometry":{"type":"MultiPolygon","coordinates":[[[[-72.181,-49.786],[-72.255,-49.789],[-72.535,-49.679],[-72.561,-49.649],[-72.751,-49.618],[-72.775,-49.618],[-72.783,-49.639],[-72.757,-49.651],[-72.764,-49.666],[-72.854,-49.652],[-73.047,-49.687],[-73.054,-49.671],[-73.036,-49.652],[-72.905,-49.631],[-73.014,-49.539],[-73.028,-49.497],[-72.949,-49.469],[-72.905,-49.397],[-72.893,-49.446],[-72.871,-49.464],[-72.686,-49.524],[-72.579,-49.55],[-72.515,-49.549],[-72.426,-49.578],[-72.392,-49.57],[-72.371,-49.592],[-72.203,-49.617],[-72.118,-49.666],[-72.091,-49.723],[-72.095,-49.755],[-72.118,-49.775],[-72.181,-49.786]]]]}},{"type":"Feature","properties":{"n":"Lac Tumba"},"geometry":{"type":"MultiPolygon","coordinates":[[[[18.077,-0.942],[18.033,-0.977],[18.016,-0.972],[18.023,-0.929],[18.009,-0.896],[17.961,-0.888],[17.913,-0.819],[17.914,-0.792],[17.948,-0.799],[17.94,-0.723],[17.926,-0.703],[17.913,-0.723],[17.81,-0.716],[17.799,-0.663],[17.81,-0.648],[17.832,-0.677],[17.873,-0.675],[17.972,-0.637],[18.026,-0.634],[18.042,-0.657],[18.077,-0.662],[18.119,-0.696],[18.109,-0.722],[18.125,-0.747],[18.091,-0.751],[18.095,-0.788],[18.132,-0.826],[18.105,-0.847],[18.099,-0.884],[18.163,-0.984],[18.132,-1.004],[18.114,-0.987],[18.073,-0.997],[18.077,-0.942]]]]}},{"type":"Feature","properties":{"n":""},"geometry":{"type":"MultiPolygon","coordinates":[[[[30.666,63.822],[30.81,63.836],[30.788,63.84],[30.802,63.892],[30.782,63.925],[30.824,63.925],[30.892,63.911],[30.9,63.897],[30.861,63.88],[30.86,63.859],[30.916,63.857],[30.939,63.837],[31.173,63.812],[31.221,63.774],[31.139,63.768],[31.194,63.787],[31.142,63.806],[30.988,63.802],[31.002,63.776],[31.108,63.753],[31.173,63.706],[31.118,63.712],[31.146,63.697],[31.131,63.676],[31.063,63.685],[31.173,63.63],[31.152,63.61],[31.159,63.596],[30.992,63.676],[30.889,63.685],[30.872,63.699],[30.94,63.713],[30.94,63.733],[30.904,63.763],[30.934,63.774],[30.865,63.804],[30.666,63.822]]]]}},{"type":"Feature","properties":{"n":"Po Hu"},"geometry":{"type":"MultiPolygon","coordinates":[[[[116.444,30.101],[116.446,30.124],[116.393,30.094],[116.398,30.109],[116.384,30.113],[116.407,30.134],[116.366,30.155],[116.393,30.155],[116.385,30.168],[116.32,30.177],[116.322,30.215],[116.297,30.224],[116.326,30.241],[116.345,30.224],[116.345,30.25],[116.359,30.244],[116.373,30.271],[116.369,30.224],[116.397,30.211],[116.407,30.224],[116.419,30.181],[116.435,30.175],[116.427,30.21],[116.476,30.21],[116.486,30.189],[116.543,30.237],[116.531,30.169],[116.543,30.155],[116.504,30.137],[116.55,30.111],[116.551,30.096],[116.482,30.066],[116.504,30.099],[116.444,30.101]]]]}},{"type":"Feature","properties":{"n":"Buyr Nuur"},"geometry":{"type":"MultiPolygon","coordinates":[[[[117.572,47.656],[117.592,47.697],[117.53,47.718],[117.504,47.76],[117.512,47.786],[117.685,47.955],[117.739,47.977],[117.799,47.971],[117.832,47.91],[117.873,47.889],[117.882,47.834],[117.869,47.81],[117.803,47.747],[117.673,47.677],[117.572,47.656]]]]}},{"type":"Feature","properties":{"n":"Ngangla Ringeo"},"geometry":{"type":"MultiPolygon","coordinates":[[[[83.348,31.436],[83.26,31.471],[83.253,31.459],[83.178,31.464],[83.144,31.45],[83.081,31.519],[83.043,31.537],[83.028,31.519],[82.98,31.525],[82.94,31.5],[82.833,31.545],[82.823,31.574],[82.972,31.573],[82.942,31.618],[82.918,31.621],[82.928,31.635],[82.98,31.641],[83.035,31.62],[83.073,31.655],[83.116,31.656],[83.12,31.632],[83.089,31.606],[83.131,31.615],[83.141,31.587],[83.191,31.578],[83.262,31.537],[83.377,31.436],[83.348,31.436]]]]}},{"type":"Feature","properties":{"n":"Tangra Yumco"},"geometry":{"type":"MultiPolygon","coordinates":[[[[86.769,31.224],[86.796,31.142],[86.774,31.123],[86.659,31.114],[86.614,31.079],[86.597,31.052],[86.607,31.002],[86.522,30.882],[86.525,30.824],[86.473,30.781],[86.43,30.771],[86.376,30.871],[86.427,30.893],[86.454,31],[86.571,31.09],[86.615,31.211],[86.626,31.34],[86.648,31.369],[86.734,31.347],[86.762,31.313],[86.769,31.224]]]]}},{"type":"Feature","properties":{"n":"Ozero Kulundinskoye"},"geometry":{"type":"MultiPolygon","coordinates":[[[[79.788,53.01],[79.82,53.001],[79.809,52.972],[79.745,52.975],[79.71,52.96],[79.712,52.861],[79.743,52.864],[79.738,52.885],[79.763,52.879],[79.765,52.857],[79.735,52.823],[79.594,52.831],[79.489,52.864],[79.401,52.931],[79.377,52.987],[79.4,53.06],[79.488,53.124],[79.542,53.131],[79.663,53.105],[79.651,53.126],[79.574,53.138],[79.597,53.147],[79.666,53.138],[79.714,53.092],[79.773,53.075],[79.766,53.029],[79.788,53.01]]]]}},{"type":"Feature","properties":{"n":"Siletitengiz Kli"},"geometry":{"type":"MultiPolygon","coordinates":[[[[73.426,53.077],[73.433,53.068],[73.413,53.056],[73.376,53.056],[73.297,53.128],[73.297,53.152],[73.091,53.262],[73.06,53.336],[73.04,53.336],[72.984,53.293],[72.975,53.242],[72.953,53.259],[72.922,53.254],[72.913,53.289],[72.932,53.286],[72.988,53.338],[73.009,53.33],[72.988,53.352],[72.954,53.347],[72.954,53.358],[72.995,53.364],[73.014,53.389],[73.044,53.396],[73.264,53.402],[73.405,53.367],[73.436,53.341],[73.44,53.297],[73.413,53.239],[73.408,53.174],[73.433,53.111],[73.412,53.118],[73.38,53.1],[73.426,53.077]]]]}},{"type":"Feature","properties":{"n":"Ubinskoye Lake"},"geometry":{"type":"MultiPolygon","coordinates":[[[[80.261,55.58],[80.314,55.565],[80.341,55.53],[80.318,55.502],[80.174,55.42],[79.906,55.373],[79.82,55.4],[79.81,55.476],[79.858,55.49],[79.941,55.485],[79.968,55.526],[80.009,55.542],[80.261,55.58]]]]}},{"type":"Feature","properties":{"n":""},"geometry":{"type":"MultiPolygon","coordinates":[[[[38.647,61.305],[38.636,61.329],[38.67,61.362],[38.667,61.394],[38.684,61.414],[38.77,61.455],[38.965,61.485],[38.86,61.366],[38.852,61.306],[38.896,61.272],[38.903,61.211],[38.82,61.197],[38.756,61.205],[38.738,61.18],[38.7,61.184],[38.646,61.223],[38.647,61.305]]]]}},{"type":"Feature","properties":{"n":""},"geometry":{"type":"MultiPolygon","coordinates":[[[[28.741,66.342],[28.83,66.338],[28.911,66.282],[28.973,66.296],[28.932,66.309],[28.95,66.323],[29.172,66.296],[29.035,66.296],[29.062,66.268],[28.986,66.283],[28.966,66.268],[29.09,66.249],[29.067,66.232],[28.943,66.239],[28.938,66.204],[28.795,66.173],[28.687,66.111],[28.429,66.101],[28.343,66.076],[28.568,66.083],[28.662,66.102],[28.707,66.09],[28.61,66.049],[28.505,66.048],[28.473,66.042],[28.479,66.03],[28.322,66.042],[28.072,66.029],[28.023,66.056],[28.029,66.07],[28.076,66.076],[28.021,66.104],[28.048,66.122],[27.849,66.166],[27.917,66.183],[28.105,66.147],[28.141,66.114],[28.11,66.09],[28.143,66.06],[28.363,66.098],[28.476,66.139],[28.617,66.145],[28.528,66.18],[28.614,66.193],[28.61,66.207],[28.74,66.207],[28.788,66.227],[28.85,66.227],[28.822,66.234],[28.85,66.249],[28.822,66.268],[28.836,66.283],[28.707,66.33],[28.741,66.342]]]]}},{"type":"Feature","properties":{"n":"Ozero Bustakh"},"geometry":{"type":"MultiPolygon","coordinates":[[[[142.174,72.584],[142.214,72.552],[142.111,72.549],[142.017,72.491],[141.82,72.457],[141.779,72.47],[141.658,72.461],[141.623,72.48],[141.694,72.511],[141.522,72.573],[141.588,72.594],[141.669,72.56],[141.705,72.586],[141.889,72.627],[142.135,72.601],[142.174,72.584]]]]}},{"type":"Feature","properties":{"n":"Sea of Galilee"},"geometry":{"type":"MultiPolygon","coordinates":[[[[35.64,32.85],[35.634,32.752],[35.599,32.718],[35.577,32.72],[35.517,32.821],[35.524,32.852],[35.592,32.898],[35.63,32.883],[35.64,32.85]]]]}},{"type":"Feature","properties":{"n":"Yamzho Yumco"},"geometry":{"type":"MultiPolygon","coordinates":[[[[91.018,28.871],[90.915,28.94],[90.899,28.936],[90.894,28.953],[90.853,28.912],[90.86,28.94],[90.811,28.926],[90.805,28.953],[90.758,28.923],[90.764,28.956],[90.729,28.974],[90.723,28.953],[90.764,28.897],[90.766,28.872],[90.729,28.857],[90.734,28.874],[90.702,28.906],[90.657,28.906],[90.648,28.892],[90.68,28.879],[90.604,28.822],[90.593,28.786],[90.507,28.782],[90.504,28.823],[90.456,28.846],[90.437,28.894],[90.49,28.884],[90.497,28.851],[90.529,28.868],[90.525,28.813],[90.552,28.81],[90.544,28.823],[90.566,28.837],[90.552,28.892],[90.641,28.92],[90.599,28.94],[90.6,28.959],[90.695,28.982],[90.691,29.022],[90.648,29.076],[90.666,29.087],[90.657,29.14],[90.629,29.169],[90.572,29.186],[90.436,29.131],[90.394,29.097],[90.397,29.079],[90.361,29.112],[90.548,29.2],[90.661,29.179],[90.741,29.142],[90.723,29.131],[90.737,29.111],[90.716,29.111],[90.72,29.057],[90.754,29.029],[90.791,29.035],[90.774,29.016],[90.743,29.016],[90.759,29],[90.832,28.967],[90.818,28.981],[90.846,29.029],[90.945,29.024],[90.954,29.002],[91.023,28.957],[91.005,28.945],[90.97,28.96],[90.952,28.944],[91.042,28.875],[91.018,28.871]]]]}},{"type":"Feature","properties":{"n":"Ozero Tenis"},"geometry":{"type":"MultiPolygon","coordinates":[[[[71.974,56.217],[72.008,56.209],[72.02,56.173],[71.952,56.08],[71.926,56.072],[71.802,56.137],[71.775,56.107],[71.775,56.065],[71.693,56.046],[71.666,56.127],[71.611,56.171],[71.641,56.201],[71.796,56.201],[71.868,56.175],[71.879,56.184],[71.857,56.195],[71.881,56.21],[71.974,56.217]]]]}},{"type":"Feature","properties":{"n":"Ozero Chërnoye"},"geometry":{"type":"MultiPolygon","coordinates":[[[[67.664,55.822],[67.698,55.79],[67.581,55.79],[67.622,55.777],[67.591,55.761],[67.589,55.736],[67.516,55.74],[67.48,55.698],[67.377,55.72],[67.27,55.767],[67.304,55.815],[67.369,55.838],[67.333,55.866],[67.355,55.874],[67.409,55.872],[67.425,55.829],[67.5,55.779],[67.544,55.794],[67.57,55.826],[67.664,55.822]]]]}},{"type":"Feature","properties":{"n":""},"geometry":{"type":"MultiPolygon","coordinates":[[[[32.763,65.857],[32.904,65.864],[32.873,65.871],[32.885,65.885],[32.865,65.894],[32.817,65.905],[32.865,65.926],[32.728,65.926],[32.749,65.994],[32.859,66.03],[32.776,66.036],[32.807,66.047],[32.953,66.046],[32.961,66.036],[32.847,66.005],[32.855,65.978],[32.872,65.972],[32.959,65.977],[32.914,65.947],[32.932,65.939],[33.018,65.947],[33.121,65.934],[33.099,65.91],[33.105,65.891],[33.058,65.857],[33.105,65.837],[33.099,65.824],[33.03,65.823],[33.043,65.81],[32.989,65.796],[32.914,65.796],[32.831,65.755],[32.715,65.769],[32.71,65.785],[32.783,65.796],[32.693,65.813],[32.715,65.837],[32.681,65.857],[32.763,65.857]],[[32.914,65.851],[32.763,65.83],[32.787,65.815],[32.948,65.816],[32.845,65.823],[32.87,65.838],[32.982,65.837],[32.914,65.851]]]]}},{"type":"Feature","properties":{"n":"Ozero Bol'šoe Morskoe"},"geometry":{"type":"MultiPolygon","coordinates":[[[[158.922,70.123],[158.948,70.113],[158.955,70.093],[158.88,70.092],[158.889,70.061],[158.87,70.038],[158.798,70.011],[158.832,69.983],[158.802,69.973],[158.571,70.048],[158.541,70.074],[158.524,70.12],[158.53,70.134],[158.618,70.149],[158.922,70.123]]]]}},{"type":"Feature","properties":{"n":"Ozero Chukochye"},"geometry":{"type":"MultiPolygon","coordinates":[[[[160.054,69.444],[159.996,69.462],[160.069,69.476],[160.141,69.469],[160.045,69.52],[160.031,69.537],[160.039,69.549],[160.238,69.525],[160.366,69.476],[160.386,69.459],[160.374,69.441],[160.456,69.441],[160.442,69.408],[160.22,69.434],[160.134,69.428],[160.152,69.41],[160.287,69.379],[160.287,69.357],[160.251,69.345],[160.054,69.386],[160.018,69.421],[160.072,69.434],[160.054,69.444]]]]}},{"type":"Feature","properties":{"n":"Shijiu Hu"},"geometry":{"type":"MultiPolygon","coordinates":[[[[118.823,31.402],[118.764,31.484],[118.795,31.401],[118.773,31.393],[118.778,31.409],[118.751,31.434],[118.732,31.489],[118.736,31.505],[118.757,31.505],[118.688,31.539],[118.723,31.559],[118.802,31.532],[118.939,31.566],[118.975,31.494],[118.966,31.46],[118.908,31.44],[118.894,31.402],[118.858,31.382],[118.823,31.402]]]]}},{"type":"Feature","properties":{"n":"Hong Hu"},"geometry":{"type":"MultiPolygon","coordinates":[[[[113.436,29.949],[113.453,29.956],[113.466,29.931],[113.462,29.9],[113.446,29.872],[113.39,29.851],[113.392,29.803],[113.32,29.736],[113.279,29.761],[113.27,29.8],[113.246,29.811],[113.222,29.861],[113.227,29.908],[113.295,29.907],[113.306,29.875],[113.351,29.846],[113.357,29.867],[113.338,29.881],[113.353,29.943],[113.382,29.963],[113.436,29.949]]]]}},{"type":"Feature","properties":{"n":"Võrtsjärv"},"geometry":{"type":"MultiPolygon","coordinates":[[[[26.122,58.388],[26.149,58.365],[26.154,58.339],[26.142,58.244],[26.074,58.169],[26.093,58.126],[26.072,58.102],[26.033,58.189],[25.996,58.21],[25.992,58.245],[25.939,58.284],[25.91,58.33],[25.977,58.409],[26.067,58.411],[26.122,58.388]]]]}},{"type":"Feature","properties":{"n":"Chao Hu"},"geometry":{"type":"MultiPolygon","coordinates":[[[[117.936,31.548],[117.955,31.498],[117.926,31.524],[117.929,31.539],[117.846,31.583],[117.768,31.591],[117.647,31.462],[117.613,31.444],[117.548,31.438],[117.442,31.484],[117.384,31.543],[117.304,31.573],[117.289,31.661],[117.306,31.704],[117.36,31.72],[117.438,31.69],[117.435,31.612],[117.475,31.589],[117.563,31.583],[117.623,31.643],[117.678,31.663],[117.846,31.608],[117.881,31.572],[117.936,31.548]]]]}},{"type":"Feature","properties":{"n":""},"geometry":{"type":"MultiPolygon","coordinates":[[[[12.942,63.599],[12.857,63.671],[12.911,63.671],[13.064,63.732],[13.273,63.726],[13.322,63.678],[13.234,63.706],[13.024,63.705],[12.98,63.692],[13.177,63.61],[13.016,63.587],[13.061,63.534],[13.175,63.486],[13.324,63.462],[13.374,63.434],[13.354,63.411],[13.293,63.447],[13.159,63.474],[13.005,63.531],[12.95,63.573],[12.942,63.599]]]]}},{"type":"Feature","properties":{"n":"Lake Sevan"},"geometry":{"type":"MultiPolygon","coordinates":[[[[45.039,40.496],[44.994,40.499],[44.96,40.52],[44.967,40.537],[45.013,40.558],[44.978,40.591],[44.978,40.624],[45.091,40.602],[45.222,40.533],[45.297,40.479],[45.303,40.458],[45.351,40.448],[45.358,40.489],[45.406,40.468],[45.491,40.386],[45.584,40.345],[45.649,40.275],[45.662,40.201],[45.63,40.171],[45.563,40.172],[45.509,40.146],[45.444,40.166],[45.381,40.139],[45.286,40.148],[45.233,40.2],[45.221,40.242],[45.227,40.372],[45.207,40.4],[45.166,40.386],[45.129,40.4],[45.121,40.45],[45.091,40.454],[45.039,40.496]]]]}},{"type":"Feature","properties":{"n":""},"geometry":{"type":"MultiPolygon","coordinates":[[[[114.854,30.314],[114.838,30.271],[114.797,30.299],[114.785,30.293],[114.797,30.265],[114.782,30.258],[114.721,30.313],[114.74,30.28],[114.735,30.244],[114.789,30.224],[114.776,30.21],[114.749,30.224],[114.728,30.196],[114.65,30.241],[114.649,30.254],[114.701,30.265],[114.673,30.271],[114.687,30.291],[114.662,30.291],[114.669,30.313],[114.717,30.323],[114.749,30.36],[114.783,30.332],[114.785,30.353],[114.822,30.346],[114.854,30.314]]]]}},{"type":"Feature","properties":{"n":""},"geometry":{"type":"MultiPolygon","coordinates":[[[[114.57,30.669],[114.605,30.664],[114.611,30.634],[114.673,30.628],[114.628,30.717],[114.673,30.73],[114.697,30.71],[114.698,30.736],[114.721,30.744],[114.709,30.768],[114.721,30.785],[114.73,30.744],[114.773,30.715],[114.784,30.67],[114.804,30.656],[114.749,30.648],[114.676,30.609],[114.632,30.613],[114.57,30.669]]]]}},{"type":"Feature","properties":{"n":"Weishan Hu"},"geometry":{"type":"MultiPolygon","coordinates":[[[[117.328,34.627],[117.34,34.58],[117.26,34.5],[117.202,34.473],[117.195,34.528],[117.169,34.536],[117.129,34.637],[117.134,34.724],[117.118,34.738],[117.135,34.756],[117.148,34.734],[117.234,34.699],[117.328,34.627]]]]}},{"type":"Feature","properties":{"n":""},"geometry":{"type":"MultiPolygon","coordinates":[[[[114.662,30.35],[114.633,30.334],[114.586,30.349],[114.558,30.362],[114.557,30.386],[114.516,30.419],[114.467,30.422],[114.502,30.45],[114.558,30.421],[114.564,30.436],[114.588,30.405],[114.591,30.36],[114.613,30.388],[114.611,30.429],[114.639,30.412],[114.659,30.436],[114.645,30.429],[114.653,30.456],[114.602,30.474],[114.604,30.511],[114.673,30.463],[114.694,30.491],[114.653,30.524],[114.687,30.524],[114.7,30.504],[114.744,30.51],[114.753,30.495],[114.742,30.477],[114.779,30.477],[114.728,30.45],[114.755,30.45],[114.757,30.416],[114.727,30.418],[114.707,30.45],[114.666,30.388],[114.662,30.35]]]]}},{"type":"Feature","properties":{"n":"Huangtang Hu"},"geometry":{"type":"MultiPolygon","coordinates":[[[[114.294,30.034],[114.31,30.038],[114.31,30.025],[114.289,29.989],[114.242,29.983],[114.245,29.968],[114.201,29.952],[114.276,29.922],[114.256,29.894],[114.163,29.921],[114.137,30.008],[114.152,30.114],[114.159,30.099],[114.23,30.154],[114.262,30.141],[114.224,30.103],[114.228,30.08],[114.243,30.075],[114.262,30.024],[114.29,30.059],[114.294,30.034]]]]}},{"type":"Feature","properties":{"n":""},"geometry":{"type":"MultiPolygon","coordinates":[[[[114.131,29.927],[114.158,29.887],[114.161,29.852],[114.138,29.874],[114.118,29.846],[114.116,29.906],[114.075,29.97],[114.056,29.977],[114.07,29.934],[114.04,29.895],[113.968,29.867],[113.954,29.902],[114.015,29.929],[113.992,29.977],[113.947,29.949],[113.954,29.97],[113.926,29.997],[113.985,29.983],[114.006,30.006],[114.028,29.99],[114.098,30.036],[114.09,30.024],[114.124,29.977],[114.131,29.927]]]]}},{"type":"Feature","properties":{"n":"Hoh Xil Hu"},"geometry":{"type":"MultiPolygon","coordinates":[[[[91.283,35.63],[91.339,35.58],[91.271,35.565],[91.3,35.529],[91.275,35.525],[91.072,35.558],[91.004,35.6],[90.942,35.615],[90.932,35.631],[90.957,35.655],[91.012,35.628],[91.028,35.649],[91.15,35.627],[91.223,35.635],[91.223,35.662],[91.283,35.63]]]]}},{"type":"Feature","properties":{"n":""},"geometry":{"type":"MultiPolygon","coordinates":[[[[85.895,30.955],[85.903,30.934],[85.886,30.914],[85.878,30.936],[85.842,30.931],[85.862,30.856],[85.844,30.777],[85.816,30.748],[85.761,30.758],[85.789,30.772],[85.773,30.796],[85.81,30.819],[85.762,30.831],[85.734,30.874],[85.675,30.882],[85.611,30.861],[85.598,30.871],[85.574,30.82],[85.378,30.889],[85.331,30.957],[85.354,31.008],[85.405,31.046],[85.4,31.07],[85.412,31.081],[85.629,30.999],[85.628,31.027],[85.652,31.039],[85.675,31.019],[85.685,31.038],[85.747,31.027],[85.803,30.997],[85.881,30.984],[85.895,30.955]]]]}},{"type":"Feature","properties":{"n":"Ozero Khantayskoye"},"geometry":{"type":"MultiPolygon","coordinates":[[[[91.899,68.398],[91.558,68.388],[91.27,68.415],[91.095,68.376],[90.961,68.304],[90.805,68.32],[90.586,68.313],[90.464,68.273],[90.322,68.251],[90.106,68.265],[90.078,68.224],[89.996,68.244],[89.887,68.231],[89.778,68.262],[89.784,68.296],[89.744,68.341],[89.741,68.367],[89.585,68.371],[89.544,68.347],[89.631,68.354],[89.659,68.34],[89.656,68.309],[89.626,68.327],[89.583,68.326],[89.455,68.272],[89.458,68.312],[89.503,68.32],[89.471,68.347],[89.449,68.355],[89.386,68.321],[89.332,68.313],[89.329,68.329],[89.291,68.341],[89.338,68.345],[89.356,68.356],[89.352,68.374],[89.256,68.388],[89.284,68.402],[89.395,68.404],[89.544,68.385],[89.686,68.417],[89.755,68.389],[89.852,68.397],[90.276,68.339],[90.325,68.341],[90.524,68.402],[90.737,68.416],[90.633,68.395],[90.667,68.365],[90.808,68.362],[90.826,68.374],[90.771,68.395],[90.953,68.418],[91.107,68.456],[91.38,68.464],[91.655,68.416],[91.791,68.423],[92.126,68.57],[92.176,68.546],[92.098,68.517],[92.045,68.457],[92.079,68.44],[92.415,68.451],[92.385,68.428],[92.329,68.418],[91.97,68.416],[91.899,68.398]]]]}},{"type":"Feature","properties":{"n":"Ozero Keta"},"geometry":{"type":"MultiPolygon","coordinates":[[[[90.011,68.706],[89.99,68.71],[90.004,68.733],[89.951,68.758],[89.809,68.753],[89.729,68.784],[89.577,68.783],[89.509,68.813],[89.527,68.837],[89.591,68.866],[89.634,68.846],[89.688,68.861],[89.767,68.848],[90.088,68.865],[90.12,68.848],[90.106,68.827],[90.184,68.771],[90.318,68.743],[90.434,68.741],[90.728,68.778],[90.846,68.82],[91.251,68.845],[91.42,68.817],[91.645,68.868],[91.716,68.865],[91.698,68.844],[91.47,68.786],[91.142,68.8],[90.544,68.71],[90.168,68.689],[90.086,68.71],[90.011,68.706]]]]}},{"type":"Feature","properties":{"n":"Ozero Lama"},"geometry":{"type":"MultiPolygon","coordinates":[[[[88.791,69.362],[88.887,69.375],[89.009,69.421],[89.683,69.497],[89.81,69.565],[89.818,69.595],[90.055,69.61],[90.116,69.635],[90.628,69.554],[90.676,69.495],[90.712,69.479],[91.415,69.502],[91.46,69.481],[91.47,69.457],[91.566,69.416],[91.537,69.409],[91.388,69.464],[90.924,69.466],[90.717,69.439],[90.583,69.48],[90.472,69.54],[90.042,69.549],[89.839,69.518],[89.739,69.468],[89.557,69.451],[89.606,69.437],[89.56,69.409],[89.184,69.323],[88.928,69.313],[88.791,69.34],[88.78,69.347],[88.791,69.362]]]]}},{"type":"Feature","properties":{"n":"Storavan"},"geometry":{"type":"MultiPolygon","coordinates":[[[[17.948,65.901],[18.037,65.871],[18.077,65.802],[18.122,65.775],[18.173,65.761],[18.166,65.782],[18.221,65.769],[18.33,65.778],[18.393,65.748],[18.365,65.734],[18.401,65.704],[18.53,65.659],[18.38,65.646],[18.187,65.686],[18.225,65.651],[18.166,65.679],[18.129,65.642],[18.194,65.618],[18.182,65.606],[18.089,65.622],[18.071,65.672],[18.119,65.665],[18.112,65.686],[18.085,65.693],[18.112,65.713],[18.071,65.716],[18.057,65.769],[18.006,65.831],[17.941,65.857],[17.982,65.864],[17.934,65.891],[17.948,65.901]]]]}},{"type":"Feature","properties":{"n":"Uddjaure"},"geometry":{"type":"MultiPolygon","coordinates":[[[[17.934,65.891],[17.872,65.912],[17.824,65.853],[17.739,65.846],[17.728,65.864],[17.659,65.885],[17.714,65.886],[17.728,65.912],[17.659,65.933],[17.769,65.947],[17.748,65.969],[17.639,66.008],[17.638,66.024],[17.615,66.031],[17.57,66.015],[17.611,65.994],[17.515,66.015],[17.543,66.022],[17.527,66.032],[17.53,66.049],[17.482,66.076],[17.38,66.06],[17.379,66.008],[17.327,66.065],[17.337,66.083],[17.303,66.111],[17.399,66.09],[17.478,66.11],[17.58,66.047],[17.604,66.053],[17.595,66.073],[17.522,66.104],[17.548,66.113],[17.597,66.1],[17.611,66.076],[17.656,66.056],[17.699,66.087],[17.774,66.046],[17.798,66.072],[17.858,66.076],[17.731,66.126],[17.653,66.135],[17.584,66.178],[17.638,66.18],[17.612,66.188],[17.62,66.218],[17.851,66.18],[17.783,66.173],[17.827,66.156],[17.838,66.131],[17.903,66.12],[17.949,66.087],[18.026,66.1],[18.099,66.076],[18.108,66.05],[17.94,66.063],[17.91,66.051],[17.963,65.997],[17.933,65.981],[17.975,65.961],[17.914,65.933],[17.948,65.901],[17.934,65.891]]]]}},{"type":"Feature","properties":{"n":""},"geometry":{"type":"MultiPolygon","coordinates":[[[[15.519,63.763],[15.544,63.792],[15.548,63.853],[15.535,63.869],[15.466,63.869],[15.275,63.946],[15.243,63.94],[15.233,63.952],[15.261,63.979],[15.285,63.946],[15.424,63.91],[15.427,63.94],[15.392,63.952],[15.392,63.967],[15.45,63.951],[15.466,63.962],[15.452,63.979],[15.337,64.013],[15.311,64.048],[15.354,64.063],[15.343,64.102],[15.123,64.219],[15.145,64.225],[15.139,64.244],[15.1,64.274],[14.994,64.315],[14.808,64.346],[14.729,64.34],[14.592,64.374],[14.337,64.385],[14.286,64.421],[14.176,64.455],[14.135,64.486],[14.126,64.524],[14.063,64.531],[13.844,64.614],[13.726,64.631],[13.709,64.65],[13.835,64.651],[14.076,64.557],[14.141,64.555],[14.166,64.535],[14.158,64.511],[14.181,64.472],[14.317,64.433],[14.371,64.402],[14.5,64.405],[14.713,64.357],[14.989,64.338],[15.159,64.273],[15.18,64.231],[15.22,64.201],[15.241,64.206],[15.233,64.247],[15.185,64.315],[15.049,64.315],[15.041,64.34],[15.062,64.357],[15.081,64.337],[15.261,64.329],[15.236,64.292],[15.271,64.246],[15.312,64.137],[15.367,64.13],[15.428,64.086],[15.376,64.046],[15.371,64.02],[15.476,63.994],[15.544,63.896],[15.535,63.877],[15.559,63.86],[15.632,63.836],[15.752,63.826],[15.83,63.74],[15.766,63.75],[15.735,63.782],[15.748,63.802],[15.672,63.829],[15.609,63.824],[15.611,63.809],[15.576,63.796],[15.583,63.768],[15.536,63.74],[15.512,63.751],[15.519,63.763]]]]}},{"type":"Feature","properties":{"n":""},"geometry":{"type":"MultiPolygon","coordinates":[[[[13.611,64.68],[13.367,64.705],[13.217,64.658],[13.174,64.679],[13.206,64.688],[13.219,64.699],[13.204,64.707],[13.225,64.722],[13.362,64.757],[13.38,64.792],[13.397,64.796],[13.534,64.713],[13.644,64.686],[13.611,64.68]]]]}},{"type":"Feature","properties":{"n":"Lake Skadar"},"geometry":{"type":"MultiPolygon","coordinates":[[[[19.481,42.113],[19.482,42.065],[19.424,42.072],[19.248,42.144],[19.208,42.177],[19.192,42.223],[19.106,42.236],[19.119,42.243],[19.106,42.284],[19.078,42.306],[19.181,42.264],[19.337,42.255],[19.345,42.271],[19.325,42.264],[19.318,42.284],[19.365,42.28],[19.38,42.31],[19.435,42.339],[19.366,42.231],[19.479,42.141],[19.481,42.113]]]]}},{"type":"Feature","properties":{"n":""},"geometry":{"type":"MultiPolygon","coordinates":[[[[-72.502,-40.702],[-72.616,-40.661],[-72.586,-40.628],[-72.528,-40.615],[-72.377,-40.621],[-72.349,-40.639],[-72.385,-40.68],[-72.442,-40.702],[-72.502,-40.702]]]]}},{"type":"Feature","properties":{"n":"Lago Colhué Huapí"},"geometry":{"type":"MultiPolygon","coordinates":[[[[-68.586,-45.563],[-68.54,-45.598],[-68.596,-45.668],[-68.628,-45.668],[-68.665,-45.645],[-68.723,-45.663],[-68.847,-45.653],[-68.904,-45.567],[-68.925,-45.505],[-68.992,-45.454],[-68.955,-45.375],[-68.986,-45.321],[-68.976,-45.278],[-68.941,-45.252],[-68.879,-45.274],[-68.876,-45.34],[-68.903,-45.396],[-68.826,-45.461],[-68.791,-45.455],[-68.8,-45.378],[-68.785,-45.367],[-68.753,-45.355],[-68.693,-45.374],[-68.681,-45.429],[-68.649,-45.457],[-68.678,-45.499],[-68.609,-45.513],[-68.658,-45.532],[-68.654,-45.543],[-68.582,-45.547],[-68.586,-45.563]]]]}},{"type":"Feature","properties":{"n":""},"geometry":{"type":"MultiPolygon","coordinates":[[[[9.066,47.723],[9.128,47.671],[9.016,47.679],[8.945,47.654],[8.881,47.656],[8.915,47.656],[9.005,47.704],[8.943,47.734],[8.949,47.746],[9.005,47.732],[8.984,47.752],[9.066,47.723]]]]}},{"type":"Feature","properties":{"n":""},"geometry":{"type":"MultiPolygon","coordinates":[[[[36.773,62.275],[36.82,62.315],[36.798,62.335],[36.833,62.356],[36.772,62.388],[36.778,62.411],[36.83,62.437],[36.82,62.459],[36.919,62.48],[36.977,62.445],[36.968,62.414],[37.041,62.438],[37.075,62.415],[37.027,62.349],[36.984,62.32],[36.993,62.301],[37.039,62.301],[36.984,62.26],[37.081,62.253],[36.998,62.233],[36.969,62.188],[36.885,62.171],[36.855,62.188],[36.902,62.24],[36.87,62.255],[36.78,62.202],[36.77,62.208],[36.783,62.247],[36.758,62.26],[36.773,62.275]]]]}},{"type":"Feature","properties":{"n":""},"geometry":{"type":"MultiPolygon","coordinates":[[[[38.948,60.803],[38.967,60.8],[39.033,60.731],[39.17,60.686],[39.191,60.653],[39.197,60.591],[39.177,60.519],[39.189,60.476],[39.123,60.42],[39.11,60.389],[38.971,60.41],[39.06,60.435],[39.075,60.471],[39.067,60.52],[39.01,60.58],[38.946,60.614],[38.916,60.608],[38.903,60.56],[38.889,60.551],[38.871,60.561],[38.879,60.603],[38.922,60.635],[38.923,60.657],[38.855,60.692],[38.822,60.732],[38.869,60.774],[38.923,60.773],[38.948,60.803]]]]}},{"type":"Feature","properties":{"n":""},"geometry":{"type":"MultiPolygon","coordinates":[[[[31.62,64.467],[31.666,64.473],[31.639,64.487],[31.815,64.463],[31.851,64.487],[31.77,64.52],[31.755,64.535],[31.77,64.552],[31.742,64.569],[31.804,64.571],[31.934,64.501],[31.92,64.487],[32.013,64.493],[32.061,64.47],[31.968,64.466],[32.009,64.438],[32.009,64.398],[31.933,64.408],[31.864,64.438],[31.783,64.391],[31.769,64.411],[31.692,64.437],[31.605,64.427],[31.475,64.453],[31.341,64.454],[31.331,64.46],[31.378,64.48],[31.31,64.528],[31.481,64.466],[31.502,64.48],[31.572,64.481],[31.62,64.467]]]]}},{"type":"Feature","properties":{"n":""},"geometry":{"type":"MultiPolygon","coordinates":[[[[35.012,67.786],[34.982,67.804],[35.12,67.851],[35.107,67.868],[35.181,67.912],[35.162,67.934],[35.15,67.911],[35.058,67.948],[35.1,67.955],[35.078,67.977],[35.162,68.037],[35.223,68.009],[35.257,68.057],[35.224,68.092],[35.236,68.105],[35.276,68.093],[35.304,68.037],[35.298,67.989],[35.231,67.991],[35.209,67.975],[35.264,67.955],[35.235,67.939],[35.288,67.862],[35.23,67.858],[35.14,67.8],[35.127,67.783],[35.148,67.762],[35.082,67.699],[35.049,67.717],[35.012,67.786]]]]}},{"type":"Feature","properties":{"n":""},"geometry":{"type":"MultiPolygon","coordinates":[[[[139.83,53.363],[139.843,53.33],[139.747,53.338],[139.658,53.385],[139.651,53.427],[139.624,53.454],[139.728,53.532],[139.82,53.568],[139.911,53.577],[139.974,53.536],[139.96,53.514],[139.905,53.502],[139.829,53.457],[139.788,53.389],[139.83,53.363]]]]}},{"type":"Feature","properties":{"n":"Ozero Krasnoye"},"geometry":{"type":"MultiPolygon","coordinates":[[[[174.747,64.659],[174.771,64.679],[174.847,64.693],[174.813,64.651],[174.774,64.555],[174.668,64.469],[174.573,64.432],[174.349,64.401],[174.093,64.497],[174.079,64.515],[174.114,64.546],[174.322,64.621],[174.367,64.675],[174.352,64.733],[174.42,64.666],[174.352,64.588],[174.319,64.576],[174.349,64.558],[174.456,64.583],[174.556,64.557],[174.593,64.562],[174.658,64.615],[174.511,64.666],[174.58,64.651],[174.747,64.659]]]]}},{"type":"Feature","properties":{"n":"Biwa Ko"},"geometry":{"type":"MultiPolygon","coordinates":[[[[136.221,35.385],[136.279,35.365],[136.253,35.284],[136.078,35.19],[136.06,35.165],[136.074,35.149],[135.965,35.123],[135.945,35.057],[135.919,35.039],[135.91,34.979],[135.885,34.99],[135.868,35.024],[135.928,35.119],[135.937,35.186],[136.074,35.321],[136.043,35.387],[136.071,35.454],[136.095,35.444],[136.122,35.487],[136.135,35.443],[136.153,35.438],[136.163,35.5],[136.178,35.495],[136.197,35.475],[136.221,35.385]]]]}},{"type":"Feature","properties":{"n":"Reg Nuur"},"geometry":{"type":"MultiPolygon","coordinates":[[[[90.946,50.088],[90.869,50.123],[90.94,50.221],[91.07,50.216],[91.121,50.192],[91.137,50.163],[91.141,50.124],[91.113,50.093],[90.946,50.088]]]]}},{"type":"Feature","properties":{"n":""},"geometry":{"type":"MultiPolygon","coordinates":[[[[90.311,33.319],[90.291,33.314],[90.213,33.35],[90.16,33.39],[90.124,33.358],[89.996,33.403],[90.017,33.434],[89.995,33.475],[90.138,33.404],[90.181,33.397],[90.294,33.458],[90.303,33.48],[90.27,33.602],[90.293,33.613],[90.298,33.725],[90.342,33.664],[90.325,33.657],[90.336,33.624],[90.402,33.531],[90.407,33.493],[90.408,33.42],[90.353,33.41],[90.34,33.376],[90.312,33.362],[90.311,33.319]]]]}},{"type":"Feature","properties":{"n":""},"geometry":{"type":"MultiPolygon","coordinates":[[[[89.956,33.513],[89.977,33.485],[89.949,33.458],[89.947,33.386],[89.902,33.358],[89.87,33.293],[89.832,33.273],[89.843,33.247],[89.801,33.256],[89.794,33.266],[89.812,33.28],[89.784,33.314],[89.777,33.383],[89.789,33.412],[89.818,33.423],[89.729,33.437],[89.661,33.492],[89.789,33.453],[89.844,33.475],[89.852,33.516],[89.93,33.525],[89.956,33.513]]]]}},{"type":"Feature","properties":{"n":""},"geometry":{"type":"MultiPolygon","coordinates":[[[[75.915,32.109],[75.919,32.127],[75.946,32.135],[75.937,32.178],[75.974,32.168],[76.006,32.133],[76.042,32.167],[76.046,32.1],[76.111,32.081],[76.105,32.048],[76.122,32.018],[76.173,32.014],[76.157,31.98],[76.197,31.906],[76.198,31.874],[76.155,31.887],[76.124,31.873],[76.071,31.924],[75.935,31.965],[75.958,32.037],[75.931,32.056],[75.937,32.089],[75.915,32.109]]]]}},{"type":"Feature","properties":{"n":""},"geometry":{"type":"MultiPolygon","coordinates":[[[[91.527,32.119],[91.534,32.068],[91.518,31.95],[91.463,31.929],[91.464,31.952],[91.431,31.981],[91.422,32.073],[91.484,32.135],[91.527,32.119]]]]}},{"type":"Feature","properties":{"n":""},"geometry":{"type":"MultiPolygon","coordinates":[[[[87.606,31.954],[87.611,31.904],[87.555,31.851],[87.447,31.833],[87.417,31.844],[87.419,31.913],[87.5,31.962],[87.539,31.979],[87.606,31.954]]]]}},{"type":"Feature","properties":{"n":"Banggong Co"},"geometry":{"type":"MultiPolygon","coordinates":[[[[78.962,33.74],[78.985,33.721],[78.97,33.712],[78.862,33.689],[78.824,33.699],[78.758,33.67],[78.728,33.678],[78.656,33.738],[78.591,33.827],[78.457,33.921],[78.436,33.979],[78.448,33.968],[78.497,33.978],[78.545,33.896],[78.559,33.906],[78.611,33.87],[78.68,33.783],[78.759,33.729],[78.786,33.725],[78.813,33.746],[78.856,33.73],[78.896,33.746],[78.913,33.734],[78.962,33.74]]]]}},{"type":"Feature","properties":{"n":"Femunden"},"geometry":{"type":"MultiPolygon","coordinates":[[[[11.792,62.004],[11.766,62.007],[11.796,61.967],[11.795,61.931],[11.765,61.923],[11.753,61.977],[11.726,62.007],[11.778,62.056],[11.794,62.04],[11.792,62.004]]]]}},{"type":"Feature","properties":{"n":"Femunden"},"geometry":{"type":"MultiPolygon","coordinates":[[[[11.951,62.411],[11.969,62.391],[11.97,62.355],[11.934,62.276],[11.946,62.197],[11.89,62.151],[11.875,62.075],[11.902,62.052],[11.901,61.993],[11.931,61.924],[11.897,61.928],[11.882,61.948],[11.869,62.007],[11.833,62.057],[11.711,62.109],[11.739,62.164],[11.807,62.15],[11.818,62.157],[11.807,62.191],[11.857,62.193],[11.91,62.313],[11.895,62.38],[11.862,62.404],[11.917,62.404],[11.92,62.42],[11.951,62.411]]]]}},{"type":"Feature","properties":{"n":"Loch Ness"},"geometry":{"type":"MultiPolygon","coordinates":[[[[-4.34,57.39],[-4.338,57.374],[-4.397,57.342],[-4.518,57.235],[-4.677,57.149],[-4.495,57.271],[-4.443,57.33],[-4.34,57.39]]]]}},{"type":"Feature","properties":{"n":"Puma Yumco"},"geometry":{"type":"MultiPolygon","coordinates":[[[[90.266,28.625],[90.458,28.62],[90.527,28.572],[90.534,28.531],[90.472,28.519],[90.446,28.532],[90.415,28.513],[90.39,28.521],[90.396,28.535],[90.37,28.546],[90.355,28.537],[90.342,28.553],[90.312,28.533],[90.233,28.594],[90.241,28.621],[90.266,28.625]]]]}},{"type":"Feature","properties":{"n":"Mälaren"},"geometry":{"type":"MultiPolygon","coordinates":[[[[18.095,59.327],[17.97,59.334],[17.9,59.296],[17.878,59.224],[17.865,59.231],[17.867,59.258],[17.829,59.27],[17.741,59.272],[17.783,59.258],[17.731,59.239],[17.714,59.245],[17.741,59.252],[17.693,59.265],[17.701,59.279],[17.605,59.292],[17.577,59.279],[17.6,59.261],[17.598,59.224],[17.575,59.26],[17.472,59.305],[17.351,59.327],[17.365,59.283],[17.399,59.252],[17.214,59.258],[17.282,59.279],[17.242,59.32],[17.306,59.329],[17.307,59.354],[17.099,59.377],[17.044,59.362],[17.036,59.381],[16.972,59.408],[16.926,59.457],[16.841,59.491],[16.821,59.493],[16.824,59.478],[16.715,59.485],[16.694,59.473],[16.84,59.413],[16.885,59.409],[16.892,59.391],[16.808,59.392],[16.666,59.478],[16.59,59.45],[16.529,59.463],[16.508,59.45],[16.165,59.444],[16.081,59.455],[16.022,59.498],[16.124,59.478],[16.234,59.478],[16.213,59.491],[16.267,59.503],[16.282,59.47],[16.319,59.459],[16.337,59.463],[16.33,59.481],[16.384,59.51],[16.469,59.498],[16.495,59.512],[16.446,59.526],[16.534,59.536],[16.549,59.553],[16.498,59.601],[16.525,59.608],[16.56,59.613],[16.632,59.581],[16.675,59.538],[16.727,59.529],[16.786,59.56],[16.806,59.595],[16.899,59.587],[16.954,59.547],[17.07,59.546],[17.008,59.595],[17.056,59.61],[17.129,59.551],[17.209,59.545],[17.344,59.478],[17.364,59.478],[17.361,59.505],[17.412,59.474],[17.392,59.526],[17.407,59.542],[17.337,59.624],[17.386,59.656],[17.38,59.606],[17.487,59.548],[17.548,59.554],[17.515,59.518],[17.532,59.5],[17.652,59.498],[17.697,59.453],[17.731,59.448],[17.728,59.478],[17.789,59.54],[17.74,59.595],[17.564,59.661],[17.563,59.677],[17.618,59.697],[17.604,59.71],[17.618,59.73],[17.536,59.738],[17.557,59.731],[17.514,59.71],[17.514,59.658],[17.502,59.649],[17.529,59.613],[17.536,59.573],[17.474,59.642],[17.481,59.66],[17.447,59.68],[17.495,59.734],[17.371,59.752],[17.548,59.757],[17.598,59.813],[17.632,59.787],[17.625,59.764],[17.687,59.731],[17.657,59.722],[17.643,59.674],[17.591,59.662],[17.72,59.625],[17.709,59.694],[17.728,59.703],[17.759,59.619],[17.819,59.591],[17.815,59.564],[17.844,59.532],[17.793,59.509],[17.76,59.421],[17.79,59.387],[17.893,59.348],[17.996,59.354],[18.095,59.339],[18.095,59.327]]]]}},{"type":"Feature","properties":{"n":"Lake Zaysan"},"geometry":{"type":"MultiPolygon","coordinates":[[[[84.481,47.957],[84.562,47.931],[84.456,47.901],[84.438,47.853],[84.374,47.819],[84.391,47.773],[84.345,47.759],[84.27,47.779],[84.234,47.773],[84.278,47.732],[84.364,47.732],[84.257,47.718],[84.096,47.821],[83.836,47.883],[83.788,47.951],[83.699,47.979],[83.65,48.019],[83.531,48.026],[83.411,48.061],[83.353,48.047],[83.307,48.054],[83.212,48.1],[83.157,48.148],[83.085,48.155],[83.012,48.21],[83,48.24],[83.023,48.267],[83.107,48.225],[83.161,48.259],[83.257,48.273],[83.436,48.258],[83.479,48.273],[83.507,48.335],[83.596,48.369],[83.431,48.427],[83.384,48.506],[83.391,48.527],[83.369,48.561],[83.425,48.589],[83.449,48.651],[83.415,48.733],[83.449,48.865],[83.572,48.969],[83.627,48.976],[83.765,49.046],[83.968,49.074],[84.157,49.135],[84.182,49.162],[84.157,49.232],[84.11,49.257],[84.02,49.343],[83.922,49.38],[83.897,49.411],[83.836,49.437],[83.702,49.452],[83.658,49.417],[83.624,49.485],[83.539,49.535],[83.526,49.558],[83.479,49.527],[83.431,49.541],[83.431,49.582],[83.364,49.644],[83.445,49.623],[83.469,49.596],[83.613,49.617],[83.737,49.596],[83.754,49.631],[83.832,49.661],[83.872,49.715],[84.007,49.747],[84.014,49.733],[83.968,49.696],[83.882,49.681],[83.801,49.627],[83.788,49.6],[83.809,49.562],[83.706,49.568],[83.723,49.528],[83.672,49.51],[83.829,49.48],[83.816,49.466],[83.905,49.459],[83.928,49.41],[83.993,49.393],[84.089,49.315],[84.29,49.202],[84.342,49.19],[84.444,49.203],[84.48,49.185],[84.388,49.171],[84.316,49.123],[83.997,49.055],[83.932,49],[83.796,48.988],[83.582,48.924],[83.476,48.805],[83.452,48.734],[83.461,48.704],[83.528,48.639],[83.521,48.575],[83.538,48.498],[83.601,48.43],[83.713,48.39],[83.767,48.397],[83.816,48.424],[83.966,48.397],[83.931,48.371],[83.801,48.355],[83.691,48.377],[83.543,48.306],[83.504,48.276],[83.511,48.265],[83.969,48.13],[84.073,48.082],[84.09,48.04],[84.157,48.069],[84.218,48.043],[84.349,48.033],[84.481,47.957]]]]}},{"type":"Feature","properties":{"n":"Lake Habbaniyah"},"geometry":{"type":"MultiPolygon","coordinates":[[[[43.447,33.252],[43.394,33.259],[43.287,33.322],[43.295,33.349],[43.357,33.376],[43.371,33.445],[43.426,33.417],[43.434,33.367],[43.482,33.329],[43.511,33.327],[43.529,33.356],[43.57,33.337],[43.597,33.293],[43.565,33.226],[43.487,33.189],[43.429,33.201],[43.447,33.252]]]]}},{"type":"Feature","properties":{"n":"Buhayrat ath Tharthar"},"geometry":{"type":"MultiPolygon","coordinates":[[[[43.3,33.723],[43.275,33.732],[43.261,33.718],[43.223,33.752],[43.201,33.782],[43.208,33.795],[43.137,33.861],[43.078,33.947],[43.089,33.973],[43.069,33.999],[43.083,34.012],[43.09,34.075],[43.068,34.085],[43.075,34.177],[43.051,34.254],[43.08,34.295],[43.087,34.349],[43.11,34.308],[43.115,34.346],[43.152,34.314],[43.145,34.253],[43.169,34.239],[43.22,34.143],[43.295,34.102],[43.295,34.067],[43.323,34.095],[43.329,34.047],[43.357,34.042],[43.364,34.012],[43.412,34.036],[43.439,34.012],[43.447,33.965],[43.503,33.924],[43.507,33.876],[43.453,33.876],[43.515,33.848],[43.473,33.848],[43.469,33.802],[43.495,33.777],[43.467,33.705],[43.442,33.693],[43.309,33.732],[43.3,33.723]]]]}},{"type":"Feature","properties":{"n":""},"geometry":{"type":"MultiPolygon","coordinates":[[[[33.536,49.002],[33.586,49.008],[33.795,48.937],[33.86,48.929],[33.996,48.865],[34.099,48.882],[34.124,48.93],[34.14,48.916],[34.114,48.837],[34.176,48.863],[34.219,48.861],[34.181,48.845],[34.244,48.833],[34.268,48.757],[34.469,48.66],[34.561,48.594],[34.57,48.562],[34.523,48.525],[34.491,48.532],[34.469,48.548],[34.474,48.581],[34.437,48.598],[34.383,48.597],[34.365,48.613],[34.365,48.656],[34.297,48.666],[34.279,48.702],[34.242,48.706],[34.192,48.749],[34.068,48.773],[34.015,48.8],[33.972,48.786],[33.925,48.844],[33.729,48.915],[33.704,48.898],[33.666,48.931],[33.568,48.971],[33.536,49.002]]]]}},{"type":"Feature","properties":{"n":"Lake Kovdozero"},"geometry":{"type":"MultiPolygon","coordinates":[[[[32.126,66.508],[32.138,66.526],[32.126,66.548],[32.098,66.556],[32.071,66.591],[31.922,66.644],[31.948,66.673],[31.914,66.711],[31.873,66.714],[31.823,66.693],[31.741,66.725],[31.611,66.749],[31.399,66.684],[31.275,66.62],[31.267,66.604],[31.282,66.594],[31.106,66.56],[31.059,66.528],[31.18,66.647],[31.332,66.677],[31.496,66.74],[31.522,66.76],[31.516,66.807],[31.589,66.831],[31.613,66.821],[31.738,66.839],[31.778,66.862],[31.755,66.873],[31.679,66.851],[31.591,66.851],[31.479,66.864],[31.666,66.937],[31.674,66.93],[31.642,66.899],[31.691,66.898],[31.698,66.921],[31.759,66.911],[31.971,66.929],[32.084,66.972],[32.137,66.935],[32.119,66.896],[32.134,66.872],[32.112,66.856],[32.202,66.848],[32.243,66.869],[32.339,66.872],[32.332,66.849],[32.348,66.821],[32.341,66.803],[32.298,66.798],[32.279,66.732],[32.289,66.714],[32.439,66.706],[32.471,66.684],[32.249,66.604],[32.242,66.591],[32.31,66.58],[32.464,66.606],[32.511,66.594],[32.418,66.562],[32.459,66.541],[32.393,66.528],[32.378,66.492],[32.448,66.466],[32.44,66.442],[32.401,66.427],[32.097,66.467],[31.945,66.433],[31.907,66.453],[31.847,66.454],[31.757,66.495],[31.805,66.509],[31.862,66.566],[31.887,66.572],[31.991,66.531],[32.126,66.508]],[[31.971,66.876],[32.018,66.89],[32.013,66.905],[31.892,66.897],[31.971,66.876]]]]}},{"type":"Feature","properties":{"n":"Lake Imandra"},"geometry":{"type":"MultiPolygon","coordinates":[[[[32.023,67.489],[31.913,67.506],[31.886,67.523],[31.9,67.53],[31.893,67.548],[31.914,67.559],[32.063,67.536],[32.124,67.551],[32.241,67.543],[32.29,67.523],[32.276,67.516],[32.313,67.489],[32.422,67.458],[32.31,67.441],[32.318,67.427],[32.285,67.418],[32.174,67.427],[32.149,67.407],[32.091,67.459],[32.023,67.489]],[[32.083,67.514],[32.05,67.508],[32.193,67.462],[32.224,67.48],[32.187,67.495],[32.242,67.508],[32.083,67.514]]],[[[32.661,67.655],[32.687,67.633],[32.122,67.699],[32.131,67.646],[32.19,67.606],[32.188,67.587],[32.044,67.646],[31.897,67.646],[31.9,67.667],[31.947,67.667],[31.92,67.677],[31.869,67.674],[31.796,67.643],[32.053,67.598],[32.098,67.571],[31.618,67.639],[31.666,67.659],[31.549,67.687],[31.67,67.687],[31.71,67.662],[31.783,67.674],[31.804,67.694],[32.125,67.714],[32.338,67.687],[32.256,67.708],[32.279,67.716],[32.56,67.655],[32.661,67.655]]],[[[33.292,68.064],[33.292,68.082],[33.329,68.07],[33.341,67.991],[33.284,67.963],[33.29,67.941],[33.249,67.914],[33.242,67.872],[33.181,67.829],[33.151,67.755],[33.167,67.704],[33.221,67.659],[33.148,67.674],[33.126,67.667],[33.153,67.653],[33.067,67.631],[33.116,67.598],[33.308,67.576],[33.345,67.55],[33.221,67.543],[33.172,67.558],[33.151,67.534],[33.097,67.516],[33.136,67.471],[33.123,67.467],[33.066,67.48],[32.997,67.539],[32.824,67.565],[32.789,67.557],[32.817,67.543],[32.777,67.525],[32.612,67.523],[32.68,67.497],[32.625,67.489],[32.735,67.467],[32.607,67.465],[32.572,67.447],[32.599,67.439],[32.553,67.404],[32.482,67.437],[32.502,67.475],[32.418,67.504],[32.338,67.495],[32.365,67.536],[32.31,67.55],[32.368,67.565],[32.564,67.536],[32.653,67.564],[32.739,67.568],[32.763,67.577],[32.715,67.625],[32.756,67.639],[32.772,67.636],[32.77,67.618],[32.802,67.615],[32.867,67.621],[32.994,67.602],[33.017,67.612],[33.02,67.663],[32.899,67.687],[32.936,67.719],[33.079,67.7],[33.022,67.761],[33.058,67.804],[32.988,67.811],[32.905,67.782],[32.863,67.806],[32.804,67.81],[32.899,67.838],[33.009,67.825],[33.146,67.843],[33.147,67.886],[33.128,67.899],[32.92,67.955],[33.029,67.976],[33.058,67.968],[33.075,67.941],[33.143,67.916],[33.168,67.965],[33.215,67.989],[33.228,67.961],[33.271,67.994],[33.297,68.037],[33.292,68.064]]]]}},{"type":"Feature","properties":{"n":"Koitere"},"geometry":{"type":"MultiPolygon","coordinates":[[[[30.528,62.815],[30.686,62.87],[30.553,62.922],[30.515,62.951],[30.632,62.976],[30.65,62.958],[30.68,62.959],[30.714,63],[30.69,63.036],[30.729,63.055],[30.87,63.053],[30.853,62.945],[30.824,62.918],[30.811,62.874],[30.727,62.868],[30.625,62.829],[30.68,62.808],[30.652,62.787],[30.683,62.773],[30.686,62.753],[30.611,62.774],[30.63,62.797],[30.604,62.808],[30.57,62.776],[30.412,62.78],[30.528,62.815]]]]}},{"type":"Feature","properties":{"n":"Rikkavesi"},"geometry":{"type":"MultiPolygon","coordinates":[[[[29.451,62.904],[29.453,62.877],[29.487,62.842],[29.531,62.82],[29.569,62.815],[29.576,62.835],[29.528,62.849],[29.631,62.835],[29.535,62.951],[29.605,62.915],[29.638,62.918],[29.507,62.974],[29.494,62.994],[29.48,63.041],[29.521,63.041],[29.611,62.959],[29.768,62.885],[29.843,62.774],[29.836,62.746],[29.802,62.739],[29.83,62.719],[29.686,62.68],[29.659,62.692],[29.623,62.731],[29.618,62.746],[29.645,62.739],[29.625,62.754],[29.584,62.761],[29.59,62.739],[29.576,62.742],[29.425,62.849],[29.432,62.863],[29.411,62.869],[29.405,62.89],[29.432,62.884],[29.439,62.911],[29.451,62.904]]]]}},{"type":"Feature","properties":{"n":"Lake Il'Men'"},"geometry":{"type":"MultiPolygon","coordinates":[[[[31.649,58.22],[31.591,58.217],[31.515,58.242],[31.445,58.216],[31.429,58.206],[31.441,58.189],[31.386,58.176],[31.417,58.151],[31.427,58.113],[31.385,58.143],[31.338,58.148],[31.337,58.166],[31.235,58.152],[31.074,58.179],[30.933,58.23],[30.838,58.222],[30.984,58.291],[31.015,58.333],[31.064,58.322],[31.177,58.35],[31.263,58.417],[31.303,58.519],[31.323,58.453],[31.366,58.418],[31.417,58.428],[31.502,58.407],[31.529,58.388],[31.502,58.388],[31.51,58.372],[31.55,58.358],[31.625,58.408],[31.629,58.384],[31.666,58.376],[31.652,58.34],[31.628,58.36],[31.612,58.351],[31.656,58.255],[31.728,58.155],[31.709,58.147],[31.649,58.22]]]]}},{"type":"Feature","properties":{"n":"Oulujärvi"},"geometry":{"type":"MultiPolygon","coordinates":[[[[26.78,64.364],[26.801,64.391],[26.738,64.419],[26.912,64.411],[26.808,64.438],[26.796,64.473],[26.855,64.493],[26.811,64.524],[26.801,64.562],[27.007,64.502],[27.021,64.521],[27.007,64.528],[27.023,64.533],[27.117,64.51],[27.136,64.515],[27.124,64.53],[27.163,64.542],[27.253,64.515],[27.185,64.48],[27.254,64.449],[27.164,64.418],[27.185,64.396],[27.287,64.37],[27.281,64.337],[27.314,64.353],[27.383,64.333],[27.38,64.303],[27.411,64.305],[27.453,64.341],[27.51,64.33],[27.572,64.35],[27.583,64.357],[27.541,64.37],[27.61,64.391],[27.576,64.405],[27.59,64.411],[27.654,64.403],[27.678,64.384],[27.737,64.401],[27.978,64.384],[28.014,64.357],[27.863,64.373],[27.836,64.35],[27.915,64.319],[27.989,64.318],[27.964,64.292],[27.801,64.325],[27.637,64.274],[27.663,64.267],[27.664,64.247],[27.769,64.222],[27.813,64.227],[27.843,64.26],[27.883,64.26],[27.879,64.22],[27.901,64.189],[28.076,64.182],[28.178,64.158],[28.197,64.141],[28.171,64.13],[28.212,64.124],[28.062,64.105],[27.957,64.151],[27.74,64.172],[27.761,64.19],[27.824,64.185],[27.842,64.199],[27.598,64.228],[27.572,64.245],[27.583,64.282],[27.552,64.287],[27.459,64.268],[27.5,64.26],[27.466,64.213],[27.442,64.234],[27.375,64.239],[27.335,64.219],[27.342,64.206],[27.232,64.185],[27.322,64.117],[27.274,64.103],[27.164,64.157],[27.191,64.179],[27.198,64.213],[27.027,64.179],[27.021,64.199],[26.904,64.254],[26.936,64.267],[26.907,64.323],[26.877,64.337],[26.812,64.328],[26.78,64.364]]]]}},{"type":"Feature","properties":{"n":"Umbozero Lake"},"geometry":{"type":"MultiPolygon","coordinates":[[[[34.217,67.85],[34.167,67.879],[34.186,67.891],[34.243,67.877],[34.307,67.895],[34.339,67.879],[34.331,67.858],[34.355,67.779],[34.543,67.684],[34.559,67.667],[34.563,67.613],[34.606,67.591],[34.472,67.524],[34.45,67.545],[34.38,67.53],[34.304,67.543],[34.296,67.557],[34.325,67.584],[34.305,67.592],[34.307,67.65],[34.331,67.687],[34.309,67.702],[34.298,67.739],[34.211,67.75],[34.195,67.769],[34.261,67.756],[34.271,67.766],[34.217,67.85]]]]}},{"type":"Feature","properties":{"n":"Akkajaure"},"geometry":{"type":"MultiPolygon","coordinates":[[[[18.415,67.427],[18.294,67.473],[18.187,67.485],[18.152,67.529],[17.74,67.6],[17.707,67.618],[17.639,67.618],[17.55,67.654],[17.409,67.636],[17.261,67.664],[17.18,67.7],[17.373,67.676],[17.18,67.769],[17.056,67.797],[17.175,67.799],[17.256,67.758],[17.615,67.67],[17.851,67.625],[17.984,67.584],[18.156,67.562],[18.425,67.448],[18.415,67.427]]]]}},{"type":"Feature","properties":{"n":"Southern Indian Lake"},"geometry":{"type":"MultiPolygon","coordinates":[[[[-98.016,57.364],[-98.148,57.332],[-98.165,57.291],[-98.152,57.237],[-98.241,57.155],[-98.217,57.137],[-98.227,57.115],[-98.289,57.106],[-98.329,57.08],[-98.391,57.079],[-98.425,57.1],[-98.585,57.082],[-98.603,57.065],[-98.597,57.042],[-98.645,57.004],[-98.648,56.98],[-98.746,56.953],[-98.769,56.922],[-98.761,56.9],[-98.81,56.863],[-98.799,56.832],[-98.864,56.846],[-98.946,56.822],[-98.99,56.847],[-98.98,56.86],[-99.001,56.873],[-99.06,56.882],[-99.091,56.86],[-99.108,56.793],[-99.139,56.796],[-99.206,56.766],[-99.21,56.732],[-99.246,56.713],[-99.363,56.743],[-99.385,56.722],[-99.461,56.744],[-99.577,56.736],[-99.563,56.702],[-99.508,56.702],[-99.577,56.675],[-99.528,56.654],[-99.561,56.633],[-99.634,56.646],[-99.625,56.699],[-99.635,56.708],[-99.685,56.707],[-99.741,56.736],[-99.735,56.759],[-99.638,56.736],[-99.572,56.76],[-99.569,56.777],[-99.507,56.782],[-99.487,56.805],[-99.525,56.826],[-99.536,56.86],[-99.447,56.83],[-99.392,56.909],[-99.383,56.933],[-99.398,56.963],[-99.326,57.004],[-99.265,56.979],[-99.235,56.93],[-99.157,56.918],[-99.165,56.952],[-99.135,57],[-99.063,57.065],[-99.015,57.065],[-99.035,57.1],[-98.973,57.075],[-99.061,56.953],[-99.052,56.918],[-99.016,56.928],[-98.953,56.908],[-98.919,56.922],[-98.86,56.918],[-98.846,56.944],[-98.898,56.977],[-98.864,57.01],[-98.916,57.063],[-98.913,57.085],[-98.74,57.06],[-98.706,57.086],[-98.692,57.148],[-98.643,57.175],[-98.638,57.199],[-98.668,57.224],[-98.632,57.234],[-98.625,57.253],[-98.683,57.271],[-98.768,57.257],[-98.884,57.278],[-98.603,57.278],[-98.541,57.262],[-98.507,57.274],[-98.478,57.31],[-98.48,57.325],[-98.499,57.328],[-98.536,57.314],[-98.515,57.367],[-98.538,57.405],[-98.521,57.463],[-98.575,57.516],[-98.624,57.53],[-98.603,57.593],[-98.553,57.626],[-98.531,57.629],[-98.515,57.6],[-98.559,57.588],[-98.576,57.559],[-98.562,57.544],[-98.51,57.548],[-98.515,57.518],[-98.464,57.56],[-98.398,57.569],[-98.357,57.641],[-98.33,57.657],[-98.146,57.68],[-98.117,57.668],[-98.186,57.634],[-98.26,57.621],[-98.199,57.608],[-98.193,57.59],[-98.25,57.521],[-98.316,57.518],[-98.391,57.49],[-98.365,57.475],[-98.255,57.483],[-98.288,57.463],[-98.244,57.439],[-98.234,57.422],[-98.247,57.401],[-98.21,57.388],[-98.079,57.381],[-98.031,57.41],[-97.994,57.411],[-97.987,57.367],[-98.016,57.364]],[[-98.345,57.14],[-98.329,57.15],[-98.333,57.165],[-98.419,57.182],[-98.5,57.175],[-98.579,57.196],[-98.618,57.185],[-98.624,57.167],[-98.528,57.116],[-98.473,57.134],[-98.345,57.14]]]]}},{"type":"Feature","properties":{"n":"Cedar Lake"},"geometry":{"type":"MultiPolygon","coordinates":[[[[-100.261,53.624],[-100.195,53.592],[-100.173,53.598],[-100.194,53.611],[-100.154,53.616],[-100.055,53.553],[-100.017,53.561],[-99.96,53.502],[-99.965,53.46],[-99.981,53.448],[-99.887,53.415],[-99.916,53.368],[-99.978,53.361],[-99.987,53.348],[-99.905,53.31],[-99.93,53.286],[-99.886,53.241],[-99.793,53.23],[-99.761,53.283],[-99.769,53.299],[-99.744,53.315],[-99.677,53.295],[-99.525,53.31],[-99.455,53.354],[-99.393,53.367],[-99.371,53.348],[-99.405,53.303],[-99.391,53.297],[-99.411,53.271],[-99.398,53.228],[-99.418,53.207],[-99.412,53.193],[-99.365,53.194],[-99.33,53.159],[-99.436,53.149],[-99.447,53.13],[-99.376,53.095],[-99.399,53.057],[-99.422,53.05],[-99.546,53.048],[-99.559,53.08],[-99.512,53.086],[-99.508,53.105],[-99.591,53.105],[-99.569,53.132],[-99.609,53.195],[-99.632,53.201],[-99.665,53.177],[-99.618,53.152],[-99.728,53.123],[-99.732,53.149],[-99.768,53.159],[-99.863,53.092],[-99.94,53.084],[-100.313,53.169],[-100.379,53.228],[-100.382,53.272],[-100.418,53.31],[-100.523,53.277],[-100.609,53.335],[-100.611,53.352],[-100.69,53.356],[-100.931,53.452],[-100.914,53.478],[-100.807,53.529],[-100.733,53.525],[-100.673,53.481],[-100.645,53.501],[-100.626,53.474],[-100.601,53.468],[-100.585,53.484],[-100.584,53.538],[-100.665,53.558],[-100.677,53.574],[-100.665,53.583],[-100.589,53.594],[-100.513,53.552],[-100.478,53.568],[-100.454,53.604],[-100.406,53.618],[-100.354,53.614],[-100.31,53.591],[-100.286,53.63],[-100.261,53.624]],[[-100.099,53.379],[-100.17,53.385],[-100.211,53.355],[-100.282,53.352],[-100.33,53.324],[-100.262,53.324],[-100.19,53.346],[-100.135,53.338],[-100.099,53.379]]]]}},{"type":"Feature","properties":{"n":"Cabonga Reservoir"},"geometry":{"type":"MultiPolygon","coordinates":[[[[-76.64,47.609],[-76.593,47.633],[-76.594,47.651],[-76.504,47.718],[-76.531,47.677],[-76.504,47.671],[-76.515,47.656],[-76.572,47.65],[-76.558,47.629],[-76.583,47.614],[-76.703,47.58],[-76.731,47.547],[-76.73,47.521],[-76.716,47.512],[-76.64,47.561],[-76.64,47.581],[-76.62,47.581],[-76.608,47.567],[-76.593,47.574],[-76.642,47.514],[-76.626,47.489],[-76.512,47.509],[-76.476,47.492],[-76.453,47.504],[-76.443,47.478],[-76.456,47.45],[-76.34,47.434],[-76.435,47.409],[-76.454,47.389],[-76.483,47.342],[-76.476,47.293],[-76.504,47.273],[-76.478,47.229],[-76.487,47.211],[-76.545,47.197],[-76.501,47.146],[-76.456,47.129],[-76.457,47.108],[-76.423,47.106],[-76.37,47.132],[-76.305,47.082],[-76.354,47.085],[-76.394,47.033],[-76.417,47.059],[-76.573,47.132],[-76.586,47.149],[-76.572,47.143],[-76.586,47.225],[-76.637,47.293],[-76.69,47.263],[-76.62,47.177],[-76.645,47.171],[-76.722,47.246],[-76.732,47.257],[-76.696,47.355],[-76.702,47.382],[-76.734,47.368],[-76.737,47.342],[-76.806,47.362],[-76.779,47.392],[-76.792,47.408],[-76.765,47.417],[-76.771,47.483],[-76.737,47.482],[-76.751,47.505],[-76.814,47.505],[-76.826,47.527],[-76.787,47.519],[-76.721,47.591],[-76.64,47.609]],[[-76.531,47.492],[-76.606,47.465],[-76.531,47.449],[-76.572,47.45],[-76.57,47.424],[-76.547,47.412],[-76.552,47.376],[-76.504,47.397],[-76.469,47.437],[-76.494,47.478],[-76.531,47.492]],[[-76.733,47.458],[-76.748,47.453],[-76.733,47.414],[-76.709,47.417],[-76.657,47.389],[-76.647,47.402],[-76.668,47.425],[-76.634,47.451],[-76.662,47.462],[-76.689,47.451],[-76.691,47.485],[-76.733,47.458]]]]}},{"type":"Feature","properties":{"n":"Lake Abitibi"},"geometry":{"type":"MultiPolygon","coordinates":[[[[-80.176,48.788],[-80.19,48.821],[-80.115,48.849],[-80.137,48.877],[-80.128,48.911],[-80.099,48.933],[-80.025,48.906],[-79.895,48.959],[-79.878,48.944],[-79.909,48.908],[-79.903,48.887],[-79.848,48.897],[-79.829,48.871],[-79.845,48.809],[-79.895,48.78],[-79.865,48.731],[-79.81,48.699],[-79.751,48.7],[-79.692,48.731],[-79.644,48.729],[-79.628,48.742],[-79.634,48.765],[-79.557,48.821],[-79.484,48.739],[-79.464,48.746],[-79.396,48.702],[-79.247,48.723],[-79.231,48.712],[-79.255,48.661],[-79.282,48.644],[-79.263,48.572],[-79.279,48.534],[-79.203,48.48],[-79.231,48.479],[-79.224,48.46],[-79.258,48.444],[-79.347,48.452],[-79.279,48.499],[-79.289,48.512],[-79.34,48.499],[-79.306,48.523],[-79.287,48.598],[-79.315,48.646],[-79.501,48.653],[-79.471,48.62],[-79.509,48.608],[-79.59,48.609],[-79.648,48.634],[-79.696,48.626],[-79.711,48.636],[-79.702,48.655],[-79.727,48.664],[-79.751,48.661],[-79.738,48.643],[-79.766,48.628],[-79.894,48.631],[-79.916,48.643],[-79.913,48.695],[-79.892,48.73],[-79.903,48.748],[-79.924,48.748],[-79.953,48.694],[-79.982,48.696],[-79.978,48.739],[-80.022,48.726],[-80.017,48.793],[-79.985,48.821],[-80.026,48.849],[-80.052,48.822],[-80.038,48.784],[-80.051,48.762],[-80.077,48.752],[-80.176,48.788]]]]}},{"type":"Feature","properties":{"n":"Dozois Reservoir"},"geometry":{"type":"MultiPolygon","coordinates":[[[[-77.217,47.567],[-77.195,47.546],[-77.207,47.531],[-77.195,47.52],[-77.1,47.581],[-77.12,47.561],[-77.093,47.546],[-77.107,47.519],[-77.093,47.492],[-76.983,47.504],[-76.973,47.481],[-76.935,47.486],[-76.942,47.444],[-76.978,47.451],[-76.997,47.438],[-77.032,47.471],[-77.074,47.464],[-77.107,47.486],[-77.126,47.529],[-77.144,47.533],[-77.178,47.461],[-77.21,47.437],[-77.175,47.417],[-77.189,47.402],[-77.141,47.39],[-77.189,47.376],[-77.206,47.335],[-77.216,47.355],[-77.247,47.362],[-77.292,47.342],[-77.288,47.325],[-77.302,47.328],[-77.34,47.348],[-77.261,47.396],[-77.251,47.471],[-77.319,47.512],[-77.329,47.557],[-77.299,47.561],[-77.326,47.622],[-77.277,47.636],[-77.264,47.622],[-77.299,47.588],[-77.273,47.558],[-77.272,47.523],[-77.223,47.523],[-77.228,47.546],[-77.251,47.554],[-77.217,47.567]]]]}},{"type":"Feature","properties":{"n":"Lac Saint-Jean"},"geometry":{"type":"MultiPolygon","coordinates":[[[[-71.94,48.432],[-72.029,48.438],[-72.132,48.486],[-72.118,48.458],[-72.165,48.472],[-72.213,48.52],[-72.219,48.582],[-72.317,48.616],[-72.372,48.665],[-72.303,48.658],[-72.33,48.737],[-72.32,48.748],[-72.245,48.739],[-72.117,48.753],[-72.067,48.779],[-72.007,48.704],[-71.864,48.685],[-71.807,48.659],[-71.762,48.616],[-71.785,48.588],[-71.749,48.577],[-71.789,48.555],[-71.772,48.523],[-71.789,48.472],[-71.94,48.432]]]]}},{"type":"Feature","properties":{"n":"Réservoir de La Grande 2"},"geometry":{"type":"MultiPolygon","coordinates":[[[[-76.139,53.715],[-76.455,53.638],[-76.509,53.606],[-76.345,53.64],[-76.242,53.634],[-76.286,53.602],[-76.76,53.517],[-76.771,53.477],[-76.804,53.529],[-77.02,53.474],[-77.044,53.497],[-77.116,53.509],[-77.153,53.482],[-77.215,53.473],[-77.2,53.516],[-77.277,53.554],[-77.299,53.508],[-77.327,53.495],[-77.356,53.528],[-77.46,53.517],[-77.444,53.544],[-77.519,53.572],[-77.528,53.609],[-77.424,53.619],[-77.397,53.637],[-77.479,53.667],[-77.538,53.668],[-77.562,53.633],[-77.585,53.632],[-77.612,53.667],[-77.665,53.683],[-77.682,53.661],[-77.691,53.677],[-77.675,53.702],[-77.589,53.723],[-77.547,53.753],[-77.508,53.75],[-77.405,53.805],[-77.334,53.811],[-77.314,53.791],[-77.17,53.777],[-77.068,53.834],[-77.049,53.831],[-77.065,53.805],[-77.047,53.805],[-76.901,53.84],[-76.758,53.904],[-76.743,53.935],[-76.717,53.938],[-76.646,53.991],[-76.873,54.019],[-76.994,54.081],[-76.991,54.094],[-76.888,54.057],[-76.862,54.064],[-76.871,54.106],[-76.859,54.104],[-76.781,54.08],[-76.778,54.054],[-76.626,54.012],[-76.609,54.029],[-76.629,54.063],[-76.541,54.064],[-76.545,54.043],[-76.53,54.031],[-76.472,54.041],[-76.435,54.065],[-76.484,54.075],[-76.47,54.102],[-76.484,54.116],[-76.604,54.149],[-76.681,54.152],[-76.668,54.164],[-76.61,54.169],[-76.535,54.141],[-76.494,54.159],[-76.492,54.182],[-76.297,54.205],[-76.281,54.204],[-76.388,54.16],[-76.243,54.124],[-76.182,54.136],[-76.177,54.149],[-76.201,54.159],[-76.18,54.157],[-76.041,54.098],[-76.159,54.112],[-76.199,54.109],[-76.162,54.087],[-76.176,54.083],[-76.303,54.089],[-76.307,54.071],[-76.238,54.034],[-76.25,54.019],[-76.331,54.007],[-76.331,53.995],[-76.257,53.953],[-76.372,53.949],[-76.395,53.931],[-76.364,53.923],[-76.373,53.905],[-76.52,53.888],[-76.624,53.857],[-76.331,53.846],[-76.341,53.836],[-76.611,53.807],[-76.79,53.73],[-76.818,53.702],[-76.751,53.68],[-76.617,53.718],[-76.539,53.695],[-76.509,53.72],[-76.375,53.745],[-76.271,53.721],[-76.159,53.735],[-76.136,53.729],[-76.139,53.715]],[[-76.437,54.12],[-76.409,54.101],[-76.36,54.124],[-76.408,54.148],[-76.465,54.152],[-76.465,54.135],[-76.437,54.12]],[[-76.747,53.878],[-76.703,53.867],[-76.517,53.933],[-76.62,53.948],[-76.747,53.878]],[[-77.208,53.598],[-77.214,53.614],[-77.27,53.616],[-77.383,53.591],[-77.291,53.566],[-77.281,53.585],[-77.208,53.598]],[[-76.989,53.747],[-76.856,53.749],[-76.894,53.775],[-76.989,53.747]],[[-77.112,53.774],[-77.12,53.76],[-77.083,53.758],[-76.997,53.791],[-77.112,53.774]],[[-76.835,53.553],[-76.84,53.566],[-76.878,53.568],[-76.935,53.549],[-76.95,53.582],[-77.043,53.555],[-77.056,53.59],[-77.183,53.553],[-77.156,53.535],[-76.963,53.51],[-76.835,53.553]],[[-76.708,53.623],[-76.755,53.637],[-76.825,53.628],[-76.839,53.614],[-76.825,53.601],[-76.857,53.584],[-76.779,53.586],[-76.708,53.623]],[[-76.477,53.639],[-76.479,53.659],[-76.501,53.668],[-76.542,53.649],[-76.572,53.662],[-76.67,53.64],[-76.655,53.628],[-76.553,53.626],[-76.477,53.639]]]]}},{"type":"Feature","properties":{"n":"Serebryanskoe Reservoir"},"geometry":{"type":"MultiPolygon","coordinates":[[[[35.714,68.742],[35.738,68.737],[35.614,68.686],[35.511,68.69],[35.447,68.672],[35.467,68.593],[35.446,68.527],[35.394,68.465],[35.277,68.422],[35.267,68.395],[35.315,68.32],[35.228,68.214],[35.188,68.205],[35.166,68.226],[35.209,68.289],[35.151,68.333],[35.208,68.351],[35.227,68.42],[35.349,68.511],[35.355,68.533],[35.338,68.559],[35.36,68.573],[35.306,68.616],[35.316,68.667],[35.286,68.652],[35.188,68.657],[35.256,68.705],[35.358,68.714],[35.324,68.743],[35.344,68.765],[35.472,68.775],[35.514,68.825],[35.598,68.847],[35.681,68.817],[35.677,68.8],[35.62,68.774],[35.629,68.752],[35.661,68.725],[35.714,68.742]]]]}},{"type":"Feature","properties":{"n":"Réservoir Manicouagan"},"geometry":{"type":"MultiPolygon","coordinates":[[[[-68.19,51.328],[-68.164,51.299],[-68.176,51.286],[-68.246,51.255],[-68.253,51.22],[-68.327,51.206],[-68.338,51.126],[-68.385,51.154],[-68.39,51.141],[-68.479,51.124],[-68.646,51.002],[-68.671,50.939],[-68.659,50.887],[-68.737,50.776],[-68.732,50.693],[-68.75,50.693],[-68.76,50.775],[-68.75,50.835],[-68.699,50.918],[-68.751,50.955],[-68.795,51.013],[-68.794,51.048],[-68.894,51.127],[-69,51.176],[-69.082,51.255],[-69.12,51.267],[-69.126,51.306],[-69.173,51.283],[-69.175,51.409],[-69.146,51.435],[-69.164,51.44],[-69.144,51.515],[-69.109,51.543],[-69.117,51.577],[-69.28,51.72],[-69.352,51.762],[-69.364,51.803],[-69.331,51.774],[-69.295,51.768],[-69.26,51.824],[-69.267,51.751],[-69.252,51.719],[-69.165,51.649],[-69.126,51.632],[-69.096,51.645],[-69.089,51.717],[-69.104,51.765],[-69.09,51.842],[-69.111,51.897],[-69.089,51.933],[-69.054,51.867],[-69.068,51.796],[-69.061,51.683],[-69.007,51.617],[-68.968,51.616],[-68.87,51.678],[-68.856,51.755],[-68.846,51.702],[-68.809,51.672],[-68.75,51.686],[-68.712,51.672],[-68.693,51.694],[-68.629,51.688],[-68.593,51.72],[-68.617,51.788],[-68.57,51.735],[-68.544,51.727],[-68.499,51.801],[-68.493,51.906],[-68.522,51.972],[-68.507,51.994],[-68.459,51.898],[-68.462,51.844],[-68.427,51.891],[-68.39,51.912],[-68.451,51.816],[-68.474,51.743],[-68.554,51.678],[-68.485,51.665],[-68.438,51.693],[-68.404,51.688],[-68.358,51.642],[-68.31,51.635],[-68.215,51.7],[-68.184,51.754],[-68.198,51.796],[-68.171,51.775],[-68.165,51.745],[-68.185,51.685],[-68.315,51.604],[-68.239,51.563],[-68.301,51.563],[-68.284,51.481],[-68.232,51.474],[-68.26,51.446],[-68.246,51.408],[-68.261,51.382],[-68.232,51.343],[-68.19,51.328]],[[-68.593,51.083],[-68.589,51.11],[-68.638,51.118],[-68.691,51.079],[-68.726,51.021],[-68.719,50.973],[-68.694,50.964],[-68.684,51.008],[-68.593,51.083]],[[-68.373,51.266],[-68.37,51.289],[-68.389,51.304],[-68.505,51.33],[-68.564,51.438],[-68.596,51.449],[-68.568,51.467],[-68.565,51.491],[-68.525,51.491],[-68.496,51.459],[-68.481,51.38],[-68.437,51.354],[-68.387,51.35],[-68.38,51.398],[-68.431,51.446],[-68.382,51.474],[-68.392,51.534],[-68.452,51.586],[-68.65,51.659],[-68.915,51.592],[-69.007,51.522],[-69.112,51.401],[-69.109,51.378],[-69.062,51.336],[-69.027,51.255],[-69.007,51.248],[-69.005,51.268],[-68.963,51.248],[-68.919,51.259],[-68.915,51.231],[-68.863,51.214],[-68.866,51.179],[-68.856,51.172],[-68.834,51.209],[-68.773,51.151],[-68.705,51.164],[-68.603,51.156],[-68.568,51.172],[-68.573,51.209],[-68.502,51.186],[-68.463,51.19],[-68.44,51.206],[-68.444,51.22],[-68.373,51.266]]]]}},{"type":"Feature","properties":{"n":"Réservoir de La Grande 3"},"geometry":{"type":"MultiPolygon","coordinates":[[[[-76.136,53.729],[-76.058,53.722],[-76,53.752],[-75.895,53.776],[-75.874,53.789],[-75.965,53.81],[-75.845,53.842],[-75.859,53.873],[-75.731,53.895],[-75.666,53.896],[-75.642,53.875],[-75.543,53.902],[-75.353,53.887],[-75.266,53.913],[-75.286,53.896],[-75.285,53.874],[-75.237,53.85],[-75.23,53.807],[-75.204,53.795],[-75.09,53.841],[-75.033,53.832],[-74.93,53.859],[-74.953,53.886],[-74.851,53.875],[-74.681,53.923],[-74.712,53.891],[-74.604,53.861],[-74.701,53.846],[-74.771,53.855],[-74.855,53.826],[-74.979,53.816],[-74.955,53.802],[-74.772,53.793],[-75.035,53.775],[-75.053,53.765],[-75.043,53.745],[-75.074,53.724],[-75.314,53.718],[-75.377,53.676],[-75.307,53.656],[-75.134,53.691],[-74.923,53.686],[-74.792,53.624],[-74.576,53.681],[-74.43,53.683],[-74.705,53.606],[-74.91,53.604],[-74.946,53.572],[-75.073,53.529],[-75.086,53.538],[-75.054,53.572],[-74.982,53.617],[-74.926,53.631],[-75.034,53.651],[-75.142,53.625],[-75.161,53.592],[-75.206,53.64],[-75.441,53.617],[-75.534,53.641],[-75.731,53.627],[-75.754,53.581],[-75.58,53.616],[-75.539,53.594],[-75.632,53.587],[-75.653,53.532],[-75.612,53.523],[-75.633,53.511],[-75.75,53.498],[-75.838,53.462],[-75.986,53.444],[-76.006,53.459],[-76.132,53.462],[-76.157,53.533],[-76.121,53.556],[-76.053,53.562],[-75.996,53.619],[-75.867,53.646],[-75.865,53.668],[-75.961,53.702],[-75.995,53.671],[-76.122,53.646],[-76.11,53.677],[-76.128,53.686],[-76.115,53.703],[-76.139,53.715],[-76.136,53.729]],[[-75.747,53.543],[-75.835,53.562],[-75.936,53.537],[-75.86,53.533],[-75.881,53.518],[-75.869,53.508],[-75.791,53.505],[-75.708,53.536],[-75.747,53.543]],[[-75.734,53.666],[-75.715,53.677],[-75.719,53.695],[-75.796,53.705],[-75.827,53.654],[-75.799,53.631],[-75.756,53.65],[-75.776,53.655],[-75.734,53.666]],[[-75.613,53.701],[-75.609,53.713],[-75.631,53.715],[-75.694,53.702],[-75.707,53.686],[-75.677,53.646],[-75.613,53.701]],[[-75.417,53.707],[-75.356,53.722],[-75.423,53.732],[-75.535,53.72],[-75.562,53.67],[-75.5,53.652],[-75.417,53.707]]]]}},{"type":"Feature","properties":{"n":"Lake Mead"},"geometry":{"type":"MultiPolygon","coordinates":[[[[-113.651,35.871],[-113.636,35.831],[-113.679,35.85],[-113.666,35.87],[-113.71,35.888],[-113.721,35.941],[-113.756,35.964],[-113.789,36.036],[-113.871,36.063],[-113.933,36.131],[-113.974,36.123],[-113.995,36.197],[-114.057,36.182],[-114.116,36.026],[-114.218,36.014],[-114.33,36.052],[-114.329,36.099],[-114.358,36.137],[-114.379,36.104],[-114.406,36.117],[-114.394,36.088],[-114.446,36.055],[-114.461,36.062],[-114.451,36.078],[-114.488,36.096],[-114.531,36.154],[-114.645,36.128],[-114.704,36.082],[-114.717,36.025],[-114.741,36.014],[-114.727,36.041],[-114.769,36.027],[-114.816,36.052],[-114.803,36.082],[-114.859,36.137],[-114.744,36.13],[-114.714,36.137],[-114.721,36.154],[-114.69,36.144],[-114.645,36.165],[-114.457,36.172],[-114.415,36.262],[-114.431,36.351],[-114.37,36.438],[-114.406,36.474],[-114.412,36.506],[-114.399,36.515],[-114.353,36.481],[-114.337,36.59],[-114.324,36.569],[-114.336,36.478],[-114.319,36.417],[-114.364,36.353],[-114.388,36.216],[-114.376,36.186],[-114.29,36.104],[-114.288,36.08],[-114.232,36.037],[-114.151,36.045],[-114.118,36.147],[-114.023,36.223],[-114.001,36.268],[-113.959,36.16],[-113.911,36.137],[-113.865,36.084],[-113.768,36.045],[-113.762,36],[-113.716,35.964],[-113.69,35.906],[-113.651,35.871]]]]}},{"type":"Feature","properties":{"n":"Lake Powell"},"geometry":{"type":"MultiPolygon","coordinates":[[[[-110.41,37.911],[-110.363,37.905],[-110.392,37.866],[-110.382,37.801],[-110.438,37.809],[-110.411,37.765],[-110.418,37.713],[-110.46,37.701],[-110.445,37.665],[-110.52,37.63],[-110.644,37.522],[-110.63,37.502],[-110.638,37.489],[-110.7,37.474],[-110.65,37.439],[-110.705,37.398],[-110.726,37.336],[-110.809,37.3],[-110.863,37.207],[-110.808,37.185],[-110.69,37.195],[-110.658,37.228],[-110.642,37.213],[-110.658,37.179],[-110.896,37.172],[-110.971,37.116],[-111.077,37.104],[-111.093,37.083],[-111.11,37.096],[-111.167,37.088],[-111.171,37.066],[-111.133,37.02],[-111.144,37.014],[-111.199,37.042],[-111.217,37.022],[-111.212,36.993],[-111.249,37.013],[-111.257,37.041],[-111.293,37.011],[-111.385,37],[-111.376,36.965],[-111.473,36.932],[-111.555,37.049],[-111.442,37.035],[-111.427,37.045],[-111.459,37.11],[-111.351,37.023],[-111.306,37.04],[-111.327,37.102],[-111.314,37.118],[-111.277,37.112],[-111.265,37.13],[-111.273,37.153],[-111.308,37.172],[-111.252,37.162],[-111.212,37.09],[-111.168,37.134],[-111.185,37.185],[-111.116,37.155],[-111.113,37.124],[-110.994,37.129],[-110.949,37.151],[-110.863,37.268],[-110.897,37.329],[-110.839,37.306],[-110.831,37.322],[-110.863,37.347],[-110.849,37.354],[-110.754,37.344],[-110.734,37.403],[-110.705,37.429],[-110.781,37.522],[-110.74,37.508],[-110.761,37.565],[-110.75,37.571],[-110.699,37.508],[-110.672,37.503],[-110.603,37.604],[-110.55,37.646],[-110.506,37.658],[-110.445,37.771],[-110.479,37.813],[-110.42,37.863],[-110.416,37.89],[-110.431,37.899],[-110.41,37.911]]]]}},{"type":"Feature","properties":{"n":"Williston Lake"},"geometry":{"type":"MultiPolygon","coordinates":[[[[-122.337,56.085],[-122.497,56.1],[-122.56,56.129],[-122.733,56.072],[-122.731,56.044],[-122.799,56.071],[-122.882,56.077],[-123.041,56.058],[-123.034,56.044],[-123.105,55.993],[-123.157,55.976],[-123.279,55.981],[-123.445,56.017],[-123.734,56.038],[-123.76,56.031],[-123.807,55.981],[-123.78,55.921],[-123.795,55.908],[-123.752,55.866],[-123.767,55.852],[-123.725,55.86],[-123.684,55.825],[-123.703,55.813],[-123.696,55.793],[-123.644,55.732],[-123.592,55.729],[-123.585,55.705],[-123.486,55.628],[-123.396,55.613],[-123.408,55.597],[-123.391,55.547],[-123.349,55.537],[-123.325,55.492],[-123.256,55.441],[-123.212,55.427],[-123.234,55.417],[-123.235,55.394],[-123.204,55.352],[-123.192,55.403],[-123.178,55.419],[-123.157,55.414],[-123.178,55.402],[-123.179,55.38],[-123.157,55.332],[-123.191,55.332],[-123.15,55.256],[-123.171,55.209],[-123.116,55.16],[-123.191,55.198],[-123.265,55.373],[-123.469,55.601],[-123.63,55.689],[-123.718,55.701],[-123.866,55.857],[-123.917,55.874],[-123.842,55.769],[-123.835,55.729],[-123.986,55.907],[-124.05,55.904],[-124.034,55.921],[-124.068,55.921],[-124.021,55.957],[-124.012,55.982],[-124.027,56.01],[-124.057,56.024],[-124.26,55.997],[-124.417,56.068],[-124.469,56.107],[-124.521,56.107],[-124.491,56.131],[-124.276,56.034],[-124.226,56.026],[-124.178,56.038],[-124.13,56.085],[-124.193,56.105],[-124.341,56.221],[-124.384,56.216],[-124.391,56.257],[-124.479,56.339],[-124.554,56.483],[-124.652,56.584],[-124.724,56.63],[-124.75,56.678],[-124.803,56.699],[-124.842,56.75],[-124.702,56.683],[-124.634,56.602],[-124.492,56.54],[-124.473,56.491],[-124.426,56.453],[-124.411,56.394],[-124.37,56.394],[-124.38,56.343],[-124.339,56.344],[-124.341,56.323],[-124.215,56.235],[-124.171,56.222],[-124.119,56.23],[-124.048,56.288],[-124,56.298],[-124.096,56.168],[-124.046,56.094],[-123.965,56.044],[-123.904,56.033],[-123.666,56.052],[-123.232,55.985],[-123.148,56.001],[-123.105,56.028],[-123.102,56.048],[-123.128,56.087],[-123.116,56.099],[-123.067,56.085],[-122.882,56.107],[-122.827,56.096],[-122.794,56.127],[-122.72,56.104],[-122.627,56.156],[-122.545,56.162],[-122.473,56.13],[-122.29,56.106],[-122.168,56.031],[-122.197,56.011],[-122.337,56.085]]]]}},{"type":"Feature","properties":{"n":"Fort Peck Lake"},"geometry":{"type":"MultiPolygon","coordinates":[[[[-106.226,47.617],[-106.202,47.578],[-106.265,47.522],[-106.306,47.506],[-106.285,47.546],[-106.244,47.574],[-106.258,47.609],[-106.238,47.65],[-106.299,47.697],[-106.282,47.717],[-106.334,47.746],[-106.309,47.775],[-106.36,47.795],[-106.354,47.821],[-106.416,47.86],[-106.43,47.875],[-106.416,47.894],[-106.446,47.91],[-106.468,47.903],[-106.49,47.835],[-106.542,47.825],[-106.556,47.798],[-106.546,47.718],[-106.6,47.76],[-106.597,47.777],[-106.636,47.789],[-106.711,47.732],[-106.703,47.704],[-106.735,47.709],[-106.74,47.691],[-106.769,47.739],[-106.844,47.733],[-106.837,47.661],[-106.875,47.609],[-106.863,47.673],[-106.875,47.684],[-106.97,47.664],[-106.97,47.646],[-107.033,47.616],[-107.005,47.65],[-107.017,47.673],[-107.053,47.659],[-107.241,47.671],[-107.371,47.699],[-107.392,47.689],[-107.42,47.626],[-107.525,47.65],[-107.649,47.633],[-107.724,47.567],[-107.806,47.538],[-107.831,47.475],[-107.878,47.445],[-107.889,47.4],[-107.95,47.355],[-107.921,47.392],[-107.9,47.501],[-107.93,47.571],[-107.967,47.596],[-108.204,47.602],[-108.009,47.616],[-107.94,47.598],[-107.896,47.561],[-107.875,47.477],[-107.858,47.471],[-107.838,47.548],[-107.727,47.59],[-107.656,47.671],[-107.738,47.691],[-107.723,47.697],[-107.555,47.677],[-107.44,47.643],[-107.423,47.691],[-107.333,47.752],[-107.344,47.718],[-107.213,47.682],[-106.92,47.701],[-106.9,47.722],[-106.916,47.746],[-106.998,47.76],[-106.963,47.777],[-106.879,47.766],[-106.882,47.794],[-106.758,47.773],[-106.772,47.798],[-106.703,47.814],[-106.715,47.832],[-106.641,47.835],[-106.621,47.86],[-106.573,47.869],[-106.587,47.89],[-106.55,47.914],[-106.555,47.935],[-106.64,47.949],[-106.638,47.961],[-106.525,47.992],[-106.49,47.985],[-106.347,48.034],[-106.342,47.991],[-106.285,47.951],[-106.373,47.956],[-106.347,47.863],[-106.32,47.855],[-106.313,47.835],[-106.217,47.828],[-106.279,47.807],[-106.257,47.76],[-106.23,47.76],[-106.23,47.739],[-106.252,47.746],[-106.254,47.73],[-106.211,47.653],[-106.226,47.617]]]]}},{"type":"Feature","properties":{"n":"Lake Sakakawea"},"geometry":{"type":"MultiPolygon","coordinates":[[[[-102.1,47.544],[-102.091,47.561],[-102.305,47.605],[-102.324,47.596],[-102.318,47.581],[-102.397,47.586],[-102.435,47.531],[-102.441,47.588],[-102.413,47.596],[-102.427,47.616],[-102.302,47.631],[-102.278,47.717],[-102.327,47.767],[-102.418,47.761],[-102.644,47.818],[-102.658,47.855],[-102.647,47.949],[-102.571,47.999],[-102.633,48.013],[-102.752,48.097],[-102.818,48.122],[-103.043,48.147],[-103.132,48.143],[-103.175,48.13],[-103.251,48.049],[-103.388,48.038],[-103.483,47.999],[-103.548,48.05],[-103.578,48.13],[-103.771,48.026],[-103.812,48.085],[-103.708,48.118],[-103.644,48.16],[-103.566,48.162],[-103.524,48.128],[-103.511,48.063],[-103.449,48.047],[-103.335,48.089],[-103.27,48.082],[-103.241,48.099],[-103.202,48.158],[-103.164,48.171],[-102.996,48.191],[-102.711,48.134],[-102.594,48.049],[-102.534,48.033],[-102.605,47.938],[-102.605,47.897],[-102.633,47.863],[-102.607,47.832],[-102.572,47.82],[-102.411,47.792],[-102.367,47.827],[-102.413,47.879],[-102.426,47.969],[-102.376,47.972],[-102.332,47.943],[-102.283,47.982],[-102.242,47.979],[-102.284,47.946],[-102.269,47.938],[-102.275,47.927],[-102.311,47.917],[-102.245,47.8],[-102.253,47.751],[-102.242,47.739],[-102.226,47.751],[-102.105,47.739],[-102.125,47.724],[-102.214,47.725],[-102.2,47.679],[-102.235,47.639],[-102.22,47.631],[-102.127,47.619],[-101.97,47.559],[-101.862,47.554],[-101.811,47.568],[-101.645,47.55],[-101.589,47.578],[-101.612,47.609],[-101.479,47.592],[-101.418,47.609],[-101.392,47.602],[-101.334,47.624],[-101.266,47.622],[-101.181,47.665],[-101.153,47.656],[-101.166,47.646],[-101.105,47.578],[-101.155,47.566],[-101.252,47.583],[-101.25,47.554],[-101.345,47.537],[-101.382,47.497],[-101.488,47.546],[-101.673,47.492],[-101.735,47.499],[-101.8,47.475],[-101.898,47.48],[-101.893,47.451],[-101.939,47.467],[-101.948,47.506],[-102.052,47.543],[-102.1,47.544]]]]}},{"type":"Feature","properties":{"n":"Lake Oahe"},"geometry":{"type":"MultiPolygon","coordinates":[[[[-100.252,45.053],[-100.296,44.998],[-100.365,45.023],[-100.389,45.015],[-100.409,44.959],[-100.379,44.881],[-100.522,44.758],[-100.587,44.744],[-100.687,44.799],[-100.595,44.722],[-100.625,44.634],[-100.606,44.599],[-100.545,44.572],[-100.475,44.614],[-100.492,44.581],[-100.467,44.56],[-100.474,44.548],[-100.551,44.489],[-100.48,44.486],[-100.42,44.504],[-100.385,44.47],[-100.4,44.437],[-100.459,44.453],[-100.556,44.436],[-100.612,44.464],[-100.659,44.519],[-100.611,44.519],[-100.57,44.545],[-100.623,44.55],[-100.686,44.59],[-100.667,44.715],[-100.708,44.741],[-100.769,44.73],[-100.773,44.761],[-100.867,44.77],[-100.933,44.744],[-100.962,44.753],[-101.022,44.723],[-101.132,44.74],[-101.222,44.703],[-101.187,44.743],[-101.139,44.768],[-101.04,44.759],[-100.974,44.782],[-100.976,44.816],[-100.926,44.828],[-100.899,44.808],[-100.851,44.806],[-100.878,44.858],[-100.82,44.821],[-100.76,44.815],[-100.749,44.834],[-100.79,44.881],[-100.763,44.895],[-100.7,44.881],[-100.667,44.855],[-100.634,44.862],[-100.584,44.793],[-100.558,44.783],[-100.537,44.821],[-100.546,44.892],[-100.461,44.855],[-100.426,44.888],[-100.446,44.921],[-100.471,45.053],[-100.423,45.039],[-100.337,45.053],[-100.351,45.111],[-100.323,45.192],[-100.337,45.203],[-100.303,45.239],[-100.31,45.281],[-100.337,45.311],[-100.365,45.313],[-100.403,45.358],[-100.485,45.367],[-100.595,45.337],[-100.714,45.326],[-100.681,45.352],[-100.45,45.405],[-100.348,45.366],[-100.303,45.389],[-100.388,45.49],[-100.471,45.511],[-100.622,45.658],[-100.666,45.655],[-100.647,45.673],[-100.587,45.676],[-100.492,45.605],[-100.462,45.615],[-100.426,45.687],[-100.353,45.69],[-100.337,45.704],[-100.419,45.863],[-100.431,45.877],[-100.491,45.883],[-100.543,45.928],[-100.578,46.006],[-100.607,46.021],[-100.631,46.08],[-100.662,46.097],[-100.654,46.131],[-100.687,46.17],[-100.577,46.231],[-100.59,46.283],[-100.568,46.32],[-100.566,46.37],[-100.575,46.395],[-100.623,46.421],[-100.598,46.457],[-100.611,46.512],[-100.593,46.559],[-100.625,46.601],[-100.806,46.681],[-100.817,46.701],[-100.806,46.72],[-100.728,46.684],[-100.655,46.675],[-100.622,46.639],[-100.549,46.607],[-100.549,46.489],[-100.57,46.443],[-100.541,46.394],[-100.536,46.331],[-100.559,46.28],[-100.549,46.221],[-100.605,46.149],[-100.556,46.121],[-100.587,46.09],[-100.508,45.981],[-100.469,45.961],[-100.406,45.894],[-100.31,45.91],[-100.372,45.837],[-100.302,45.726],[-100.304,45.696],[-100.414,45.631],[-100.452,45.556],[-100.376,45.509],[-100.313,45.495],[-100.303,45.451],[-100.262,45.402],[-100.258,45.383],[-100.296,45.332],[-100.25,45.261],[-100.255,45.186],[-100.31,45.084],[-100.285,45.065],[-100.248,45.073],[-100.252,45.053]]]]}},{"type":"Feature","properties":{"n":"Réservoir Gouin"},"geometry":{"type":"MultiPolygon","coordinates":[[[[-74.112,48.369],[-74.057,48.349],[-74.081,48.34],[-74.15,48.369],[-74.23,48.372],[-74.249,48.363],[-74.242,48.328],[-74.255,48.307],[-74.286,48.371],[-74.338,48.397],[-74.349,48.427],[-74.465,48.489],[-74.514,48.495],[-74.54,48.464],[-74.53,48.422],[-74.469,48.377],[-74.441,48.322],[-74.494,48.269],[-74.503,48.284],[-74.485,48.346],[-74.551,48.398],[-74.569,48.436],[-74.604,48.423],[-74.598,48.397],[-74.64,48.441],[-74.664,48.429],[-74.668,48.364],[-74.695,48.348],[-74.687,48.4],[-74.719,48.486],[-74.734,48.48],[-74.722,48.462],[-74.722,48.377],[-74.736,48.381],[-74.777,48.5],[-74.863,48.533],[-74.871,48.598],[-74.955,48.555],[-74.927,48.595],[-74.942,48.602],[-74.989,48.525],[-74.963,48.479],[-74.928,48.499],[-74.914,48.492],[-74.94,48.464],[-75.017,48.48],[-75.03,48.428],[-74.976,48.391],[-74.948,48.394],[-74.948,48.342],[-74.987,48.359],[-74.996,48.383],[-75.024,48.388],[-75.03,48.335],[-75.06,48.347],[-75.053,48.433],[-75.065,48.465],[-75.094,48.422],[-75.08,48.379],[-75.127,48.261],[-75.149,48.296],[-75.113,48.349],[-75.126,48.377],[-75.105,48.401],[-75.12,48.486],[-75.058,48.492],[-74.996,48.56],[-74.981,48.645],[-75.043,48.591],[-75.09,48.583],[-75.098,48.602],[-75.11,48.598],[-75.113,48.578],[-75.085,48.568],[-75.101,48.552],[-75.181,48.561],[-75.151,48.5],[-75.215,48.452],[-75.212,48.435],[-75.167,48.438],[-75.159,48.403],[-75.174,48.397],[-75.187,48.417],[-75.26,48.396],[-75.325,48.404],[-75.286,48.467],[-75.305,48.486],[-75.373,48.377],[-75.382,48.386],[-75.353,48.472],[-75.418,48.424],[-75.422,48.455],[-75.358,48.514],[-75.359,48.54],[-75.325,48.527],[-75.232,48.538],[-75.222,48.555],[-75.334,48.563],[-75.317,48.58],[-75.278,48.584],[-75.259,48.617],[-75.239,48.585],[-75.172,48.599],[-75.14,48.624],[-75.148,48.665],[-75.116,48.661],[-75.079,48.683],[-75.074,48.712],[-75.03,48.739],[-75.052,48.691],[-75.024,48.699],[-75.003,48.671],[-74.951,48.716],[-74.928,48.719],[-74.962,48.674],[-74.939,48.663],[-74.914,48.671],[-74.903,48.713],[-74.879,48.712],[-74.838,48.771],[-74.776,48.753],[-74.743,48.794],[-74.729,48.788],[-74.736,48.774],[-74.72,48.775],[-74.695,48.794],[-74.568,48.821],[-74.551,48.814],[-74.571,48.79],[-74.51,48.774],[-74.488,48.749],[-74.587,48.669],[-74.588,48.561],[-74.564,48.596],[-74.475,48.596],[-74.517,48.575],[-74.506,48.539],[-74.48,48.535],[-74.441,48.589],[-74.411,48.593],[-74.384,48.579],[-74.435,48.52],[-74.356,48.475],[-74.32,48.44],[-74.31,48.41],[-74.292,48.407],[-74.202,48.469],[-74.208,48.445],[-74.249,48.417],[-74.237,48.407],[-74.249,48.391],[-74.104,48.399],[-74.112,48.369]],[[-74.605,48.733],[-74.605,48.746],[-74.625,48.736],[-74.772,48.621],[-74.764,48.569],[-74.67,48.479],[-74.678,48.523],[-74.742,48.589],[-74.702,48.589],[-74.653,48.609],[-74.668,48.611],[-74.66,48.626],[-74.627,48.633],[-74.651,48.687],[-74.605,48.733]],[[-74.612,48.767],[-74.592,48.774],[-74.653,48.777],[-74.736,48.739],[-74.798,48.735],[-74.845,48.699],[-74.612,48.767]]]]}},{"type":"Feature","properties":{"n":"Lower Arrow Lake"},"geometry":{"type":"MultiPolygon","coordinates":[[[[-117.966,49.378],[-117.907,49.342],[-118.078,49.406],[-118.172,49.558],[-118.143,49.726],[-118.092,49.802],[-118.125,49.612],[-118.082,49.48],[-117.966,49.378]]]]}},{"type":"Feature","properties":{"n":"Amistad Reservoir"},"geometry":{"type":"MultiPolygon","coordinates":[[[[-100.935,29.505],[-100.906,29.504],[-100.943,29.477],[-101.011,29.485],[-101.06,29.449],[-101.098,29.449],[-101.143,29.475],[-101.194,29.469],[-101.184,29.498],[-101.195,29.522],[-101.266,29.487],[-101.301,29.513],[-101.259,29.533],[-101.228,29.6],[-101.239,29.617],[-101.261,29.613],[-101.295,29.57],[-101.324,29.603],[-101.303,29.634],[-101.303,29.606],[-101.239,29.643],[-101.214,29.634],[-101.204,29.613],[-101.214,29.562],[-101.2,29.545],[-101.181,29.572],[-101.139,29.513],[-101.052,29.491],[-101.023,29.546],[-100.996,29.552],[-100.996,29.522],[-100.975,29.524],[-100.976,29.593],[-100.919,29.647],[-100.961,29.582],[-100.955,29.514],[-100.935,29.505]]]]}},{"type":"Feature","properties":{"n":"Réservoir Baskatong"},"geometry":{"type":"MultiPolygon","coordinates":[[[[-75.728,46.885],[-75.675,46.916],[-75.709,46.821],[-75.702,46.786],[-75.77,46.739],[-75.735,46.684],[-75.762,46.687],[-75.784,46.722],[-75.837,46.714],[-75.877,46.797],[-75.921,46.788],[-75.974,46.739],[-76.026,46.741],[-76.045,46.766],[-76.003,46.794],[-75.977,46.789],[-75.983,46.821],[-75.946,46.844],[-75.946,46.868],[-75.976,46.896],[-75.86,46.868],[-75.86,46.837],[-75.825,46.841],[-75.8,46.871],[-75.781,46.953],[-75.709,47.033],[-75.77,46.896],[-75.755,46.878],[-75.728,46.885]]]]}},{"type":"Feature","properties":{"n":"Lake Chelan"},"geometry":{"type":"MultiPolygon","coordinates":[[[[-120.027,47.873],[-119.981,47.835],[-120.182,47.894],[-120.196,47.969],[-120.244,48.016],[-120.463,48.078],[-120.568,48.207],[-120.615,48.223],[-120.662,48.314],[-120.657,48.331],[-120.626,48.311],[-120.589,48.245],[-120.529,48.208],[-120.452,48.102],[-120.226,48.034],[-120.179,48.006],[-120.157,47.972],[-120.166,47.926],[-120.151,47.91],[-120.027,47.873]]]]}},{"type":"Feature","properties":{"n":"Millerton Lake"},"geometry":{"type":"MultiPolygon","coordinates":[[[[-119.623,37.046],[-119.601,37.063],[-119.608,37.029],[-119.698,37.001],[-119.623,37.046]]]]}},{"type":"Feature","properties":{"n":"Réservoir Pipmuacan"},"geometry":{"type":"MultiPolygon","coordinates":[[[[-70.038,49.412],[-70.028,49.397],[-70.103,49.466],[-70.144,49.48],[-70.15,49.532],[-70.123,49.545],[-70.159,49.575],[-70.161,49.609],[-70.21,49.637],[-70.275,49.649],[-70.326,49.634],[-70.37,49.579],[-70.34,49.519],[-70.302,49.494],[-70.336,49.486],[-70.392,49.525],[-70.426,49.514],[-70.436,49.548],[-70.473,49.555],[-70.46,49.513],[-70.514,49.486],[-70.5,49.439],[-70.521,49.39],[-70.536,49.458],[-70.578,49.483],[-70.672,49.452],[-70.696,49.465],[-70.709,49.44],[-70.692,49.425],[-70.718,49.424],[-70.754,49.487],[-70.748,49.521],[-70.74,49.514],[-70.752,49.546],[-70.769,49.556],[-70.828,49.531],[-70.837,49.541],[-70.808,49.54],[-70.81,49.556],[-70.85,49.575],[-70.859,49.536],[-70.843,49.5],[-70.91,49.452],[-70.969,49.355],[-70.993,49.349],[-70.934,49.491],[-70.892,49.527],[-70.823,49.658],[-70.833,49.596],[-70.776,49.6],[-70.744,49.573],[-70.704,49.513],[-70.713,49.494],[-70.645,49.524],[-70.61,49.568],[-70.627,49.517],[-70.657,49.492],[-70.643,49.471],[-70.556,49.615],[-70.478,49.651],[-70.465,49.671],[-70.487,49.686],[-70.398,49.686],[-70.419,49.674],[-70.411,49.647],[-70.385,49.65],[-70.378,49.673],[-70.295,49.664],[-70.312,49.711],[-70.288,49.713],[-70.343,49.823],[-70.422,49.897],[-70.426,49.918],[-70.343,49.864],[-70.345,49.887],[-70.325,49.906],[-70.314,49.834],[-70.261,49.788],[-70.267,49.747],[-70.23,49.675],[-70.147,49.681],[-70.112,49.729],[-70.117,49.754],[-70.086,49.695],[-70.085,49.639],[-70.04,49.625],[-69.974,49.552],[-69.921,49.558],[-69.887,49.545],[-69.809,49.376],[-69.734,49.343],[-69.763,49.328],[-69.87,49.322],[-69.857,49.38],[-69.923,49.438],[-69.924,49.453],[-69.889,49.463],[-69.922,49.525],[-70.005,49.517],[-70.064,49.482],[-70.076,49.452],[-70.038,49.412]],[[-70.5,49.54],[-70.487,49.541],[-70.507,49.601],[-70.542,49.568],[-70.556,49.514],[-70.528,49.494],[-70.514,49.521],[-70.535,49.527],[-70.5,49.54]],[[-70.1,49.486],[-70.04,49.523],[-70.021,49.552],[-70.055,49.603],[-70.088,49.614],[-70.108,49.571],[-70.113,49.514],[-70.1,49.486]]]]}},{"type":"Feature","properties":{"n":"Lake Francis Case"},"geometry":{"type":"MultiPolygon","coordinates":[[[[-98.604,43.097],[-98.572,43.089],[-98.549,43.059],[-98.721,43.07],[-98.773,43.135],[-98.884,43.154],[-98.918,43.19],[-98.898,43.213],[-98.904,43.234],[-99.041,43.287],[-99.184,43.421],[-99.324,43.473],[-99.33,43.504],[-99.309,43.538],[-99.355,43.58],[-99.364,43.628],[-99.388,43.648],[-99.465,43.662],[-99.495,43.689],[-99.458,43.716],[-99.412,43.724],[-99.428,43.783],[-99.331,43.848],[-99.327,43.879],[-99.372,43.907],[-99.364,43.994],[-99.336,43.974],[-99.35,43.919],[-99.307,43.861],[-99.351,43.804],[-99.405,43.778],[-99.414,43.748],[-99.391,43.724],[-99.45,43.678],[-99.386,43.673],[-99.358,43.655],[-99.332,43.593],[-99.275,43.533],[-99.285,43.477],[-99.132,43.421],[-99.049,43.319],[-98.967,43.273],[-98.888,43.253],[-98.856,43.182],[-98.737,43.164],[-98.719,43.119],[-98.686,43.1],[-98.604,43.097]]]]}},{"type":"Feature","properties":{"n":"Falcon Lake"},"geometry":{"type":"MultiPolygon","coordinates":[[[[-99.13,26.695],[-99.152,26.674],[-99.137,26.651],[-99.158,26.654],[-99.165,26.629],[-99.158,26.605],[-99.149,26.62],[-99.145,26.564],[-99.243,26.58],[-99.282,26.65],[-99.24,26.639],[-99.255,26.811],[-99.289,26.845],[-99.34,26.773],[-99.367,26.761],[-99.392,26.797],[-99.412,26.797],[-99.405,26.818],[-99.385,26.825],[-99.361,26.78],[-99.349,26.9],[-99.365,26.935],[-99.414,26.964],[-99.4,26.999],[-99.453,27.02],[-99.463,27.057],[-99.373,27.016],[-99.363,26.958],[-99.35,26.941],[-99.312,26.937],[-99.28,26.893],[-99.241,26.905],[-99.205,26.943],[-99.186,26.941],[-99.205,26.926],[-99.22,26.866],[-99.235,26.88],[-99.235,26.845],[-99.207,26.816],[-99.214,26.756],[-99.187,26.739],[-99.186,26.701],[-99.13,26.766],[-99.094,26.755],[-99.158,26.721],[-99.13,26.695]]]]}},{"type":"Feature","properties":{"n":"Réservoir de Caniapiscau"},"geometry":{"type":"MultiPolygon","coordinates":[[[[-69.4,54.063],[-69.432,54.071],[-69.383,54.037],[-69.435,54.032],[-69.463,54.048],[-69.542,53.989],[-69.61,54.002],[-69.675,53.995],[-69.702,53.961],[-69.809,53.926],[-69.787,53.962],[-69.83,53.938],[-69.89,53.947],[-69.863,53.989],[-69.838,53.992],[-69.818,53.972],[-69.806,53.982],[-69.802,53.995],[-69.831,54.005],[-69.822,54.023],[-69.835,54.044],[-69.672,54.002],[-69.65,54.026],[-69.651,54.067],[-69.691,54.083],[-69.74,54.077],[-69.696,54.054],[-69.692,54.044],[-69.72,54.035],[-69.734,54.057],[-69.808,54.065],[-69.795,54.077],[-69.827,54.097],[-69.939,54.132],[-69.973,54.118],[-69.959,54.132],[-69.973,54.159],[-69.98,54.146],[-70.015,54.156],[-70.049,54.146],[-70.041,54.132],[-70.151,54.085],[-70.165,54.125],[-70.119,54.141],[-70.11,54.153],[-70.13,54.154],[-70.125,54.163],[-70.083,54.18],[-70.045,54.184],[-70.021,54.167],[-69.981,54.175],[-69.935,54.225],[-70.035,54.2],[-69.991,54.242],[-69.973,54.235],[-69.953,54.256],[-69.904,54.263],[-69.906,54.24],[-69.884,54.243],[-69.87,54.29],[-69.84,54.301],[-69.842,54.318],[-69.894,54.332],[-69.983,54.305],[-69.987,54.324],[-69.959,54.318],[-70.044,54.358],[-70.064,54.329],[-70.111,54.331],[-70.041,54.379],[-69.996,54.348],[-69.925,54.352],[-69.919,54.339],[-69.891,54.371],[-69.912,54.399],[-69.881,54.407],[-69.87,54.406],[-69.879,54.37],[-69.802,54.338],[-69.821,54.326],[-69.812,54.311],[-69.761,54.297],[-69.816,54.284],[-69.797,54.259],[-69.752,54.283],[-69.692,54.269],[-69.658,54.284],[-69.63,54.266],[-69.706,54.243],[-69.699,54.2],[-69.663,54.233],[-69.582,54.256],[-69.599,54.233],[-69.646,54.226],[-69.658,54.2],[-69.709,54.191],[-69.792,54.13],[-69.68,54.178],[-69.651,54.174],[-69.706,54.159],[-69.726,54.118],[-69.627,54.136],[-69.601,54.096],[-69.589,54.118],[-69.569,54.115],[-69.498,54.07],[-69.466,54.085],[-69.421,54.078],[-69.411,54.091],[-69.445,54.091],[-69.425,54.111],[-69.439,54.132],[-69.377,54.14],[-69.411,54.098],[-69.375,54.072],[-69.233,54.057],[-69.339,54.023],[-69.4,54.063]],[[-69.806,54.171],[-69.74,54.187],[-69.846,54.185],[-69.806,54.171]]]]}},{"type":"Feature","properties":{"n":"Lac Bermen"},"geometry":{"type":"MultiPolygon","coordinates":[[[[-68.816,53.878],[-68.785,53.859],[-68.719,53.858],[-68.767,53.838],[-68.617,53.796],[-68.665,53.79],[-68.705,53.804],[-68.719,53.79],[-68.678,53.755],[-68.716,53.75],[-68.731,53.71],[-68.764,53.693],[-68.767,53.68],[-68.732,53.673],[-68.741,53.655],[-68.691,53.646],[-68.695,53.618],[-68.726,53.604],[-68.684,53.585],[-68.767,53.557],[-68.817,53.591],[-68.89,53.611],[-68.864,53.596],[-68.858,53.501],[-68.896,53.496],[-68.921,53.454],[-68.952,53.44],[-68.938,53.468],[-68.96,53.478],[-68.94,53.499],[-68.973,53.501],[-68.993,53.446],[-69.081,53.427],[-69.096,53.44],[-69.008,53.525],[-68.996,53.577],[-68.976,53.557],[-68.935,53.556],[-68.897,53.577],[-68.949,53.567],[-68.904,53.598],[-68.966,53.604],[-68.951,53.629],[-68.875,53.652],[-68.82,53.643],[-68.767,53.667],[-68.786,53.679],[-68.773,53.701],[-68.815,53.728],[-68.849,53.712],[-68.862,53.718],[-68.856,53.735],[-68.873,53.736],[-68.887,53.715],[-68.904,53.721],[-68.872,53.763],[-68.84,53.777],[-68.818,53.745],[-68.792,53.758],[-68.774,53.721],[-68.753,53.755],[-68.773,53.776],[-68.746,53.817],[-68.801,53.83],[-68.907,53.907],[-68.928,53.893],[-68.938,53.86],[-68.962,53.855],[-68.971,53.908],[-68.96,53.913],[-68.988,53.949],[-69.096,53.947],[-69.054,53.982],[-69.064,53.987],[-69.115,53.978],[-69.137,53.947],[-69.194,53.938],[-69.254,53.947],[-69.233,53.961],[-69.251,53.975],[-69.245,53.986],[-69.187,54.005],[-69.157,53.96],[-69.134,53.986],[-69.136,54.024],[-69.192,54.044],[-69.146,54.055],[-69.109,54.03],[-69.13,54.009],[-69.055,53.995],[-69.007,54.03],[-69.02,54.057],[-68.972,54.023],[-69.02,53.995],[-69.019,53.978],[-68.966,53.989],[-68.955,53.976],[-68.945,53.982],[-68.96,54.009],[-68.925,53.982],[-68.87,53.989],[-68.856,53.961],[-68.876,53.941],[-68.856,53.934],[-68.873,53.923],[-68.828,53.913],[-68.842,53.886],[-68.815,53.899],[-68.816,53.878]]]]}},{"type":"Feature","properties":{"n":"Réservoir de Caniapiscau"},"geometry":{"type":"MultiPolygon","coordinates":[[[[-70.283,54.439],[-70.295,54.427],[-70.267,54.42],[-70.377,54.392],[-70.419,54.359],[-70.535,54.418],[-70.501,54.434],[-70.528,54.455],[-70.505,54.456],[-70.458,54.43],[-70.466,54.414],[-70.408,54.396],[-70.398,54.42],[-70.364,54.42],[-70.226,54.482],[-70.12,54.468],[-70.062,54.486],[-69.973,54.455],[-69.87,54.565],[-69.912,54.585],[-69.904,54.606],[-69.935,54.624],[-69.909,54.654],[-69.929,54.684],[-70.025,54.67],[-70.027,54.701],[-69.984,54.705],[-70.021,54.733],[-70,54.749],[-69.935,54.724],[-69.912,54.735],[-69.856,54.593],[-69.816,54.565],[-69.87,54.502],[-69.802,54.53],[-69.79,54.527],[-69.788,54.492],[-69.734,54.475],[-69.774,54.471],[-69.781,54.447],[-69.823,54.477],[-69.843,54.461],[-69.931,54.452],[-69.945,54.441],[-69.918,54.42],[-69.983,54.43],[-70.014,54.42],[-70.007,54.441],[-70.033,54.451],[-70.069,54.427],[-70.092,54.441],[-70.148,54.427],[-70.222,54.457],[-70.283,54.439]]]]}},{"type":"Feature","properties":{"n":"Kentucky Lake"},"geometry":{"type":"MultiPolygon","coordinates":[[[[-87.908,36.174],[-87.9,36.158],[-87.916,36.11],[-87.985,36.021],[-87.997,35.969],[-87.975,35.945],[-87.99,35.932],[-88.044,35.98],[-88.003,36.007],[-88.007,36.03],[-88.036,36.045],[-87.941,36.12],[-87.961,36.185],[-87.951,36.224],[-88.01,36.353],[-88.043,36.392],[-88.079,36.346],[-88.077,36.263],[-88.091,36.247],[-88.107,36.253],[-88.115,36.312],[-88.142,36.301],[-88.14,36.339],[-88.104,36.377],[-88.1,36.395],[-88.119,36.411],[-88.075,36.438],[-88.05,36.543],[-88.075,36.612],[-88.098,36.624],[-88.08,36.668],[-88.222,36.932],[-88.279,36.993],[-88.283,37.021],[-88.208,36.973],[-88.16,36.912],[-88.028,36.62],[-88.012,36.525],[-88.038,36.443],[-87.94,36.297],[-87.908,36.174]]]]}},{"type":"Feature","properties":{"n":"J. Strom Thurmond Lake"},"geometry":{"type":"MultiPolygon","coordinates":[[[[-82.212,33.711],[-82.187,33.669],[-82.233,33.677],[-82.274,33.664],[-82.274,33.679],[-82.323,33.686],[-82.48,33.634],[-82.507,33.65],[-82.544,33.636],[-82.582,33.643],[-82.521,33.664],[-82.462,33.653],[-82.385,33.683],[-82.376,33.705],[-82.317,33.717],[-82.266,33.699],[-82.254,33.711],[-82.275,33.763],[-82.321,33.8],[-82.356,33.807],[-82.347,33.823],[-82.407,33.814],[-82.458,33.835],[-82.376,33.842],[-82.495,33.883],[-82.479,33.893],[-82.51,33.922],[-82.557,33.898],[-82.573,33.844],[-82.588,33.834],[-82.583,33.895],[-82.521,33.945],[-82.596,33.931],[-82.601,33.947],[-82.582,33.958],[-82.609,33.979],[-82.589,33.972],[-82.585,33.984],[-82.596,34.02],[-82.566,34.01],[-82.55,33.96],[-82.535,33.972],[-82.455,33.901],[-82.355,33.854],[-82.444,33.993],[-82.405,33.947],[-82.39,33.958],[-82.339,33.845],[-82.28,33.801],[-82.253,33.801],[-82.25,33.771],[-82.219,33.77],[-82.212,33.711]]]]}},{"type":"Feature","properties":{"n":"Kinbasket Lake"},"geometry":{"type":"MultiPolygon","coordinates":[[[[-118.36,52.125],[-118.386,52.108],[-118.366,52.09],[-118.413,52.074],[-118.528,52.099],[-118.493,52.143],[-118.515,52.221],[-118.658,52.354],[-118.724,52.385],[-118.876,52.555],[-118.984,52.617],[-119.121,52.734],[-119.058,52.721],[-118.989,52.649],[-118.872,52.588],[-118.748,52.481],[-118.72,52.431],[-118.483,52.235],[-118.423,52.154],[-118.281,52.147],[-118.181,52.191],[-118.161,52.186],[-118.227,52.123],[-118.36,52.125]]]]}},{"type":"Feature","properties":{"n":"Shasta Lake"},"geometry":{"type":"MultiPolygon","coordinates":[[[[-122.167,40.762],[-122.095,40.783],[-122.151,40.744],[-122.225,40.762],[-122.242,40.749],[-122.362,40.749],[-122.4,40.721],[-122.444,40.735],[-122.417,40.783],[-122.391,40.771],[-122.403,40.831],[-122.334,40.824],[-122.354,40.782],[-122.308,40.783],[-122.225,40.914],[-122.211,40.893],[-122.279,40.783],[-122.26,40.77],[-122.164,40.79],[-122.191,40.773],[-122.167,40.762]]]]}},{"type":"Feature","properties":{"n":"Wheeler Lake"},"geometry":{"type":"MultiPolygon","coordinates":[[[[-86.917,34.588],[-86.898,34.575],[-87.15,34.696],[-87.145,34.712],[-87.192,34.742],[-87.279,34.74],[-87.388,34.798],[-87.433,34.787],[-87.525,34.82],[-87.7,34.773],[-87.686,34.792],[-87.547,34.848],[-87.444,34.828],[-87.324,34.828],[-87.288,34.777],[-87.193,34.774],[-87.116,34.723],[-87.007,34.692],[-86.917,34.588]]]]}},{"type":"Feature","properties":{"n":"Rybinsk Reservoir"},"geometry":{"type":"MultiPolygon","coordinates":[[[[38.704,58.113],[38.68,58.108],[38.633,58.13],[38.573,58.091],[38.493,58.131],[38.388,58.145],[38.344,58.117],[38.331,58.086],[38.437,58.021],[38.335,58.045],[38.252,58.039],[38.258,58.052],[38.238,58.058],[38.25,58.074],[38.233,58.142],[38.272,58.182],[38.244,58.245],[38.152,58.263],[38.129,58.258],[38.142,58.251],[38.088,58.251],[38.094,58.264],[37.936,58.313],[37.907,58.311],[37.91,58.268],[37.85,58.332],[37.748,58.405],[37.706,58.412],[37.69,58.436],[37.635,58.436],[37.648,58.45],[37.537,58.531],[37.491,58.525],[37.499,58.58],[37.247,58.695],[37.086,58.69],[37.21,58.71],[37.137,58.795],[37.175,58.826],[37.121,58.881],[37.198,58.842],[37.249,58.772],[37.326,58.768],[37.347,58.731],[37.412,58.724],[37.477,58.744],[37.424,58.704],[37.361,58.683],[37.464,58.614],[37.518,58.638],[37.574,58.614],[37.545,58.57],[37.565,58.546],[37.605,58.552],[37.648,58.536],[37.694,58.575],[37.673,58.597],[37.637,58.593],[37.621,58.614],[37.642,58.621],[37.601,58.645],[37.624,58.653],[37.716,58.609],[37.744,58.607],[37.731,58.628],[37.754,58.634],[37.931,58.555],[38.084,58.53],[38.087,58.562],[38.046,58.6],[38.059,58.616],[38.116,58.607],[38.129,58.617],[38.12,58.629],[38.026,58.673],[37.944,58.669],[38.026,58.69],[37.916,58.716],[37.95,58.724],[37.923,58.751],[37.93,58.765],[38.014,58.713],[38.046,58.71],[38.042,58.755],[37.991,58.813],[38.01,58.83],[37.998,58.881],[37.916,58.838],[37.896,58.867],[37.916,58.874],[37.85,58.899],[37.854,58.916],[37.729,58.944],[37.655,58.924],[37.622,58.939],[37.539,58.91],[37.525,58.888],[37.546,58.84],[37.532,58.825],[37.436,58.867],[37.491,58.916],[37.476,58.952],[37.535,58.959],[37.587,58.99],[37.643,58.977],[37.724,59.008],[37.682,59.039],[37.703,59.046],[37.676,59.094],[37.7,59.115],[37.539,59.189],[37.739,59.136],[37.776,59.157],[37.855,59.133],[37.951,59.167],[37.985,59.204],[38.06,59.21],[37.95,59.142],[37.97,59.124],[38.163,59.083],[38.188,59.102],[38.18,59.166],[38.158,59.189],[38.094,59.204],[38.11,59.216],[38.2,59.213],[38.184,59.189],[38.277,59.146],[38.331,59.14],[38.375,59.148],[38.42,59.194],[38.478,59.217],[38.368,59.101],[38.299,59.087],[38.317,59.077],[38.306,59.065],[38.197,59.073],[38.217,59.06],[38.163,59.053],[38.066,59.094],[37.953,59.117],[37.819,59.108],[37.772,59.087],[37.904,59.045],[37.944,59.046],[38.019,58.988],[38.074,59.005],[38.156,58.917],[38.691,58.566],[38.903,58.498],[39.075,58.505],[38.955,58.456],[38.975,58.398],[39.081,58.333],[38.88,58.361],[38.807,58.274],[38.806,58.182],[38.844,58.103],[38.815,58.099],[38.778,58.118],[38.779,58.148],[38.736,58.192],[38.59,58.255],[38.568,58.237],[38.704,58.113]]]]}},{"type":"Feature","properties":{"n":"Kainji Reservoir"},"geometry":{"type":"MultiPolygon","coordinates":[[[[4.671,10.397],[4.695,10.364],[4.681,10.336],[4.664,10.351],[4.657,10.341],[4.619,10.213],[4.633,10.22],[4.634,10.207],[4.608,10.189],[4.598,10.2],[4.563,10.148],[4.543,10.144],[4.568,10.09],[4.592,10.118],[4.622,10.117],[4.605,10.11],[4.596,10.07],[4.626,10.042],[4.606,10.006],[4.626,9.96],[4.608,9.951],[4.606,9.923],[4.622,9.91],[4.639,9.919],[4.643,9.901],[4.619,9.862],[4.571,9.843],[4.59,9.881],[4.577,9.898],[4.557,9.891],[4.563,9.933],[4.539,9.956],[4.564,9.977],[4.569,10.004],[4.541,10.034],[4.516,10.029],[4.537,10.07],[4.503,10.084],[4.467,10.042],[4.475,10.069],[4.447,10.056],[4.495,10.11],[4.45,10.128],[4.433,10.118],[4.44,10.139],[4.509,10.124],[4.523,10.144],[4.523,10.185],[4.455,10.18],[4.447,10.2],[4.483,10.191],[4.505,10.205],[4.51,10.228],[4.482,10.306],[4.444,10.364],[4.393,10.405],[4.331,10.385],[4.389,10.422],[4.461,10.398],[4.441,10.454],[4.461,10.446],[4.475,10.494],[4.433,10.529],[4.498,10.598],[4.458,10.621],[4.467,10.666],[4.489,10.631],[4.516,10.666],[4.525,10.623],[4.564,10.59],[4.582,10.595],[4.588,10.568],[4.655,10.613],[4.621,10.544],[4.632,10.522],[4.66,10.529],[4.633,10.481],[4.671,10.397]]]]}},{"type":"Feature","properties":{"n":"Kakhovka Reservoir"},"geometry":{"type":"MultiPolygon","coordinates":[[[[35.322,47.551],[35.324,47.506],[35.278,47.475],[35.282,47.435],[35.235,47.457],[35.1,47.451],[35.059,47.422],[34.969,47.396],[34.893,47.409],[34.754,47.506],[34.616,47.541],[34.468,47.496],[34.384,47.491],[34.294,47.424],[34.051,47.417],[34.03,47.392],[34.03,47.348],[34.138,47.356],[34.183,47.38],[34.191,47.369],[34.167,47.348],[34.216,47.307],[34.092,47.337],[34.036,47.318],[33.999,47.238],[33.905,47.148],[33.845,47.115],[33.823,47.062],[33.7,46.978],[33.692,46.934],[33.79,46.916],[33.684,46.905],[33.64,46.868],[33.707,46.863],[33.695,46.848],[33.54,46.831],[33.599,46.889],[33.613,46.946],[33.644,46.988],[33.586,47],[33.586,47.017],[33.64,47.026],[33.66,47.074],[33.66,47.026],[33.686,47.041],[33.786,47.135],[33.787,47.165],[33.749,47.184],[33.846,47.202],[33.958,47.297],[33.972,47.333],[33.948,47.362],[33.989,47.379],[33.923,47.465],[33.955,47.465],[33.924,47.504],[33.928,47.561],[33.965,47.541],[34.078,47.581],[34.147,47.531],[34.219,47.527],[34.257,47.561],[34.225,47.6],[34.236,47.609],[34.26,47.612],[34.277,47.568],[34.303,47.58],[34.389,47.54],[34.459,47.57],[34.449,47.596],[34.591,47.611],[34.669,47.579],[34.897,47.547],[34.986,47.557],[35.078,47.629],[35.119,47.69],[35.127,47.766],[35.086,47.824],[35.113,47.848],[35.168,47.784],[35.209,47.684],[35.322,47.551]]]]}},{"type":"Feature","properties":{"n":"Kremenchuk Reservoir"},"geometry":{"type":"MultiPolygon","coordinates":[[[[33.175,49.064],[33.153,49.021],[33.187,48.972],[33.122,49.009],[32.982,48.979],[33.092,49.019],[33.099,49.069],[33.013,49.096],[32.939,49.07],[32.872,49.095],[32.77,49.088],[32.733,49.139],[32.667,49.192],[32.523,49.26],[32.452,49.274],[32.379,49.322],[32.208,49.37],[32.122,49.427],[32.044,49.449],[31.989,49.505],[31.886,49.555],[31.945,49.568],[31.979,49.602],[32.112,49.521],[32.183,49.506],[32.256,49.521],[32.444,49.417],[32.701,49.349],[32.749,49.37],[32.688,49.4],[32.674,49.429],[32.612,49.466],[32.665,49.556],[32.717,49.57],[32.749,49.541],[32.701,49.48],[32.865,49.438],[32.839,49.4],[32.901,49.393],[32.941,49.328],[33.001,49.308],[33.03,49.253],[33.095,49.217],[33.147,49.151],[33.181,49.137],[33.204,49.103],[33.175,49.064]]]]}},{"type":"Feature","properties":{"n":"Samara Reservoir"},"geometry":{"type":"MultiPolygon","coordinates":[[[[48.445,54.136],[48.373,54.167],[48.359,54.202],[48.422,54.354],[48.392,54.437],[48.412,54.582],[48.485,54.637],[48.531,54.652],[48.829,54.656],[48.824,54.692],[48.792,54.736],[48.821,54.804],[48.893,54.872],[48.848,54.936],[48.86,55.016],[49.296,55.171],[49.278,55.208],[49.213,55.241],[49.186,55.294],[49.021,55.412],[49.01,55.427],[49.031,55.455],[49.077,55.442],[49.059,55.483],[49.104,55.46],[49.142,55.404],[49.209,55.386],[49.195,55.348],[49.285,55.256],[49.296,55.274],[49.278,55.29],[49.367,55.271],[49.402,55.284],[49.395,55.334],[49.316,55.355],[49.319,55.384],[49.359,55.393],[49.322,55.429],[49.336,55.454],[49.305,55.49],[49.344,55.54],[49.407,55.565],[49.344,55.506],[49.347,55.476],[49.433,55.379],[49.606,55.38],[49.685,55.421],[49.74,55.413],[49.878,55.352],[49.984,55.38],[50.018,55.452],[50.12,55.476],[50.1,55.448],[50.333,55.427],[50.346,55.403],[50.459,55.453],[50.491,55.49],[50.527,55.465],[50.598,55.458],[50.635,55.414],[50.834,55.517],[51.033,55.471],[51.139,55.496],[51.162,55.517],[51.255,55.527],[51.381,55.49],[51.306,55.49],[51.331,55.48],[51.419,55.476],[51.476,55.513],[51.486,55.546],[51.461,55.608],[51.397,55.684],[51.39,55.706],[51.417,55.724],[51.387,55.788],[51.464,55.797],[51.478,55.866],[51.502,55.801],[51.423,55.77],[51.436,55.752],[51.484,55.743],[51.434,55.683],[51.503,55.608],[51.647,55.63],[51.744,55.715],[51.784,55.723],[51.878,55.688],[51.97,55.727],[51.998,55.723],[51.872,55.663],[51.841,55.664],[51.793,55.695],[51.742,55.683],[51.717,55.64],[51.734,55.609],[51.696,55.572],[51.71,55.55],[51.621,55.578],[51.535,55.575],[51.519,55.565],[51.56,55.524],[51.448,55.452],[51.296,55.47],[51.222,55.5],[51.182,55.49],[51.237,55.476],[51.121,55.468],[51.218,55.441],[51.237,55.414],[51.235,55.386],[51.182,55.332],[51.135,55.352],[51.203,55.386],[51.205,55.415],[51.182,55.435],[50.827,55.483],[50.773,55.465],[50.71,55.414],[50.792,55.448],[50.759,55.406],[50.627,55.369],[50.436,55.373],[50.311,55.345],[50.23,55.366],[50.132,55.316],[49.954,55.296],[49.894,55.318],[49.826,55.243],[49.742,55.212],[49.696,55.172],[49.613,55.188],[49.634,55.16],[49.579,55.14],[49.6,55.105],[49.554,55.116],[49.545,55.147],[49.449,55.126],[49.401,55.058],[49.473,55.086],[49.384,54.992],[49.353,55.016],[49.188,55.03],[49.168,55.016],[49.216,54.996],[48.946,54.984],[48.927,54.916],[48.96,54.79],[49.031,54.817],[49.099,54.811],[49.161,54.763],[49.041,54.79],[49.021,54.739],[48.908,54.688],[48.976,54.694],[48.959,54.666],[49.01,54.643],[49.155,54.64],[49.089,54.611],[48.999,54.613],[48.925,54.65],[48.901,54.646],[48.908,54.627],[48.88,54.562],[48.921,54.555],[48.914,54.526],[48.833,54.505],[48.873,54.468],[48.877,54.407],[48.848,54.442],[48.798,54.447],[48.791,54.468],[48.604,54.445],[48.538,54.406],[48.526,54.382],[48.463,54.368],[48.546,54.219],[48.591,54.174],[48.642,54.156],[48.713,54.144],[48.805,54.153],[48.771,54.14],[48.845,54.091],[48.774,54.073],[48.831,54.048],[48.908,53.982],[48.998,53.944],[49.313,54.099],[49.374,54.1],[49.416,54.14],[49.483,54.14],[49.585,54.204],[49.661,54.2],[49.718,54.243],[49.744,54.235],[49.703,54.187],[49.819,54.153],[49.75,54.146],[49.655,54.175],[49.592,54.172],[49.552,54.125],[49.474,54.107],[49.452,54.085],[49.552,54.091],[49.545,54.082],[49.367,54.016],[49.428,53.989],[49.34,53.995],[49.288,53.947],[49.264,53.975],[49.203,53.933],[49.201,53.898],[49.271,53.785],[49.288,53.776],[49.312,53.805],[49.335,53.805],[49.339,53.77],[49.389,53.736],[49.394,53.711],[49.37,53.68],[49.347,53.683],[49.342,53.725],[49.314,53.747],[49.285,53.711],[49.266,53.712],[49.271,53.742],[49.205,53.785],[49.183,53.828],[49.122,53.832],[49.079,53.808],[49.084,53.729],[49.041,53.587],[49.086,53.523],[49.135,53.504],[49.86,53.475],[49.942,53.44],[49.456,53.448],[49.282,53.406],[49.245,53.35],[49.259,53.303],[49.195,53.275],[48.808,53.275],[48.655,53.372],[48.702,53.367],[48.856,53.286],[48.92,53.276],[48.97,53.294],[49.205,53.312],[49.216,53.336],[49.186,53.367],[49.216,53.372],[49.231,53.401],[49.178,53.415],[49.08,53.398],[49.057,53.421],[48.928,53.454],[49.032,53.453],[49.045,53.478],[49.006,53.519],[48.89,53.576],[48.858,53.634],[48.856,53.747],[48.908,53.804],[48.885,53.833],[48.935,53.841],[48.878,53.944],[48.676,54.05],[48.63,54.091],[48.582,54.105],[48.531,54.085],[48.524,54.11],[48.469,54.111],[48.445,54.136]]]]}},{"type":"Feature","properties":{"n":"Represa de Sobradinho"},"geometry":{"type":"MultiPolygon","coordinates":[[[[-40.889,-9.332],[-40.807,-9.402],[-40.81,-9.431],[-40.852,-9.45],[-40.88,-9.428],[-40.923,-9.435],[-40.949,-9.478],[-40.953,-9.454],[-40.981,-9.438],[-41.005,-9.487],[-41.025,-9.484],[-41.043,-9.517],[-41.09,-9.453],[-41.165,-9.579],[-41.168,-9.613],[-41.128,-9.676],[-41.13,-9.697],[-41.162,-9.683],[-41.201,-9.724],[-41.258,-9.706],[-41.274,-9.724],[-41.292,-9.685],[-41.315,-9.726],[-41.476,-9.806],[-41.515,-9.801],[-41.548,-9.841],[-41.532,-9.779],[-41.545,-9.794],[-41.57,-9.782],[-41.583,-9.816],[-41.61,-9.811],[-41.656,-9.833],[-41.68,-9.819],[-41.71,-9.85],[-41.743,-9.829],[-41.848,-9.932],[-41.842,-9.891],[-41.861,-9.89],[-41.772,-9.828],[-41.819,-9.797],[-41.869,-9.733],[-41.957,-9.785],[-41.959,-9.845],[-42.016,-9.919],[-41.979,-9.793],[-42.043,-9.774],[-42.054,-9.786],[-42.077,-9.943],[-42.103,-9.977],[-42.2,-10.042],[-42.206,-10.072],[-42.054,-10.14],[-42.041,-10.136],[-42.044,-10.099],[-42.025,-10.095],[-42.001,-10.155],[-41.918,-10.204],[-41.893,-10.28],[-41.854,-10.307],[-41.896,-10.306],[-41.919,-10.27],[-41.937,-10.316],[-41.866,-10.403],[-41.874,-10.427],[-41.95,-10.326],[-41.955,-10.299],[-41.926,-10.241],[-41.949,-10.206],[-42.019,-10.192],[-42.155,-10.131],[-42.216,-10.137],[-42.216,-10.174],[-42.078,-10.361],[-42.052,-10.442],[-42.08,-10.424],[-42.107,-10.35],[-42.147,-10.344],[-42.147,-10.3],[-42.247,-10.188],[-42.254,-10.074],[-42.309,-10.072],[-42.355,-10.092],[-42.377,-10.136],[-42.341,-10.234],[-42.379,-10.307],[-42.326,-10.358],[-42.34,-10.369],[-42.331,-10.388],[-42.285,-10.43],[-42.19,-10.579],[-42.109,-10.663],[-42.176,-10.645],[-42.166,-10.72],[-42.202,-10.728],[-42.191,-10.744],[-42.21,-10.77],[-42.199,-10.806],[-42.225,-10.799],[-42.241,-10.812],[-42.234,-10.841],[-42.197,-10.873],[-42.243,-10.863],[-42.256,-10.874],[-42.229,-10.925],[-42.279,-10.911],[-42.273,-10.952],[-42.296,-10.936],[-42.311,-10.968],[-42.321,-10.941],[-42.349,-11.081],[-42.364,-11.013],[-42.329,-10.886],[-42.269,-10.823],[-42.275,-10.795],[-42.242,-10.742],[-42.218,-10.636],[-42.243,-10.546],[-42.287,-10.492],[-42.333,-10.465],[-42.359,-10.505],[-42.349,-10.613],[-42.341,-10.63],[-42.31,-10.618],[-42.311,-10.66],[-42.345,-10.682],[-42.374,-10.669],[-42.371,-10.537],[-42.407,-10.633],[-42.39,-10.501],[-42.341,-10.436],[-42.405,-10.334],[-42.446,-10.434],[-42.518,-10.505],[-42.601,-10.646],[-42.63,-10.666],[-42.625,-10.706],[-42.656,-10.753],[-42.651,-10.792],[-42.718,-10.81],[-42.734,-10.84],[-42.715,-10.879],[-42.748,-10.881],[-42.772,-10.902],[-42.7,-10.935],[-42.755,-10.959],[-42.761,-10.976],[-42.74,-11.015],[-42.729,-11.131],[-42.771,-11.133],[-42.783,-11.173],[-42.795,-11.163],[-42.79,-11.129],[-42.824,-11.152],[-42.827,-11.239],[-42.81,-11.315],[-42.835,-11.299],[-42.859,-11.221],[-42.925,-11.237],[-42.894,-11.27],[-42.894,-11.296],[-42.931,-11.275],[-42.97,-11.208],[-42.98,-11.129],[-43.022,-11.163],[-43.017,-11.112],[-43.05,-11.15],[-43.057,-11.125],[-43.012,-11.049],[-43.024,-11.014],[-43.088,-11.046],[-43.142,-11.147],[-43.153,-11.108],[-43.239,-11.132],[-43.22,-11.081],[-43.143,-11.095],[-43.122,-11.047],[-43.072,-11.002],[-43.063,-10.983],[-43.091,-10.98],[-43.069,-10.958],[-43.119,-10.961],[-43.123,-10.945],[-43.032,-10.915],[-43.018,-10.891],[-43.045,-10.865],[-43.006,-10.869],[-42.967,-10.848],[-42.936,-10.785],[-42.872,-10.786],[-42.894,-10.737],[-42.969,-10.724],[-42.893,-10.709],[-42.942,-10.682],[-43.013,-10.687],[-43.006,-10.6],[-42.94,-10.606],[-42.954,-10.575],[-42.918,-10.597],[-42.909,-10.664],[-42.836,-10.767],[-42.774,-10.766],[-42.736,-10.723],[-42.734,-10.664],[-42.759,-10.643],[-42.862,-10.615],[-42.827,-10.599],[-42.73,-10.637],[-42.704,-10.586],[-42.762,-10.55],[-42.866,-10.53],[-42.92,-10.503],[-42.894,-10.494],[-42.807,-10.519],[-42.8,-10.508],[-42.871,-10.451],[-42.843,-10.427],[-42.707,-10.545],[-42.676,-10.551],[-42.613,-10.504],[-42.604,-10.475],[-42.635,-10.464],[-42.751,-10.469],[-42.732,-10.447],[-42.781,-10.423],[-42.772,-10.406],[-42.624,-10.445],[-42.591,-10.438],[-42.649,-10.376],[-42.762,-10.311],[-42.716,-10.31],[-42.626,-10.358],[-42.701,-10.261],[-42.662,-10.272],[-42.545,-10.399],[-42.523,-10.394],[-42.48,-10.338],[-42.482,-10.251],[-42.531,-10.228],[-42.538,-10.183],[-42.568,-10.189],[-42.539,-10.133],[-42.583,-10.152],[-42.561,-10.12],[-42.616,-10.1],[-42.616,-10.088],[-42.585,-10.1],[-42.598,-10.07],[-42.709,-10.047],[-42.813,-9.989],[-42.828,-9.968],[-42.809,-9.969],[-42.794,-9.921],[-42.749,-9.97],[-42.719,-9.965],[-42.757,-9.921],[-42.737,-9.883],[-42.725,-9.934],[-42.699,-9.955],[-42.706,-9.974],[-42.691,-9.985],[-42.677,-9.926],[-42.657,-9.983],[-42.635,-9.947],[-42.633,-9.999],[-42.621,-10.005],[-42.599,-9.976],[-42.591,-9.983],[-42.609,-10.03],[-42.565,-10.08],[-42.529,-10.094],[-42.563,-10.047],[-42.49,-10.087],[-42.451,-10.048],[-42.534,-9.994],[-42.559,-9.898],[-42.529,-9.879],[-42.526,-9.919],[-42.512,-9.936],[-42.501,-9.921],[-42.487,-9.985],[-42.467,-10.005],[-42.468,-9.954],[-42.454,-9.954],[-42.445,-10.019],[-42.332,-9.987],[-42.333,-9.946],[-42.365,-9.916],[-42.32,-9.913],[-42.313,-9.901],[-42.332,-9.88],[-42.303,-9.882],[-42.276,-9.846],[-42.297,-9.837],[-42.27,-9.808],[-42.273,-9.773],[-42.376,-9.704],[-42.399,-9.676],[-42.392,-9.651],[-42.371,-9.681],[-42.362,-9.657],[-42.332,-9.715],[-42.3,-9.734],[-42.249,-9.698],[-42.203,-9.695],[-42.179,-9.661],[-42.23,-9.638],[-42.241,-9.616],[-42.195,-9.627],[-42.204,-9.613],[-42.141,-9.598],[-42.076,-9.618],[-42.063,-9.598],[-42.083,-9.536],[-42.069,-9.533],[-42.095,-9.498],[-42.024,-9.537],[-42.013,-9.52],[-42.021,-9.481],[-42.005,-9.478],[-41.995,-9.532],[-41.98,-9.515],[-41.959,-9.574],[-41.988,-9.611],[-41.961,-9.629],[-41.783,-9.603],[-41.762,-9.572],[-41.766,-9.527],[-41.75,-9.577],[-41.721,-9.565],[-41.696,-9.578],[-41.675,-9.556],[-41.627,-9.607],[-41.6,-9.586],[-41.577,-9.603],[-41.564,-9.568],[-41.509,-9.608],[-41.498,-9.564],[-41.448,-9.614],[-41.435,-9.594],[-41.467,-9.561],[-41.41,-9.56],[-41.421,-9.585],[-41.411,-9.612],[-41.333,-9.64],[-41.311,-9.625],[-41.343,-9.601],[-41.324,-9.566],[-41.285,-9.611],[-41.266,-9.586],[-41.238,-9.592],[-41.25,-9.534],[-41.186,-9.455],[-41.205,-9.41],[-41.252,-9.402],[-41.252,-9.374],[-41.361,-9.348],[-41.279,-9.347],[-41.286,-9.329],[-41.271,-9.317],[-41.185,-9.396],[-41.157,-9.402],[-41.157,-9.343],[-41.208,-9.35],[-41.178,-9.312],[-41.195,-9.299],[-41.2,-9.262],[-41.159,-9.298],[-41.156,-9.273],[-41.129,-9.303],[-41.085,-9.286],[-41.067,-9.315],[-41.039,-9.3],[-41.05,-9.226],[-41.029,-9.238],[-41.052,-9.205],[-41.025,-9.207],[-41.007,-9.189],[-41.035,-9.166],[-41.002,-9.168],[-41.108,-9.122],[-41.045,-9.139],[-41.071,-9.121],[-41,-9.13],[-40.994,-9.108],[-41.097,-8.969],[-41.044,-9.023],[-41.018,-8.983],[-40.995,-9.04],[-40.994,-9.001],[-40.973,-8.985],[-40.981,-9.025],[-40.957,-9.022],[-40.962,-9.06],[-40.938,-9.046],[-40.931,-9.066],[-40.901,-9.074],[-40.973,-9.148],[-40.953,-9.191],[-40.931,-9.165],[-40.963,-9.276],[-40.946,-9.378],[-40.916,-9.367],[-40.911,-9.334],[-40.953,-9.269],[-40.926,-9.248],[-40.903,-9.245],[-40.921,-9.27],[-40.889,-9.332]],[[-42.789,-11.026],[-42.789,-10.99],[-42.812,-10.957],[-42.861,-10.966],[-42.887,-11.04],[-42.925,-11.058],[-42.936,-11.088],[-42.85,-11.148],[-42.805,-11.102],[-42.789,-11.026]],[[-42.788,-10.862],[-42.763,-10.834],[-42.845,-10.848],[-42.885,-10.912],[-43.018,-10.96],[-43.032,-10.984],[-42.867,-10.933],[-42.788,-10.862]]]]}},{"type":"Feature","properties":{"n":"Ozero Kubenskoye"},"geometry":{"type":"MultiPolygon","coordinates":[[[[39.169,59.84],[39.222,59.79],[39.228,59.764],[39.266,59.739],[39.328,59.745],[39.266,59.779],[39.373,59.77],[39.376,59.752],[39.507,59.67],[39.554,59.662],[39.472,59.724],[39.574,59.686],[39.636,59.609],[39.726,59.642],[39.821,59.642],[39.685,59.601],[39.674,59.584],[39.726,59.539],[39.808,59.518],[39.723,59.466],[39.682,59.469],[39.275,59.691],[39.211,59.745],[39.122,59.779],[39.053,59.868],[39.122,59.848],[39.11,59.861],[39.129,59.866],[39.169,59.84]]]]}},{"type":"Feature","properties":{"n":"Lake Kariba"},"geometry":{"type":"MultiPolygon","coordinates":[[[[28.975,-16.598],[29.001,-16.615],[28.936,-16.637],[28.933,-16.65],[28.952,-16.649],[28.925,-16.712],[28.892,-16.668],[28.865,-16.669],[28.844,-16.697],[28.869,-16.721],[28.864,-16.754],[28.843,-16.777],[28.802,-16.766],[28.806,-16.784],[28.781,-16.814],[28.716,-16.808],[28.685,-16.762],[28.713,-16.724],[28.69,-16.724],[28.693,-16.689],[28.679,-16.677],[28.654,-16.683],[28.638,-16.716],[28.582,-16.719],[28.589,-16.738],[28.535,-16.731],[28.541,-16.746],[28.501,-16.757],[28.459,-16.814],[28.442,-16.814],[28.473,-16.895],[28.45,-16.849],[28.385,-16.829],[28.369,-16.79],[28.39,-16.769],[28.38,-16.749],[28.349,-16.787],[28.324,-16.789],[28.315,-16.817],[28.261,-16.828],[28.26,-16.807],[28.227,-16.812],[28.117,-16.846],[28.092,-16.9],[28.11,-16.909],[28.075,-16.932],[28.05,-16.987],[28.124,-16.978],[28.09,-17.002],[28.103,-17.033],[28.066,-17.044],[28.048,-17.081],[28.004,-17.034],[27.958,-17.022],[27.963,-17.048],[27.926,-17.049],[27.932,-17.067],[27.908,-17.105],[27.828,-17.135],[27.849,-17.163],[27.795,-17.145],[27.694,-17.201],[27.712,-17.204],[27.684,-17.239],[27.663,-17.23],[27.675,-17.273],[27.644,-17.294],[27.653,-17.316],[27.612,-17.363],[27.576,-17.478],[27.562,-17.437],[27.547,-17.503],[27.46,-17.515],[27.425,-17.574],[27.473,-17.546],[27.451,-17.579],[27.41,-17.588],[27.389,-17.573],[27.351,-17.601],[27.214,-17.744],[27.232,-17.78],[27.201,-17.777],[27.159,-17.808],[27.171,-17.841],[27.157,-17.864],[27.061,-17.952],[27.088,-17.971],[27.068,-17.965],[27.026,-17.984],[27.023,-17.948],[27.061,-17.896],[27.08,-17.902],[27.081,-17.883],[27.133,-17.835],[27.136,-17.821],[27.1,-17.841],[27.081,-17.833],[27.088,-17.801],[27.109,-17.794],[27.088,-17.78],[27.163,-17.687],[27.178,-17.691],[27.178,-17.671],[27.228,-17.637],[27.246,-17.595],[27.286,-17.604],[27.297,-17.558],[27.342,-17.567],[27.335,-17.537],[27.363,-17.54],[27.371,-17.526],[27.38,-17.456],[27.322,-17.465],[27.314,-17.44],[27.449,-17.311],[27.431,-17.307],[27.438,-17.294],[27.418,-17.277],[27.473,-17.262],[27.517,-17.225],[27.52,-17.18],[27.548,-17.163],[27.548,-17.132],[27.637,-17.039],[27.659,-17.062],[27.65,-17.088],[27.712,-17.059],[27.657,-17.026],[27.733,-16.985],[27.73,-16.958],[27.692,-16.951],[27.726,-16.916],[27.743,-16.935],[27.772,-16.931],[27.87,-16.892],[27.777,-16.846],[27.794,-16.805],[27.86,-16.817],[27.872,-16.789],[27.856,-16.772],[27.92,-16.764],[27.918,-16.8],[27.963,-16.791],[27.98,-16.848],[28.007,-16.854],[28.071,-16.831],[28.09,-16.807],[28.064,-16.796],[28.082,-16.744],[28.13,-16.759],[28.14,-16.719],[28.201,-16.689],[28.205,-16.677],[28.176,-16.691],[28.165,-16.636],[28.199,-16.636],[28.219,-16.662],[28.226,-16.649],[28.244,-16.657],[28.246,-16.608],[28.265,-16.618],[28.329,-16.594],[28.305,-16.565],[28.281,-16.56],[28.295,-16.546],[28.274,-16.54],[28.294,-16.536],[28.324,-16.546],[28.334,-16.566],[28.372,-16.556],[28.363,-16.573],[28.397,-16.601],[28.439,-16.543],[28.48,-16.532],[28.487,-16.512],[28.505,-16.52],[28.511,-16.56],[28.563,-16.546],[28.576,-16.526],[28.535,-16.518],[28.662,-16.478],[28.68,-16.481],[28.698,-16.533],[28.847,-16.535],[28.891,-16.56],[28.836,-16.567],[28.879,-16.583],[28.952,-16.553],[28.939,-16.594],[28.975,-16.598]]]]}},{"type":"Feature","properties":{"n":"Nam Ngum Reservoir"},"geometry":{"type":"MultiPolygon","coordinates":[[[[102.809,18.549],[102.961,18.539],[102.723,18.527],[102.693,18.505],[102.658,18.433],[102.607,18.465],[102.484,18.766],[102.512,18.758],[102.523,18.772],[102.577,18.725],[102.577,18.68],[102.597,18.683],[102.584,18.671],[102.591,18.653],[102.606,18.658],[102.617,18.699],[102.637,18.696],[102.647,18.652],[102.619,18.641],[102.638,18.611],[102.781,18.713],[102.754,18.651],[102.718,18.631],[102.72,18.611],[102.809,18.549]]]]}},{"type":"Feature","properties":{"n":"Lake Argyle"},"geometry":{"type":"MultiPolygon","coordinates":[[[[129.026,-16.115],[129.046,-16.123],[129.04,-16.155],[128.988,-16.166],[129.019,-16.183],[129.02,-16.21],[128.92,-16.248],[128.955,-16.273],[128.94,-16.3],[128.967,-16.291],[128.981,-16.304],[128.923,-16.328],[128.955,-16.361],[128.951,-16.375],[128.899,-16.371],[128.895,-16.399],[128.91,-16.418],[128.892,-16.437],[128.879,-16.423],[128.862,-16.45],[128.862,-16.405],[128.842,-16.436],[128.82,-16.41],[128.803,-16.423],[128.79,-16.484],[128.803,-16.512],[128.783,-16.546],[128.817,-16.576],[128.785,-16.582],[128.769,-16.608],[128.775,-16.629],[128.811,-16.649],[128.777,-16.688],[128.769,-16.749],[128.738,-16.796],[128.73,-16.767],[128.756,-16.686],[128.735,-16.67],[128.733,-16.687],[128.703,-16.675],[128.639,-16.684],[128.618,-16.67],[128.632,-16.636],[128.591,-16.656],[128.577,-16.649],[128.605,-16.615],[128.557,-16.611],[128.561,-16.599],[128.61,-16.596],[128.61,-16.567],[128.557,-16.573],[128.562,-16.547],[128.61,-16.513],[128.561,-16.511],[128.526,-16.554],[128.495,-16.553],[128.64,-16.35],[128.641,-16.302],[128.61,-16.252],[128.659,-16.245],[128.68,-16.224],[128.694,-16.259],[128.714,-16.224],[128.67,-16.18],[128.623,-16.166],[128.653,-16.16],[128.67,-16.132],[128.722,-16.143],[128.745,-16.097],[128.803,-16.067],[128.823,-16.074],[128.822,-16.088],[128.728,-16.17],[128.796,-16.149],[128.79,-16.17],[128.803,-16.156],[128.809,-16.168],[128.79,-16.197],[128.821,-16.178],[128.83,-16.15],[128.847,-16.151],[128.838,-16.17],[128.855,-16.168],[128.913,-16.113],[129.026,-16.115]]]]}},{"type":"Feature","properties":{"n":"Lake Nasser"},"geometry":{"type":"MultiPolygon","coordinates":[[[[32.228,22.651],[32.248,22.679],[32.218,22.686],[32.222,22.706],[32.149,22.734],[32.05,22.685],[32.057,22.638],[32.02,22.652],[31.985,22.634],[31.97,22.615],[31.981,22.562],[31.952,22.58],[31.94,22.562],[31.975,22.494],[31.951,22.497],[31.904,22.467],[31.892,22.411],[31.812,22.418],[31.845,22.364],[31.822,22.341],[31.796,22.37],[31.769,22.376],[31.686,22.342],[31.693,22.318],[31.666,22.336],[31.659,22.309],[31.646,22.322],[31.618,22.295],[31.662,22.247],[31.686,22.247],[31.596,22.249],[31.542,22.213],[31.542,22.192],[31.518,22.19],[31.44,22.127],[31.386,22.035],[31.386,21.932],[31.331,21.822],[31.283,21.767],[31.269,21.781],[31.23,21.769],[31.182,21.656],[31.091,21.609],[31.121,21.659],[31.167,21.671],[31.187,21.822],[31.228,21.829],[31.238,21.859],[31.281,21.885],[31.337,21.961],[31.366,22.109],[31.358,22.144],[31.401,22.16],[31.444,22.221],[31.515,22.26],[31.659,22.384],[31.646,22.391],[31.694,22.404],[31.673,22.46],[31.73,22.448],[31.756,22.47],[31.749,22.494],[31.811,22.473],[31.817,22.494],[31.738,22.532],[31.669,22.592],[31.656,22.614],[31.666,22.651],[31.783,22.563],[31.824,22.575],[31.845,22.562],[31.856,22.577],[31.838,22.583],[31.839,22.601],[31.89,22.629],[31.879,22.652],[31.933,22.663],[32.003,22.726],[31.995,22.733],[32.062,22.74],[32.064,22.767],[32.104,22.756],[32.158,22.786],[32.166,22.808],[32.166,22.775],[32.205,22.767],[32.242,22.782],[32.29,22.713],[32.286,22.689],[32.31,22.672],[32.31,22.644],[32.351,22.628],[32.387,22.647],[32.423,22.716],[32.516,22.775],[32.546,22.766],[32.572,22.886],[32.551,22.932],[32.584,22.919],[32.628,22.951],[32.637,22.986],[32.625,22.994],[32.651,23.031],[32.642,23.056],[32.68,23.071],[32.66,23.083],[32.694,23.102],[32.687,23.145],[32.701,23.192],[32.725,23.196],[32.721,23.22],[32.769,23.278],[32.789,23.261],[32.81,23.29],[32.831,23.261],[32.843,23.276],[32.827,23.297],[32.833,23.319],[32.865,23.33],[32.893,23.289],[32.909,23.306],[32.894,23.35],[32.825,23.385],[32.88,23.467],[32.879,23.5],[32.821,23.473],[32.78,23.525],[32.749,23.535],[32.715,23.49],[32.645,23.458],[32.557,23.508],[32.739,23.562],[32.692,23.579],[32.68,23.601],[32.654,23.587],[32.66,23.562],[32.637,23.564],[32.612,23.595],[32.612,23.618],[32.637,23.612],[32.674,23.665],[32.701,23.679],[32.739,23.611],[32.798,23.565],[32.821,23.567],[32.811,23.59],[32.841,23.61],[32.865,23.706],[32.852,23.696],[32.817,23.72],[32.853,23.716],[32.871,23.738],[32.879,23.809],[32.831,23.886],[32.783,23.898],[32.835,23.897],[32.851,23.912],[32.879,23.988],[32.893,23.864],[32.929,23.821],[32.94,23.778],[32.989,23.754],[32.97,23.753],[32.973,23.74],[33.003,23.713],[32.982,23.693],[32.995,23.683],[32.975,23.624],[32.927,23.659],[32.896,23.59],[32.935,23.555],[32.955,23.569],[32.948,23.542],[32.969,23.549],[32.991,23.518],[33.037,23.514],[32.994,23.499],[32.895,23.522],[32.899,23.5],[32.935,23.476],[32.92,23.459],[32.958,23.425],[32.954,23.398],[32.975,23.394],[32.969,23.412],[32.992,23.403],[33.003,23.378],[32.97,23.352],[32.992,23.327],[33.018,23.326],[32.998,23.276],[33.017,23.24],[32.992,23.222],[32.955,23.234],[32.961,23.255],[32.92,23.261],[32.907,23.234],[32.97,23.144],[32.863,23.168],[32.845,23.137],[32.873,23.069],[32.947,23.03],[32.923,23.002],[32.932,22.981],[33.009,22.959],[33.064,22.918],[33.001,22.92],[32.941,22.946],[32.941,22.918],[32.928,22.925],[32.8,23.025],[32.776,23.028],[32.776,23.069],[32.728,23.049],[32.747,23.035],[32.742,23.014],[32.756,23.014],[32.744,23],[32.728,23.008],[32.715,22.932],[32.693,22.956],[32.694,22.925],[32.656,22.932],[32.625,22.918],[32.632,22.89],[32.612,22.918],[32.603,22.907],[32.598,22.864],[32.615,22.865],[32.62,22.846],[32.598,22.83],[32.585,22.761],[32.45,22.689],[32.399,22.603],[32.331,22.603],[32.318,22.535],[32.344,22.528],[32.327,22.52],[32.286,22.541],[32.256,22.521],[32.242,22.555],[32.293,22.571],[32.318,22.617],[32.276,22.61],[32.283,22.631],[32.228,22.651]]]]}},{"type":"Feature","properties":{"n":"Toktogul Suu Saktagychy"},"geometry":{"type":"MultiPolygon","coordinates":[[[[73.293,41.781],[73.311,41.772],[73.29,41.756],[73.174,41.735],[73.044,41.784],[72.9,41.73],[72.777,41.755],[72.708,41.695],[72.645,41.665],[72.591,41.702],[72.632,41.688],[72.673,41.702],[72.671,41.719],[72.742,41.784],[72.652,41.866],[72.625,41.873],[72.591,41.921],[72.85,41.885],[72.919,41.901],[72.954,41.859],[72.972,41.871],[73.072,41.852],[73.087,41.807],[73.293,41.781]]]]}},{"type":"Feature","properties":{"n":"Professor Doctor Ingenieur W. J. Van Blommestein Meer"},"geometry":{"type":"MultiPolygon","coordinates":[[[[-54.868,4.804],[-54.887,4.813],[-54.91,4.745],[-54.931,4.753],[-54.949,4.72],[-54.919,4.645],[-54.86,4.687],[-54.862,4.597],[-54.888,4.603],[-54.899,4.587],[-54.92,4.609],[-54.945,4.542],[-54.958,4.642],[-54.986,4.629],[-55.009,4.686],[-55.02,4.67],[-55.003,4.627],[-55.024,4.571],[-55.068,4.574],[-55.079,4.559],[-55.062,4.529],[-55.041,4.525],[-55.046,4.513],[-55.075,4.505],[-55.121,4.459],[-55.144,4.457],[-55.138,4.474],[-55.157,4.49],[-55.226,4.476],[-55.223,4.523],[-55.195,4.535],[-55.242,4.551],[-55.282,4.55],[-55.308,4.51],[-55.37,4.492],[-55.314,4.546],[-55.315,4.574],[-55.342,4.58],[-55.342,4.611],[-55.311,4.6],[-55.273,4.624],[-55.248,4.596],[-55.24,4.608],[-55.274,4.678],[-55.293,4.676],[-55.274,4.714],[-55.295,4.721],[-55.263,4.755],[-55.211,4.778],[-55.201,4.811],[-55.171,4.834],[-55.147,4.997],[-55.13,5.006],[-55.066,4.98],[-54.984,4.971],[-54.964,4.942],[-54.973,4.882],[-54.951,4.876],[-54.921,4.905],[-54.804,4.92],[-54.803,4.889],[-54.787,4.887],[-54.808,4.83],[-54.833,4.824],[-54.823,4.789],[-54.844,4.744],[-54.864,4.76],[-54.868,4.804]]]]}},{"type":"Feature","properties":{"n":"Represa Itaipu"},"geometry":{"type":"MultiPolygon","coordinates":[[[[-54.226,-24.688],[-54.147,-24.717],[-54.291,-24.729],[-54.315,-24.754],[-54.327,-24.8],[-54.277,-24.875],[-54.187,-24.927],[-54.282,-24.913],[-54.372,-24.855],[-54.351,-24.92],[-54.396,-24.916],[-54.397,-25.006],[-54.263,-25.071],[-54.362,-25.087],[-54.348,-25.124],[-54.307,-25.147],[-54.381,-25.131],[-54.384,-25.189],[-54.361,-25.211],[-54.168,-25.23],[-54.225,-25.264],[-54.281,-25.253],[-54.369,-25.269],[-54.313,-25.317],[-54.446,-25.285],[-54.434,-25.352],[-54.349,-25.404],[-54.476,-25.377],[-54.502,-25.399],[-54.551,-25.401],[-54.555,-25.444],[-54.645,-25.425],[-54.639,-25.375],[-54.607,-25.318],[-54.672,-25.27],[-54.566,-25.276],[-54.541,-25.25],[-54.541,-25.212],[-54.484,-25.151],[-54.523,-25.132],[-54.599,-25.135],[-54.565,-25.11],[-54.575,-25.095],[-54.638,-25.089],[-54.692,-25.106],[-54.713,-25.077],[-54.791,-25.087],[-54.694,-25.016],[-54.51,-25.07],[-54.522,-25.028],[-54.486,-24.939],[-54.603,-24.905],[-54.848,-24.891],[-54.739,-24.852],[-54.675,-24.888],[-54.558,-24.874],[-54.464,-24.884],[-54.447,-24.772],[-54.628,-24.711],[-54.429,-24.716],[-54.387,-24.688],[-54.369,-24.627],[-54.376,-24.591],[-54.475,-24.555],[-54.377,-24.537],[-54.371,-24.493],[-54.389,-24.446],[-54.437,-24.405],[-54.34,-24.435],[-54.293,-24.345],[-54.345,-24.253],[-54.388,-24.23],[-54.353,-24.199],[-54.362,-24.133],[-54.327,-24.085],[-54.275,-24.064],[-54.263,-24.078],[-54.294,-24.163],[-54.294,-24.208],[-54.225,-24.293],[-54.244,-24.457],[-54.277,-24.501],[-54.281,-24.576],[-54.265,-24.653],[-54.226,-24.688]]]]}},{"type":"Feature","properties":{"n":"Lake Volta"},"geometry":{"type":"MultiPolygon","coordinates":[[[[0.321,7.514],[0.295,7.459],[0.305,7.443],[0.283,7.426],[0.308,7.397],[0.267,7.362],[0.286,7.358],[0.267,7.321],[0.322,7.28],[0.275,7.28],[0.267,7.212],[0.295,7.219],[0.267,7.184],[0.292,7.176],[0.26,7.171],[0.28,7.15],[0.267,7.096],[0.308,7.116],[0.311,7.096],[0.295,7.082],[0.308,7.068],[0.295,7.047],[0.281,7.055],[0.275,7.034],[0.267,7.055],[0.26,7.033],[0.281,6.938],[0.268,6.933],[0.253,6.959],[0.22,6.839],[0.24,6.821],[0.24,6.656],[0.26,6.65],[0.283,6.671],[0.322,6.787],[0.316,6.664],[0.308,6.643],[0.301,6.664],[0.267,6.626],[0.247,6.63],[0.234,6.607],[0.213,6.612],[0.192,6.589],[0.165,6.63],[0.144,6.602],[0.165,6.595],[0.137,6.548],[0.157,6.527],[0.124,6.492],[0.142,6.412],[0.11,6.342],[0.094,6.478],[0.069,6.466],[0.061,6.41],[0.035,6.417],[-0.011,6.339],[-0.028,6.363],[-0.036,6.433],[-0.116,6.513],[-0.144,6.506],[-0.24,6.554],[-0.275,6.623],[-0.371,6.623],[-0.421,6.678],[-0.486,6.705],[-0.542,6.708],[-0.562,6.732],[-0.596,6.705],[-0.61,6.732],[-0.634,6.734],[-0.65,6.776],[-0.699,6.801],[-0.72,6.849],[-0.636,6.836],[-0.589,6.773],[-0.582,6.787],[-0.558,6.778],[-0.548,6.794],[-0.551,6.857],[-0.535,6.869],[-0.507,6.732],[-0.449,6.716],[-0.431,6.739],[-0.401,6.712],[-0.418,6.808],[-0.385,6.855],[-0.357,6.691],[-0.284,6.732],[-0.254,6.712],[-0.233,6.753],[-0.212,6.745],[-0.206,6.76],[-0.159,6.713],[-0.178,6.695],[-0.174,6.657],[-0.144,6.634],[-0.116,6.636],[-0.116,6.616],[-0.083,6.616],[-0.046,6.625],[-0.034,6.732],[-0.014,6.718],[-0.02,6.76],[-0.084,6.782],[-0.055,6.794],[-0.089,6.828],[-0.051,6.818],[-0.034,6.884],[0.014,6.828],[0.014,6.855],[0.041,6.842],[0.034,6.856],[0.069,6.863],[0.083,6.884],[0.116,6.884],[0.11,6.924],[0.069,6.904],[0.048,6.917],[0,6.904],[0.021,6.935],[0.052,6.944],[0.048,6.993],[0.123,6.957],[0.131,6.993],[0.061,7.02],[0.11,7.027],[0.075,7.047],[0.131,7.055],[0.083,7.075],[0.088,7.095],[0.069,7.103],[0.096,7.129],[0.075,7.144],[0.083,7.157],[0.061,7.16],[0.048,7.143],[0.041,7.184],[0.016,7.171],[-0.001,7.196],[0.014,7.233],[0.011,7.192],[0.055,7.206],[0.075,7.184],[0.093,7.204],[0.103,7.178],[0.131,7.226],[0.157,7.219],[0.151,7.266],[0.165,7.239],[0.196,7.274],[0.165,7.321],[0.157,7.301],[0.131,7.294],[0.125,7.33],[0.035,7.438],[0.061,7.453],[0.035,7.465],[0.053,7.472],[0.055,7.493],[0.041,7.479],[-0.02,7.513],[-0.089,7.513],[-0.036,7.434],[-0.055,7.425],[-0.082,7.468],[-0.138,7.448],[-0.116,7.465],[-0.119,7.486],[-0.168,7.524],[-0.233,7.5],[-0.254,7.52],[-0.219,7.528],[-0.226,7.548],[-0.198,7.541],[-0.192,7.561],[-0.171,7.541],[-0.137,7.541],[-0.13,7.568],[-0.083,7.534],[-0.061,7.534],[-0.055,7.561],[-0.041,7.541],[-0.034,7.554],[-0.024,7.539],[0.006,7.548],[0.048,7.534],[-0.022,7.612],[-0.052,7.618],[-0.059,7.654],[-0.087,7.658],[-0.116,7.637],[-0.135,7.651],[-0.151,7.637],[-0.223,7.659],[-0.247,7.651],[-0.219,7.644],[-0.247,7.623],[-0.27,7.634],[-0.304,7.614],[-0.422,7.614],[-0.466,7.568],[-0.473,7.596],[-0.496,7.589],[-0.504,7.603],[-0.562,7.548],[-0.569,7.568],[-0.658,7.532],[-0.672,7.541],[-0.639,7.567],[-0.562,7.572],[-0.521,7.63],[-0.475,7.617],[-0.416,7.642],[-0.404,7.651],[-0.411,7.678],[-0.363,7.648],[-0.349,7.664],[-0.313,7.649],[-0.233,7.699],[-0.275,7.72],[-0.219,7.726],[-0.168,7.692],[-0.157,7.747],[-0.091,7.738],[-0.083,7.757],[-0.096,7.763],[-0.178,7.774],[-0.144,7.781],[-0.178,7.808],[-0.124,7.818],[-0.13,7.835],[-0.15,7.832],[-0.174,7.855],[-0.157,7.87],[-0.167,7.931],[-0.209,7.925],[-0.178,7.986],[-0.206,7.973],[-0.206,7.986],[-0.241,7.999],[-0.269,8.052],[-0.329,8.103],[-0.322,8.052],[-0.353,7.98],[-0.458,7.963],[-0.457,7.977],[-0.363,8.013],[-0.358,8.041],[-0.368,8.064],[-0.438,8.098],[-0.48,8.09],[-0.555,7.993],[-0.541,8.048],[-0.514,8.079],[-0.517,8.13],[-0.555,8.171],[-0.559,8.109],[-0.658,8.068],[-0.633,8.116],[-0.648,8.123],[-0.724,8.091],[-0.743,8.109],[-0.761,8.09],[-0.771,8.119],[-0.74,8.144],[-0.709,8.124],[-0.63,8.158],[-0.608,8.145],[-0.589,8.185],[-0.651,8.199],[-0.649,8.226],[-0.697,8.251],[-0.705,8.281],[-0.742,8.279],[-0.757,8.314],[-0.848,8.32],[-0.838,8.334],[-0.76,8.335],[-0.813,8.433],[-0.898,8.507],[-0.924,8.604],[-0.952,8.636],[-1.029,8.674],[-1.084,8.684],[-1.147,8.654],[-1.134,8.556],[-1.158,8.534],[-1.193,8.671],[-1.282,8.663],[-1.293,8.695],[-1.381,8.754],[-1.472,8.746],[-1.503,8.685],[-1.556,8.651],[-1.64,8.671],[-1.713,8.631],[-1.652,8.696],[-1.617,8.679],[-1.539,8.675],[-1.497,8.754],[-1.391,8.795],[-1.378,8.775],[-1.378,8.843],[-1.348,8.763],[-1.314,8.735],[-1.295,8.74],[-1.247,8.685],[-1.209,8.68],[-1.044,8.717],[-1.014,8.693],[-1.025,8.775],[-1.181,8.804],[-1.172,8.816],[-1.097,8.809],[-1.181,8.928],[-1.179,9.007],[-1.165,8.973],[-1.141,9.026],[-1.152,9.117],[-1.11,9.082],[-1.097,9.021],[-1.144,8.963],[-1.144,8.918],[-1.1,8.85],[-1.045,8.816],[-1.021,8.878],[-1.019,8.799],[-0.992,8.772],[-0.978,8.689],[-0.912,8.641],[-0.863,8.552],[-0.846,8.547],[-0.789,8.615],[-0.843,8.682],[-0.838,8.702],[-0.807,8.718],[-0.796,8.775],[-0.77,8.755],[-0.822,8.685],[-0.784,8.68],[-0.733,8.61],[-0.73,8.644],[-0.705,8.665],[-0.713,8.631],[-0.699,8.61],[-0.776,8.571],[-0.794,8.532],[-0.829,8.515],[-0.824,8.486],[-0.772,8.463],[-0.692,8.358],[-0.657,8.348],[-0.645,8.369],[-0.638,8.329],[-0.578,8.268],[-0.541,8.281],[-0.569,8.226],[-0.525,8.203],[-0.514,8.226],[-0.507,8.178],[-0.48,8.206],[-0.445,8.178],[-0.398,8.178],[-0.391,8.223],[-0.404,8.236],[-0.393,8.247],[-0.363,8.254],[-0.329,8.226],[-0.316,8.26],[-0.24,8.233],[-0.219,8.246],[-0.227,8.228],[-0.189,8.22],[-0.178,8.202],[-0.184,8.176],[-0.216,8.196],[-0.233,8.178],[-0.269,8.197],[-0.283,8.181],[-0.329,8.199],[-0.336,8.137],[-0.301,8.134],[-0.288,8.15],[-0.273,8.113],[-0.248,8.105],[-0.247,8.076],[-0.202,8.062],[-0.181,8.036],[-0.151,8.047],[-0.134,8.027],[-0.112,7.971],[-0.089,7.966],[-0.083,7.829],[-0.055,7.767],[0.014,7.815],[-0.007,7.774],[0.011,7.773],[0.035,7.801],[0.039,7.784],[0.083,7.774],[0.071,7.79],[0.089,7.815],[0.069,7.863],[0.04,7.872],[0.048,7.891],[0.069,7.883],[0.072,7.894],[0.041,7.939],[0.061,7.939],[0.048,7.966],[0.09,7.974],[0.11,8.007],[0.103,8.018],[0.055,8.007],[0.075,8.027],[0.04,8.057],[0.039,8.074],[0.061,8.095],[0.077,8.074],[0.103,8.082],[0.11,8.103],[0.126,8.106],[0.145,8.088],[0.137,8.068],[0.192,8.09],[0.144,8.137],[0.165,8.185],[0.135,8.187],[0.084,8.236],[0.11,8.233],[0.103,8.254],[0.169,8.244],[0.183,8.266],[0.171,8.329],[0.229,8.355],[0.207,8.386],[0.131,8.369],[0.089,8.381],[0.072,8.449],[0.116,8.479],[0.081,8.5],[0.087,8.539],[0.072,8.545],[0.116,8.603],[0.165,8.589],[0.133,8.644],[0.137,8.671],[0.167,8.699],[0.167,8.744],[0.219,8.747],[0.154,8.639],[0.18,8.619],[0.181,8.596],[0.165,8.581],[0.131,8.589],[0.11,8.542],[0.131,8.461],[0.096,8.449],[0.109,8.4],[0.247,8.402],[0.263,8.332],[0.301,8.343],[0.286,8.319],[0.192,8.323],[0.226,8.315],[0.206,8.295],[0.206,8.254],[0.144,8.213],[0.221,8.203],[0.177,8.129],[0.205,8.114],[0.281,8.116],[0.264,8.082],[0.23,8.095],[0.195,8.067],[0.124,8.048],[0.135,8.014],[0.165,7.993],[0.075,7.945],[0.131,7.932],[0.116,7.89],[0.177,7.908],[0.185,7.887],[0.151,7.801],[0.198,7.849],[0.192,7.863],[0.212,7.863],[0.212,7.893],[0.243,7.904],[0.267,7.939],[0.275,7.917],[0.24,7.898],[0.253,7.883],[0.233,7.877],[0.267,7.87],[0.239,7.856],[0.26,7.842],[0.206,7.829],[0.218,7.807],[0.281,7.788],[0.269,7.762],[0.288,7.76],[0.275,7.712],[0.288,7.699],[0.267,7.657],[0.286,7.643],[0.277,7.603],[0.295,7.596],[0.281,7.561],[0.233,7.603],[0.247,7.561],[0.206,7.548],[0.221,7.53],[0.247,7.534],[0.242,7.458],[0.285,7.49],[0.288,7.528],[0.301,7.52],[0.329,7.568],[0.321,7.514]],[[0.171,6.698],[0.178,6.743],[0.151,6.78],[0.137,6.753],[0.124,6.767],[0.103,6.76],[0.103,6.814],[0.075,6.808],[0.083,6.794],[0.069,6.801],[0.061,6.76],[0.035,6.801],[-0.003,6.735],[0.006,6.705],[0.028,6.745],[0.028,6.712],[0.061,6.705],[0.041,6.691],[0.061,6.691],[0.055,6.677],[0.103,6.685],[0.089,6.65],[0.104,6.673],[0.171,6.698]]]]}},{"type":"Feature","properties":{"n":"Bratsk Reservoir"},"geometry":{"type":"MultiPolygon","coordinates":[[[[103.733,53.47],[103.674,53.513],[103.663,53.553],[103.438,53.588],[103.413,53.549],[103.421,53.523],[103.387,53.529],[103.441,53.365],[103.44,53.321],[103.383,53.172],[103.374,53.107],[103.339,53.159],[103.39,53.363],[103.376,53.447],[103.342,53.519],[103.336,53.69],[103.303,53.715],[103.103,53.731],[102.928,53.788],[102.818,53.776],[102.908,53.819],[103.151,53.758],[103.257,53.762],[103.169,53.944],[102.988,54.086],[102.969,54.14],[102.979,54.195],[103.021,54.257],[103.153,54.372],[103.137,54.406],[103.043,54.434],[103.092,54.448],[103.181,54.402],[103.223,54.414],[103.237,54.443],[103.231,54.621],[103.216,54.658],[103.073,54.747],[103.051,54.825],[103.081,54.911],[103.221,55.012],[103.32,55.124],[103.315,55.272],[103.27,55.386],[103.173,55.475],[103.162,55.562],[103.19,55.637],[103.17,55.747],[103.085,55.805],[102.981,55.84],[102.957,55.932],[102.971,56.001],[102.935,56.058],[102.842,56.133],[102.791,56.092],[102.764,56.113],[102.787,56.12],[102.768,56.143],[102.633,56.161],[102.586,56.147],[102.544,56.168],[102.517,56.147],[102.447,56.161],[102.53,56.099],[102.482,56.099],[102.426,56.137],[102.398,56.129],[102.386,56.099],[102.463,56.079],[102.557,56.031],[102.357,56.076],[102.351,56.129],[102.335,56.133],[102.208,56.099],[102.192,56.083],[102.215,56.072],[102.194,56.064],[102.119,56.072],[102.174,56.031],[102.046,56.072],[101.996,56.058],[102.009,56.038],[101.948,56.01],[102.002,56.01],[101.998,55.994],[102.016,55.99],[101.98,55.949],[102.014,55.936],[101.968,55.907],[101.978,55.881],[101.96,55.862],[101.851,55.811],[101.845,55.757],[102.023,55.715],[102.071,55.736],[102.174,55.682],[101.955,55.682],[102.119,55.605],[102.16,55.602],[102.213,55.621],[102.358,55.592],[102.4,55.554],[102.38,55.529],[102.386,55.476],[102.293,55.433],[102.289,55.404],[102.338,55.339],[102.319,55.311],[102.283,55.297],[102.418,55.313],[102.441,55.284],[102.42,55.26],[102.277,55.243],[102.343,55.193],[102.319,55.15],[102.228,55.126],[102.249,55.104],[102.207,55.071],[102.08,55.034],[102.064,55.036],[102.107,55.073],[102.167,55.077],[102.204,55.101],[102.178,55.113],[102.177,55.146],[102.298,55.181],[102.263,55.226],[102.27,55.256],[102.377,55.262],[102.416,55.286],[102.34,55.292],[102.302,55.271],[102.258,55.284],[102.256,55.304],[102.308,55.349],[102.262,55.399],[102.26,55.44],[102.318,55.476],[102.311,55.483],[102.352,55.496],[102.327,55.543],[102.248,55.552],[102.194,55.537],[102.182,55.524],[102.219,55.487],[102.208,55.483],[102.14,55.493],[101.86,55.442],[101.845,55.427],[101.86,55.407],[101.736,55.414],[101.824,55.421],[101.748,55.443],[101.728,55.474],[101.66,55.49],[101.706,55.497],[101.886,55.476],[102.067,55.498],[102.129,55.527],[102.128,55.542],[101.851,55.592],[101.858,55.605],[101.81,55.634],[101.794,55.695],[101.769,55.695],[101.809,55.728],[101.809,55.779],[101.725,55.803],[101.704,55.842],[101.598,55.838],[101.626,55.86],[101.504,55.871],[101.482,55.893],[101.55,55.9],[101.469,55.953],[101.41,55.951],[101.414,55.896],[101.351,55.893],[101.373,55.901],[101.351,55.938],[101.304,55.969],[101.181,56.01],[101.233,56.016],[101.386,55.969],[101.433,55.976],[101.456,55.999],[101.636,55.905],[101.646,55.923],[101.586,55.979],[101.633,55.997],[101.653,55.99],[101.681,55.935],[101.721,55.926],[101.736,55.955],[101.757,55.962],[101.736,55.969],[101.749,55.982],[101.715,55.997],[101.761,56.007],[101.681,56.047],[101.699,56.062],[101.817,56.038],[101.742,56.072],[101.776,56.085],[101.611,56.11],[101.666,56.113],[101.674,56.155],[101.736,56.161],[101.681,56.222],[101.692,56.265],[101.774,56.302],[101.831,56.278],[101.841,56.212],[101.958,56.243],[101.968,56.271],[102.035,56.247],[101.966,56.213],[101.893,56.209],[101.961,56.182],[101.851,56.182],[101.893,56.154],[101.79,56.139],[101.807,56.11],[101.855,56.096],[101.865,56.079],[101.912,56.13],[102.092,56.16],[102.119,56.175],[102.1,56.185],[102.109,56.195],[102.177,56.19],[102.192,56.208],[102.299,56.232],[102.291,56.25],[102.244,56.253],[102.253,56.28],[102.366,56.257],[102.4,56.236],[102.497,56.253],[102.454,56.271],[102.503,56.284],[102.481,56.336],[102.447,56.353],[102.496,56.366],[102.538,56.327],[102.58,56.334],[102.578,56.353],[102.605,56.352],[102.61,56.336],[102.578,56.298],[102.589,56.243],[102.75,56.229],[102.788,56.248],[102.791,56.284],[102.818,56.298],[102.827,56.282],[102.811,56.222],[102.85,56.196],[102.892,56.209],[102.907,56.181],[102.935,56.168],[102.975,56.195],[103.003,56.243],[103.064,56.236],[102.961,56.14],[103.017,56.075],[103.051,56.058],[103.032,56.044],[103.017,55.925],[103.07,55.837],[103.223,55.764],[103.212,55.752],[103.263,55.709],[103.239,55.673],[103.257,55.633],[103.226,55.62],[103.209,55.58],[103.21,55.538],[103.236,55.517],[103.202,55.503],[103.332,55.334],[103.359,55.208],[103.358,55.131],[103.318,55.058],[103.268,54.998],[103.222,54.966],[103.161,54.948],[103.116,54.908],[103.082,54.82],[103.079,54.763],[103.099,54.743],[103.185,54.718],[103.248,54.664],[103.257,54.64],[103.305,54.64],[103.27,54.619],[103.278,54.597],[103.26,54.547],[103.274,54.509],[103.27,54.434],[103.333,54.441],[103.297,54.414],[103.333,54.386],[103.347,54.296],[103.417,54.196],[103.483,54.167],[103.516,54.132],[103.4,54.178],[103.326,54.269],[103.29,54.381],[103.255,54.384],[103.051,54.249],[103.043,54.2],[103.006,54.163],[103.008,54.14],[103.058,54.071],[103.127,54.04],[103.189,53.968],[103.291,53.906],[103.277,53.899],[103.285,53.885],[103.325,53.858],[103.291,53.847],[103.291,53.814],[103.413,53.699],[103.448,53.639],[103.555,53.626],[103.575,53.653],[103.592,53.618],[103.659,53.578],[103.705,53.599],[103.73,53.639],[103.766,53.644],[103.709,53.543],[103.717,53.52],[103.764,53.485],[103.755,53.466],[103.733,53.47]]]]}},{"type":"Feature","properties":{"n":"Represa de Tucuruí"},"geometry":{"type":"MultiPolygon","coordinates":[[[[-49.871,-4.317],[-49.906,-4.291],[-49.897,-4.281],[-49.768,-4.307],[-49.751,-4.295],[-49.85,-4.16],[-49.811,-4.162],[-49.764,-4.214],[-49.72,-4.185],[-49.763,-4.136],[-49.745,-4.09],[-49.785,-4.048],[-49.774,-4.034],[-49.679,-4.045],[-49.734,-3.975],[-49.718,-3.838],[-49.633,-3.847],[-49.569,-3.811],[-49.563,-3.842],[-49.606,-3.907],[-49.604,-4.066],[-49.582,-4.117],[-49.595,-4.174],[-49.56,-4.193],[-49.421,-4.192],[-49.492,-4.222],[-49.551,-4.225],[-49.574,-4.263],[-49.505,-4.293],[-49.412,-4.282],[-49.415,-4.297],[-49.44,-4.301],[-49.441,-4.346],[-49.485,-4.374],[-49.49,-4.393],[-49.385,-4.472],[-49.399,-4.487],[-49.456,-4.477],[-49.442,-4.532],[-49.433,-4.551],[-49.394,-4.552],[-49.373,-4.581],[-49.342,-4.585],[-49.324,-4.639],[-49.233,-4.696],[-49.237,-4.708],[-49.267,-4.701],[-49.423,-4.616],[-49.413,-4.649],[-49.361,-4.692],[-49.413,-4.724],[-49.364,-4.767],[-49.314,-4.749],[-49.293,-4.794],[-49.259,-4.81],[-49.299,-4.833],[-49.302,-4.868],[-49.347,-4.85],[-49.41,-4.87],[-49.414,-4.886],[-49.363,-4.908],[-49.298,-4.991],[-49.259,-5.015],[-49.285,-5.031],[-49.331,-5.029],[-49.307,-5.158],[-49.181,-5.314],[-49.036,-5.314],[-48.955,-5.286],[-48.934,-5.306],[-49.058,-5.335],[-49.149,-5.393],[-49.229,-5.357],[-49.382,-5.104],[-49.404,-5.038],[-49.443,-5.019],[-49.451,-4.972],[-49.486,-4.963],[-49.512,-4.933],[-49.52,-4.841],[-49.543,-4.793],[-49.576,-4.769],[-49.533,-4.719],[-49.569,-4.63],[-49.595,-4.632],[-49.627,-4.674],[-49.642,-4.586],[-49.762,-4.626],[-49.797,-4.623],[-49.619,-4.537],[-49.668,-4.485],[-49.656,-4.429],[-49.72,-4.406],[-49.739,-4.447],[-49.839,-4.505],[-49.855,-4.496],[-49.847,-4.464],[-49.771,-4.404],[-49.765,-4.38],[-49.863,-4.412],[-49.811,-4.36],[-49.871,-4.317]]]]}},{"type":"Feature","properties":{"n":"Represa Três Marias"},"geometry":{"type":"MultiPolygon","coordinates":[[[[-44.881,-18.837],[-44.859,-18.838],[-44.909,-18.885],[-45.011,-18.818],[-45.041,-18.818],[-45.032,-18.843],[-45.09,-18.858],[-45.115,-18.819],[-45.127,-18.831],[-45.153,-18.822],[-45.151,-18.863],[-45.08,-18.928],[-45.1,-18.933],[-45.089,-19.051],[-45.119,-19.021],[-45.133,-18.925],[-45.173,-18.898],[-45.186,-18.903],[-45.171,-18.954],[-45.202,-18.948],[-45.222,-18.979],[-45.221,-18.944],[-45.248,-18.932],[-45.327,-19.001],[-45.443,-19.018],[-45.327,-18.962],[-45.442,-18.932],[-45.372,-18.929],[-45.358,-18.904],[-45.307,-18.938],[-45.245,-18.895],[-45.207,-18.908],[-45.18,-18.815],[-45.213,-18.785],[-45.2,-18.719],[-45.217,-18.693],[-45.244,-18.719],[-45.258,-18.808],[-45.225,-18.842],[-45.281,-18.862],[-45.291,-18.836],[-45.328,-18.872],[-45.315,-18.826],[-45.358,-18.832],[-45.388,-18.818],[-45.353,-18.806],[-45.353,-18.789],[-45.324,-18.808],[-45.294,-18.789],[-45.275,-18.751],[-45.275,-18.704],[-45.246,-18.672],[-45.245,-18.58],[-45.281,-18.591],[-45.344,-18.704],[-45.346,-18.651],[-45.402,-18.634],[-45.338,-18.624],[-45.318,-18.6],[-45.351,-18.586],[-45.297,-18.58],[-45.287,-18.56],[-45.239,-18.548],[-45.225,-18.526],[-45.26,-18.525],[-45.34,-18.484],[-45.37,-18.501],[-45.373,-18.46],[-45.414,-18.484],[-45.391,-18.54],[-45.397,-18.576],[-45.422,-18.575],[-45.43,-18.538],[-45.447,-18.55],[-45.465,-18.538],[-45.543,-18.643],[-45.511,-18.52],[-45.461,-18.498],[-45.462,-18.482],[-45.493,-18.466],[-45.458,-18.439],[-45.449,-18.411],[-45.399,-18.444],[-45.397,-18.412],[-45.319,-18.385],[-45.305,-18.338],[-45.35,-18.374],[-45.357,-18.359],[-45.383,-18.36],[-45.33,-18.309],[-45.332,-18.281],[-45.281,-18.25],[-45.299,-18.228],[-45.423,-18.308],[-45.372,-18.253],[-45.365,-18.225],[-45.278,-18.194],[-45.214,-18.239],[-45.242,-18.273],[-45.271,-18.273],[-45.279,-18.288],[-45.201,-18.295],[-45.26,-18.325],[-45.294,-18.408],[-45.227,-18.434],[-45.336,-18.43],[-45.337,-18.452],[-45.295,-18.46],[-45.268,-18.489],[-45.221,-18.464],[-45.194,-18.469],[-45.231,-18.495],[-45.193,-18.497],[-45.193,-18.536],[-45.15,-18.528],[-45.206,-18.577],[-45.19,-18.634],[-45.161,-18.63],[-45.135,-18.563],[-45.106,-18.564],[-45.127,-18.605],[-45.128,-18.662],[-45.181,-18.674],[-45.121,-18.751],[-45.17,-18.741],[-45.184,-18.776],[-45.139,-18.8],[-45.097,-18.772],[-45.074,-18.81],[-45.026,-18.772],[-45.019,-18.681],[-45.004,-18.756],[-44.974,-18.762],[-45.004,-18.796],[-44.906,-18.774],[-44.949,-18.814],[-44.951,-18.834],[-44.922,-18.854],[-44.881,-18.837]]]]}},{"type":"Feature","properties":{"n":"Repressa de Jupia"},"geometry":{"type":"MultiPolygon","coordinates":[[[[-51.389,-20.336],[-51.537,-20.196],[-51.347,-20.31],[-51.295,-20.292],[-51.321,-20.23],[-51.229,-20.276],[-51.174,-20.246],[-51.15,-20.259],[-51.149,-20.194],[-51.242,-20.091],[-51.174,-20.117],[-51.091,-20.205],[-51.075,-20.198],[-51.029,-20.062],[-51.064,-20.01],[-51.031,-19.959],[-51.026,-19.913],[-51.037,-19.886],[-51.068,-19.88],[-51.033,-19.842],[-51.049,-19.823],[-51.078,-19.821],[-51.05,-19.774],[-51.069,-19.721],[-50.997,-19.668],[-51.017,-19.724],[-50.969,-19.924],[-50.979,-20.001],[-50.966,-20.006],[-50.813,-19.933],[-50.761,-19.925],[-50.744,-19.907],[-50.743,-19.87],[-50.7,-19.899],[-50.582,-19.82],[-50.636,-19.894],[-50.666,-19.971],[-50.759,-19.977],[-50.826,-19.999],[-50.849,-20.012],[-50.836,-20.038],[-50.89,-20.023],[-50.897,-20.082],[-50.95,-20.078],[-51.005,-20.175],[-51.006,-20.217],[-50.981,-20.251],[-50.814,-20.332],[-50.938,-20.301],[-50.956,-20.312],[-50.961,-20.343],[-51.025,-20.279],[-51.032,-20.304],[-51.01,-20.335],[-51.05,-20.308],[-51.063,-20.319],[-51.047,-20.383],[-51.095,-20.317],[-51.122,-20.334],[-51.112,-20.365],[-51.162,-20.36],[-51.134,-20.403],[-51.222,-20.37],[-51.239,-20.344],[-51.294,-20.366],[-51.257,-20.418],[-51.194,-20.441],[-51.153,-20.492],[-51.11,-20.484],[-51.056,-20.535],[-50.94,-20.541],[-51.065,-20.539],[-51.201,-20.501],[-51.289,-20.448],[-51.321,-20.404],[-51.375,-20.455],[-51.437,-20.426],[-51.414,-20.396],[-51.428,-20.37],[-51.383,-20.357],[-51.389,-20.336]]]]}},{"type":"Feature","properties":{"n":"Shardara Bgeni"},"geometry":{"type":"MultiPolygon","coordinates":[[[[68.438,41.125],[68.456,41.107],[68.369,41.05],[68.324,41.057],[68.273,41.016],[68.117,41.067],[68.095,41.065],[68.082,41.043],[68.059,41.055],[68.034,41.043],[68.003,41.116],[67.949,41.172],[67.931,41.215],[67.91,41.222],[67.912,41.242],[68.029,41.242],[68.092,41.175],[68.158,41.208],[68.24,41.208],[68.281,41.157],[68.335,41.133],[68.438,41.125]]]]}},{"type":"Feature","properties":{"n":"Vilyuy Reservoir"},"geometry":{"type":"MultiPolygon","coordinates":[[[[111.973,62.838],[111.931,62.846],[111.919,62.829],[111.851,62.9],[111.766,62.865],[111.754,62.829],[111.724,62.819],[111.706,62.832],[111.72,62.877],[111.703,62.882],[111.641,62.874],[111.617,62.842],[111.562,62.856],[111.582,62.877],[111.519,62.862],[111.473,62.87],[111.487,62.89],[111.363,62.897],[111.418,62.918],[111.399,62.941],[111.417,62.958],[111.54,62.921],[111.569,62.925],[111.494,62.951],[111.514,62.959],[111.5,62.973],[111.529,62.985],[111.692,62.951],[111.62,63.003],[111.617,63.024],[111.635,63.042],[111.737,63.076],[111.845,63.066],[111.88,63.097],[111.859,63.111],[111.886,63.189],[111.818,63.22],[111.713,63.235],[111.678,63.226],[111.624,63.165],[111.652,63.143],[111.634,63.121],[111.523,63.071],[111.307,63.084],[111.116,62.999],[111.119,62.947],[111.26,62.938],[111.253,62.9],[111.267,62.876],[111.378,62.842],[111.356,62.829],[111.388,62.82],[111.383,62.729],[111.405,62.692],[111.378,62.651],[111.462,62.649],[111.453,62.622],[111.351,62.619],[111.295,62.554],[111.328,62.527],[111.295,62.499],[111.414,62.5],[111.433,62.486],[111.384,62.478],[111.397,62.472],[111.381,62.464],[111.253,62.486],[111.274,62.459],[111.24,62.472],[111.315,62.431],[111.302,62.39],[111.393,62.378],[111.61,62.431],[111.64,62.428],[111.652,62.407],[111.59,62.411],[111.617,62.39],[111.596,62.37],[111.703,62.35],[111.644,62.335],[111.671,62.314],[111.658,62.301],[111.59,62.321],[111.559,62.359],[111.522,62.372],[111.335,62.362],[111.314,62.349],[111.288,62.308],[111.396,62.283],[111.411,62.267],[111.339,62.249],[111.58,62.254],[111.642,62.217],[111.61,62.184],[111.551,62.167],[111.459,62.198],[111.465,62.221],[111.397,62.217],[111.37,62.24],[111.35,62.218],[111.315,62.226],[111.26,62.198],[111.252,62.128],[111.418,62.068],[111.384,62.061],[111.411,62.04],[111.317,62.045],[111.245,62.004],[111.108,62.001],[110.852,62.039],[110.75,62.04],[110.677,62.069],[110.559,62.059],[110.534,62.107],[110.445,62.081],[110.393,62.102],[110.353,62.088],[110.335,62.095],[110.369,62.123],[110.344,62.134],[110.154,62.144],[110.068,62.094],[109.989,62.075],[109.931,62.02],[109.804,62.007],[109.744,61.978],[109.65,61.91],[109.629,61.876],[109.65,61.828],[109.618,61.756],[109.57,61.77],[109.552,61.792],[109.52,61.793],[109.558,61.831],[109.547,61.842],[109.582,61.856],[109.574,61.883],[109.541,61.889],[109.575,61.936],[109.663,61.971],[109.636,61.971],[109.629,61.992],[109.65,62.013],[109.597,62.073],[109.663,62.051],[109.671,62.026],[109.852,62.05],[109.89,62.095],[110.096,62.171],[110.518,62.147],[110.569,62.117],[110.623,62.124],[110.631,62.113],[110.589,62.102],[110.62,62.093],[110.695,62.106],[110.758,62.084],[110.817,62.121],[110.849,62.117],[110.826,62.089],[110.833,62.08],[110.863,62.094],[110.912,62.069],[110.93,62.081],[110.918,62.089],[110.938,62.093],[110.959,62.089],[110.931,62.061],[111.012,62.058],[111.07,62.033],[111.281,62.075],[111.2,62.136],[111.103,62.164],[111.103,62.185],[111.004,62.211],[111.009,62.233],[111.191,62.206],[111.274,62.232],[111.216,62.31],[111.266,62.384],[111.192,62.421],[111.185,62.5],[110.984,62.511],[110.896,62.496],[110.888,62.449],[110.829,62.478],[110.89,62.506],[110.801,62.506],[110.822,62.52],[110.703,62.542],[110.743,62.56],[110.845,62.554],[110.903,62.53],[111.056,62.55],[111.115,62.535],[111.13,62.561],[111.089,62.596],[111.172,62.637],[111.113,62.638],[111.048,62.609],[110.979,62.623],[110.918,62.609],[110.925,62.623],[110.863,62.629],[110.926,62.66],[110.89,62.678],[110.91,62.686],[110.986,62.684],[110.965,62.646],[111.014,62.629],[111.168,62.654],[111.217,62.676],[111.227,62.695],[111.213,62.707],[111.13,62.739],[111.158,62.774],[111.144,62.787],[111.213,62.822],[111.048,62.801],[111.168,62.845],[111.186,62.889],[111.172,62.902],[111.063,62.887],[110.979,62.895],[110.917,62.946],[110.819,62.948],[110.711,62.98],[110.665,63.027],[110.601,62.999],[110.53,63.008],[110.51,62.975],[110.484,62.976],[110.473,62.994],[110.383,62.979],[110.356,63.007],[110.438,63.03],[110.489,63.065],[110.505,63.133],[110.637,63.142],[110.633,63.153],[110.575,63.165],[110.477,63.145],[110.406,63.102],[110.397,63.113],[110.425,63.13],[110.421,63.144],[110.242,63.165],[110.183,63.141],[110.075,63.171],[110.1,63.178],[110.104,63.206],[110.018,63.216],[109.958,63.206],[110.018,63.249],[110.128,63.231],[110.143,63.226],[110.136,63.212],[110.383,63.185],[110.367,63.217],[110.379,63.254],[110.356,63.275],[110.425,63.321],[110.378,63.348],[110.297,63.428],[110.275,63.433],[110.205,63.39],[110.157,63.459],[110.101,63.472],[109.875,63.395],[109.828,63.418],[109.836,63.436],[109.742,63.439],[109.653,63.471],[109.595,63.439],[109.583,63.453],[109.604,63.468],[109.657,63.489],[109.753,63.459],[109.814,63.474],[109.911,63.431],[109.961,63.488],[109.952,63.514],[110.017,63.524],[110.055,63.562],[110.027,63.582],[110.068,63.596],[110.086,63.633],[110.115,63.651],[110.125,63.616],[110.159,63.618],[110.177,63.602],[110.103,63.581],[110.068,63.527],[110.09,63.516],[110.188,63.504],[110.212,63.488],[110.306,63.485],[110.418,63.439],[110.411,63.457],[110.482,63.485],[110.521,63.459],[110.517,63.441],[110.548,63.432],[110.534,63.424],[110.55,63.411],[110.617,63.404],[110.601,63.387],[110.623,63.376],[110.528,63.321],[110.507,63.294],[110.541,63.288],[110.45,63.276],[110.431,63.253],[110.521,63.26],[110.425,63.226],[110.452,63.22],[110.439,63.185],[110.562,63.212],[110.651,63.205],[110.678,63.178],[110.731,63.175],[110.733,63.192],[110.651,63.232],[110.731,63.228],[110.784,63.26],[110.808,63.236],[110.787,63.209],[110.801,63.171],[110.826,63.208],[110.959,63.171],[110.93,63.161],[110.939,63.143],[110.849,63.137],[110.918,63.09],[110.907,63.082],[110.787,63.123],[110.625,63.074],[110.598,63.059],[110.596,63.041],[110.705,63.076],[110.757,63.042],[110.796,63.079],[110.758,63.018],[110.776,63.005],[110.945,62.986],[110.933,62.971],[110.943,62.96],[111.03,62.918],[111.048,62.932],[110.983,62.976],[110.98,63.001],[111.016,63.031],[111.179,63.082],[111.089,63.13],[111.007,63.212],[111.026,63.227],[111.007,63.239],[111.048,63.267],[111.047,63.288],[111.076,63.288],[111,63.308],[111.094,63.339],[111.117,63.418],[111.091,63.453],[111.11,63.459],[111.166,63.392],[111.206,63.39],[111.159,63.363],[111.13,63.321],[111.179,63.308],[111.162,63.295],[111.179,63.281],[111.137,63.253],[111.164,63.247],[111.13,63.226],[111.144,63.204],[111.126,63.165],[111.144,63.151],[111.222,63.178],[111.246,63.171],[111.172,63.137],[111.253,63.106],[111.334,63.129],[111.416,63.126],[111.451,63.087],[111.565,63.102],[111.582,63.143],[111.521,63.171],[111.605,63.176],[111.596,63.206],[111.644,63.232],[111.518,63.258],[111.507,63.312],[111.612,63.272],[111.655,63.275],[111.688,63.312],[111.713,63.301],[111.704,63.273],[111.732,63.256],[111.912,63.212],[111.939,63.192],[111.917,63.162],[111.919,63.134],[112.007,63.116],[111.973,63.11],[111.99,63.089],[111.97,63.073],[111.768,62.993],[111.793,62.986],[111.816,62.953],[111.915,62.942],[111.924,62.925],[111.911,62.911],[111.937,62.887],[112.027,62.869],[112.063,62.877],[112.065,62.912],[112.176,62.923],[112.176,62.955],[112.129,62.985],[112.138,63.018],[112.055,63.048],[112.185,63.102],[112.167,63.119],[112.172,63.143],[112.147,63.153],[112.146,63.171],[112.055,63.268],[112.11,63.349],[112.014,63.357],[111.925,63.383],[111.85,63.363],[111.747,63.383],[111.865,63.386],[111.919,63.404],[112.053,63.369],[112.075,63.376],[112.063,63.39],[112.097,63.411],[112.065,63.43],[112.072,63.444],[112.261,63.431],[112.22,63.411],[112.181,63.424],[112.089,63.39],[112.153,63.356],[112.094,63.298],[112.098,63.251],[112.162,63.223],[112.152,63.195],[112.173,63.186],[112.213,63.123],[112.285,63.116],[112.287,63.069],[112.322,63.096],[112.374,63.103],[112.507,63.052],[112.514,63.033],[112.496,63.02],[112.368,63.026],[112.351,62.915],[112.382,62.886],[112.432,62.877],[112.37,62.863],[112.385,62.85],[112.285,62.778],[112.156,62.753],[112.103,62.774],[112.103,62.794],[112.06,62.83],[111.973,62.838]]]]}},{"type":"Feature","properties":{"n":"Lake Eyre North"},"geometry":{"type":"MultiPolygon","coordinates":[[[[137.966,-29.108],[137.941,-29.106],[137.893,-29.066],[137.799,-29.041],[137.763,-28.974],[137.636,-29.033],[137.614,-29.057],[137.489,-29.007],[137.473,-28.979],[137.499,-28.946],[137.495,-28.929],[137.435,-28.911],[137.315,-28.78],[137.321,-28.737],[137.369,-28.685],[137.318,-28.679],[137.296,-28.652],[137.254,-28.72],[137.264,-28.784],[137.323,-28.841],[137.36,-28.983],[137.357,-29.026],[137.328,-29.067],[137.273,-28.909],[137.23,-28.877],[137.204,-28.797],[137.183,-28.821],[137.176,-28.889],[137.115,-28.885],[137.135,-28.951],[137.105,-29.004],[137.045,-29.024],[136.992,-29.006],[136.906,-28.9],[136.901,-28.796],[136.883,-28.764],[136.897,-28.746],[136.952,-28.747],[136.934,-28.686],[136.893,-28.63],[136.899,-28.477],[136.866,-28.423],[136.948,-28.43],[136.973,-28.425],[136.991,-28.399],[136.989,-28.229],[136.948,-28.168],[136.942,-28.072],[136.896,-28.041],[136.887,-28.012],[136.856,-27.992],[136.79,-28.045],[136.781,-27.983],[136.794,-27.957],[136.989,-27.864],[137.078,-27.853],[137.266,-27.965],[137.39,-27.984],[137.424,-28.049],[137.473,-28.096],[137.516,-28.19],[137.633,-28.112],[137.712,-28.127],[137.692,-28.158],[137.609,-28.178],[137.604,-28.219],[137.649,-28.275],[137.736,-28.312],[137.78,-28.312],[137.787,-28.327],[137.76,-28.374],[137.699,-28.336],[137.698,-28.394],[137.646,-28.352],[137.624,-28.304],[137.594,-28.31],[137.594,-28.366],[137.612,-28.397],[137.705,-28.491],[137.718,-28.523],[137.707,-28.551],[137.665,-28.513],[137.638,-28.508],[137.613,-28.523],[137.605,-28.623],[137.616,-28.648],[137.676,-28.682],[137.759,-28.805],[137.83,-29.013],[137.885,-29.009],[137.935,-29.032],[137.974,-29.028],[138.054,-29.074],[137.966,-29.108]]]]}},{"type":"Feature","properties":{"n":"Lake Disappointment"},"geometry":{"type":"MultiPolygon","coordinates":[[[[122.851,-23.675],[122.796,-23.694],[122.716,-23.614],[122.685,-23.549],[122.598,-23.527],[122.617,-23.411],[122.656,-23.393],[122.703,-23.341],[122.691,-23.303],[122.713,-23.282],[122.704,-23.255],[122.715,-23.245],[122.802,-23.283],[122.854,-23.259],[122.917,-23.261],[122.947,-23.294],[122.94,-23.385],[122.958,-23.42],[122.941,-23.46],[122.947,-23.574],[122.906,-23.608],[122.901,-23.65],[122.851,-23.675]]]]}},{"type":"Feature","properties":{"n":"Lake Mackay"},"geometry":{"type":"MultiPolygon","coordinates":[[[[128.749,-22.673],[128.454,-22.623],[128.316,-22.573],[128.332,-22.53],[128.31,-22.432],[128.318,-22.409],[128.363,-22.4],[128.369,-22.443],[128.417,-22.463],[128.455,-22.43],[128.459,-22.364],[128.496,-22.326],[128.524,-22.314],[128.589,-22.324],[128.702,-22.293],[128.887,-22.148],[128.93,-22.093],[128.937,-22.035],[129.064,-21.983],[129.106,-22.006],[129.207,-22.022],[129.224,-22.048],[129.121,-22.085],[129.112,-22.135],[129.031,-22.212],[129.09,-22.33],[129.195,-22.34],[129.239,-22.37],[129.243,-22.392],[129.197,-22.419],[129.187,-22.442],[129.138,-22.412],[129.115,-22.415],[129.094,-22.457],[129.103,-22.539],[128.949,-22.587],[128.891,-22.683],[128.749,-22.673]]]]}},{"type":"Feature","properties":{"n":"Lake Gairdner"},"geometry":{"type":"MultiPolygon","coordinates":[[[[135.937,-32.355],[135.896,-32.343],[135.855,-32.297],[135.926,-32.185],[135.915,-32.115],[135.977,-32.053],[136.027,-32.027],[136.024,-31.977],[136.066,-31.955],[136.037,-31.848],[136.013,-31.825],[135.946,-31.822],[135.899,-31.762],[135.806,-31.724],[135.819,-31.613],[135.777,-31.55],[135.717,-31.533],[135.704,-31.602],[135.678,-31.611],[135.597,-31.57],[135.6,-31.513],[135.624,-31.459],[135.645,-31.437],[135.722,-31.42],[135.744,-31.383],[135.703,-31.349],[135.663,-31.338],[135.573,-31.363],[135.552,-31.346],[135.583,-31.3],[135.459,-31.265],[135.419,-31.2],[135.437,-31.129],[135.399,-31.063],[135.458,-31.064],[135.528,-31.104],[135.556,-31.184],[135.649,-31.225],[135.666,-31.208],[135.721,-31.239],[135.832,-31.237],[135.94,-31.211],[135.971,-31.239],[136.088,-31.242],[136.101,-31.273],[136.057,-31.403],[136.074,-31.409],[136.108,-31.387],[136.112,-31.444],[136.178,-31.565],[136.229,-31.589],[136.245,-31.8],[136.304,-31.89],[136.32,-31.963],[136.256,-32.053],[136.268,-32.114],[136.245,-32.185],[136.261,-32.221],[136.25,-32.244],[136.119,-32.263],[136.149,-32.215],[136.136,-32.186],[136.155,-32.129],[136.041,-32.129],[135.896,-32.281],[135.892,-32.296],[135.937,-32.355]]]]}},{"type":"Feature","properties":{"n":"Lake Torrens"},"geometry":{"type":"MultiPolygon","coordinates":[[[[137.876,-31.636],[137.829,-31.692],[137.783,-31.798],[137.791,-31.857],[137.773,-31.877],[137.767,-31.93],[137.728,-31.912],[137.653,-31.824],[137.565,-31.784],[137.608,-31.775],[137.693,-31.789],[137.719,-31.695],[137.688,-31.633],[137.713,-31.581],[137.708,-31.546],[137.745,-31.482],[137.72,-31.425],[137.784,-31.302],[137.78,-31.28],[137.736,-31.26],[137.69,-31.263],[137.67,-31.286],[137.661,-31.223],[137.633,-31.196],[137.48,-31.116],[137.547,-31.089],[137.586,-31.094],[137.643,-31.129],[137.686,-31.123],[137.691,-31.057],[137.633,-30.941],[137.634,-30.916],[137.665,-30.898],[137.665,-30.879],[137.62,-30.784],[137.623,-30.746],[137.698,-30.656],[137.698,-30.619],[137.671,-30.591],[137.468,-30.637],[137.385,-30.622],[137.376,-30.604],[137.404,-30.524],[137.363,-30.419],[137.294,-30.312],[137.219,-30.265],[137.23,-30.243],[137.198,-30.204],[137.205,-30.181],[137.249,-30.177],[137.351,-30.224],[137.426,-30.291],[137.446,-30.356],[137.519,-30.411],[137.643,-30.423],[137.684,-30.442],[137.808,-30.545],[137.818,-30.59],[137.861,-30.603],[137.876,-30.649],[137.995,-30.83],[138.008,-30.918],[138.051,-30.985],[137.989,-31.021],[137.967,-31.08],[138.085,-31.162],[138.116,-31.218],[138.138,-31.338],[138.085,-31.447],[137.926,-31.573],[137.876,-31.636]]]]}},{"type":"Feature","properties":{"n":"Lake Frome"},"geometry":{"type":"MultiPolygon","coordinates":[[[[139.966,-30.896],[139.91,-31.033],[139.889,-31.04],[139.873,-31.016],[139.852,-31.019],[139.836,-31.065],[139.853,-31.122],[139.817,-31.131],[139.784,-31.117],[139.797,-31.044],[139.779,-31.018],[139.728,-31.012],[139.691,-31.039],[139.628,-31.026],[139.599,-30.996],[139.614,-30.976],[139.61,-30.951],[139.486,-30.904],[139.542,-30.772],[139.592,-30.716],[139.614,-30.643],[139.824,-30.488],[139.896,-30.349],[139.968,-30.259],[139.978,-30.303],[140.041,-30.381],[140.054,-30.422],[140.027,-30.574],[139.998,-30.627],[139.998,-30.811],[139.966,-30.896]]]]}},{"type":"Feature","properties":{"n":"Lake Barlee"},"geometry":{"type":"MultiPolygon","coordinates":[[[[119.82,-29.423],[119.775,-29.587],[119.744,-29.587],[119.733,-29.547],[119.625,-29.553],[119.673,-29.511],[119.741,-29.488],[119.753,-29.463],[119.745,-29.421],[119.727,-29.406],[119.633,-29.392],[119.605,-29.368],[119.616,-29.34],[119.648,-29.325],[119.681,-29.229],[119.654,-29.191],[119.604,-29.18],[119.557,-29.196],[119.539,-29.237],[119.556,-29.306],[119.532,-29.381],[119.528,-29.453],[119.498,-29.47],[119.511,-29.519],[119.42,-29.565],[119.396,-29.559],[119.367,-29.525],[119.402,-29.46],[119.401,-29.411],[119.435,-29.331],[119.453,-29.221],[119.429,-29.141],[119.377,-29.138],[119.359,-29.157],[119.338,-29.251],[119.181,-29.352],[119.18,-29.291],[119.219,-29.163],[119.114,-29.159],[119.081,-29.137],[119.178,-29.092],[119.275,-29.09],[119.371,-28.984],[119.391,-28.987],[119.412,-29.025],[119.484,-29.054],[119.571,-29.07],[119.613,-29.06],[119.687,-28.994],[119.743,-28.878],[119.761,-28.873],[119.782,-28.909],[119.812,-28.92],[119.902,-28.878],[119.975,-28.886],[119.991,-28.909],[119.976,-29.044],[119.936,-28.939],[119.917,-28.927],[119.836,-28.96],[119.756,-29.049],[119.68,-29.085],[119.686,-29.155],[119.747,-29.253],[119.755,-29.342],[119.767,-29.367],[119.825,-29.403],[119.82,-29.423]]]]}},{"type":"Feature","properties":{"n":"Lake Eyre South"},"geometry":{"type":"MultiPolygon","coordinates":[[[[137.671,-29.271],[137.647,-29.334],[137.65,-29.425],[137.559,-29.318],[137.474,-29.342],[137.469,-29.403],[137.43,-29.404],[137.385,-29.483],[137.363,-29.425],[137.328,-29.41],[137.275,-29.435],[137.266,-29.48],[137.233,-29.489],[137.199,-29.489],[137.146,-29.447],[137.075,-29.452],[137.141,-29.324],[137.151,-29.249],[137.164,-29.241],[137.233,-29.247],[137.286,-29.214],[137.499,-29.203],[137.68,-29.115],[137.702,-29.122],[137.719,-29.179],[137.704,-29.229],[137.671,-29.271]]]]}},{"type":"Feature","properties":{"n":"Great Salt Lake"},"geometry":{"type":"MultiPolygon","coordinates":[[[[-111.95,40.978],[-111.931,40.961],[-111.945,40.947],[-112.12,40.876],[-112.136,40.816],[-112.184,40.774],[-112.34,40.689],[-112.395,40.699],[-112.406,40.772],[-112.445,40.808],[-112.446,40.856],[-112.484,40.946],[-112.52,40.909],[-112.547,40.835],[-112.562,40.832],[-112.595,40.88],[-112.634,40.904],[-112.631,40.941],[-112.659,40.939],[-112.744,40.997],[-112.751,41.012],[-112.736,41.032],[-112.776,41.04],[-112.756,41.054],[-112.78,41.142],[-112.772,41.19],[-112.843,41.271],[-112.923,41.327],[-112.972,41.303],[-112.969,41.271],[-113.016,41.282],[-112.997,41.326],[-112.942,41.333],[-113.024,41.523],[-112.98,41.54],[-112.978,41.568],[-113.025,41.605],[-112.858,41.636],[-112.811,41.677],[-112.775,41.681],[-112.729,41.662],[-112.7,41.635],[-112.708,41.581],[-112.745,41.546],[-112.724,41.502],[-112.637,41.435],[-112.597,41.424],[-112.552,41.437],[-112.516,41.419],[-112.503,41.346],[-112.473,41.323],[-112.472,41.238],[-112.43,41.207],[-112.346,41.232],[-112.346,41.267],[-112.4,41.348],[-112.383,41.373],[-112.406,41.409],[-112.397,41.454],[-112.361,41.462],[-112.285,41.448],[-112.269,41.423],[-112.294,41.42],[-112.269,41.385],[-112.179,41.389],[-112.143,41.412],[-112.066,41.41],[-112.055,41.371],[-112.098,41.336],[-112.133,41.353],[-112.154,41.328],[-112.253,41.348],[-112.325,41.271],[-112.257,41.265],[-112.251,41.237],[-112.194,41.193],[-112.179,41.149],[-112.141,41.126],[-112.104,41.061],[-111.998,41.026],[-111.95,40.978]],[[-112.533,41.006],[-112.52,41.014],[-112.529,41.036],[-112.555,41.03],[-112.54,40.991],[-112.533,41.006]],[[-112.314,41.138],[-112.343,41.187],[-112.388,41.179],[-112.314,41.138]],[[-112.167,40.917],[-112.166,40.976],[-112.194,41.043],[-112.248,41.074],[-112.271,41.052],[-112.236,41.022],[-112.248,40.965],[-112.177,40.873],[-112.167,40.917]]]]}},{"type":"Feature","properties":{"n":"Laguna Madre"},"geometry":{"type":"MultiPolygon","coordinates":[[[[-97.438,25.426],[-97.402,25.411],[-97.437,25.388],[-97.422,25.362],[-97.421,25.29],[-97.487,25.179],[-97.493,25.201],[-97.507,25.11],[-97.542,25.057],[-97.537,24.992],[-97.594,24.849],[-97.665,24.556],[-97.748,23.809],[-97.752,23.895],[-97.774,23.96],[-97.753,24.039],[-97.784,24.077],[-97.781,24.104],[-97.761,24.076],[-97.751,24.106],[-97.712,24.436],[-97.719,24.456],[-97.733,24.455],[-97.778,24.42],[-97.816,24.423],[-97.836,24.45],[-97.822,24.509],[-97.842,24.501],[-97.85,24.523],[-97.822,24.547],[-97.83,24.562],[-97.805,24.551],[-97.781,24.562],[-97.769,24.552],[-97.775,24.524],[-97.748,24.488],[-97.72,24.484],[-97.672,24.7],[-97.687,24.672],[-97.712,24.702],[-97.69,24.726],[-97.712,24.793],[-97.701,24.815],[-97.725,24.823],[-97.731,24.854],[-97.665,24.867],[-97.646,24.912],[-97.624,24.905],[-97.623,24.92],[-97.712,24.985],[-97.761,24.968],[-97.716,25.029],[-97.687,25.182],[-97.705,25.244],[-97.795,25.257],[-97.757,25.276],[-97.712,25.266],[-97.682,25.371],[-97.624,25.365],[-97.634,25.317],[-97.569,25.317],[-97.536,25.283],[-97.521,25.317],[-97.537,25.315],[-97.542,25.351],[-97.501,25.413],[-97.522,25.418],[-97.536,25.455],[-97.514,25.467],[-97.438,25.426]]]]}},{"type":"Feature","properties":{"n":"Salton Sea"},"geometry":{"type":"MultiPolygon","coordinates":[[[[-115.63,33.319],[-115.605,33.281],[-115.607,33.218],[-115.67,33.143],[-115.709,33.11],[-115.729,33.113],[-115.824,33.184],[-115.875,33.292],[-116.031,33.412],[-116.06,33.467],[-116.061,33.502],[-116.022,33.523],[-115.947,33.521],[-115.775,33.365],[-115.667,33.345],[-115.63,33.319]]]]}},{"type":"Feature","properties":{"n":"Lago Enriquillo"},"geometry":{"type":"MultiPolygon","coordinates":[[[[-71.569,18.512],[-71.494,18.464],[-71.528,18.429],[-71.596,18.413],[-71.804,18.501],[-71.82,18.541],[-71.782,18.515],[-71.703,18.568],[-71.569,18.512]]]]}},{"type":"Feature","properties":{"n":"Goose Lake"},"geometry":{"type":"MultiPolygon","coordinates":[[[[-120.349,42.089],[-120.313,42.015],[-120.32,41.969],[-120.356,41.927],[-120.376,41.86],[-120.368,41.825],[-120.4,41.795],[-120.475,41.774],[-120.464,41.794],[-120.471,41.852],[-120.503,41.924],[-120.478,42.003],[-120.498,42.025],[-120.495,42.049],[-120.437,42.108],[-120.349,42.089]]]]}},{"type":"Feature","properties":{"n":"Pyramid Lake"},"geometry":{"type":"MultiPolygon","coordinates":[[[[-119.451,39.934],[-119.43,39.927],[-119.419,39.89],[-119.454,39.867],[-119.518,39.917],[-119.588,39.947],[-119.617,40.022],[-119.687,40.075],[-119.708,40.12],[-119.667,40.175],[-119.588,40.21],[-119.559,40.207],[-119.531,40.182],[-119.496,39.975],[-119.48,39.946],[-119.451,39.934]]]]}},{"type":"Feature","properties":{"n":"Malheur Lake"},"geometry":{"type":"MultiPolygon","coordinates":[[[[-118.632,43.268],[-118.66,43.276],[-118.675,43.3],[-118.737,43.293],[-118.772,43.269],[-118.786,43.23],[-118.808,43.234],[-118.842,43.263],[-118.882,43.263],[-118.964,43.394],[-118.931,43.424],[-118.823,43.416],[-118.657,43.444],[-118.667,43.38],[-118.64,43.374],[-118.595,43.305],[-118.606,43.278],[-118.632,43.268]]]]}},{"type":"Feature","properties":{"n":"Harney Lake"},"geometry":{"type":"MultiPolygon","coordinates":[[[[-119.007,43.243],[-119.018,43.203],[-119.09,43.161],[-119.18,43.194],[-119.184,43.233],[-119.232,43.257],[-119.173,43.275],[-119.155,43.321],[-119.127,43.293],[-119.007,43.243]]]]}},{"type":"Feature","properties":{"n":"Lagoa Mirim"},"geometry":{"type":"MultiPolygon","coordinates":[[[[-52.601,-32.459],[-52.589,-32.536],[-52.601,-32.616],[-52.691,-32.746],[-52.723,-32.839],[-52.781,-32.904],[-52.838,-32.925],[-52.895,-32.913],[-52.996,-32.825],[-52.985,-32.76],[-52.996,-32.756],[-53.064,-32.822],[-53.124,-32.799],[-53.17,-32.987],[-53.217,-33.061],[-53.287,-33.102],[-53.311,-33.09],[-53.321,-33.061],[-53.371,-33.138],[-53.424,-33.157],[-53.466,-33.259],[-53.431,-33.427],[-53.444,-33.521],[-53.461,-33.551],[-53.497,-33.533],[-53.515,-33.582],[-53.533,-33.589],[-53.549,-33.504],[-53.586,-33.451],[-53.56,-33.363],[-53.593,-33.335],[-53.592,-33.317],[-53.566,-33.274],[-53.609,-33.257],[-53.643,-33.208],[-53.644,-33.182],[-53.617,-33.162],[-53.637,-33.109],[-53.614,-33.1],[-53.62,-33.047],[-53.596,-33.047],[-53.596,-33.088],[-53.477,-32.952],[-53.325,-32.948],[-53.355,-32.925],[-53.307,-32.897],[-53.327,-32.877],[-53.292,-32.861],[-53.287,-32.825],[-53.299,-32.784],[-53.353,-32.752],[-53.281,-32.751],[-53.192,-32.713],[-53.159,-32.644],[-53.03,-32.605],[-53.004,-32.58],[-52.986,-32.497],[-52.961,-32.469],[-52.776,-32.384],[-52.787,-32.355],[-52.828,-32.349],[-52.828,-32.32],[-52.773,-32.245],[-52.738,-32.232],[-52.728,-32.198],[-52.672,-32.175],[-52.656,-32.177],[-52.694,-32.247],[-52.711,-32.329],[-52.695,-32.366],[-52.601,-32.459]]]]}},{"type":"Feature","properties":{"n":"IJsselmeer"},"geometry":{"type":"MultiPolygon","coordinates":[[[[5.87,52.54],[5.861,52.478],[5.801,52.423],[5.624,52.356],[5.533,52.268],[5.405,52.257],[5.268,52.312],[5.181,52.312],[4.968,52.371],[4.982,52.385],[5.025,52.378],[5.092,52.439],[5.05,52.467],[5.078,52.473],[5.071,52.488],[5.091,52.501],[5.036,52.6],[5.05,52.642],[5.166,52.63],[5.304,52.707],[5.287,52.748],[5.22,52.763],[5.17,52.746],[5.137,52.762],[5.123,52.775],[5.115,52.861],[5.044,52.934],[5.372,53.077],[5.409,53.032],[5.42,52.968],[5.4,52.94],[5.413,52.924],[5.366,52.895],[5.369,52.879],[5.411,52.857],[5.557,52.837],[5.638,52.855],[5.722,52.837],[5.656,52.82],[5.612,52.775],[5.598,52.67],[5.66,52.612],[5.841,52.604],[5.87,52.54]],[[5.858,52.506],[5.839,52.57],[5.681,52.594],[5.654,52.612],[5.486,52.557],[5.441,52.508],[5.133,52.385],[5.153,52.344],[5.174,52.337],[5.305,52.321],[5.423,52.274],[5.489,52.276],[5.546,52.302],[5.544,52.358],[5.617,52.375],[5.65,52.399],[5.781,52.426],[5.829,52.461],[5.858,52.506]]]]}},{"type":"Feature","properties":{"n":"Syvash"},"geometry":{"type":"MultiPolygon","coordinates":[[[[35.388,45.307],[35.455,45.279],[35.405,45.251],[35.35,45.285],[35.193,45.337],[35.123,45.332],[35.052,45.375],[35.01,45.43],[35.056,45.44],[35.096,45.474],[35.067,45.561],[34.977,45.663],[34.9,45.669],[34.872,45.697],[34.839,45.704],[34.872,45.737],[34.792,45.717],[34.716,45.724],[34.765,45.784],[34.75,45.806],[34.724,45.813],[34.647,45.786],[34.68,45.848],[34.747,45.858],[34.75,45.902],[34.707,45.871],[34.648,45.859],[34.546,45.793],[34.462,45.772],[34.541,45.839],[34.546,45.863],[34.623,45.904],[34.627,45.947],[34.544,45.971],[34.575,45.939],[34.569,45.918],[34.531,45.92],[34.488,45.876],[34.462,45.91],[34.483,45.93],[34.445,45.932],[34.412,45.865],[34.407,45.896],[34.38,45.882],[34.387,45.902],[34.359,45.882],[34.373,45.92],[34.407,45.937],[34.411,45.956],[34.359,45.985],[34.387,45.992],[34.35,46.026],[34.331,46.025],[34.318,45.998],[34.298,45.999],[34.281,46.009],[34.277,46.046],[34.227,46.005],[34.216,46.018],[34.229,46.029],[34.116,46.06],[34.113,46.048],[34.201,45.989],[34.196,45.95],[34.154,45.937],[34.113,45.985],[34.145,45.979],[34.167,45.998],[34.079,46.045],[34.037,46.087],[33.94,46.099],[33.991,46.077],[33.996,46.067],[33.977,46.061],[33.982,46.017],[33.914,46.06],[33.866,46.039],[33.866,46.06],[33.886,46.065],[33.838,46.115],[33.852,46.159],[33.804,46.177],[33.8,46.128],[33.787,46.121],[33.732,46.146],[33.668,46.224],[33.714,46.219],[33.771,46.247],[33.823,46.224],[33.894,46.231],[33.972,46.211],[34.034,46.136],[34.067,46.151],[34.085,46.128],[34.138,46.124],[34.123,46.165],[34.078,46.19],[34.115,46.189],[34.135,46.208],[34.154,46.19],[34.159,46.147],[34.202,46.183],[34.148,46.235],[34.153,46.276],[34.182,46.279],[34.237,46.234],[34.29,46.161],[34.308,46.102],[34.331,46.163],[34.331,46.177],[34.291,46.19],[34.311,46.214],[34.485,46.146],[34.544,46.187],[34.573,46.159],[34.552,46.085],[34.524,46.128],[34.493,46.095],[34.494,46.127],[34.483,46.128],[34.44,46.091],[34.45,46.057],[34.469,46.046],[34.461,46.034],[34.428,46.046],[34.401,46.011],[34.462,46.003],[34.473,45.993],[34.462,45.971],[34.483,45.967],[34.514,45.995],[34.555,45.982],[34.576,45.997],[34.629,46.071],[34.62,46.162],[34.652,46.184],[34.742,46.162],[34.771,46.142],[34.788,46.095],[34.774,46.087],[34.722,46.11],[34.661,46.087],[34.754,46.012],[34.771,46.036],[34.795,46.029],[34.815,45.936],[34.848,45.913],[34.825,45.896],[34.811,45.818],[34.846,45.821],[34.872,45.854],[34.895,45.846],[35,45.675],[35.388,45.307]]]]}},{"type":"Feature","properties":{"n":"Issyk-Kul"},"geometry":{"type":"MultiPolygon","coordinates":[[[[78.255,42.6],[78.328,42.595],[78.3,42.563],[78.151,42.574],[78.029,42.475],[77.829,42.435],[77.812,42.421],[77.823,42.403],[77.893,42.392],[77.915,42.374],[77.852,42.361],[77.792,42.294],[77.687,42.215],[77.481,42.162],[77.463,42.181],[77.39,42.17],[77.289,42.181],[77.137,42.153],[76.961,42.187],[76.935,42.167],[76.907,42.198],[76.82,42.22],[76.755,42.262],[76.706,42.251],[76.562,42.28],[76.397,42.346],[76.372,42.347],[76.314,42.316],[76.27,42.318],[76.24,42.337],[76.196,42.44],[76.226,42.469],[76.305,42.482],[76.456,42.468],[76.497,42.51],[76.6,42.514],[76.675,42.565],[76.982,42.614],[77.014,42.606],[77.084,42.64],[77.22,42.649],[77.35,42.682],[77.436,42.653],[77.528,42.647],[77.579,42.676],[77.784,42.723],[77.917,42.727],[77.983,42.713],[78.137,42.74],[78.306,42.743],[78.25,42.719],[78.202,42.721],[78.169,42.675],[78.121,42.668],[78.082,42.623],[78.111,42.6],[78.255,42.6]]]]}},{"type":"Feature","properties":{"n":"Lake Turkana"},"geometry":{"type":"MultiPolygon","coordinates":[[[[36.698,2.769],[36.71,2.73],[36.688,2.715],[36.702,2.486],[36.636,2.409],[36.558,2.394],[36.532,2.423],[36.518,2.552],[36.477,2.612],[36.443,2.631],[36.436,2.73],[36.381,2.846],[36.261,2.938],[36.247,2.981],[36.213,2.963],[36.182,2.983],[36.127,2.988],[36.148,3.213],[36.028,3.253],[35.996,3.306],[35.948,3.339],[35.94,3.541],[35.926,3.552],[35.936,3.497],[35.918,3.481],[35.896,3.561],[35.841,3.63],[35.833,3.72],[35.86,3.792],[35.854,3.959],[35.923,4.118],[35.915,4.423],[35.949,4.577],[35.988,4.635],[36.004,4.635],[36.032,4.525],[36.058,4.56],[36.025,4.603],[36.043,4.637],[36.107,4.638],[36.127,4.622],[36.124,4.663],[36.155,4.664],[36.187,4.625],[36.168,4.615],[36.198,4.547],[36.208,4.443],[36.188,4.339],[36.215,4.286],[36.216,4.2],[36.237,4.183],[36.245,4.145],[36.198,3.979],[36.182,3.962],[36.266,3.754],[36.246,3.694],[36.217,3.681],[36.211,3.659],[36.206,3.54],[36.244,3.371],[36.223,3.322],[36.292,3.243],[36.307,3.192],[36.376,3.123],[36.401,3.011],[36.532,2.902],[36.658,2.899],[36.689,2.881],[36.698,2.769]]]]}},{"type":"Feature","properties":{"n":"Kaliningradskiy Zaliv"},"geometry":{"type":"MultiPolygon","coordinates":[[[[19.793,54.543],[19.907,54.628],[19.955,54.636],[19.948,54.687],[19.982,54.718],[20.04,54.717],[20.054,54.671],[20.073,54.657],[20.177,54.696],[20.407,54.688],[20.068,54.557],[19.991,54.573],[19.943,54.513],[19.84,54.471],[19.793,54.543]]]]}},{"type":"Feature","properties":{"n":"Zalew Wislany"},"geometry":{"type":"MultiPolygon","coordinates":[[[[19.84,54.471],[19.793,54.441],[19.743,54.434],[19.749,54.414],[19.712,54.386],[19.46,54.311],[19.365,54.228],[19.386,54.277],[19.249,54.29],[19.263,54.31],[19.229,54.332],[19.442,54.372],[19.741,54.505],[19.793,54.543],[19.84,54.471]]]]}},{"type":"Feature","properties":{"n":"Uvs Nuur"},"geometry":{"type":"MultiPolygon","coordinates":[[[[92.325,50.226],[92.353,50.267],[92.349,50.302],[92.244,50.377],[92.227,50.415],[92.245,50.446],[92.283,50.468],[92.41,50.492],[92.511,50.548],[92.642,50.548],[92.751,50.573],[92.806,50.61],[92.849,50.666],[92.901,50.693],[92.995,50.653],[93.007,50.625],[92.953,50.528],[92.998,50.477],[93.09,50.429],[93.156,50.356],[93.196,50.349],[93.279,50.387],[93.292,50.381],[93.279,50.364],[93.231,50.356],[93.248,50.325],[93.289,50.302],[93.36,50.32],[93.404,50.286],[93.381,50.264],[93.28,50.235],[93.239,50.266],[93.106,50.237],[92.931,50.053],[92.69,49.993],[92.576,50],[92.563,50.027],[92.505,50.034],[92.434,50.071],[92.42,50.114],[92.348,50.156],[92.325,50.226]]]]}},{"type":"Feature","properties":{"n":"Qinghai Hu"},"geometry":{"type":"MultiPolygon","coordinates":[[[[100.717,36.853],[100.766,36.804],[100.762,36.781],[100.702,36.776],[100.693,36.757],[100.742,36.684],[100.713,36.566],[100.659,36.541],[100.498,36.578],[100.445,36.623],[100.481,36.644],[100.41,36.632],[100.385,36.666],[100.134,36.624],[99.981,36.658],[99.926,36.689],[99.908,36.72],[99.811,36.713],[99.782,36.761],[99.791,36.774],[99.78,36.811],[99.702,36.842],[99.624,36.898],[99.618,36.918],[99.662,36.967],[99.782,36.938],[99.821,36.951],[99.842,36.981],[99.833,37.038],[99.781,37.082],[99.755,37.142],[99.762,37.165],[99.984,37.228],[100.079,37.191],[100.216,37.18],[100.275,37.196],[100.47,37.017],[100.578,36.87],[100.717,36.853]]]]}},{"type":"Feature","properties":{"n":"Lake Razazah"},"geometry":{"type":"MultiPolygon","coordinates":[[[[43.826,32.725],[43.898,32.704],[43.892,32.618],[43.769,32.505],[43.741,32.512],[43.735,32.561],[43.714,32.546],[43.707,32.567],[43.682,32.566],[43.669,32.533],[43.652,32.55],[43.652,32.581],[43.679,32.581],[43.664,32.588],[43.611,32.574],[43.631,32.595],[43.584,32.608],[43.574,32.591],[43.538,32.596],[43.499,32.612],[43.445,32.679],[43.412,32.807],[43.426,32.8],[43.449,32.837],[43.405,32.876],[43.439,32.889],[43.473,32.876],[43.455,32.889],[43.487,32.913],[43.495,32.944],[43.453,32.985],[43.487,33.026],[43.505,33.018],[43.526,33.033],[43.522,33.105],[43.535,33.115],[43.535,33.074],[43.555,33.04],[43.625,33.012],[43.616,32.99],[43.732,32.775],[43.826,32.725]]]]}},{"type":"Feature","properties":{"n":"Dead Sea"},"geometry":{"type":"MultiPolygon","coordinates":[[[[35.559,31.766],[35.586,31.753],[35.588,31.731],[35.555,31.538],[35.572,31.468],[35.548,31.332],[35.513,31.305],[35.501,31.318],[35.51,31.368],[35.491,31.367],[35.442,31.322],[35.415,31.327],[35.393,31.514],[35.415,31.566],[35.408,31.615],[35.477,31.731],[35.507,31.756],[35.559,31.766]]]]}},{"type":"Feature","properties":{"n":"Lake Urmia"},"geometry":{"type":"MultiPolygon","coordinates":[[[[45.902,37.401],[45.909,37.363],[45.876,37.374],[45.835,37.356],[45.814,37.323],[45.748,37.285],[45.703,37.294],[45.7,37.323],[45.66,37.31],[45.624,37.264],[45.6,37.15],[45.567,37.124],[45.512,37.144],[45.463,37.121],[45.396,37.196],[45.356,37.211],[45.317,37.265],[45.303,37.336],[45.282,37.363],[45.324,37.391],[45.292,37.475],[45.262,37.504],[45.282,37.574],[45.249,37.604],[45.263,37.615],[45.235,37.669],[45.262,37.696],[45.253,37.76],[45.221,37.806],[45.169,37.839],[45.146,37.83],[45.06,37.858],[45.048,37.954],[45.06,37.988],[45.091,38.015],[45.181,38.038],[45.199,38.113],[45.173,38.166],[45.14,38.13],[45.111,38.159],[45.051,38.126],[45.004,38.138],[45.004,38.176],[45.049,38.207],[45.047,38.25],[45.094,38.268],[45.362,38.266],[45.485,38.166],[45.503,38.096],[45.474,38.043],[45.488,37.988],[45.454,37.974],[45.468,37.96],[45.406,37.901],[45.422,37.798],[45.494,37.727],[45.518,37.738],[45.522,37.761],[45.645,37.767],[45.742,37.712],[45.756,37.727],[45.761,37.7],[45.797,37.665],[45.79,37.641],[45.66,37.64],[45.705,37.613],[45.726,37.564],[45.793,37.526],[45.857,37.424],[45.902,37.401]],[[45.543,37.344],[45.558,37.34],[45.53,37.397],[45.541,37.418],[45.497,37.436],[45.509,37.412],[45.484,37.4],[45.532,37.374],[45.543,37.344]],[[45.652,37.487],[45.666,37.48],[45.664,37.502],[45.604,37.508],[45.589,37.528],[45.564,37.487],[45.612,37.46],[45.652,37.487]]]]}},{"type":"Feature","properties":{"n":"Sarygamysh Köli"},"geometry":{"type":"MultiPolygon","coordinates":[[[[57.865,41.827],[57.886,41.807],[57.855,41.776],[57.854,41.683],[57.708,41.659],[57.618,41.595],[57.559,41.608],[57.494,41.576],[57.436,41.599],[57.352,41.54],[57.242,41.613],[57.232,41.707],[57.162,41.75],[57.137,41.797],[57.118,41.794],[57.079,41.721],[57.075,41.667],[57.046,41.694],[57.033,41.739],[57.058,41.797],[57.072,41.947],[57.197,42.24],[57.265,42.314],[57.365,42.345],[57.407,42.344],[57.453,42.304],[57.518,42.293],[57.614,42.24],[57.637,42.195],[57.645,42.122],[57.605,42.114],[57.598,42.07],[57.727,42.009],[57.724,41.984],[57.678,41.955],[57.68,41.903],[57.762,41.89],[57.865,41.827]]]]}},{"type":"Feature","properties":{"n":"Alakol"},"geometry":{"type":"MultiPolygon","coordinates":[[[[82.127,45.788],[82.143,45.759],[82.117,45.75],[82.006,45.834],[81.958,45.846],[81.749,45.82],[81.73,45.844],[81.671,45.868],[81.642,45.917],[81.538,46.001],[81.394,46.037],[81.377,46.057],[81.382,46.146],[81.424,46.17],[81.412,46.187],[81.417,46.252],[81.383,46.266],[81.417,46.279],[81.389,46.296],[81.387,46.316],[81.411,46.385],[81.563,46.483],[81.583,46.457],[81.639,46.471],[81.63,46.443],[81.721,46.453],[81.734,46.431],[81.773,46.43],[81.823,46.403],[81.855,46.409],[81.855,46.388],[81.915,46.361],[81.918,46.334],[81.958,46.326],[81.98,46.249],[82.047,46.205],[82.027,46.08],[82.05,45.954],[82.127,45.788]]]]}},{"type":"Feature","properties":{"n":"Mar Chiquita"},"geometry":{"type":"MultiPolygon","coordinates":[[[[-62.219,-30.644],[-62.209,-30.725],[-62.223,-30.81],[-62.248,-30.837],[-62.306,-30.819],[-62.535,-30.865],[-62.62,-30.847],[-62.675,-30.913],[-62.736,-30.944],[-62.82,-30.827],[-62.853,-30.813],[-62.863,-30.789],[-62.896,-30.801],[-62.944,-30.716],[-63.023,-30.697],[-62.905,-30.643],[-62.82,-30.628],[-62.792,-30.601],[-62.7,-30.594],[-62.684,-30.579],[-62.696,-30.545],[-62.661,-30.51],[-62.627,-30.525],[-62.558,-30.519],[-62.545,-30.545],[-62.511,-30.56],[-62.376,-30.571],[-62.366,-30.56],[-62.442,-30.533],[-62.392,-30.536],[-62.27,-30.588],[-62.219,-30.644]]]]}},{"type":"Feature","properties":{"n":"Lake Tuz"},"geometry":{"type":"MultiPolygon","coordinates":[[[[33.431,38.96],[33.42,38.94],[33.434,38.913],[33.414,38.868],[33.426,38.851],[33.547,38.753],[33.547,38.804],[33.578,38.892],[33.584,38.846],[33.629,38.786],[33.686,38.66],[33.743,38.638],[33.599,38.597],[33.59,38.551],[33.541,38.484],[33.498,38.529],[33.355,38.583],[33.297,38.638],[33.153,38.707],[33.138,38.738],[33.202,38.905],[33.219,38.92],[33.322,38.938],[33.332,38.957],[33.332,38.995],[33.304,39.049],[33.318,39.091],[33.283,39.132],[33.338,39.152],[33.442,39.045],[33.473,38.981],[33.431,38.96]]]]}},{"type":"Feature","properties":{"n":"Lake Van"},"geometry":{"type":"MultiPolygon","coordinates":[[[[43.131,38.317],[43.019,38.317],[42.994,38.335],[42.935,38.344],[42.953,38.378],[42.898,38.406],[42.905,38.433],[42.925,38.419],[42.939,38.433],[42.925,38.453],[42.87,38.453],[42.872,38.472],[42.891,38.474],[42.87,38.494],[42.876,38.506],[42.857,38.474],[42.802,38.481],[42.798,38.456],[42.774,38.44],[42.692,38.439],[42.663,38.472],[42.599,38.486],[42.576,38.508],[42.501,38.471],[42.475,38.484],[42.457,38.517],[42.328,38.487],[42.308,38.488],[42.3,38.508],[42.35,38.529],[42.391,38.577],[42.42,38.581],[42.411,38.618],[42.494,38.625],[42.435,38.704],[42.468,38.737],[42.733,38.803],[42.81,38.786],[42.916,38.797],[42.956,38.784],[43.092,38.804],[43.176,38.844],[43.207,38.892],[43.137,38.906],[43.11,38.878],[43.144,38.88],[43.148,38.865],[43.13,38.852],[43.097,38.858],[43.072,38.893],[43.072,38.931],[43.162,38.948],[43.203,38.94],[43.271,38.962],[43.316,38.954],[43.309,38.981],[43.351,38.967],[43.354,38.985],[43.401,39.002],[43.59,38.981],[43.659,38.947],[43.645,38.94],[43.659,38.933],[43.535,38.913],[43.501,38.871],[43.429,38.859],[43.39,38.823],[43.339,38.846],[43.309,38.836],[43.292,38.779],[43.22,38.755],[43.156,38.637],[43.083,38.612],[43.191,38.621],[43.217,38.587],[43.316,38.542],[43.325,38.486],[43.306,38.44],[43.267,38.44],[43.162,38.383],[43.147,38.365],[43.153,38.327],[43.131,38.317]]]]}},{"type":"Feature","properties":{"n":"Lake Abaya"},"geometry":{"type":"MultiPolygon","coordinates":[[[[38,6.617],[38.011,6.622],[38.024,6.585],[38.074,6.555],[38.139,6.594],[38.15,6.55],[38.109,6.487],[38.122,6.45],[38.094,6.45],[38.083,6.4],[38.036,6.37],[38.007,6.315],[38.003,6.256],[37.939,6.216],[37.885,6.145],[37.85,6.05],[37.833,6.089],[37.814,6.044],[37.728,6],[37.685,6.01],[37.707,6.117],[37.828,6.2],[37.85,6.184],[37.844,6.144],[37.876,6.199],[37.878,6.261],[37.897,6.276],[37.854,6.447],[37.872,6.511],[37.907,6.516],[37.964,6.593],[38,6.617]]]]}},{"type":"Feature","properties":{"n":"Dead Sea"},"geometry":{"type":"MultiPolygon","coordinates":[[[[35.511,31.199],[35.531,31.17],[35.504,31.139],[35.518,31.11],[35.459,31.087],[35.401,31.101],[35.359,31.21],[35.37,31.235],[35.401,31.23],[35.421,31.252],[35.511,31.199]]]]}},{"type":"Feature","properties":{"n":"Lake Hammar"},"geometry":{"type":"MultiPolygon","coordinates":[[[[46.705,30.751],[46.749,30.758],[46.77,30.744],[46.756,30.744],[46.762,30.724],[46.687,30.751],[46.705,30.751]]],[[[47.603,30.712],[47.633,30.683],[47.541,30.662],[47.53,30.676],[47.475,30.648],[47.428,30.648],[47.404,30.658],[47.389,30.7],[47.191,30.71],[47.092,30.738],[47.105,30.755],[47.095,30.764],[47.005,30.742],[46.99,30.733],[47.003,30.724],[46.985,30.72],[46.968,30.73],[46.982,30.751],[46.934,30.758],[46.927,30.792],[46.908,30.797],[46.845,30.764],[46.906,30.744],[46.91,30.729],[46.859,30.71],[46.828,30.715],[46.79,30.744],[46.852,30.785],[46.797,30.785],[46.783,30.799],[46.804,30.827],[46.716,30.81],[46.694,30.819],[46.735,30.847],[46.68,30.889],[46.775,30.904],[46.797,30.929],[46.79,30.908],[46.804,30.895],[46.807,30.924],[46.831,30.932],[46.845,30.911],[46.9,30.915],[46.9,30.882],[46.906,30.902],[46.968,30.874],[46.962,30.861],[47.024,30.813],[47.044,30.807],[47.089,30.84],[47.113,30.837],[47.122,30.831],[47.092,30.819],[47.192,30.809],[47.222,30.779],[47.206,30.774],[47.208,30.758],[47.312,30.744],[47.341,30.75],[47.404,30.819],[47.503,30.813],[47.515,30.799],[47.483,30.776],[47.38,30.758],[47.398,30.734],[47.521,30.744],[47.599,30.73],[47.572,30.73],[47.603,30.712]]]]}},{"type":"Feature","properties":{"n":"Khyargas Nuur"},"geometry":{"type":"MultiPolygon","coordinates":[[[[92.917,49.329],[92.917,49.329]]],[[[93.788,49.171],[93.807,49.157],[93.812,49.122],[93.786,49.102],[93.58,49.034],[93.479,49.036],[93.43,49.006],[93.43,48.979],[93.368,48.952],[93.335,48.983],[93.316,49.063],[93.281,49.109],[93.137,49.107],[93.081,49.164],[92.87,49.21],[92.827,49.233],[92.806,49.267],[92.815,49.295],[92.879,49.327],[92.952,49.325],[92.991,49.308],[93.136,49.34],[93.192,49.301],[93.369,49.273],[93.424,49.237],[93.443,49.185],[93.459,49.211],[93.486,49.22],[93.589,49.206],[93.657,49.144],[93.636,49.206],[93.659,49.219],[93.788,49.171]]]]}},{"type":"Feature","properties":{"n":"Lake Assal"},"geometry":{"type":"MultiPolygon","coordinates":[[[[42.422,11.711],[42.449,11.675],[42.411,11.625],[42.384,11.692],[42.422,11.711]]]]}},{"type":"Feature","properties":{"n":"Tengiz Köli"},"geometry":{"type":"MultiPolygon","coordinates":[[[[69.616,50.63],[69.647,50.625],[69.54,50.578],[69.442,50.593],[69.404,50.575],[69.274,50.583],[69.472,50.652],[69.452,50.668],[69.346,50.672],[69.318,50.62],[69.214,50.592],[69.206,50.542],[69.144,50.494],[69.131,50.459],[69.075,50.453],[69.057,50.42],[69.041,50.419],[69.05,50.445],[69.011,50.423],[69.034,50.367],[69.079,50.356],[69.103,50.309],[69.145,50.368],[69.264,50.353],[69.262,50.32],[69.286,50.272],[69.274,50.254],[69.178,50.247],[69.185,50.261],[69.171,50.267],[69.126,50.27],[69.116,50.256],[69.144,50.226],[68.969,50.179],[68.815,50.206],[68.822,50.22],[68.759,50.22],[68.767,50.233],[68.734,50.265],[68.661,50.241],[68.651,50.25],[68.725,50.299],[68.747,50.418],[68.775,50.473],[68.762,50.508],[68.817,50.565],[68.931,50.575],[69.037,50.556],[69.048,50.575],[69.135,50.56],[69.142,50.55],[69.121,50.538],[69.089,50.474],[69.162,50.531],[69.178,50.597],[69.293,50.638],[69.274,50.699],[69.308,50.716],[69.572,50.693],[69.613,50.675],[69.618,50.664],[69.59,50.665],[69.498,50.59],[69.616,50.63]]]]}},{"type":"Feature","properties":{"n":"Qusmuryn Köli"},"geometry":{"type":"MultiPolygon","coordinates":[[[[64.957,52.94],[64.998,52.915],[64.936,52.837],[64.963,52.741],[64.909,52.675],[64.82,52.639],[64.779,52.598],[64.733,52.631],[64.71,52.625],[64.737,52.604],[64.703,52.584],[64.737,52.563],[64.652,52.567],[64.6,52.522],[64.554,52.544],[64.524,52.516],[64.475,52.516],[64.463,52.529],[64.555,52.565],[64.6,52.652],[64.676,52.673],[64.701,52.703],[64.789,52.752],[64.824,52.823],[64.882,52.837],[64.875,52.851],[64.918,52.877],[64.957,52.94]]]]}},{"type":"Feature","properties":{"n":"Lake Taupo"},"geometry":{"type":"MultiPolygon","coordinates":[[[[176.077,-38.769],[176.073,-38.802],[176.045,-38.809],[176.001,-38.871],[175.913,-38.909],[175.862,-38.909],[175.852,-38.945],[175.753,-38.952],[175.782,-38.865],[175.814,-38.832],[175.817,-38.796],[175.793,-38.783],[175.747,-38.797],[175.746,-38.725],[175.802,-38.674],[175.859,-38.662],[175.872,-38.681],[175.899,-38.66],[175.922,-38.663],[175.91,-38.692],[175.964,-38.682],[175.966,-38.706],[176.008,-38.728],[176.066,-38.696],[176.08,-38.711],[176.077,-38.769]]]]}},{"type":"Feature","properties":{"n":"Lake Tekapo"},"geometry":{"type":"MultiPolygon","coordinates":[[[[170.557,-43.813],[170.544,-43.957],[170.518,-43.964],[170.494,-44.001],[170.466,-44.002],[170.507,-43.948],[170.491,-43.944],[170.488,-43.918],[170.507,-43.88],[170.51,-43.807],[170.519,-43.792],[170.559,-43.786],[170.557,-43.813]]]]}},{"type":"Feature","properties":{"n":"Lake Te Anau"},"geometry":{"type":"MultiPolygon","coordinates":[[[[167.952,-45.013],[167.952,-45.013]]]]}},{"type":"Feature","properties":{"n":"Lake Wakatipu"},"geometry":{"type":"MultiPolygon","coordinates":[[[[168.8,-45.259],[168.786,-45.322],[168.756,-45.33],[168.768,-45.284],[168.738,-45.185],[168.756,-45.144],[168.726,-45.107],[168.725,-45.079],[168.599,-45.11],[168.518,-45.113],[168.472,-45.09],[168.396,-44.966],[168.396,-44.848],[168.417,-44.848],[168.456,-44.899],[168.496,-45.038],[168.534,-45.073],[168.758,-45.016],[168.749,-45.059],[168.803,-45.117],[168.78,-45.236],[168.8,-45.259]]]]}},{"type":"Feature","properties":{"n":"Lake Pukaki"},"geometry":{"type":"MultiPolygon","coordinates":[[[[170.202,-44.035],[170.218,-44.061],[170.216,-44.161],[170.199,-44.178],[170.141,-44.18],[170.121,-44.169],[170.143,-44.135],[170.13,-43.91],[170.182,-43.9],[170.202,-44.035]]]]}},{"type":"Feature","properties":{"n":"Lake Manapouri"},"geometry":{"type":"MultiPolygon","coordinates":[[[[167.573,-45.477],[167.657,-45.484],[167.633,-45.492],[167.659,-45.55],[167.631,-45.565],[167.618,-45.558],[167.624,-45.541],[167.584,-45.53],[167.598,-45.543],[167.566,-45.573],[167.543,-45.542],[167.487,-45.521],[167.415,-45.579],[167.454,-45.502],[167.322,-45.515],[167.394,-45.489],[167.416,-45.449],[167.421,-45.486],[167.56,-45.494],[167.573,-45.477]]]]}},{"type":"Feature","properties":{"n":"Lake Te Anau"},"geometry":{"type":"MultiPolygon","coordinates":[[[[167.888,-44.941],[167.952,-44.933],[167.959,-44.943],[167.935,-44.951],[167.949,-44.998],[167.885,-45.133],[167.864,-45.148],[167.794,-45.384],[167.75,-45.403],[167.747,-45.438],[167.717,-45.438],[167.73,-45.353],[167.581,-45.352],[167.533,-45.302],[167.499,-45.309],[167.541,-45.289],[167.609,-45.333],[167.762,-45.333],[167.766,-45.283],[167.739,-45.219],[167.675,-45.182],[167.647,-45.145],[167.624,-45.155],[167.541,-45.145],[167.63,-45.131],[167.615,-45.095],[167.697,-45.157],[167.761,-45.178],[167.803,-45.171],[167.835,-45.145],[167.837,-45.119],[167.758,-45.043],[167.848,-45.097],[167.881,-45.037],[167.925,-44.995],[167.888,-44.941]]]]}},{"type":"Feature","properties":{"n":"Lake Wanaka"},"geometry":{"type":"MultiPolygon","coordinates":[[[[169.099,-44.682],[169.076,-44.656],[169.022,-44.672],[169.024,-44.646],[169.059,-44.628],[169.009,-44.632],[169.012,-44.616],[169.05,-44.592],[169.053,-44.545],[169.116,-44.507],[169.126,-44.387],[169.164,-44.318],[169.184,-44.318],[169.171,-44.357],[169.187,-44.381],[169.163,-44.488],[169.139,-44.537],[169.086,-44.581],[169.097,-44.641],[169.139,-44.631],[169.157,-44.654],[169.129,-44.662],[169.121,-44.696],[169.099,-44.682]]]]}},{"type":"Feature","properties":{"n":"Lake Hawea"},"geometry":{"type":"MultiPolygon","coordinates":[[[[169.207,-44.439],[169.301,-44.437],[169.351,-44.415],[169.388,-44.387],[169.414,-44.32],[169.45,-44.287],[169.416,-44.394],[169.31,-44.478],[169.308,-44.596],[169.251,-44.608],[169.253,-44.458],[169.207,-44.439]]]]}},{"type":"Feature","properties":{"n":"St. Marys River"},"geometry":{"type":"MultiPolygon","coordinates":[[[[-84.178,46.352],[-84.225,46.355],[-84.28,46.459],[-84.336,46.507],[-84.405,46.512],[-84.49,46.446],[-84.494,46.481],[-84.413,46.525],[-84.353,46.533],[-84.302,46.519],[-84.18,46.553],[-84.116,46.542],[-84.073,46.494],[-84.099,46.419],[-84.117,46.409],[-84.114,46.371],[-84.083,46.345],[-84.117,46.347],[-84.178,46.423],[-84.173,46.465],[-84.123,46.525],[-84.199,46.547],[-84.277,46.482],[-84.24,46.461],[-84.22,46.396],[-84.173,46.365],[-84.178,46.352]]]]}},{"type":"Feature","properties":{"n":"South Aral Sea"},"geometry":{"type":"MultiPolygon","coordinates":[[[[58.312,45.062],[58.372,45.131],[58.417,45.291],[58.549,45.408],[58.574,45.532],[58.604,45.579],[58.638,45.59],[58.653,45.722],[58.712,45.835],[58.746,45.851],[58.838,45.834],[58.814,45.882],[58.849,45.918],[59.06,45.895],[59.079,45.943],[59.149,45.947],[59.179,45.926],[59.24,45.994],[59.303,46.002],[59.301,45.958],[59.244,45.892],[59.173,45.875],[59.105,45.897],[59.045,45.875],[58.987,45.82],[58.914,45.795],[58.902,45.689],[58.869,45.596],[58.766,45.563],[58.735,45.507],[58.672,45.46],[58.638,45.354],[58.629,45.264],[58.682,45.13],[58.644,45.072],[58.547,45.008],[58.588,44.99],[58.588,44.95],[58.567,44.915],[58.623,44.855],[58.624,44.818],[58.595,44.772],[58.563,44.772],[58.579,44.756],[58.524,44.569],[58.483,44.504],[58.417,44.444],[58.364,44.425],[58.26,44.431],[58.235,44.461],[58.237,44.524],[58.262,44.557],[58.303,44.56],[58.321,44.603],[58.238,44.766],[58.221,44.847],[58.237,44.908],[58.281,44.964],[58.312,45.062]]]]}},{"type":"Feature","properties":{"n":"Barsakelmes Lake"},"geometry":{"type":"MultiPolygon","coordinates":[[[[59.729,46.083],[59.592,46.209],[59.504,46.319],[59.57,46.324],[59.589,46.304],[59.731,46.322],[59.785,46.284],[59.805,46.244],[59.813,46.124],[59.729,46.083]]]]}},{"type":"Feature","properties":{"n":"North Aral Sea"},"geometry":{"type":"MultiPolygon","coordinates":[[[[60.783,46.086],[60.752,46.118],[60.808,46.159],[60.825,46.201],[60.722,46.374],[60.706,46.375],[60.665,46.327],[60.616,46.328],[60.58,46.293],[60.471,46.331],[60.348,46.403],[60.133,46.357],[59.988,46.438],[59.977,46.481],[60.002,46.572],[60.036,46.601],[60.116,46.619],[60.237,46.696],[60.287,46.7],[60.333,46.669],[60.368,46.617],[60.411,46.483],[60.454,46.574],[60.459,46.628],[60.477,46.618],[60.473,46.606],[60.58,46.563],[60.671,46.589],[60.766,46.643],[60.635,46.715],[60.526,46.751],[60.525,46.777],[60.58,46.784],[60.811,46.747],[60.819,46.712],[60.776,46.581],[60.839,46.509],[60.892,46.473],[61.134,46.45],[61.227,46.468],[61.267,46.5],[61.23,46.548],[61.236,46.57],[61.207,46.58],[61.297,46.611],[61.315,46.648],[61.367,46.649],[61.409,46.673],[61.427,46.658],[61.528,46.677],[61.45,46.584],[61.311,46.475],[61.28,46.48],[61.277,46.429],[61.3,46.385],[61.217,46.237],[61.166,46.216],[61.12,46.217],[61.095,46.192],[60.977,46.17],[60.946,46.14],[60.868,46.112],[60.862,46.09],[60.783,46.086]]]]}},{"type":"Feature","properties":{"n":"Smallwood Reservoir"},"geometry":{"type":"MultiPolygon","coordinates":[[[[-63.084,54.011],[-63.065,53.995],[-63.147,53.987],[-63.156,53.981],[-63.134,53.961],[-63.201,53.95],[-63.264,53.961],[-63.248,53.972],[-63.259,53.992],[-63.456,54.016],[-63.483,53.995],[-63.606,53.984],[-63.603,53.972],[-63.459,53.956],[-63.354,53.913],[-63.593,53.941],[-63.711,53.908],[-63.798,53.913],[-63.771,53.872],[-63.716,53.858],[-64.104,53.845],[-64.114,53.899],[-64.163,53.943],[-64.124,53.969],[-64.148,53.989],[-64.136,54.009],[-64.152,54.029],[-64.299,54.023],[-64.336,54.052],[-64.493,54.07],[-64.6,54.051],[-64.585,54.028],[-64.481,53.987],[-64.609,53.964],[-64.569,53.939],[-64.502,53.934],[-64.533,53.91],[-64.62,53.931],[-64.635,53.907],[-64.764,53.914],[-64.837,53.941],[-64.922,53.926],[-64.998,53.892],[-64.992,53.875],[-65.006,53.871],[-65.121,53.886],[-65.115,53.866],[-65.17,53.851],[-65.039,53.79],[-65.065,53.784],[-65.217,53.838],[-65.286,53.838],[-65.245,53.824],[-65.225,53.795],[-65.327,53.762],[-65.328,53.742],[-65.237,53.686],[-65.155,53.694],[-65.217,53.622],[-65.211,53.609],[-65.17,53.618],[-65.17,53.563],[-65.08,53.519],[-65.101,53.498],[-65.124,53.497],[-65.232,53.6],[-65.218,53.544],[-65.282,53.492],[-65.001,53.475],[-64.962,53.455],[-64.966,53.434],[-65.122,53.432],[-65.265,53.471],[-65.402,53.458],[-65.445,53.497],[-65.594,53.516],[-65.567,53.543],[-65.602,53.566],[-65.463,53.533],[-65.379,53.531],[-65.364,53.538],[-65.371,53.553],[-65.431,53.599],[-65.367,53.6],[-65.354,53.57],[-65.339,53.571],[-65.293,53.604],[-65.342,53.64],[-65.327,53.66],[-65.461,53.74],[-65.451,53.749],[-65.319,53.682],[-65.338,53.72],[-65.417,53.779],[-65.3,53.783],[-65.321,53.822],[-65.288,53.858],[-65.314,53.906],[-65.365,53.949],[-65.405,53.955],[-65.38,53.924],[-65.395,53.916],[-65.385,53.889],[-65.424,53.888],[-65.58,53.992],[-65.443,53.926],[-65.448,53.951],[-65.429,53.968],[-65.488,54.028],[-65.508,54.037],[-65.534,54.022],[-65.544,54.049],[-65.587,54.057],[-65.666,54.125],[-65.748,54.122],[-65.759,54.105],[-65.731,54.077],[-65.768,54.089],[-66.026,54.294],[-66.081,54.309],[-66.101,54.352],[-66.124,54.342],[-66.187,54.378],[-66.204,54.414],[-66.223,54.405],[-66.267,54.424],[-66.279,54.441],[-66.252,54.431],[-66.244,54.465],[-66.367,54.552],[-66.478,54.596],[-66.438,54.506],[-66.362,54.427],[-66.177,54.345],[-66.427,54.396],[-66.478,54.365],[-66.464,54.332],[-66.478,54.332],[-66.445,54.311],[-66.338,54.284],[-66.32,54.263],[-66.358,54.269],[-66.382,54.249],[-66.4,54.273],[-66.464,54.29],[-66.37,54.201],[-66.326,54.199],[-66.303,54.115],[-66.33,54.127],[-66.362,54.187],[-66.403,54.193],[-66.425,54.22],[-66.469,54.234],[-66.56,54.399],[-66.595,54.42],[-66.588,54.434],[-66.464,54.398],[-66.461,54.416],[-66.526,54.441],[-66.565,54.479],[-66.623,54.468],[-66.621,54.535],[-66.601,54.543],[-66.491,54.509],[-66.705,54.606],[-66.546,54.55],[-66.661,54.62],[-66.636,54.626],[-66.601,54.606],[-66.629,54.65],[-66.622,54.661],[-66.55,54.613],[-66.528,54.61],[-66.516,54.647],[-66.485,54.64],[-66.546,54.688],[-66.478,54.68],[-66.546,54.735],[-66.512,54.735],[-66.54,54.797],[-66.523,54.794],[-66.519,54.811],[-66.457,54.79],[-66.458,54.76],[-66.435,54.751],[-66.416,54.763],[-66.328,54.742],[-66.608,54.905],[-66.615,54.928],[-66.677,54.982],[-66.578,54.938],[-66.546,54.941],[-66.574,54.968],[-66.533,54.968],[-66.656,55.058],[-66.571,55.021],[-66.546,55.03],[-66.595,55.064],[-66.588,55.079],[-66.468,54.991],[-66.423,54.976],[-66.591,55.103],[-66.559,55.111],[-66.534,55.081],[-66.516,55.082],[-66.54,55.126],[-66.498,55.098],[-66.442,55.026],[-66.382,55.019],[-66.358,54.991],[-66.299,54.975],[-66.31,54.951],[-66.341,54.938],[-66.416,54.954],[-66.328,54.907],[-66.334,54.886],[-66.389,54.885],[-66.438,54.92],[-66.416,54.879],[-66.457,54.893],[-66.432,54.87],[-66.379,54.857],[-66.376,54.835],[-66.397,54.818],[-66.382,54.804],[-66.505,54.886],[-66.488,54.897],[-66.509,54.917],[-66.554,54.907],[-66.498,54.851],[-66.357,54.778],[-66.3,54.729],[-66.354,54.701],[-66.43,54.729],[-66.344,54.689],[-66.328,54.667],[-66.395,54.671],[-66.397,54.66],[-66.357,54.649],[-66.313,54.66],[-66.218,54.601],[-66.2,54.56],[-66.154,54.558],[-66.15,54.524],[-66.115,54.488],[-66.204,54.516],[-66.286,54.594],[-66.457,54.646],[-66.439,54.618],[-66.238,54.488],[-66.16,54.465],[-66.064,54.392],[-66.04,54.332],[-66.037,54.354],[-65.978,54.345],[-65.984,54.316],[-65.932,54.259],[-65.903,54.249],[-65.899,54.302],[-65.917,54.318],[-65.883,54.315],[-65.803,54.174],[-65.676,54.146],[-65.697,54.187],[-65.659,54.182],[-65.632,54.129],[-65.564,54.077],[-65.457,54.048],[-65.361,53.968],[-65.36,53.987],[-65.423,54.044],[-65.397,54.046],[-65.445,54.085],[-65.441,54.119],[-65.43,54.133],[-65.352,54.115],[-65.381,54.13],[-65.384,54.145],[-65.361,54.151],[-65.305,54.122],[-65.293,54.146],[-65.238,54.16],[-65.296,54.208],[-65.297,54.224],[-65.227,54.214],[-65.209,54.232],[-65.189,54.199],[-65.198,54.187],[-65.078,54.108],[-65.012,54.103],[-65.032,54.125],[-64.947,54.094],[-64.849,54.088],[-64.991,54.159],[-64.994,54.195],[-65.025,54.232],[-65.005,54.263],[-65.011,54.284],[-65.083,54.369],[-65.129,54.392],[-65.125,54.454],[-65.272,54.455],[-65.281,54.44],[-65.32,54.475],[-65.269,54.475],[-65.258,54.488],[-65.281,54.641],[-65.265,54.66],[-65.196,54.633],[-65.172,54.634],[-65.152,54.667],[-65.127,54.656],[-65.145,54.599],[-65.135,54.571],[-65.155,54.568],[-65.196,54.612],[-65.227,54.607],[-65.241,54.598],[-65.23,54.54],[-65.184,54.539],[-65.151,54.494],[-65.135,54.524],[-65.103,54.501],[-65.08,54.475],[-65.111,54.44],[-65.101,54.392],[-64.946,54.312],[-64.953,54.295],[-64.988,54.308],[-64.978,54.251],[-64.991,54.243],[-64.93,54.163],[-64.868,54.14],[-64.885,54.154],[-64.882,54.174],[-64.792,54.16],[-64.748,54.125],[-64.717,54.122],[-64.682,54.144],[-64.614,54.131],[-64.626,54.16],[-64.693,54.185],[-64.782,54.256],[-64.747,54.281],[-64.759,54.306],[-64.722,54.315],[-64.713,54.337],[-64.609,54.28],[-64.578,54.281],[-64.67,54.335],[-64.617,54.334],[-64.556,54.363],[-64.534,54.335],[-64.561,54.306],[-64.537,54.287],[-64.549,54.271],[-64.543,54.228],[-64.497,54.233],[-64.496,54.278],[-64.427,54.291],[-64.441,54.343],[-64.413,54.366],[-64.395,54.359],[-64.381,54.399],[-64.436,54.423],[-64.436,54.472],[-64.386,54.519],[-64.342,54.629],[-64.395,54.684],[-64.378,54.717],[-64.446,54.76],[-64.457,54.777],[-64.446,54.789],[-64.374,54.749],[-64.34,54.701],[-64.291,54.686],[-64.252,54.636],[-64.252,54.619],[-64.296,54.621],[-64.305,54.581],[-64.35,54.565],[-64.374,54.524],[-64.365,54.499],[-64.299,54.499],[-64.241,54.414],[-64.186,54.433],[-64.147,54.422],[-64.122,54.401],[-64.143,54.381],[-64.115,54.329],[-64.128,54.31],[-64.106,54.292],[-64.023,54.292],[-63.97,54.256],[-63.928,54.253],[-63.888,54.17],[-63.843,54.149],[-63.777,54.082],[-63.655,54.054],[-63.527,54.061],[-63.521,54.071],[-63.744,54.118],[-63.682,54.125],[-63.642,54.148],[-63.626,54.183],[-63.539,54.209],[-63.599,54.231],[-63.601,54.264],[-63.632,54.269],[-63.679,54.234],[-63.702,54.242],[-63.739,54.291],[-63.596,54.299],[-63.565,54.32],[-63.451,54.345],[-63.413,54.375],[-63.272,54.425],[-63.234,54.419],[-63.311,54.349],[-63.279,54.34],[-63.309,54.321],[-63.242,54.301],[-63.271,54.28],[-63.259,54.263],[-63.095,54.242],[-63.183,54.222],[-63.195,54.201],[-63.235,54.195],[-63.239,54.171],[-63.214,54.143],[-63.185,54.141],[-63.181,54.125],[-63.202,54.112],[-63.114,54.096],[-63.141,54.085],[-63.147,54.054],[-63.084,54.011]],[[-65.154,54.106],[-65.132,54.112],[-65.175,54.149],[-65.194,54.124],[-65.159,54.096],[-65.154,54.106]],[[-64.837,54.111],[-64.83,54.1],[-64.774,54.104],[-64.838,54.14],[-64.837,54.111]],[[-64.826,54.047],[-64.792,54.051],[-64.803,54.065],[-64.88,54.055],[-64.826,54.047]],[[-64.573,54.188],[-64.533,54.171],[-64.496,54.201],[-64.573,54.188]],[[-64.604,54.014],[-64.643,54.017],[-64.642,54.003],[-64.559,53.998],[-64.604,54.014]],[[-64.563,54.077],[-64.525,54.091],[-64.512,54.12],[-64.551,54.132],[-64.604,54.104],[-64.664,54.114],[-64.711,54.098],[-64.651,54.059],[-64.563,54.077]],[[-64.341,54.3],[-64.299,54.294],[-64.298,54.309],[-64.32,54.318],[-64.298,54.325],[-64.316,54.351],[-64.406,54.334],[-64.401,54.312],[-64.341,54.3]],[[-64.314,54.228],[-64.252,54.243],[-64.36,54.258],[-64.404,54.198],[-64.331,54.18],[-64.33,54.216],[-64.314,54.228]],[[-64.312,54.164],[-64.28,54.152],[-64.224,54.171],[-64.177,54.16],[-64.159,54.199],[-64.239,54.228],[-64.285,54.213],[-64.279,54.184],[-64.312,54.164]],[[-64.163,54.077],[-64.161,54.113],[-64.29,54.116],[-64.25,54.053],[-64.191,54.052],[-64.216,54.076],[-64.163,54.077]],[[-63.628,54.008],[-63.603,54.013],[-63.677,54.032],[-63.665,54.012],[-63.628,54.008]],[[-63.247,54.088],[-63.264,54.077],[-63.199,54.068],[-63.198,54.081],[-63.247,54.088]],[[-63.315,54.106],[-63.353,54.132],[-63.391,54.13],[-63.44,54.117],[-63.449,54.1],[-63.389,54.087],[-63.315,54.106]],[[-63.382,54.249],[-63.4,54.227],[-63.335,54.216],[-63.238,54.237],[-63.32,54.243],[-63.305,54.273],[-63.341,54.274],[-63.382,54.249]],[[-63.523,54.236],[-63.433,54.225],[-63.42,54.256],[-63.371,54.284],[-63.51,54.276],[-63.543,54.241],[-63.523,54.236]],[[-63.5,54.115],[-63.432,54.152],[-63.457,54.156],[-63.336,54.173],[-63.447,54.177],[-63.511,54.199],[-63.594,54.165],[-63.526,54.165],[-63.599,54.14],[-63.545,54.108],[-63.5,54.115]],[[-63.218,54.011],[-63.189,54.037],[-63.419,54.064],[-63.559,54.03],[-63.218,54.011]]]]}},{"type":"Feature","properties":{"n":"Lago Gatun"},"geometry":{"type":"MultiPolygon","coordinates":[[[[-79.68,9.142],[-79.647,9.156],[-79.692,9.104],[-79.793,9.104],[-79.807,9.083],[-79.799,9.062],[-79.813,9.069],[-79.821,9.035],[-79.835,9.049],[-79.841,9.035],[-79.862,9.055],[-79.875,9.049],[-79.87,9.059],[-79.835,9.062],[-79.798,9.101],[-79.821,9.124],[-79.865,9.115],[-79.868,9.145],[-79.889,9.165],[-79.903,9.145],[-79.923,9.161],[-79.928,9.137],[-79.903,9.076],[-79.94,9.08],[-79.936,9.062],[-79.957,9.083],[-79.939,9.02],[-79.953,9.003],[-79.968,9.037],[-79.978,9.007],[-80.005,9.069],[-80.026,9.069],[-80.031,9.055],[-80.005,9.014],[-80.033,9.035],[-80.032,9.011],[-80.046,9.035],[-80.074,9.007],[-80.088,9.029],[-80.021,9.099],[-79.968,9.115],[-79.95,9.145],[-79.944,9.24],[-79.923,9.267],[-79.886,9.258],[-79.864,9.304],[-79.827,9.33],[-79.799,9.316],[-79.813,9.254],[-79.773,9.247],[-79.868,9.233],[-79.848,9.2],[-79.842,9.22],[-79.821,9.213],[-79.854,9.185],[-79.807,9.2],[-79.821,9.172],[-79.802,9.179],[-79.78,9.12],[-79.764,9.116],[-79.699,9.119],[-79.68,9.142]]]]}}]}