{"type":"FeatureCollection","features":[{"type":"Feature","properties":{"r":1,"n":"Irrawaddy Delta"},"geometry":{"type":"MultiLineString","coordinates":[[[95.451,17.821],[95.428,17.845],[95.305,17.75],[95.255,17.748],[95.197,17.677],[95.211,17.632],[95.161,17.609],[95.167,17.542],[95.109,17.488],[95.115,17.464],[95.085,17.46],[95.067,17.43],[95.092,17.43],[95.075,17.38],[95,17.334],[94.999,17.354],[94.981,17.359],[94.945,17.343],[94.93,17.279],[94.957,17.229],[94.876,17.148],[94.859,17.095],[94.82,17.07],[94.842,17.038],[94.788,17.028],[94.741,16.971],[94.725,16.785],[94.745,16.72],[94.725,16.693],[94.732,16.648],[94.677,16.532]],[[95.45,17.791],[95.493,17.844],[95.493,17.909],[95.558,17.929],[95.587,17.895],[95.602,17.902],[95.604,17.815],[95.644,17.734],[95.686,17.719],[95.663,17.686],[95.727,17.599],[95.725,17.532],[95.778,17.5],[95.778,17.453],[95.798,17.446],[95.822,17.4],[95.809,17.393],[95.84,17.352],[95.855,17.28],[95.958,17.158],[95.938,17.107],[95.949,17.047],[96.05,16.981],[96.129,16.777],[96.171,16.772]],[[95.465,17.707],[95.386,17.722],[95.369,17.635],[95.314,17.635],[95.308,17.618],[95.335,17.58],[95.325,17.553],[95.266,17.498],[95.342,17.457],[95.302,17.416],[95.333,17.353],[95.317,17.335],[95.269,17.333],[95.262,17.35],[95.281,17.371],[95.265,17.394],[95.239,17.33],[95.28,17.299],[95.215,17.309],[95.252,17.251],[95.246,17.208],[95.266,17.196],[95.196,17.127],[95.206,17.017],[95.156,16.929],[95.232,16.826],[95.197,16.758],[95.191,16.706],[95.157,16.707],[95.159,16.661],[95.122,16.621],[95.13,16.578],[95.038,16.561],[95.04,16.538],[94.993,16.495],[94.945,16.33],[94.82,16.217],[94.794,16.162]],[[95.607,16.858],[95.667,16.816],[95.663,16.737],[95.758,16.718],[95.786,16.638],[95.809,16.635],[95.859,16.662],[95.884,16.625],[95.883,16.535],[95.835,16.497],[95.869,16.46],[95.878,16.421],[96.007,16.387]],[[95.479,16.806],[95.481,16.75],[95.44,16.722],[95.437,16.683],[95.417,16.679],[95.39,16.504],[95.369,16.518],[95.383,16.485],[95.376,16.453],[95.349,16.402],[95.321,16.391],[95.282,16.304],[95.272,16.169],[95.185,16.045],[95.132,16.025]]]}},{"type":"Feature","properties":{"r":4,"n":"Araguaia"},"geometry":{"type":"MultiLineString","coordinates":[[[-53.115,-17.855],[-53.129,-17.684],[-53.217,-17.527],[-53.221,-17.45],[-53.19,-17.363],[-53.198,-17.266],[-53.038,-17.038],[-53.02,-16.868],[-52.964,-16.819],[-52.809,-16.745],[-52.712,-16.651],[-52.697,-16.589],[-52.633,-16.529],[-52.615,-16.423],[-52.583,-16.352],[-52.521,-16.292],[-52.431,-16.259],[-52.456,-16.135],[-52.444,-16.095],[-52.334,-16.046],[-52.307,-15.986],[-52.231,-15.899],[-52.03,-15.869],[-51.967,-15.801],[-51.898,-15.812],[-51.872,-15.792],[-51.774,-15.611],[-51.793,-15.539],[-51.786,-15.525],[-51.763,-15.539],[-51.749,-15.53],[-51.712,-15.474],[-51.676,-15.368],[-51.676,-15.289],[-51.649,-15.265],[-51.649,-15.19],[-51.576,-15.14],[-51.514,-15.063],[-51.454,-15.035],[-51.412,-14.995],[-51.351,-14.981],[-51.32,-14.956],[-51.298,-15.01],[-51.275,-15.018],[-51.16,-14.963],[-51.138,-14.912],[-51.1,-14.888],[-51.039,-14.658],[-50.984,-14.566],[-50.969,-14.502],[-50.996,-14.365],[-50.972,-14.324],[-50.964,-14.227],[-50.92,-14.155],[-50.929,-14.113],[-50.881,-14.111],[-50.847,-14.089],[-50.863,-13.974],[-50.847,-13.86],[-50.866,-13.713],[-50.797,-13.67],[-50.773,-13.623],[-50.758,-13.535],[-50.676,-13.446],[-50.656,-13.38],[-50.6,-13.309],[-50.567,-13.223],[-50.593,-13.072],[-50.56,-13.055],[-50.562,-13.006],[-50.497,-12.95],[-50.479,-12.881],[-50.487,-12.839],[-50.553,-12.833],[-50.571,-12.799],[-50.593,-12.812],[-50.614,-12.767],[-50.627,-12.651],[-50.658,-12.643],[-50.676,-12.619],[-50.662,-12.592],[-50.662,-12.605],[-50.65,-12.599],[-50.627,-12.448],[-50.614,-12.441],[-50.614,-12.377],[-50.631,-12.322],[-50.621,-12.292],[-50.676,-12.167],[-50.685,-12.024],[-50.653,-11.97],[-50.662,-11.941],[-50.643,-11.888],[-50.649,-11.873],[-50.679,-11.87],[-50.697,-11.769],[-50.717,-11.749],[-50.706,-11.706],[-50.655,-11.66],[-50.649,-11.619],[-50.659,-11.587],[-50.737,-11.516],[-50.744,-11.479],[-50.717,-11.359],[-50.662,-11.244],[-50.656,-11.116],[-50.614,-11.071],[-50.616,-10.998],[-50.642,-10.927],[-50.623,-10.895],[-50.618,-10.816],[-50.587,-10.753],[-50.599,-10.657],[-50.519,-10.558],[-50.525,-10.523],[-50.498,-10.482],[-50.494,-10.418],[-50.407,-10.299],[-50.388,-10.214],[-50.398,-10.153],[-50.378,-10.105],[-50.304,-10.021],[-50.279,-9.919],[-50.189,-9.741],[-50.15,-9.701],[-50.054,-9.319],[-49.833,-9.048],[-49.755,-8.923],[-49.682,-8.872],[-49.601,-8.848],[-49.566,-8.811],[-49.504,-8.709],[-49.504,-8.672],[-49.381,-8.437],[-49.305,-8.368],[-49.226,-8.094],[-49.195,-8.045],[-49.164,-7.804],[-49.348,-7.679],[-49.391,-7.598],[-49.39,-7.547],[-49.375,-7.5],[-49.218,-7.309],[-49.189,-7.247],[-49.189,-7.083],[-49.221,-6.964],[-49.217,-6.925],[-49.011,-6.781],[-48.847,-6.74],[-48.684,-6.663],[-48.654,-6.606],[-48.668,-6.542],[-48.606,-6.435],[-48.501,-6.351],[-48.462,-6.342],[-48.38,-6.36],[-48.378,-6.328],[-48.408,-6.299],[-48.424,-6.245],[-48.425,-6.157],[-48.284,-6.098],[-48.284,-6.055],[-48.333,-6.024],[-48.334,-5.976],[-48.242,-5.945],[-48.223,-5.914],[-48.291,-5.828],[-48.297,-5.75],[-48.289,-5.727],[-48.186,-5.701],[-48.143,-5.646],[-48.149,-5.61],[-48.209,-5.539],[-48.271,-5.534],[-48.297,-5.517],[-48.377,-5.394],[-48.556,-5.413],[-48.687,-5.358],[-48.861,-5.331],[-48.937,-5.303]]]}},{"type":"Feature","properties":{"r":4,"n":"Vaal"},"geometry":{"type":"MultiLineString","coordinates":[[[30.135,-26.383],[30.186,-26.416],[30.235,-26.51],[30.22,-26.564],[30.171,-26.602],[30.165,-26.626],[30.016,-26.743],[29.864,-26.785],[29.827,-26.812],[29.81,-26.798],[29.77,-26.845],[29.752,-26.818],[29.747,-26.832],[29.645,-26.854],[29.536,-26.862],[29.48,-26.846],[29.495,-26.873],[29.454,-26.931],[29.375,-26.911],[29.336,-26.926],[29.318,-26.903],[29.297,-26.904],[29.188,-27.018],[29.062,-27.044]],[[28.124,-26.867],[28.031,-26.803],[27.981,-26.713],[27.996,-26.697],[27.959,-26.667],[27.882,-26.724],[27.774,-26.751],[27.76,-26.778],[27.729,-26.757],[27.643,-26.764],[27.616,-26.727],[27.582,-26.738],[27.569,-26.744],[27.576,-26.764],[27.519,-26.781],[27.511,-26.833],[27.469,-26.88],[27.394,-26.896],[27.336,-26.859],[27.307,-26.862],[27.18,-26.96],[27.178,-26.924],[26.999,-26.923],[26.966,-26.908],[26.932,-26.865],[26.914,-26.89],[26.918,-26.955],[26.857,-26.913],[26.817,-26.943],[26.794,-26.928],[26.708,-26.979],[26.694,-27.017],[26.645,-26.999],[26.615,-27.014],[26.581,-27.052],[26.582,-27.095],[26.568,-27.106],[26.532,-27.099],[26.49,-27.139],[26.431,-27.154],[26.411,-27.177],[26.486,-27.254],[26.485,-27.311],[26.45,-27.353],[26.513,-27.391],[26.362,-27.387],[26.325,-27.421],[26.274,-27.413],[26.232,-27.447],[26.227,-27.495],[26.091,-27.603]],[[29.056,-27.044],[29.053,-27.027],[28.97,-26.994],[28.884,-27.044],[28.853,-27.03],[28.823,-27.039],[28.652,-26.956],[28.62,-26.98],[28.657,-27.006],[28.606,-27.011],[28.535,-27.058],[28.55,-27.022],[28.519,-26.997]],[[25.622,-27.668],[25.581,-27.655],[25.534,-27.687],[25.496,-27.684],[25.421,-27.71],[25.327,-27.782],[25.28,-27.788],[25.24,-27.823],[25.246,-27.847],[25.208,-27.894],[25.174,-27.922],[25.129,-27.929],[25.098,-27.978],[25.102,-27.997],[25.053,-28.058],[25.023,-28.055],[24.949,-28.098],[24.869,-28.083],[24.801,-28.104],[24.734,-28.187],[24.732,-28.23],[24.692,-28.282],[24.69,-28.306],[24.723,-28.336],[24.698,-28.384],[24.71,-28.453],[24.677,-28.464],[24.701,-28.497],[24.666,-28.505],[24.629,-28.484],[24.603,-28.493],[24.594,-28.595],[24.567,-28.597],[24.565,-28.552],[24.543,-28.539],[24.488,-28.549],[24.436,-28.6],[24.4,-28.556],[24.39,-28.479],[24.266,-28.416],[24.229,-28.484],[24.064,-28.644],[24.066,-28.704],[24.019,-28.748],[24.033,-28.806],[23.984,-28.847],[24,-28.86],[23.995,-28.881],[23.959,-28.88],[23.968,-28.961],[23.885,-28.96],[23.868,-29.012],[23.82,-29.039],[23.765,-29.039],[23.73,-29.06],[23.656,-29.046],[23.628,-29.073]]]}},{"type":"Feature","properties":{"r":4,"n":"Aldan"},"geometry":{"type":"MultiLineString","coordinates":[[[123.566,56.528],[123.514,56.525],[123.446,56.55],[123.067,56.557],[123.062,56.648],[123.158,56.778],[123.15,56.791],[123.174,56.829],[123.168,56.908],[123.198,56.942],[123.204,57.012],[123.28,57.081],[123.321,57.093],[123.366,57.13],[123.368,57.15],[123.343,57.171],[123.35,57.187],[123.452,57.204],[123.528,57.266],[123.564,57.327],[123.566,57.347],[123.531,57.359],[123.528,57.383],[123.622,57.478],[123.601,57.499],[123.497,57.507],[123.541,57.57],[123.526,57.613],[123.533,57.641],[123.597,57.698],[123.731,57.644],[123.787,57.68],[123.836,57.743],[123.811,57.808],[123.76,57.849],[123.759,57.895],[123.706,57.928],[123.731,57.964],[123.714,58.027],[123.759,58.123],[123.812,58.163],[123.93,58.185],[123.965,58.231],[124.021,58.245],[123.973,58.279],[124.037,58.327],[124.152,58.305],[124.293,58.334],[124.329,58.392],[124.315,58.462],[124.379,58.508],[124.39,58.561],[124.483,58.657],[124.507,58.705],[124.657,58.757],[124.747,58.742],[124.794,58.82],[124.877,58.806],[124.954,58.819],[124.996,58.836],[125.023,58.888],[125.14,58.932],[125.151,58.957],[125.132,58.982],[125.156,59.006],[125.221,59.033],[125.3,59.018],[125.353,59.045],[125.362,59.082],[125.296,59.128],[125.305,59.152],[125.349,59.185],[125.304,59.271],[125.308,59.301],[125.346,59.331],[125.375,59.329],[125.454,59.282],[125.587,59.264],[125.784,59.112],[125.975,59.053],[126.096,59.051],[126.157,59.034],[126.233,58.991],[126.302,58.928],[126.394,58.921],[126.569,58.847],[126.696,58.864],[126.779,58.828],[126.978,58.799],[127.041,58.777],[127.099,58.724],[127.157,58.728],[127.219,58.755],[127.263,58.819],[127.353,58.819],[127.418,58.783],[127.494,58.786],[127.533,58.801],[127.605,58.862],[127.725,58.814],[127.79,58.825],[127.814,58.813],[127.819,58.729],[127.875,58.74],[127.937,58.677],[127.964,58.676],[128.032,58.705],[128.076,58.795],[128.121,58.82],[128.266,58.811],[128.305,58.746],[128.35,58.735],[128.414,58.801],[128.419,58.843],[128.459,58.857],[128.495,58.838],[128.54,58.734],[128.534,58.699],[128.676,58.678],[128.71,58.631],[128.724,58.558],[128.991,58.538],[129.091,58.505],[129.178,58.512],[129.293,58.551],[129.405,58.558],[129.743,58.48],[130.022,58.581],[130.07,58.634],[130.121,58.656],[130.206,58.653],[130.304,58.614],[130.544,58.6],[130.598,58.629],[130.62,58.679],[130.578,58.82],[130.674,58.881],[131.006,58.918],[131.106,58.957],[131.195,58.94],[131.23,58.881],[131.245,58.88],[131.317,58.922],[131.328,58.976],[131.465,58.935],[131.503,58.936],[131.571,58.99],[131.606,58.998],[131.709,58.981],[131.743,59.011],[131.82,59.017],[131.876,59.069],[131.947,59.095],[131.939,59.152],[131.952,59.177],[132.08,59.182],[132.157,59.155],[132.22,59.208],[132.366,59.242],[132.44,59.31],[132.573,59.314],[132.651,59.381],[132.729,59.415],[132.814,59.417],[132.93,59.381],[133.037,59.403],[133.099,59.488],[133.106,59.604],[133.122,59.63],[133.348,59.651],[133.4,59.714],[133.519,59.776],[133.747,59.947],[133.804,60.008],[133.916,60.067],[133.972,60.132],[134.079,60.208],[134.245,60.266],[134.554,60.444],[134.655,60.476],[134.755,60.465],[134.951,60.373],[135.038,60.356],[135.092,60.364],[135.143,60.474],[135.093,60.536],[134.928,60.602],[134.914,60.64],[134.923,60.712],[134.954,60.737],[135.102,60.779],[135.174,60.847],[135.307,60.878],[135.342,60.911],[135.359,60.984],[135.439,61.051],[135.464,61.11],[135.529,61.16],[135.441,61.29],[135.522,61.359],[135.511,61.399],[135.346,61.418],[135.336,61.439],[135.367,61.504],[135.523,61.563],[135.537,61.632],[135.515,61.642],[135.332,61.634],[135.274,61.688],[135.202,61.708],[135.176,61.746],[135.201,61.772],[135.269,61.787],[135.389,61.782],[135.525,61.806],[135.541,61.846],[135.513,61.906],[135.544,61.955],[135.764,62.063],[135.664,62.131],[135.659,62.188],[135.675,62.208],[135.821,62.226],[135.882,62.285],[135.811,62.359],[135.691,62.406],[135.653,62.452],[135.624,62.529],[135.54,62.61],[135.532,62.675],[135.361,62.68],[135.285,62.619],[135.216,62.602],[135.139,62.65],[135.027,62.652],[134.938,62.631],[134.792,62.662],[134.686,62.722],[134.58,62.734],[134.549,62.774],[134.475,62.804],[134.327,62.822],[134.263,62.867],[134.179,62.885],[134.173,62.898],[134.217,62.963],[134.2,62.987],[133.985,62.994],[133.977,63.022],[133.934,63.048],[134.008,63.131],[133.984,63.152],[133.878,63.169],[133.694,63.152],[133.4,63.054],[133.26,63.07],[133.115,63.157],[133.24,63.239],[133.246,63.271],[133.2,63.316],[133.246,63.363],[133.226,63.38],[132.979,63.392],[132.6,63.339],[132.44,63.342],[132.217,63.287],[132.034,63.303],[131.831,63.358],[131.669,63.367],[131.419,63.414],[131.308,63.399],[131.113,63.303],[130.94,63.291],[130.835,63.299],[130.562,63.361],[130.345,63.339],[130.148,63.399],[129.831,63.437],[129.721,63.423],[129.483,63.489],[129.384,63.49]]]}},{"type":"Feature","properties":{"r":4,"n":"Columbia"},"geometry":{"type":"MultiLineString","coordinates":[[[-119.052,46.224],[-118.958,46.155],[-118.919,46.08]],[[-110.631,43.837],[-110.64,43.758],[-110.733,43.651],[-110.76,43.547],[-110.843,43.5],[-110.819,43.413],[-110.736,43.392],[-110.711,43.367],[-110.719,43.325],[-110.781,43.292],[-110.769,43.242],[-110.805,43.213],[-110.936,43.212],[-110.967,43.205],[-110.994,43.174],[-111.041,43.175]],[[-111.188,43.339],[-111.336,43.456],[-111.402,43.484],[-111.414,43.562],[-111.433,43.587],[-111.516,43.623],[-111.59,43.606],[-111.637,43.622],[-111.682,43.664],[-111.837,43.724],[-111.886,43.766],[-111.912,43.771],[-111.953,43.751],[-112.048,43.778],[-112.082,43.751],[-112.058,43.746],[-112.08,43.707],[-112.049,43.682],[-112.028,43.497],[-112.124,43.42],[-112.202,43.292],[-112.465,43.164],[-112.566,43.062],[-112.639,43.024]],[[-112.864,42.812],[-112.895,42.758],[-113.075,42.644],[-113.247,42.633],[-113.316,42.654]],[[-113.474,42.675],[-113.56,42.646],[-113.637,42.561],[-113.674,42.546],[-113.723,42.548],[-113.748,42.568],[-113.823,42.551],[-113.875,42.565],[-114.119,42.514],[-114.166,42.544],[-114.488,42.62],[-114.593,42.66],[-114.779,42.675],[-114.831,42.729],[-114.832,42.762],[-114.916,42.803],[-114.909,42.845],[-114.885,42.86],[-114.906,42.894],[-114.963,42.923],[-115.128,42.919],[-115.168,42.993],[-115.192,43.007],[-115.286,42.961],[-115.451,42.935],[-115.571,42.947],[-115.623,42.969],[-115.734,42.95],[-115.775,42.997],[-115.924,43.02],[-115.945,43.014],[-115.968,42.97],[-115.991,42.964],[-116.174,43.059],[-116.196,43.107],[-116.297,43.147],[-116.346,43.184],[-116.359,43.243],[-116.4,43.297],[-116.491,43.301],[-116.555,43.323],[-116.758,43.49],[-116.794,43.587],[-116.92,43.643],[-116.959,43.685],[-117.077,43.71],[-117.024,43.798],[-117.031,43.829],[-116.971,43.893],[-116.936,44.017],[-116.969,44.1],[-116.921,44.113],[-116.892,44.177],[-116.961,44.224],[-116.974,44.268],[-117.044,44.26],[-117.099,44.292],[-117.14,44.264],[-117.195,44.298],[-117.195,44.35],[-117.215,44.395],[-117.194,44.456],[-117.204,44.482],[-117.122,44.554],[-117.104,44.612],[-117.029,44.734],[-116.932,44.79],[-116.864,44.866],[-116.822,44.966],[-116.831,45.025],[-116.718,45.151],[-116.656,45.285],[-116.649,45.347],[-116.539,45.471],[-116.512,45.536],[-116.455,45.601],[-116.464,45.642],[-116.543,45.762],[-116.688,45.827],[-116.76,45.838],[-116.839,45.91],[-116.902,46.046],[-116.961,46.105],[-116.918,46.142],[-116.909,46.183],[-116.956,46.281],[-117.044,46.378],[-117.024,46.451],[-117.209,46.444],[-117.23,46.542],[-117.362,46.62],[-117.447,46.705],[-117.6,46.691],[-117.671,46.719],[-117.733,46.694],[-117.794,46.633],[-117.849,46.635],[-117.903,46.603],[-118.115,46.571],[-118.167,46.572],[-118.23,46.615],[-118.476,46.597],[-118.593,46.525],[-118.623,46.429],[-118.733,46.369],[-118.759,46.316],[-118.984,46.246],[-119.03,46.215]]]}},{"type":"Feature","properties":{"r":4,"n":"São  Francisco"},"geometry":{"type":"MultiLineString","coordinates":[[[-40.818,-9.438],[-40.719,-9.448],[-40.622,-9.486],[-40.554,-9.464],[-40.528,-9.418],[-40.45,-9.395],[-40.425,-9.364],[-40.343,-9.367],[-40.328,-9.351],[-40.273,-9.104],[-40.25,-9.071],[-40.212,-9.063],[-40.157,-9.098],[-40.114,-9.103],[-40.054,-9.063],[-39.969,-9.043],[-39.889,-8.959],[-39.876,-8.91],[-39.898,-8.849],[-39.883,-8.818],[-39.69,-8.782],[-39.68,-8.65],[-39.606,-8.642],[-39.403,-8.534],[-39.362,-8.529],[-39.273,-8.577],[-39.221,-8.677],[-39.029,-8.733],[-38.968,-8.789],[-38.855,-8.769],[-38.706,-8.841],[-38.645,-8.977],[-38.608,-8.971],[-38.59,-8.859],[-38.564,-8.829],[-38.528,-8.819],[-38.485,-8.837],[-38.466,-8.864],[-38.472,-8.891],[-38.512,-8.947],[-38.481,-9],[-38.41,-9.034],[-38.321,-8.988],[-38.288,-9.014],[-38.315,-9.076],[-38.314,-9.132],[-38.19,-9.42],[-38.021,-9.473],[-37.985,-9.536],[-37.896,-9.556],[-37.805,-9.611],[-37.793,-9.639],[-37.7,-9.639],[-37.566,-9.727],[-37.519,-9.741],[-37.47,-9.735],[-37.359,-9.773],[-37.297,-9.805],[-37.215,-9.897],[-37.145,-9.901],[-37.042,-9.976],[-36.983,-9.967],[-36.942,-10.015],[-36.931,-10.119],[-36.867,-10.149],[-36.824,-10.214],[-36.765,-10.228],[-36.725,-10.258],[-36.679,-10.276],[-36.655,-10.256],[-36.621,-10.254],[-36.564,-10.332],[-36.566,-10.411],[-36.455,-10.411],[-36.426,-10.436],[-36.408,-10.496]],[[-45.262,-18.204],[-45.228,-18.163],[-45.236,-18.1],[-45.175,-18.112],[-45.194,-18.05],[-45.173,-18.03],[-45.185,-17.977],[-45.119,-17.934],[-45.105,-17.855],[-45.115,-17.81],[-45.08,-17.774],[-45.027,-17.777],[-44.999,-17.757],[-44.998,-17.713],[-45.036,-17.597],[-44.982,-17.551],[-44.984,-17.5],[-44.954,-17.471],[-44.935,-17.38],[-44.947,-17.328],[-44.921,-17.264],[-44.847,-17.221],[-44.837,-17.191],[-44.849,-17.151],[-44.791,-17.086],[-44.806,-17.014],[-44.87,-16.962],[-44.885,-16.903],[-44.904,-16.909],[-44.916,-16.819],[-45.008,-16.752],[-45.015,-16.692],[-45.063,-16.656],[-45.063,-16.615],[-45.087,-16.583],[-45.107,-16.503],[-45.097,-16.474],[-45.063,-16.466],[-45.034,-16.424],[-45.057,-16.368],[-45.035,-16.337],[-45.065,-16.092],[-45.049,-15.991],[-45.029,-15.973],[-44.909,-15.964],[-44.88,-15.948],[-44.804,-15.823],[-44.74,-15.782],[-44.669,-15.768],[-44.6,-15.716],[-44.563,-15.711],[-44.479,-15.632],[-44.412,-15.608],[-44.383,-15.58],[-44.358,-15.494],[-44.294,-15.466],[-44.244,-15.406],[-44.193,-15.395],[-44.173,-15.374],[-44.138,-15.258],[-44.104,-15.213],[-44.096,-15.122],[-44.021,-15.073],[-44.021,-15.007],[-43.929,-14.861],[-43.932,-14.778],[-43.868,-14.5],[-43.824,-14.394],[-43.686,-14.203],[-43.61,-13.83],[-43.587,-13.763],[-43.556,-13.737],[-43.57,-13.695],[-43.559,-13.641],[-43.528,-13.593],[-43.453,-13.527],[-43.446,-13.442],[-43.468,-13.321],[-43.432,-13.205],[-43.453,-13.165],[-43.459,-13.051],[-43.404,-12.981],[-43.395,-12.881],[-43.353,-12.847],[-43.259,-12.701],[-43.202,-12.67],[-43.185,-12.637],[-43.213,-12.571],[-43.251,-12.37],[-43.28,-12.325],[-43.256,-12.239],[-43.22,-12.188],[-43.256,-12.155],[-43.357,-11.955],[-43.354,-11.917],[-43.319,-11.862],[-43.323,-11.825],[-43.35,-11.791],[-43.35,-11.739],[-43.385,-11.681],[-43.386,-11.634],[-43.373,-11.603],[-43.29,-11.554],[-43.241,-11.447],[-43.229,-11.38],[-43.181,-11.318],[-43.195,-11.247],[-43.15,-11.143]]]}},{"type":"Feature","properties":{"r":4,"n":"Rhein"},"geometry":{"type":"MultiLineString","coordinates":[[[9.128,47.671],[9.183,47.671]],[[9.409,46.835],[9.496,46.863],[9.532,46.887],[9.553,46.931],[9.54,46.975],[9.477,47.06],[9.512,47.108],[9.484,47.177],[9.487,47.21],[9.639,47.395],[9.65,47.452],[9.584,47.481],[9.554,47.511]],[[8.71,46.623],[8.729,46.669],[8.829,46.688],[8.918,46.734],[9.416,46.835]]]}},{"type":"Feature","properties":{"r":4,"n":"Sukhona"},"geometry":{"type":"MultiLineString","coordinates":[[[39.053,59.868],[38.998,59.918],[38.928,59.939],[38.656,59.93]],[[39.808,59.518],[39.967,59.524],[40.042,59.507],[40.123,59.458],[40.199,59.459],[40.264,59.408],[40.27,59.354],[40.241,59.312],[40.259,59.294],[40.415,59.345],[40.536,59.32],[40.623,59.327],[40.677,59.354],[40.704,59.391],[40.87,59.43],[40.951,59.427],[41.058,59.385],[41.105,59.387],[41.192,59.402],[41.446,59.409],[41.657,59.471],[41.861,59.483],[41.919,59.515],[41.909,59.563],[42.089,59.65],[42.369,59.667],[42.624,59.769],[42.659,59.857],[42.74,59.957],[42.913,59.965],[43.042,60.044],[43.49,60.101],[43.569,60.175],[43.738,60.188],[43.911,60.234],[44.06,60.324],[44.086,60.356],[44.398,60.465],[44.506,60.461],[44.772,60.503],[45.025,60.597],[45.55,60.608],[45.629,60.627],[45.776,60.704],[45.994,60.677],[46.054,60.711],[46.121,60.707],[46.223,60.763],[46.34,60.749]]]}},{"type":"Feature","properties":{"r":4,"n":"Shishhid Gol"},"geometry":{"type":"MultiLineString","coordinates":[[[99.31,51.41],[99.223,51.438],[99.104,51.445],[99.052,51.475],[98.902,51.493],[98.685,51.493],[98.559,51.461],[98.516,51.473],[98.459,51.426],[98.349,51.418],[98.22,51.475],[98.111,51.485],[98.045,51.466],[98.042,51.513],[98,51.514]],[[98.809,50.627],[98.847,50.591],[98.901,50.594],[99.044,50.533],[99.086,50.555],[99.121,50.61],[99.214,50.63],[99.211,50.668],[99.248,50.699],[99.198,50.74],[99.193,50.768],[99.343,50.797],[99.365,50.823],[99.375,50.909],[99.439,50.968],[99.454,51],[99.451,51.053],[99.515,51.123],[99.456,51.157],[99.447,51.198],[99.42,51.226],[99.454,51.253],[99.481,51.322],[99.456,51.349],[99.424,51.349]]]}},{"type":"Feature","properties":{"r":4,"n":"Paranaíba"},"geometry":{"type":"MultiLineString","coordinates":[[[-49.108,-18.389],[-49.131,-18.383],[-49.155,-18.41],[-49.203,-18.41],[-49.187,-18.442],[-49.211,-18.475],[-49.292,-18.554],[-49.33,-18.564],[-49.36,-18.63],[-49.381,-18.643],[-49.402,-18.639],[-49.446,-18.578],[-49.48,-18.557],[-49.493,-18.495],[-49.524,-18.482],[-49.552,-18.526],[-49.644,-18.557],[-49.641,-18.595],[-49.706,-18.584],[-49.728,-18.608],[-49.759,-18.598],[-49.789,-18.615]],[[-48.018,-18.434],[-48.052,-18.407],[-48.137,-18.407],[-48.227,-18.34]],[[-46.314,-19.171],[-46.36,-19.167],[-46.461,-18.965],[-46.561,-18.852],[-46.502,-18.773],[-46.55,-18.739],[-46.509,-18.676],[-46.509,-18.623],[-46.555,-18.527],[-46.558,-18.493],[-46.544,-18.5],[-46.564,-18.431],[-46.612,-18.39],[-46.626,-18.397],[-46.64,-18.383],[-46.64,-18.397],[-46.684,-18.343],[-46.715,-18.328],[-46.729,-18.342],[-46.729,-18.322],[-46.742,-18.327],[-46.783,-18.287],[-46.79,-18.3],[-46.839,-18.293],[-46.887,-18.266],[-46.9,-18.28],[-46.952,-18.249],[-46.996,-18.266],[-47.004,-18.292],[-47.016,-18.273],[-47.048,-18.291],[-47.11,-18.286],[-47.119,-18.28],[-47.098,-18.262],[-47.133,-18.253],[-47.147,-18.222],[-47.181,-18.212],[-47.174,-18.178],[-47.188,-18.169],[-47.174,-18.156],[-47.222,-18.143],[-47.202,-18.122],[-47.251,-18.103],[-47.276,-18.054],[-47.34,-18.077],[-47.349,-18.105],[-47.387,-18.116],[-47.393,-18.136],[-47.447,-18.171]]]}},{"type":"Feature","properties":{"r":4,"n":"La Grande"},"geometry":{"type":"MultiLineString","coordinates":[[[-77.42,53.798],[-77.694,53.828],[-77.895,53.77],[-78.056,53.769],[-78.219,53.743],[-78.656,53.762],[-78.864,53.794],[-78.901,53.817]],[[-72.036,53.598],[-72.114,53.604],[-72.124,53.622],[-72.067,53.653],[-72.128,53.661],[-72.217,53.653],[-72.289,53.611],[-72.33,53.608],[-72.363,53.625],[-72.388,53.658],[-72.392,53.693],[-72.408,53.697],[-72.48,53.699],[-72.533,53.673],[-72.786,53.673],[-72.78,53.698],[-72.707,53.714],[-72.853,53.734],[-72.886,53.755],[-72.883,53.784],[-72.906,53.814],[-73.047,53.841],[-73.097,53.82],[-73.148,53.88],[-73.303,53.892],[-73.279,53.909],[-73.288,53.917],[-73.447,53.913],[-73.533,53.872],[-73.639,53.858],[-73.803,53.77],[-74.266,53.68],[-74.349,53.693],[-74.439,53.684]],[[-71.117,53.591],[-71.159,53.61],[-71.226,53.609],[-71.244,53.647],[-71.317,53.664],[-71.309,53.68],[-71.331,53.688],[-71.384,53.667],[-71.436,53.687],[-71.54,53.671],[-71.626,53.64],[-71.669,53.673],[-71.816,53.646]],[[-70.48,53.406],[-70.446,53.385],[-70.4,53.409],[-70.347,53.479],[-70.349,53.513],[-70.5,53.495],[-70.549,53.463],[-70.69,53.453],[-70.771,53.42],[-70.845,53.428]]]}},{"type":"Feature","properties":{"r":1,"n":"Ucayali"},"geometry":{"type":"MultiLineString","coordinates":[[[-71.669,-15.336],[-71.638,-15.237],[-71.654,-15.177],[-71.645,-15.162],[-71.602,-15.17],[-71.587,-15.159],[-71.586,-15.142],[-71.638,-15.086],[-71.627,-14.983],[-71.519,-14.862],[-71.474,-14.726],[-71.481,-14.689],[-71.442,-14.66],[-71.465,-14.61],[-71.467,-14.474],[-71.499,-14.374],[-71.504,-14.292],[-71.545,-14.2],[-71.592,-14.166],[-71.692,-14.134],[-71.708,-14.114],[-71.753,-13.974],[-71.817,-13.887],[-71.83,-13.818],[-71.957,-13.832],[-71.979,-13.826],[-72.001,-13.778],[-72.067,-13.761],[-72.165,-13.784],[-72.272,-13.695],[-72.322,-13.699],[-72.376,-13.675],[-72.43,-13.598],[-72.605,-13.562],[-72.803,-13.435],[-72.882,-13.429],[-72.904,-13.395],[-72.964,-13.398],[-73.016,-13.429],[-73.049,-13.425],[-73.097,-13.458],[-73.149,-13.429],[-73.17,-13.441],[-73.221,-13.422],[-73.303,-13.358],[-73.411,-13.209],[-73.471,-13.175],[-73.513,-13.119],[-73.564,-13.092],[-73.549,-13.064],[-73.569,-12.986],[-73.556,-12.966],[-73.587,-12.935],[-73.669,-12.692],[-73.726,-12.629],[-73.742,-12.619],[-73.748,-12.64],[-73.763,-12.628],[-73.817,-12.558],[-73.83,-12.516],[-73.859,-12.505],[-73.859,-12.448],[-73.962,-12.277],[-73.978,-12.204],[-74.027,-12.113],[-74.074,-12.09],[-74.091,-12.047],[-74.078,-12.002],[-74.024,-11.912],[-73.97,-11.891],[-73.956,-11.861],[-74.058,-11.669],[-74.071,-11.605],[-74.125,-11.578],[-74.133,-11.469],[-74.219,-11.366],[-74.259,-11.291],[-74.27,-11.232],[-74.256,-11.153],[-74.192,-11.144],[-74.172,-11.164],[-74.086,-11.19],[-74.049,-11.156],[-73.769,-11.289],[-73.693,-11.263],[-73.721,-11.222],[-73.748,-11.119],[-73.742,-11.085],[-73.785,-10.975],[-73.781,-10.927],[-73.749,-10.869],[-73.776,-10.789],[-73.742,-10.725],[-73.864,-10.653],[-73.906,-10.598],[-73.989,-10.563],[-74.026,-10.462],[-74.044,-10.331],[-74.004,-10.287],[-74.026,-10.248],[-74,-10.211],[-74.012,-10.191],[-74.056,-10.196],[-74.03,-10.163],[-74.042,-10.114],[-73.986,-10.102],[-73.961,-10.077],[-73.972,-10.063],[-74.016,-10.071],[-74.052,-10.042],[-74.071,-10.006],[-74.064,-9.964],[-74.078,-9.934],[-74.067,-9.903],[-74.013,-9.94],[-73.994,-9.932],[-73.955,-9.879],[-73.953,-9.834],[-73.987,-9.82],[-74.114,-9.838],[-74.146,-9.827],[-74.146,-9.749],[-74.181,-9.683],[-74.153,-9.646],[-74.165,-9.588],[-74.187,-9.56],[-74.226,-9.547],[-74.215,-9.488],[-74.227,-9.472],[-74.284,-9.509],[-74.282,-9.439],[-74.331,-9.386],[-74.411,-9.343],[-74.42,-9.279],[-74.379,-9.204],[-74.386,-9.142],[-74.435,-9.098],[-74.441,-9.116],[-74.468,-9.106],[-74.476,-9.066],[-74.435,-9.036],[-74.476,-9.029],[-74.493,-9.011],[-74.515,-8.858],[-74.558,-8.84],[-74.566,-8.816],[-74.544,-8.769],[-74.393,-8.638],[-74.353,-8.564],[-74.318,-8.569],[-74.295,-8.608],[-74.264,-8.59],[-74.285,-8.508],[-74.271,-8.443],[-74.33,-8.438],[-74.379,-8.501],[-74.462,-8.44],[-74.505,-8.469],[-74.523,-8.371],[-74.5,-8.317],[-74.508,-8.272],[-74.606,-8.225],[-74.573,-8.174],[-74.577,-8.151],[-74.612,-8.165],[-74.645,-8.158],[-74.619,-8.049],[-74.672,-8.027],[-74.681,-8.008],[-74.667,-7.981],[-74.681,-7.973],[-74.754,-8],[-74.78,-7.987],[-74.752,-7.952],[-74.687,-7.953],[-74.698,-7.934],[-74.767,-7.873],[-74.788,-7.875],[-74.797,-7.906],[-74.816,-7.915],[-74.855,-7.866],[-74.873,-7.881],[-74.859,-7.912],[-74.873,-7.943],[-74.931,-7.874],[-74.975,-7.857],[-74.968,-7.816],[-74.937,-7.789],[-74.996,-7.747],[-75.037,-7.675],[-75.038,-7.638],[-75.003,-7.631],[-74.961,-7.656],[-74.96,-7.62],[-75.033,-7.526],[-75.013,-7.477],[-74.975,-7.452],[-74.967,-7.409],[-74.992,-7.38],[-75.071,-7.343],[-75.11,-7.289],[-75.14,-7.282],[-75.175,-7.236],[-75.226,-7.234],[-75.259,-7.255],[-75.271,-7.24],[-75.243,-7.185],[-75.312,-7.165],[-75.263,-7.141],[-75.219,-7.072],[-75.131,-7.046],[-75.118,-6.998],[-75.179,-6.94],[-75.137,-6.839],[-75.078,-6.82],[-75.062,-6.789],[-75.087,-6.684],[-75.153,-6.624],[-75.082,-6.604],[-75.071,-6.576],[-75.098,-6.546],[-75.178,-6.54],[-75.208,-6.479],[-75.202,-6.442],[-75.14,-6.418],[-75.133,-6.399],[-75.146,-6.298],[-75.167,-6.268],[-75.164,-6.212],[-75.2,-6.199],[-75.205,-6.182],[-75.162,-6.157],[-75.137,-6.099],[-75.104,-6.08],[-75.099,-6.124],[-75.07,-6.142],[-75.052,-6.106],[-75.064,-6.056],[-75.052,-6.041],[-74.996,-6.041],[-74.932,-6.087],[-74.871,-6.045],[-74.862,-5.989],[-74.843,-5.976],[-74.797,-6],[-74.756,-5.945],[-74.726,-5.969],[-74.71,-6.026],[-74.698,-6.024],[-74.681,-5.989],[-74.701,-5.931],[-74.693,-5.915],[-74.615,-5.832],[-74.578,-5.822],[-74.573,-5.768],[-74.509,-5.706],[-74.489,-5.746],[-74.409,-5.79],[-74.389,-5.785],[-74.372,-5.726],[-74.335,-5.781],[-74.318,-5.774],[-74.275,-5.696],[-74.274,-5.635],[-74.215,-5.637],[-74.151,-5.602],[-74.148,-5.58],[-74.215,-5.542],[-74.146,-5.49],[-74.2,-5.468],[-74.146,-5.424],[-74.187,-5.397],[-74.186,-5.379],[-74.139,-5.397],[-74.084,-5.349],[-74.104,-5.171],[-74.064,-5.076],[-74.017,-5.026],[-74.031,-4.986],[-73.987,-4.99],[-73.94,-5.089],[-73.907,-5.056],[-73.843,-5.032],[-73.777,-4.963],[-73.765,-4.863],[-73.689,-4.908],[-73.689,-4.863],[-73.735,-4.8],[-73.637,-4.762],[-73.601,-4.681],[-73.562,-4.708],[-73.55,-4.701],[-73.575,-4.632],[-73.462,-4.527],[-73.468,-4.508],[-73.52,-4.504],[-73.489,-4.445]]]}},{"type":"Feature","properties":{"r":4,"n":"Rio Grande"},"geometry":{"type":"MultiLineString","coordinates":[[[-107.427,37.776],[-107.386,37.753],[-107.138,37.761],[-107.019,37.74],[-106.984,37.769],[-106.949,37.835],[-106.885,37.832],[-106.764,37.783],[-106.731,37.736],[-106.625,37.677],[-106.291,37.679],[-106.134,37.598],[-105.912,37.553],[-105.859,37.524],[-105.778,37.441],[-105.721,37.3],[-105.744,37.244],[-105.729,37.204],[-105.763,37.058],[-105.724,37.011],[-105.728,36.94],[-105.688,36.848],[-105.697,36.823],[-105.683,36.786],[-105.692,36.637],[-105.733,36.491],[-105.73,36.378],[-105.754,36.314],[-105.888,36.218],[-105.942,36.202],[-106.058,36.097],[-106.067,36.017],[-106.115,35.903],[-106.176,35.821],[-106.266,35.739],[-106.319,35.713],[-106.316,35.656],[-106.393,35.536],[-106.417,35.454],[-106.587,35.308],[-106.605,35.243],[-106.649,35.212],[-106.698,35.14],[-106.669,35.062],[-106.69,34.98],[-106.677,34.939],[-106.717,34.868],[-106.709,34.83],[-106.741,34.766],[-106.752,34.617],[-106.805,34.422],[-106.852,34.362],[-106.836,34.307],[-106.892,34.257],[-106.855,33.934],[-106.868,33.818],[-106.923,33.74],[-107.002,33.686],[-107.005,33.65],[-107.108,33.54],[-107.17,33.356]],[[-107.181,33.173],[-107.226,33.164],[-107.28,33.116]],[[-107.293,32.91],[-107.299,32.808],[-107.223,32.687],[-107.018,32.637],[-106.972,32.527],[-106.907,32.5],[-106.846,32.426],[-106.859,32.406],[-106.847,32.32],[-106.685,32.072],[-106.608,31.847],[-106.566,31.82]],[[-106.566,31.82],[-106.494,31.759],[-106.393,31.746],[-106.332,31.682],[-106.287,31.58],[-106.21,31.477],[-105.962,31.371],[-105.929,31.327],[-105.863,31.289],[-105.769,31.18],[-105.592,31.072],[-105.557,31.003],[-105.377,30.86],[-105.25,30.799],[-105.23,30.81],[-105.168,30.781],[-105.088,30.71],[-105.009,30.677],[-104.984,30.621],[-104.935,30.611],[-104.86,30.497],[-104.854,30.412],[-104.682,30.193],[-104.702,30.056],[-104.681,29.943],[-104.638,29.888],[-104.621,29.833],[-104.571,29.788],[-104.532,29.668],[-104.456,29.614],[-104.445,29.589],[-104.339,29.524],[-104.268,29.527],[-104.213,29.485],[-104.162,29.417],[-104.058,29.339],[-103.929,29.293],[-103.785,29.275],[-103.772,29.23],[-103.674,29.174],[-103.551,29.155],[-103.479,29.082],[-103.387,29.029],[-103.343,29.041],[-103.331,29.024],[-103.311,29.031],[-103.317,29.01],[-103.302,29.003],[-103.149,28.985],[-103.124,28.997],[-103.106,29.058],[-103.025,29.116],[-102.989,29.177],[-102.971,29.193],[-102.948,29.182],[-102.898,29.221],[-102.86,29.229],[-102.901,29.264],[-102.884,29.344],[-102.838,29.367],[-102.84,29.452],[-102.782,29.558],[-102.781,29.592],[-102.732,29.651],[-102.692,29.737],[-102.568,29.771],[-102.547,29.758],[-102.516,29.785],[-102.407,29.777],[-102.381,29.812],[-102.372,29.858],[-102.322,29.894],[-102.11,29.802],[-101.989,29.805],[-101.973,29.818],[-101.93,29.798],[-101.807,29.812],[-101.795,29.796],[-101.633,29.776],[-101.566,29.787],[-101.547,29.82],[-101.529,29.802],[-101.544,29.771],[-101.523,29.766],[-101.472,29.792],[-101.447,29.771],[-101.406,29.779],[-101.407,29.753],[-101.365,29.677],[-101.302,29.65],[-101.304,29.634]],[[-101.039,29.46],[-101.009,29.381],[-100.797,29.258],[-100.763,29.209],[-100.763,29.174],[-100.703,29.124],[-100.67,29.116],[-100.634,29.005],[-100.625,28.925],[-100.567,28.87],[-100.567,28.843],[-100.535,28.83],[-100.495,28.709],[-100.447,28.627],[-100.402,28.602],[-100.385,28.537],[-100.323,28.511],[-100.352,28.497],[-100.356,28.478],[-100.337,28.459],[-100.323,28.387],[-100.279,28.331],[-100.276,28.277],[-100.207,28.243],[-100.19,28.202],[-100.057,28.138],[-100.046,28.096],[-100.011,28.069],[-99.992,28.008],[-99.929,27.976],[-99.941,27.961],[-99.931,27.947],[-99.882,27.907],[-99.889,27.865],[-99.864,27.846],[-99.864,27.805],[-99.834,27.777],[-99.741,27.722],[-99.701,27.659],[-99.666,27.66],[-99.646,27.633],[-99.601,27.647],[-99.516,27.589],[-99.51,27.5],[-99.481,27.491],[-99.474,27.427],[-99.498,27.339],[-99.522,27.311],[-99.453,27.261],[-99.433,27.208],[-99.453,27.125],[-99.44,27.099],[-99.463,27.057]],[[-99.172,26.564],[-99.166,26.541],[-99.104,26.512],[-99.09,26.471],[-99.11,26.434],[-99.086,26.408],[-99.029,26.407],[-99.011,26.393],[-98.964,26.4],[-98.946,26.379],[-98.931,26.392],[-98.894,26.368],[-98.802,26.372],[-98.747,26.332],[-98.741,26.303],[-98.702,26.299],[-98.692,26.29],[-98.703,26.272],[-98.654,26.244],[-98.582,26.263],[-98.494,26.231],[-98.473,26.208],[-98.457,26.226],[-98.43,26.218],[-98.37,26.194],[-98.378,26.164],[-98.34,26.16],[-98.301,26.112],[-98.223,26.076],[-98.084,26.071],[-98.066,26.042],[-98.014,26.064],[-97.803,26.064],[-97.768,26.04],[-97.661,26.031],[-97.521,25.913],[-97.449,25.893],[-97.426,25.855],[-97.391,25.866],[-97.367,25.844],[-97.347,25.852],[-97.356,25.913],[-97.329,25.934],[-97.288,25.929],[-97.254,25.964],[-97.139,25.966]]]}},{"type":"Feature","properties":{"r":4,"n":"Ural"},"geometry":{"type":"MultiLineString","coordinates":[[[59.448,54.703],[59.419,54.645],[59.423,54.492],[59.274,54.383],[59.26,54.354],[59.157,54.299],[59.137,54.265],[59.177,54.216],[59.148,54.193],[59.067,54.052],[59.125,54.002],[59.138,53.927],[59.208,53.892],[59.146,53.838],[59.138,53.776],[59.153,53.759],[59.218,53.745],[59.259,53.656],[59.262,53.622],[59.237,53.594],[59.215,53.584],[59.166,53.596],[59.018,53.51],[59.022,53.44],[59.009,53.413],[59.032,53.381],[59.032,53.328],[59.111,53.309],[59.17,53.243],[59.122,53.19],[59.09,53.187],[59.077,53.159],[59.009,53.138],[59.022,53.108],[58.965,52.98],[58.911,52.941],[58.895,52.908],[58.912,52.893],[58.871,52.868],[58.919,52.817],[58.937,52.684],[59.005,52.639],[58.988,52.629],[58.967,52.563],[59.009,52.549],[59.036,52.515],[59.062,52.534],[59.138,52.495],[59.104,52.478],[59.098,52.442],[59.058,52.407],[58.978,52.375],[58.981,52.351],[58.941,52.317],[58.947,52.289],[58.906,52.282],[58.834,52.196]],[[58.631,51.695],[58.628,51.593],[58.656,51.587],[58.662,51.558],[58.701,51.543],[58.72,51.492],[58.754,51.464],[58.763,51.371],[58.741,51.307],[58.628,51.227],[58.416,51.199],[58.223,51.123],[58.19,51.066],[58.167,51.055],[58.113,51.065],[58.077,51.098],[57.96,51.078],[57.912,51.104],[57.796,51.124],[57.679,51.109],[57.639,51.151],[57.454,51.173],[57.311,51.241],[57.227,51.248],[57.105,51.33],[56.987,51.336],[56.84,51.373],[56.798,51.358],[56.494,51.377],[56.499,51.405],[56.481,51.419],[56.449,51.405],[56.311,51.422],[56.277,51.453],[56.215,51.472],[56.192,51.501],[56.119,51.513],[56.104,51.539],[56.033,51.551],[55.961,51.624],[55.876,51.63],[55.625,51.72],[55.573,51.706],[55.558,51.73],[55.452,51.734],[55.393,51.755],[55.276,51.727],[55.092,51.732],[54.951,51.782],[54.904,51.775],[54.873,51.747],[54.815,51.771],[54.753,51.747],[54.68,51.758],[54.584,51.718],[54.417,51.686],[54.341,51.644],[54.311,51.683],[54.033,51.631],[54.026,51.611],[53.97,51.626],[53.862,51.579],[53.745,51.557],[53.678,51.559],[53.63,51.589],[53.594,51.569],[53.533,51.583],[53.434,51.569],[53.362,51.508],[53.322,51.496],[53.214,51.495],[53.165,51.515],[53.148,51.505],[53.157,51.487],[53.037,51.49],[52.944,51.453],[52.882,51.467],[52.896,51.486],[52.82,51.487],[52.779,51.508],[52.668,51.455],[52.574,51.467],[52.546,51.428],[52.505,51.405],[52.491,51.365],[52.421,51.399],[52.373,51.386],[52.359,51.407],[52.293,51.405],[52.238,51.435],[52.211,51.433],[52.217,51.398],[52.186,51.377],[52.152,51.405],[52.019,51.384],[51.954,51.395],[51.937,51.377],[51.943,51.348],[51.904,51.326],[51.765,51.282],[51.721,51.303],[51.67,51.275],[51.639,51.227],[51.58,51.255],[51.587,51.231],[51.498,51.22],[51.44,51.174],[51.41,51.186],[51.364,51.164],[51.347,51.124],[51.367,51.098],[51.341,51.083],[51.364,51.045],[51.341,51.035],[51.334,51.001],[51.3,50.987],[51.302,50.954],[51.276,50.922],[51.231,50.905],[51.231,50.881],[51.197,50.885],[51.168,50.839],[51.176,50.817],[51.162,50.795],[51.21,50.734],[51.169,50.704],[51.176,50.652],[51.127,50.631],[51.138,50.57],[51.167,50.543],[51.162,50.479],[51.121,50.474],[51.107,50.451],[51.142,50.391],[51.094,50.368],[51.117,50.358],[51.103,50.273],[51.155,50.268],[51.165,50.237],[51.214,50.192],[51.334,50.144],[51.329,50.125],[51.3,50.117],[51.354,50.075],[51.31,50.058],[51.341,50.027],[51.319,49.969],[51.341,49.959],[51.313,49.931],[51.379,49.925],[51.385,49.897],[51.45,49.857],[51.484,49.808],[51.45,49.781],[51.475,49.751],[51.523,49.739],[51.532,49.637],[51.634,49.612],[51.6,49.576],[51.645,49.538],[51.685,49.528],[51.71,49.473],[51.743,49.459],[51.727,49.42],[51.8,49.41],[51.813,49.397],[51.808,49.366],[51.861,49.359],[51.834,49.343],[51.836,49.327],[51.867,49.299],[51.9,49.31],[51.923,49.26],[51.924,49.209],[51.964,49.171],[51.93,49.137],[51.949,49.095],[51.922,49.108],[51.9,49.082],[51.897,49.045],[51.854,49.037],[51.864,48.994],[51.843,48.966],[51.837,48.89],[51.896,48.873],[51.875,48.83],[51.834,48.801],[51.848,48.719],[51.806,48.705],[51.817,48.642],[51.765,48.623],[51.762,48.567],[51.635,48.54],[51.642,48.507],[51.609,48.503],[51.566,48.441],[51.614,48.438],[51.614,48.404],[51.649,48.4],[51.587,48.363],[51.6,48.314],[51.555,48.277],[51.587,48.267],[51.597,48.247],[51.563,48.228],[51.594,48.185],[51.553,48.171],[51.594,48.157],[51.571,48.12],[51.636,48.088],[51.635,48.057],[51.615,48.045],[51.621,48.02],[51.67,47.965],[51.635,47.931],[51.648,47.89],[51.622,47.88],[51.641,47.846],[51.635,47.773],[51.608,47.722],[51.637,47.691],[51.615,47.678],[51.608,47.633],[51.689,47.554],[51.696,47.527],[51.724,47.534],[51.747,47.52],[51.778,47.472],[51.799,47.465],[51.795,47.479],[51.817,47.479],[51.827,47.444],[51.872,47.416],[51.868,47.376],[51.902,47.342],[51.861,47.3],[51.923,47.273],[51.928,47.245],[51.908,47.219],[51.937,47.18],[51.906,47.103],[51.868,47.088],[51.837,47.03],[51.724,46.944]]]}},{"type":"Feature","properties":{"r":4,"n":"Saskatchewan"},"geometry":{"type":"MultiLineString","coordinates":[[[-102.381,53.966],[-102.124,53.883],[-101.788,53.885],[-101.697,53.901],[-101.67,53.931],[-101.564,53.961],[-101.5,54.04],[-101.44,53.992],[-101.436,53.927],[-101.342,53.857],[-101.204,53.852],[-101.075,53.886],[-101.036,53.879],[-101.068,53.82],[-101.063,53.796],[-100.974,53.755],[-100.961,53.701],[-100.916,53.655],[-100.865,53.646],[-100.79,53.675],[-100.711,53.653],[-100.519,53.687],[-100.475,53.673],[-100.38,53.675],[-100.336,53.665],[-100.31,53.632],[-100.323,53.591]],[[-103.421,53.653],[-103.385,53.685],[-103.236,53.728],[-103.136,53.74],[-103.031,53.785],[-103.03,53.804],[-103.06,53.827],[-103.085,53.878],[-103.036,53.939],[-103.024,54.004],[-102.943,54.053],[-102.845,54.05],[-102.77,54.077],[-102.634,54.051],[-102.531,53.978],[-102.434,53.982]],[[-105.065,53.24],[-104.97,53.215],[-104.955,53.228],[-104.937,53.214],[-104.943,53.187],[-104.846,53.138],[-104.84,53.159],[-104.801,53.161],[-104.738,53.212],[-104.523,53.241],[-104.464,53.234],[-104.312,53.297],[-104.274,53.283],[-104.071,53.298],[-104.023,53.326],[-104.031,53.358],[-103.968,53.403],[-103.95,53.451],[-103.894,53.482]],[[-99.33,53.159],[-99.267,53.156],[-99.247,53.189]]]}},{"type":"Feature","properties":{"r":4,"n":"Yenisey"},"geometry":{"type":"MultiLineString","coordinates":[[[83.177,70.083],[83.338,70.054],[83.421,70.019],[83.533,69.891],[83.594,69.849],[83.851,69.787],[84.006,69.728],[84.175,69.696],[84.38,69.611],[84.514,69.63],[84.81,69.755],[85.195,69.799],[85.499,69.721],[86.107,69.463],[86.121,69.403],[85.947,69.32],[85.879,69.268],[85.882,69.228],[85.915,69.201],[86.044,69.18],[86.074,69.165],[86.103,69.104],[86.084,69.034],[85.92,68.921],[85.906,68.887],[85.935,68.851],[86.025,68.825],[86.09,68.766],[86.205,68.725],[86.289,68.668],[86.368,68.529],[86.33,68.442],[86.34,68.42],[86.394,68.361],[86.564,68.307],[86.585,68.263],[86.555,68.207],[86.421,68.149],[86.388,68.065],[86.392,68.026],[86.538,67.923],[86.581,67.869],[86.572,67.854],[86.479,67.839],[86.378,67.793],[86.268,67.685],[86.255,67.616],[86.334,67.558],[86.355,67.474],[86.386,67.445],[86.574,67.442],[86.629,67.411],[86.644,67.367],[86.587,67.203],[86.612,67.174],[86.709,67.127],[86.712,67.095],[86.667,66.991],[86.751,66.796],[86.702,66.752],[86.602,66.749],[86.319,66.659],[86.273,66.626],[86.267,66.598],[86.345,66.545],[86.666,66.619],[86.874,66.62],[87.1,66.529],[87.213,66.458],[87.485,66.381],[87.525,66.348],[87.511,66.299],[87.293,66.243],[87.262,66.226],[87.271,66.18],[87.33,66.15],[87.906,66.09],[87.948,66.042],[87.939,65.976],[87.911,65.954],[87.767,65.922],[87.761,65.872],[87.803,65.8],[87.967,65.779],[87.99,65.764],[88.042,65.671],[88.024,65.547],[87.969,65.452],[87.967,65.355],[87.879,65.221],[87.903,65.117],[87.808,64.954],[87.817,64.878],[87.795,64.817],[87.576,64.634],[87.528,64.477],[87.532,64.443],[87.587,64.378],[87.594,64.338],[87.551,64.254],[87.535,64.07],[87.618,64.007],[87.631,63.977],[87.624,63.943],[87.538,63.868],[87.438,63.812],[87.332,63.713],[87.337,63.67],[87.39,63.602],[87.393,63.572],[87.368,63.521],[87.283,63.443],[87.26,63.394],[87.283,63.345],[87.348,63.327],[87.485,63.322],[87.919,63.161],[88.079,63.071],[88.178,62.951],[88.466,62.843],[88.482,62.82],[88.495,62.731],[88.525,62.684],[88.806,62.486],[89.012,62.429],[89.027,62.402],[89.001,62.312],[89.018,62.267],[89.112,62.189],[89.134,62.131],[89.267,61.97],[89.277,61.917],[89.47,61.827],[89.57,61.815],[89.758,61.743],[89.796,61.699],[89.763,61.632],[89.79,61.576],[89.859,61.575],[90.004,61.616],[90.19,61.569],[90.196,61.533],[90.099,61.472],[89.921,61.451],[89.709,61.383],[89.613,61.197],[89.644,61.153],[89.644,61.105],[89.797,60.848],[89.911,60.79],[89.996,60.718],[90.01,60.69],[89.983,60.618],[90.038,60.539],[90.034,60.473],[90.075,60.437],[90.175,60.389],[90.182,60.369],[90.168,60.362],[90.065,60.356],[90.048,60.345],[90.057,60.327],[90.216,60.288],[90.393,60.209],[90.641,60.008],[90.723,59.875],[90.8,59.833],[90.811,59.809],[90.78,59.784],[90.783,59.753],[90.885,59.687],[90.856,59.623],[90.862,59.584],[91.149,59.38],[91.315,59.292],[91.343,59.258],[91.355,59.192],[91.449,59.161],[91.526,59.109],[91.657,59.078],[91.74,58.97],[91.71,58.902],[91.736,58.888],[91.943,58.897],[92.051,58.839],[92.096,58.79],[92.087,58.779],[91.95,58.738],[92.059,58.716],[92.08,58.697],[92.052,58.617],[92.094,58.508],[92.124,58.502],[92.142,58.474],[92.272,58.47],[92.299,58.45],[92.273,58.42],[92.285,58.392],[92.424,58.345],[92.439,58.268],[92.519,58.236],[92.573,58.176],[92.738,58.13],[92.851,58.156],[92.97,58.123],[92.998,58.1]]]}},{"type":"Feature","properties":{"r":4,"n":"IJssel"},"geometry":{"type":"MultiLineString","coordinates":[[[5.858,52.577],[5.91,52.569],[5.974,52.521],[6.017,52.521],[6.095,52.468],[6.135,52.404],[6.12,52.38],[6.082,52.371],[6.068,52.322],[6.107,52.3],[6.146,52.23],[6.189,52.237],[6.192,52.13],[6.208,52.095],[6.122,52.062],[6.122,52.036],[6.155,52.038],[6.147,52.015],[6.095,51.998],[6.054,52.007],[5.939,51.959]]]}},{"type":"Feature","properties":{"r":4,"n":"Ob"},"geometry":{"type":"MultiLineString","coordinates":[[[68.857,61.124],[68.938,61.183],[69.062,61.222],[69.231,61.187],[69.467,61.3],[69.579,61.25],[69.749,61.289],[69.91,61.235],[70.154,61.245],[70.354,61.301],[70.412,61.303],[70.537,61.27],[70.79,61.271],[70.928,61.305],[71.132,61.275],[71.17,61.246],[71.184,61.193],[71.222,61.178],[71.398,61.254],[71.638,61.253],[71.717,61.273],[72.161,61.25],[72.279,61.303],[72.408,61.307],[72.639,61.233],[72.826,61.273],[72.952,61.233],[73.058,61.255],[73.119,61.233],[73.237,61.235],[73.34,61.217],[73.523,61.238],[73.586,61.204],[73.676,61.184],[73.784,61.234],[73.814,61.233],[74.065,61.158],[74.185,61.175],[74.275,61.223],[74.314,61.215],[74.374,61.156],[74.428,61.132],[74.443,61.143],[74.449,61.212],[74.588,61.178],[74.711,61.217],[74.868,61.16],[75.039,61.146],[75.133,61.112],[75.212,61.149],[75.396,61.1],[75.488,61.111],[75.581,61.038],[75.674,60.995],[75.852,61.054],[76.12,61.014],[76.158,60.994],[76.198,60.938],[76.297,60.939],[76.394,60.896],[76.438,60.896],[76.557,60.935],[76.674,60.858],[76.808,60.836],[76.833,60.781],[76.91,60.773],[77.016,60.729],[77.163,60.718],[77.343,60.639],[77.411,60.648],[77.478,60.691],[77.568,60.679],[77.706,60.61],[77.718,60.534],[77.736,60.514],[77.854,60.475],[77.931,60.419],[78.019,60.391],[78.385,60.409],[78.394,60.366],[78.324,60.312],[78.308,60.27],[78.343,60.273],[78.415,60.316],[78.507,60.26],[78.503,60.22],[78.577,60.21],[78.743,60.127],[78.913,60.15],[78.921,60.126],[78.845,60.066],[78.953,60.076],[79.02,60.049],[79.032,60.032],[78.939,59.972],[78.946,59.95],[78.98,59.927],[78.993,59.859],[79.176,59.787],[79.143,59.726],[79.147,59.683],[79.212,59.607],[79.273,59.584],[79.316,59.528],[79.423,59.508],[79.503,59.532],[79.615,59.478],[79.643,59.45],[79.66,59.4],[79.685,59.388],[79.737,59.392],[79.75,59.424],[79.784,59.437],[79.938,59.422],[80.074,59.44],[80.191,59.366],[80.112,59.344],[80.1,59.315],[80.247,59.255],[80.287,59.26],[80.334,59.308],[80.383,59.331],[80.475,59.333],[80.53,59.305],[80.538,59.285],[80.51,59.254],[80.523,59.215],[80.598,59.21],[80.642,59.145],[80.715,59.143],[80.757,59.109],[80.818,59.114],[80.896,59.072],[81.019,59.077],[81.067,59.142],[81.206,59.149],[81.268,59.074],[81.408,59.025],[81.418,58.992],[81.403,58.959],[81.417,58.942],[81.525,58.951],[81.539,58.923],[81.501,58.887],[81.499,58.864],[81.625,58.824],[81.643,58.8],[81.589,58.767],[81.509,58.754],[81.508,58.727],[81.601,58.722],[81.694,58.692],[81.717,58.752],[81.734,58.753],[81.821,58.679],[81.9,58.685],[81.908,58.664],[81.888,58.614],[81.91,58.585],[82.127,58.584],[82.171,58.559],[82.185,58.512],[82.26,58.497],[82.307,58.445],[82.435,58.421],[82.414,58.376],[82.435,58.351],[82.547,58.384],[82.659,58.302],[82.939,58.319],[82.975,58.307],[82.983,58.291],[82.921,58.245],[82.926,58.215],[82.976,58.163],[83.066,58.129],[83.191,58.126],[83.216,58.099],[83.22,58.033],[83.32,57.924],[83.321,57.852],[83.381,57.827],[83.44,57.751],[83.664,57.703],[83.786,57.742],[83.872,57.745],[83.869,57.689],[83.793,57.633],[83.795,57.616],[83.859,57.592],[83.881,57.492],[83.944,57.47],[83.939,57.356],[84.002,57.331],[84.017,57.29],[84.092,57.301],[84.228,57.248],[84.351,57.25],[84.387,57.212],[84.346,57.137],[84.427,57.153],[84.465,57.137],[84.397,57.044],[84.401,56.978],[84.444,56.869],[84.418,56.786],[84.354,56.725],[84.204,56.648],[84.147,56.544],[84.063,56.502],[84.058,56.438],[84.035,56.406],[84.068,56.352],[84.068,56.325],[84.013,56.282],[84.028,56.209],[83.973,56.14],[83.891,56.092],[83.893,56.041],[83.861,55.979],[83.875,55.875],[83.795,55.797],[83.702,55.753],[83.653,55.705],[83.644,55.677],[83.666,55.64],[83.642,55.604],[83.538,55.543],[83.306,55.489],[83.217,55.433],[83.134,55.427],[82.972,55.448],[82.881,55.42],[82.86,55.389],[82.889,55.293],[82.883,55.236],[82.896,55.195],[82.818,55.108],[82.85,55.053],[82.934,55.023],[83.063,54.938],[83.025,54.845]],[[85.056,52.434],[84.929,52.447],[84.83,52.426],[84.433,52.418],[84.089,52.316],[83.745,52.377],[83.677,52.526],[83.675,52.724],[83.699,52.789],[83.647,52.86],[83.637,52.972],[83.644,53.019],[83.691,53.07],[83.699,53.105],[83.74,53.084],[83.765,53.103],[83.857,53.111],[83.828,53.159],[83.871,53.18],[83.785,53.237],[83.782,53.258],[83.822,53.33],[83.829,53.41],[83.75,53.414],[83.709,53.447],[83.63,53.434],[83.383,53.434],[83.177,53.526],[83.154,53.525],[83.134,53.481],[82.981,53.443],[82.644,53.42],[82.547,53.444],[82.431,53.516],[82.391,53.525],[82.373,53.55],[82.376,53.604],[82.275,53.649],[82.218,53.654],[82.191,53.71],[82.104,53.694],[82.089,53.708],[82.103,53.735],[81.883,53.742],[81.82,53.805],[81.79,53.79],[81.673,53.793],[81.6,53.775],[81.449,53.782],[81.377,53.82],[81.334,53.886]]]}},{"type":"Feature","properties":{"r":4,"n":"Tocantins"},"geometry":{"type":"MultiLineString","coordinates":[[[-49.67,-2.676],[-49.732,-2.756],[-49.729,-2.835],[-49.697,-2.895],[-49.689,-3.006],[-49.659,-3.061],[-49.636,-3.203],[-49.644,-3.368],[-49.628,-3.408],[-49.645,-3.557],[-49.672,-3.612],[-49.704,-3.769],[-49.687,-3.835]]]}},{"type":"Feature","properties":{"r":4,"n":"Dnipro"},"geometry":{"type":"MultiLineString","coordinates":[[[33.391,54.917],[33.339,54.928],[33.277,54.914],[33.174,54.968],[33.118,54.962],[32.99,55.01],[32.865,54.979],[32.804,54.948],[32.81,54.932],[32.74,54.928],[32.696,54.896],[32.687,54.869],[32.646,54.852],[32.673,54.818],[32.661,54.797],[32.547,54.746],[32.534,54.727],[32.551,54.715],[32.496,54.688],[32.496,54.667],[32.462,54.66],[32.468,54.674],[32.405,54.685],[32.323,54.683],[32.331,54.701],[32.276,54.749],[32.211,54.75],[32.141,54.801],[32.016,54.797],[31.719,54.762],[31.49,54.665],[31.435,54.671],[31.385,54.707],[31.334,54.713],[31.194,54.674],[30.93,54.667],[30.766,54.638],[30.692,54.581],[30.639,54.581],[30.574,54.54],[30.527,54.537],[30.517,54.557],[30.487,54.557],[30.389,54.474],[30.392,54.411],[30.296,54.332],[30.275,54.277],[30.317,54.235],[30.298,54.209],[30.327,54.195],[30.371,54.118],[30.384,53.968],[30.424,53.956],[30.448,53.909],[30.323,53.899],[30.282,53.869],[30.282,53.815],[30.261,53.78],[30.296,53.718],[30.29,53.647],[30.278,53.611],[30.254,53.598],[30.268,53.578],[30.256,53.527],[30.317,53.485],[30.33,53.454],[30.321,53.412],[30.345,53.399],[30.371,53.352],[30.344,53.324],[30.371,53.297],[30.379,53.262],[30.248,53.235],[30.239,53.204],[30.265,53.152],[30.261,53.125],[30.296,53.118],[30.275,53.105],[30.241,53.085],[30.199,53.087],[30.117,53.125],[30.076,53.109],[30.011,53.027],[30.049,53.001],[30.029,52.978],[30.056,52.96],[30.042,52.93],[30.076,52.851],[30.056,52.844],[30.128,52.759],[30.129,52.737],[30.104,52.748],[30.104,52.736],[30.138,52.707],[30.16,52.717],[30.21,52.659],[30.261,52.632],[30.254,52.604],[30.282,52.598],[30.261,52.577],[30.282,52.549],[30.247,52.555],[30.248,52.529],[30.269,52.498],[30.373,52.44],[30.344,52.399],[30.436,52.378],[30.439,52.351],[30.462,52.337],[30.556,52.323],[30.537,52.302],[30.534,52.265],[30.515,52.255],[30.556,52.227],[30.568,52.242],[30.625,52.159],[30.699,52.137],[30.693,52.112],[30.729,52.075],[30.737,52.029],[30.79,52.029],[30.777,52.008],[30.81,51.919],[30.779,51.898],[30.741,51.898],[30.734,51.874],[30.662,51.82],[30.67,51.791],[30.618,51.762],[30.646,51.755],[30.625,51.706],[30.57,51.7],[30.556,51.624],[30.515,51.604],[30.543,51.583],[30.522,51.563],[30.584,51.543],[30.562,51.522],[30.585,51.51],[30.588,51.482],[30.618,51.467],[30.586,51.452],[30.587,51.428],[30.618,51.419],[30.645,51.368],[30.632,51.364],[30.638,51.336],[30.579,51.304],[30.55,51.237],[30.518,51.234],[30.507,51.217]],[[31.44,50],[31.364,50.012],[31.235,49.972],[31.179,49.972],[31.015,50.02],[30.895,50.122],[30.748,50.177],[30.672,50.254],[30.622,50.333],[30.584,50.357],[30.581,50.418],[30.53,50.476],[30.528,50.538],[30.502,50.548],[30.515,50.597]],[[31.888,49.554],[31.824,49.563],[31.738,49.631],[31.649,49.648],[31.462,49.757]],[[33.537,49.002],[33.365,49.074],[33.194,49.094]],[[35.105,47.84],[35.119,47.901],[35.109,47.954],[35.138,48.016],[35.056,48.103],[35.081,48.126],[35.181,48.126],[35.165,48.173],[35.198,48.223],[35.147,48.31],[35.139,48.38],[35.1,48.402],[35.084,48.451],[35.024,48.478],[34.797,48.485],[34.717,48.523],[34.57,48.562]],[[32.646,46.65],[32.795,46.685],[33,46.758],[33.057,46.749],[33.187,46.791],[33.317,46.765],[33.371,46.783],[33.438,46.833],[33.54,46.831]]]}},{"type":"Feature","properties":{"r":4,"n":"North Saskatchewan"},"geometry":{"type":"MultiLineString","coordinates":[[[-108.334,52.734],[-108.156,52.666],[-108.026,52.57],[-107.864,52.556],[-107.396,52.34],[-107.242,52.332],[-107.173,52.344],[-107.101,52.385],[-107.047,52.369],[-106.995,52.378],[-106.928,52.457],[-106.877,52.557],[-106.861,52.632],[-106.671,52.775],[-106.473,52.898],[-106.359,53.031],[-106.257,53.093],[-106.183,53.161],[-106.052,53.201],[-106.023,53.192],[-105.977,53.138],[-105.895,53.155],[-105.82,53.201],[-105.645,53.209],[-105.586,53.235],[-105.34,53.231],[-105.22,53.254],[-105.065,53.24]],[[-117.132,52.014],[-117.061,52.071],[-116.97,52.098],[-116.939,52.089],[-116.902,52.04],[-116.838,51.993],[-116.774,51.974],[-116.739,51.977],[-116.665,52.023],[-116.433,52.031],[-116.418,52.049],[-116.422,52.12],[-116.455,52.184],[-116.454,52.225],[-116.378,52.269],[-116.352,52.319],[-116.198,52.43],[-115.961,52.41],[-115.727,52.455],[-115.62,52.461],[-115.494,52.44],[-115.444,52.379],[-115.354,52.403],[-115.307,52.392],[-115.263,52.412],[-115.056,52.335],[-114.948,52.373],[-114.995,52.454],[-114.982,52.522],[-115.049,52.589],[-115.094,52.734],[-115.163,52.758],[-115.187,52.803],[-115.146,52.809],[-115.167,52.865],[-115.235,52.906],[-115.202,52.968],[-115.215,52.991],[-115.203,53.044],[-115.04,53.064],[-115.008,53.091],[-114.969,53.097],[-114.972,53.142],[-114.914,53.226],[-114.862,53.248],[-114.875,53.274],[-114.796,53.324],[-114.53,53.311],[-114.473,53.341],[-114.406,53.352],[-114.412,53.365],[-114.384,53.403],[-114.341,53.42],[-114.251,53.369],[-114.025,53.324],[-113.865,53.352],[-113.71,53.358],[-113.667,53.381],[-113.673,53.407],[-113.638,53.447],[-113.632,53.482],[-113.613,53.478],[-113.56,53.529],[-113.487,53.529],[-113.453,53.55],[-113.382,53.554],[-113.374,53.588],[-113.286,53.644],[-113.285,53.677],[-113.228,53.701],[-113.077,53.852],[-112.946,53.899],[-112.881,53.941],[-112.823,54.046],[-112.782,54.057],[-112.593,53.999],[-112.459,53.989],[-112.241,54.057],[-112.172,54.016],[-112.187,53.987],[-112.028,53.941],[-111.979,53.911],[-111.899,53.919],[-111.864,53.906],[-111.818,53.922],[-111.743,53.898],[-111.734,53.879],[-111.758,53.83],[-111.721,53.783],[-111.449,53.79],[-111.377,53.735],[-111.149,53.745],[-110.918,53.854],[-110.767,53.858],[-110.719,53.838],[-110.638,53.849],[-110.548,53.8],[-110.521,53.758],[-110.432,53.739],[-110.335,53.66],[-110.202,53.694],[-110.119,53.637],[-109.888,53.56],[-109.816,53.548],[-109.742,53.592],[-109.64,53.577],[-109.623,53.536],[-109.53,53.463],[-109.554,53.427],[-109.547,53.416],[-109.441,53.368],[-109.287,53.385],[-109.225,53.33],[-109.085,53.283],[-109.041,53.207],[-108.967,53.161],[-108.835,53.015],[-108.756,52.982],[-108.649,52.968],[-108.334,52.837],[-108.329,52.818],[-108.372,52.762],[-108.328,52.734]]]}},{"type":"Feature","properties":{"r":4,"n":"Bafing"},"geometry":{"type":"MultiLineString","coordinates":[[[-12.088,10.59],[-12.054,10.563],[-12.044,10.526],[-12.003,10.529],[-11.978,10.508],[-11.787,10.563],[-11.787,10.584],[-11.763,10.587],[-11.739,10.621],[-11.774,10.687],[-11.752,10.704],[-11.74,10.787],[-11.636,10.837],[-11.598,10.813],[-11.589,10.899],[-11.616,11.015],[-11.588,11.029],[-11.574,11.125],[-11.493,11.178],[-11.48,11.237],[-11.421,11.275],[-11.355,11.269],[-11.251,11.4],[-11.146,11.46],[-11.121,11.509],[-11.095,11.516],[-11.074,11.612],[-11.014,11.563],[-10.972,11.584],[-10.965,11.605],[-10.879,11.575],[-10.875,11.605],[-10.821,11.606],[-10.806,11.626],[-10.813,11.653],[-10.779,11.666],[-10.772,11.728],[-10.715,11.754],[-10.704,11.804],[-10.654,11.866],[-10.656,11.899],[-10.622,11.958],[-10.56,11.995],[-10.567,12.017],[-10.516,12.053],[-10.512,12.118],[-10.446,12.121],[-10.395,12.172],[-10.382,12.18],[-10.354,12.167],[-10.326,12.2],[-10.344,12.32],[-10.385,12.323],[-10.354,12.345],[-10.345,12.41],[-10.227,12.612],[-10.226,12.686],[-10.271,12.707],[-10.197,12.776],[-10.224,12.794],[-10.245,12.837],[-10.299,12.859],[-10.276,12.956],[-10.339,12.962],[-10.348,12.999],[-10.336,13.056],[-10.388,13.101],[-10.354,13.118],[-10.351,13.152],[-10.382,13.167],[-10.392,13.197],[-10.459,13.201],[-10.543,13.256],[-10.571,13.245],[-10.622,13.262],[-10.66,13.257],[-10.759,13.221],[-10.808,13.255],[-10.807,13.34],[-10.768,13.397],[-10.792,13.425],[-10.728,13.42],[-10.714,13.434],[-10.766,13.489],[-10.752,13.545],[-10.763,13.567],[-10.821,13.599],[-10.822,13.632],[-10.858,13.669],[-10.875,13.722],[-10.851,13.814]]]}},{"type":"Feature","properties":{"r":4,"n":"Bénoué"},"geometry":{"type":"MultiLineString","coordinates":[[[13.524,7.777],[13.616,7.842],[13.723,7.88],[13.732,7.918],[13.693,8.013],[13.698,8.048],[13.812,8.131],[13.891,8.141],[13.925,8.164],[13.952,8.226],[13.997,8.274],[13.99,8.343],[14.008,8.379],[13.973,8.487],[13.907,8.533],[13.987,8.692],[13.98,8.749],[13.993,8.781],[13.893,8.856],[13.846,8.931],[13.739,8.96],[13.689,9.111],[13.575,9.214],[13.559,9.264],[13.507,9.339],[13.472,9.328],[13.38,9.24],[13.219,9.2],[13.171,9.213],[13.137,9.185],[13.058,9.265],[12.992,9.302],[12.972,9.289],[12.972,9.316],[12.853,9.357],[12.801,9.392],[12.751,9.372],[12.664,9.295],[12.576,9.247],[12.513,9.24],[12.386,9.367],[12.374,9.409],[12.285,9.511],[12.196,9.529],[12.025,9.469],[11.981,9.489],[11.924,9.491]]]}},{"type":"Feature","properties":{"r":1,"n":"Tuotuo"},"geometry":{"type":"MultiLineString","coordinates":[[[90.795,34.3],[91.066,34.341],[91.26,34.317],[91.34,34.285],[91.415,34.294],[91.705,34.257],[91.812,34.268],[91.837,34.216],[91.978,34.137],[92.031,34.14],[92.065,34.188],[92.148,34.239],[92.216,34.25],[92.585,34.21],[92.631,34.174],[92.649,34.129],[92.723,34.087],[92.813,34.081],[92.993,34.1]]]}},{"type":"Feature","properties":{"r":4,"n":"Dicle"},"geometry":{"type":"MultiLineString","coordinates":[[[39.173,38.424],[39.213,38.424],[39.288,38.467],[39.403,38.503],[39.509,38.517],[39.539,38.486],[39.621,38.463],[39.647,38.432],[39.646,38.407],[39.689,38.377],[39.73,38.37],[39.815,38.387],[39.984,38.377],[40.03,38.333],[40.026,38.292],[40.118,38.257],[40.191,38.2],[40.14,38.114],[40.205,38.11],[40.267,38.084],[40.239,37.991],[40.259,37.899],[40.232,37.874],[40.257,37.839],[40.415,37.808],[40.518,37.836],[40.677,37.844],[40.759,37.807],[40.843,37.831],[41.035,37.772],[41.088,37.781],[41.117,37.766],[41.175,37.767],[41.217,37.743],[41.547,37.741],[41.662,37.771],[41.713,37.75],[41.764,37.755],[41.786,37.741],[41.826,37.639],[41.86,37.593],[41.828,37.47],[41.834,37.444],[41.87,37.42],[42.028,37.432],[42.192,37.35],[42.222,37.314],[42.223,37.288],[42.267,37.275],[42.292,37.285],[42.353,37.227],[42.335,37.171],[42.354,37.153],[42.377,37.063]]]}},{"type":"Feature","properties":{"r":4,"n":"Dnepre"},"geometry":{"type":"MultiLineString","coordinates":[[[33.735,55.874],[33.845,55.811],[33.79,55.805],[33.769,55.775],[33.834,55.745],[33.879,55.743],[33.907,55.719],[33.84,55.65],[33.793,55.63],[33.781,55.57],[33.742,55.541],[33.638,55.572],[33.582,55.561],[33.558,55.442],[33.591,55.369],[33.593,55.309],[33.559,55.243],[33.501,55.221],[33.497,55.184],[33.446,55.102],[33.442,55.051],[33.39,54.999],[33.416,54.959],[33.416,54.936],[33.391,54.917]]]}},{"type":"Feature","properties":{"r":4,"n":"Pechora"},"geometry":{"type":"MultiLineString","coordinates":[[[54.207,68.209],[54.112,68.138],[54.021,68.038],[53.691,67.928],[53.345,67.869],[53.314,67.849],[53.3,67.807],[53.211,67.763],[53.131,67.689],[52.934,67.674],[52.818,67.69]],[[53.192,67.88],[53.294,67.897],[53.479,67.99],[53.595,68.022],[53.615,68.037],[53.626,68.084],[53.698,68.16],[53.859,68.196],[53.903,68.222]],[[52.587,67.708],[52.69,67.749],[52.984,67.809],[53.056,67.811],[53.28,67.916],[53.293,67.934],[53.278,67.954],[53.093,67.959],[53.02,67.982],[53.045,68.031],[53.037,68.074],[53.051,68.098],[53.222,68.177],[53.241,68.252]],[[52.818,67.69],[52.707,67.668],[52.601,67.709],[52.145,67.59],[52.122,67.57],[52.143,67.516],[52.125,67.482],[52.266,67.447],[52.247,67.421],[52.127,67.366],[52.136,67.286],[52.209,67.261],[52.216,67.17],[52.412,67.105],[52.404,67.073],[52.367,67.035],[52.395,66.964],[52.353,66.856],[52.367,66.8],[52.334,66.74],[52.356,66.708],[52.445,66.671],[52.49,66.621],[52.464,66.534],[52.508,66.503],[52.517,66.454],[52.46,66.426],[52.433,66.387],[52.505,66.253],[52.501,66.083],[52.52,66.05],[52.587,66.005],[52.477,65.915],[52.323,65.859],[52.27,65.823],[52.194,65.703],[52.148,65.565],[52.129,65.472],[52.139,65.443],[52.207,65.42],[52.469,65.415],[52.748,65.373],[52.841,65.332],[52.912,65.329],[53.04,65.363],[53.311,65.333],[53.681,65.445],[54.288,65.47],[54.328,65.485],[54.381,65.56],[54.526,65.679],[54.772,65.71],[54.858,65.764],[54.911,65.818],[55.096,65.905],[55.135,65.96],[55.158,66.085],[55.228,66.132],[55.39,66.168],[55.486,66.229],[55.829,66.322],[55.983,66.315],[56.318,66.349],[56.426,66.325],[56.514,66.2],[56.616,66.162],[56.652,66.128],[56.686,66.054],[56.884,65.969],[56.688,65.775],[56.683,65.74],[56.81,65.681],[56.826,65.644],[56.863,65.614],[57.021,65.564],[57.062,65.51],[57.058,65.471],[57.017,65.412],[57.042,65.354],[57.019,65.293],[57.046,65.245],[57.041,65.214],[57.001,65.152],[57.109,65.11],[57.27,65.133],[57.288,65.093],[57.254,65.069],[57.252,65.036],[57.45,65.027],[57.499,64.979],[57.618,64.933],[57.632,64.891],[57.661,64.868],[57.819,64.84],[57.891,64.813],[57.905,64.785],[57.891,64.699],[57.802,64.607],[57.796,64.562],[57.823,64.528],[57.823,64.496],[57.703,64.497],[57.709,64.476],[57.81,64.425],[57.788,64.406],[57.703,64.387],[57.702,64.372],[57.754,64.329],[57.646,64.343],[57.622,64.323],[57.635,64.285],[57.617,64.272],[57.467,64.217],[57.486,64.198],[57.612,64.188],[57.655,64.148],[57.508,64.144],[57.64,64.105],[57.659,64.066],[57.634,64.042],[57.48,64.001],[57.534,63.956],[57.532,63.915],[57.446,63.904],[57.337,63.917],[57.302,63.904],[57.255,63.856],[57.169,63.838],[57.035,63.877],[56.876,63.867],[56.748,63.814],[56.675,63.676],[56.603,63.61],[56.416,63.527],[56.421,63.501],[56.574,63.44],[56.549,63.415],[56.45,63.44],[56.426,63.418],[56.466,63.332],[56.456,63.299],[56.37,63.329],[56.351,63.323],[56.31,63.268],[56.205,63.258],[56.158,63.206],[56.115,63.189],[55.907,63.227],[55.881,63.217],[55.87,63.181],[55.885,63.161],[55.98,63.117],[55.959,63.088],[55.981,63.071],[56.097,63.036],[56.114,62.97],[56.196,62.908],[56.233,62.849],[56.183,62.768],[56.206,62.721],[56.282,62.693],[56.412,62.694],[56.529,62.632],[56.665,62.6],[56.697,62.562],[56.74,62.399],[56.713,62.342],[56.727,62.31],[56.713,62.301],[56.737,62.286],[56.736,62.271],[56.682,62.223],[56.657,62.171],[56.59,62.123],[56.624,62.096],[56.726,62.085],[56.74,62.04],[56.776,62.025],[56.822,61.954],[56.82,61.9],[56.857,61.862],[56.833,61.797],[56.856,61.789],[56.936,61.815],[57.03,61.795],[57.042,61.78],[57.026,61.772],[56.939,61.752],[56.987,61.73],[57.08,61.737],[57.173,61.692],[57.239,61.723],[57.309,61.689],[57.472,61.715],[57.64,61.77],[57.72,61.815],[57.864,61.804],[57.925,61.877],[57.912,61.889],[57.924,61.949],[58.159,62.016],[58.214,62.057],[58.337,62.106],[58.495,62.085],[58.577,62.034],[58.676,62.011],[58.74,61.976],[58.922,62.07],[59.138,62.01],[59.26,62.018],[59.287,62.057]],[[52.818,67.69],[52.829,67.69]]]}},{"type":"Feature","properties":{"r":4,"n":"Indaiá"},"geometry":{"type":"MultiLineString","coordinates":[[[-46.499,-20.321],[-46.44,-20.336],[-46.383,-20.321],[-46.351,-20.349],[-46.322,-20.352],[-46.214,-20.337],[-46.146,-20.349],[-46.129,-20.336],[-46.033,-20.35],[-45.941,-20.308],[-45.975,-20.281],[-45.967,-20.261],[-45.913,-20.219],[-45.872,-20.144],[-45.803,-20.131],[-45.769,-20.158],[-45.728,-20.165],[-45.694,-20.131],[-45.661,-20.13],[-45.632,-20.062],[-45.614,-20.061],[-45.618,-20.021],[-45.598,-20.014],[-45.61,-19.988],[-45.584,-19.973],[-45.587,-19.951],[-45.564,-19.945],[-45.578,-19.884],[-45.564,-19.89],[-45.482,-19.827],[-45.481,-19.743],[-45.493,-19.716],[-45.523,-19.719],[-45.473,-19.674],[-45.481,-19.65],[-45.447,-19.636],[-45.447,-19.61],[-45.429,-19.612],[-45.416,-19.595],[-45.406,-19.514],[-45.386,-19.486],[-45.396,-19.471],[-45.317,-19.328],[-45.331,-19.313],[-45.28,-19.274],[-45.231,-19.261],[-45.218,-19.226],[-45.173,-19.229],[-45.168,-19.209],[-45.132,-19.198],[-45.097,-19.15],[-45.07,-19.069],[-45.089,-19.051]]]}},{"type":"Feature","properties":{"r":4,"n":"Kolyma"},"geometry":{"type":"MultiLineString","coordinates":[[[160.758,68.564],[160.616,68.554],[160.493,68.494],[160.273,68.54],[160.032,68.558],[159.929,68.584],[159.72,68.575],[159.367,68.631],[159.289,68.662],[159.029,68.678],[159.028,68.7],[159.052,68.717],[159.247,68.755],[159.19,68.785],[158.881,68.761],[158.734,68.734],[158.676,68.737],[158.601,68.789],[158.487,68.801],[158.411,68.769],[158.38,68.715],[158.254,68.671],[158.094,68.642],[157.935,68.652],[157.925,68.637],[157.937,68.618],[158.028,68.563],[158.048,68.51],[157.992,68.449],[157.691,68.32],[157.671,68.295],[157.687,68.237],[157.65,68.184],[157.651,68.136],[157.61,68.113],[157.435,68.068],[157.278,68.072],[156.92,68.027],[156.672,67.928],[156.169,67.98],[156.133,67.973],[156.108,67.951],[156.103,67.909],[156.132,67.841],[156.197,67.809],[156.358,67.801],[156.404,67.753],[156.393,67.725],[156.287,67.721],[156.241,67.705],[156.231,67.681],[156.267,67.666],[156.249,67.649],[156.082,67.644],[155.682,67.598],[155.629,67.602],[155.551,67.639],[155.253,67.663],[155.053,67.65],[154.782,67.575],[154.376,67.549],[154.274,67.581],[154.061,67.567],[153.926,67.497]],[[153.926,67.497],[153.926,67.497]],[[153.926,67.497],[153.699,67.491],[153.66,67.453],[153.502,67.399],[153.48,67.379],[153.507,67.337],[153.641,67.245],[153.646,67.222],[153.62,67.204],[153.563,67.187],[153.104,67.161],[153.015,67.123],[153.025,67.06],[152.999,67.036],[152.866,66.967],[152.692,66.94],[152.645,66.904],[152.62,66.857],[152.517,66.806],[152.487,66.762],[152.391,66.762],[152.361,66.747],[152.459,66.687],[152.365,66.625],[152.271,66.616],[151.865,66.521],[151.767,66.46],[151.805,66.423],[151.794,66.385],[151.74,66.341],[151.653,66.307],[151.674,66.238],[151.654,66.22],[151.603,66.217],[151.576,66.268],[151.406,66.212],[151.307,66.199],[151.218,66.211],[151.14,66.249],[151.097,66.247],[151.049,66.211],[151.017,66.134],[150.852,66.126],[150.777,66.16],[150.719,66.144],[150.759,66.076],[150.823,66.054],[150.732,66.036],[150.753,65.933],[150.796,65.863],[150.78,65.837],[150.868,65.755],[150.899,65.735],[150.998,65.717],[151.044,65.661],[151.152,65.641],[151.175,65.614],[151.143,65.59],[151.287,65.513],[151.42,65.35],[151.527,65.322],[151.534,65.261],[151.657,65.22],[151.752,65.211],[151.774,65.193],[151.774,65.148],[151.849,65.114],[151.937,65.097],[151.959,65.055],[152.027,65.007],[152.199,64.963],[152.356,64.895],[152.427,64.898],[152.45,64.859],[152.507,64.82],[152.922,64.811],[153.23,64.699],[153.322,64.685],[153.52,64.686],[153.774,64.751],[154.006,64.751],[154.042,64.702],[154.028,64.63],[154.081,64.571],[154.084,64.55],[154.046,64.501],[154.104,64.464],[154.104,64.432],[154.131,64.407],[154.358,64.35],[154.389,64.328],[154.397,64.296],[154.366,64.233],[154.366,64.193],[154.42,64.191],[154.52,64.241],[154.564,64.209],[154.542,64.146],[154.443,64.069],[154.305,64.061],[154.221,64.015],[154.11,63.998],[153.844,63.904],[153.576,63.894],[153.535,63.85],[153.422,63.806],[153.281,63.712],[153.159,63.689],[153.019,63.595],[152.97,63.509],[152.871,63.41],[152.765,63.371],[152.576,63.345],[152.549,63.298],[152.594,63.255],[152.605,63.21],[152.543,63.175],[152.523,63.146],[152.527,63.082],[152.55,63.035],[152.487,62.932],[152.432,62.893],[152.453,62.869],[152.517,62.847],[152.53,62.8],[152.503,62.752],[152.338,62.617],[152.342,62.572],[152.258,62.544],[152.302,62.481],[152.287,62.437],[152.26,62.424],[152.167,62.455],[152.089,62.43],[152.026,62.428],[152.011,62.446],[152.013,62.572],[151.981,62.599],[151.891,62.565],[151.826,62.466],[151.714,62.449],[151.689,62.474],[151.67,62.546],[151.587,62.596],[151.377,62.592],[151.288,62.64],[151.145,62.682],[150.879,62.688],[150.801,62.666],[150.743,62.623],[150.745,62.577],[150.825,62.503],[150.786,62.434],[150.796,62.408],[150.778,62.356],[150.803,62.327],[150.792,62.286],[150.722,62.242],[150.687,62.167],[150.645,62.148],[150.54,62.144],[150.452,62.077],[150.342,62.061],[150.294,62.062],[150.177,62.105],[150.139,62.102],[150.019,62.024],[149.841,61.993],[149.8,61.956],[149.8,61.927],[149.736,61.927],[149.677,61.897],[149.608,61.888],[149.589,61.834],[149.605,61.796],[149.598,61.774],[149.468,61.641],[149.296,61.708],[149.11,61.718],[149.031,61.677],[148.776,61.648],[148.704,61.691],[148.758,61.731],[148.742,61.782],[148.714,61.796],[148.681,61.858],[148.618,61.893],[148.622,61.913],[148.673,61.938],[148.676,62.002],[148.606,62.031],[148.588,62.074],[148.535,62.078],[148.473,62.142],[148.356,62.143],[148.22,62.064],[148.167,62.052],[148.121,62.075],[148.118,62.105],[148.073,62.127],[147.999,62.214],[147.959,62.223],[147.906,62.207],[147.859,62.248],[147.762,62.25],[147.703,62.315],[147.585,62.295],[147.397,62.337],[147.366,62.325],[147.282,62.194],[147.229,62.162],[147.215,62.141],[147.238,62.117],[147.211,62.09],[147.223,62.054],[147.281,62.004],[147.388,61.977],[147.402,61.955],[147.398,61.923],[147.416,61.897],[147.399,61.858],[147.429,61.821],[147.397,61.799],[147.398,61.764],[147.452,61.687],[147.45,61.636],[147.426,61.611],[147.386,61.605],[147.396,61.589],[147.357,61.562],[147.186,61.522],[147.153,61.485],[147.037,61.537],[146.918,61.505],[146.847,61.445],[146.797,61.429],[146.531,61.465],[146.401,61.537],[146.312,61.623],[146.237,61.657],[146.172,61.75],[146.09,61.763],[146.03,61.807],[145.982,61.809],[145.927,61.847],[145.762,61.895],[145.606,61.899],[145.398,61.865],[145.216,61.856]]]}},{"type":"Feature","properties":{"r":4,"n":"Nmai"},"geometry":{"type":"MultiLineString","coordinates":[[[97.983,28.425],[98.031,28.418],[98.062,28.387],[98.086,28.311],[98.192,28.25],[98.251,28.184],[98.296,28.167],[98.332,28.092],[98.311,28.057],[98.344,27.929],[98.327,27.824],[98.347,27.767],[98.316,27.708],[98.296,27.695],[98.279,27.709],[98.237,27.667],[98.171,27.653],[98.151,27.66],[98.119,27.726],[98.1,27.736],[98.037,27.73],[98.021,27.722],[98.02,27.697],[98.087,27.529],[98.11,27.427],[98.187,27.319],[98.228,27.21],[98.302,27.147],[98.35,27.06],[98.378,26.788],[98.333,26.705],[98.337,26.603],[98.309,26.591],[98.288,26.505],[98.28,26.428],[98.292,26.361],[98.117,25.893],[98.034,25.79],[97.802,25.591],[97.739,25.628],[97.692,25.708],[97.537,25.718],[97.486,25.701]]]}},{"type":"Feature","properties":{"r":4,"n":"Magdalena"},"geometry":{"type":"MultiLineString","coordinates":[[[-73.796,8.15],[-73.784,8.171],[-73.796,8.213],[-73.756,8.329],[-73.767,8.359],[-73.755,8.389],[-73.796,8.579],[-73.83,8.644],[-73.808,8.817],[-73.883,8.914],[-73.872,8.973],[-73.984,8.989],[-74.016,9.007],[-74.011,9.023],[-74.044,9.055],[-74.061,9.032],[-74.091,9.029],[-74.153,9.049],[-74.142,9.058],[-74.197,9.093],[-74.238,9.154],[-74.295,9.166],[-74.312,9.214],[-74.354,9.231],[-74.413,9.226],[-74.431,9.267],[-74.479,9.269],[-74.512,9.241],[-74.533,9.243],[-74.637,9.382],[-74.677,9.395],[-74.703,9.43],[-74.742,9.418],[-74.77,9.453],[-74.8,9.449],[-74.781,9.631],[-74.829,9.686],[-74.815,9.769],[-74.874,9.849],[-74.879,9.915],[-74.871,9.951],[-74.812,9.985],[-74.805,10.025],[-74.853,10.093],[-74.932,10.126],[-74.948,10.166],[-74.924,10.254],[-74.836,10.406],[-74.807,10.51],[-74.748,10.55],[-74.729,10.584],[-74.723,10.775],[-74.742,10.841],[-74.725,10.9],[-74.774,11.01],[-74.856,11.1],[-74.859,11.132]],[[-76.507,1.943],[-76.428,1.956],[-76.363,1.923],[-76.206,1.881],[-76.136,1.937],[-76.056,1.966],[-76.012,2.021],[-75.865,2.055],[-75.845,2.086],[-75.704,2.162],[-75.675,2.212],[-75.694,2.27],[-75.567,2.379],[-75.568,2.413],[-75.594,2.453],[-75.498,2.561],[-75.498,2.635],[-75.432,2.721],[-75.375,2.749],[-75.305,2.877],[-75.315,2.956],[-75.256,3.087],[-75.28,3.118],[-75.284,3.162],[-75.242,3.234],[-75.253,3.295],[-75.191,3.388],[-75.179,3.437],[-75.137,3.46],[-75.146,3.506],[-75.107,3.529],[-75.101,3.611],[-75.037,3.689],[-75.016,3.689],[-74.994,3.715],[-74.951,3.842],[-74.881,3.947],[-74.803,4.259],[-74.809,4.279],[-74.881,4.269],[-74.891,4.28],[-74.806,4.505],[-74.818,4.587],[-74.805,4.591],[-74.818,4.608],[-74.791,4.652],[-74.828,4.722],[-74.767,4.787],[-74.771,4.863],[-74.75,4.889],[-74.763,4.964],[-74.729,4.985],[-74.75,5.026],[-74.736,5.108],[-74.751,5.302],[-74.673,5.427],[-74.675,5.456],[-74.66,5.458],[-74.66,5.526],[-74.678,5.549],[-74.641,5.563],[-74.66,5.574],[-74.638,5.644],[-74.652,5.66],[-74.632,5.703],[-74.663,5.772],[-74.64,5.862],[-74.591,5.918],[-74.605,5.978],[-74.574,6.002],[-74.578,6.079],[-74.605,6.136],[-74.567,6.241],[-74.46,6.333],[-74.413,6.404],[-74.384,6.411],[-74.381,6.434],[-74.406,6.475],[-74.409,6.567],[-74.387,6.626],[-74.293,6.654],[-74.109,6.79],[-74.016,6.928],[-73.925,6.974],[-73.888,7.02],[-73.927,7.126],[-73.937,7.254],[-73.9,7.421],[-73.913,7.495],[-73.835,7.595],[-73.823,7.672],[-73.836,7.695],[-73.816,7.779],[-73.872,8.045],[-73.855,8.105],[-73.79,8.15]]]}},{"type":"Feature","properties":{"r":4,"n":"Neuquén"},"geometry":{"type":"MultiLineString","coordinates":[[[-70.803,-36.529],[-70.791,-36.693],[-70.74,-36.786],[-70.687,-36.824],[-70.699,-36.932],[-70.678,-37.04],[-70.633,-37.11],[-70.645,-37.166],[-70.697,-37.199],[-70.692,-37.224],[-70.712,-37.258],[-70.699,-37.31],[-70.654,-37.353],[-70.602,-37.37],[-70.463,-37.344],[-70.233,-37.392],[-70.189,-37.447],[-70.096,-37.501],[-70.047,-37.622],[-70.021,-37.652],[-69.901,-37.677],[-69.854,-37.808],[-69.873,-37.842],[-69.816,-37.992],[-69.843,-38.037],[-69.706,-38.199],[-69.712,-38.311],[-69.68,-38.383],[-69.536,-38.483],[-69.456,-38.507],[-69.376,-38.589],[-69.173,-38.6],[-69.117,-38.588],[-69.065,-38.554],[-68.97,-38.476],[-68.89,-38.373],[-68.786,-38.351],[-68.728,-38.364],[-68.494,-38.52],[-68.411,-38.549],[-68.355,-38.619],[-68.226,-38.697],[-68.05,-38.904],[-68.032,-38.97],[-68.014,-38.975]]]}},{"type":"Feature","properties":{"r":4,"n":"Nanpan"},"geometry":{"type":"MultiLineString","coordinates":[[[103.922,25.879],[103.875,25.838],[103.87,25.775],[103.832,25.775],[103.832,25.697],[103.853,25.67],[103.82,25.624],[103.866,25.553],[103.862,25.296],[103.895,25.264],[103.859,25.194],[103.805,25.166],[103.77,25.119],[103.784,25.088],[103.756,25.084],[103.696,25.031],[103.633,25.01],[103.586,24.974],[103.567,24.983],[103.524,24.947],[103.464,24.934],[103.427,24.933],[103.422,24.995],[103.38,25.022],[103.316,25.008],[103.249,25.022],[103.208,24.988],[103.186,24.981],[103.174,24.995],[103.162,24.973],[103.181,24.933],[103.165,24.823],[103.128,24.777],[103.073,24.752],[103.038,24.674],[103.032,24.607],[103.049,24.566],[103.075,24.557],[103.092,24.57],[103.12,24.551],[103.105,24.453],[103.059,24.427],[103.09,24.402],[103.092,24.33],[103.113,24.303],[103.099,24.236],[103.147,24.158],[103.126,24.035],[103.159,23.981],[103.177,23.826],[103.23,23.8],[103.271,23.802],[103.3,23.855],[103.434,23.885],[103.602,23.889],[103.599,23.926],[103.634,23.998],[103.578,24.063],[103.584,24.106],[103.65,24.181],[103.782,24.213],[103.846,24.342],[103.955,24.442],[104.004,24.454],[104.084,24.441],[104.23,24.529],[104.292,24.535],[104.372,24.571],[104.401,24.628],[104.47,24.67],[104.537,24.741],[104.556,24.745],[104.63,24.683],[104.695,24.662],[104.729,24.631],[104.781,24.68],[104.841,24.695],[104.889,24.765],[105.012,24.797],[105.048,24.895],[105.1,24.954],[105.164,24.979],[105.188,25.009],[105.249,24.971],[105.267,24.938],[105.314,24.936],[105.38,24.957],[105.431,24.934],[105.458,24.866],[105.508,24.817],[105.593,24.811],[105.655,24.781],[105.675,24.79],[105.805,24.707],[105.871,24.734],[105.916,24.729],[106.02,24.642],[106.059,24.693],[106.176,24.782],[106.199,24.83],[106.198,24.877],[106.155,24.96],[106.197,24.96],[106.227,24.981],[106.306,24.981],[106.457,25.036],[106.587,25.104],[106.667,25.173],[106.886,25.197],[106.924,25.255],[106.963,25.25],[106.97,25.235]]]}},{"type":"Feature","properties":{"r":4,"n":"Seine"},"geometry":{"type":"MultiLineString","coordinates":[[[4.713,47.513],[4.708,47.578],[4.674,47.679],[4.61,47.703],[4.585,47.763],[4.543,47.794],[4.585,47.869],[4.544,47.886],[4.551,47.91],[4.492,47.986],[4.393,48.062],[4.376,48.123],[4.324,48.149],[4.276,48.15],[4.183,48.213],[4.16,48.212],[4.084,48.325],[3.977,48.392],[3.906,48.499],[3.873,48.522],[3.748,48.54],[3.716,48.569],[3.608,48.523],[3.531,48.526],[3.505,48.501],[3.44,48.492],[3.392,48.458],[3.35,48.467],[3.315,48.439],[3.255,48.424],[3.187,48.436],[3.097,48.397],[3.012,48.404],[2.863,48.382],[2.82,48.404],[2.8,48.397],[2.797,48.417],[2.747,48.424],[2.768,48.465],[2.762,48.484],[2.687,48.492],[2.66,48.54],[2.605,48.524],[2.535,48.547],[2.544,48.567],[2.492,48.576],[2.476,48.629],[2.392,48.685],[2.443,48.743],[2.391,48.834],[2.323,48.867],[2.235,48.834],[2.227,48.853],[2.248,48.886],[2.327,48.931],[2.319,48.958],[2.255,48.945],[2.152,48.883],[2.125,48.886],[2.122,48.911],[2.179,48.976],[2.145,48.997],[2.073,48.995],[2.024,48.943],[2,48.96],[2.008,48.979],[1.99,49.001],[1.96,49.014],[1.765,48.979],[1.704,49.014],[1.619,49.02],[1.699,49.069],[1.653,49.078],[1.578,49.043],[1.547,49.046],[1.507,49.096],[1.346,49.198],[1.351,49.212],[1.39,49.226],[1.375,49.253],[1.268,49.214],[1.233,49.223],[1.261,49.266],[1.254,49.306],[1.089,49.315],[1.006,49.295],[0.993,49.308],[1.003,49.319],[1.119,49.355],[1.115,49.412],[1.09,49.44],[1.056,49.45],[1.021,49.431],[0.99,49.363],[0.933,49.357],[0.914,49.389],[0.932,49.449],[0.92,49.486],[0.861,49.476],[0.872,49.426],[0.851,49.394],[0.809,49.426],[0.825,49.467],[0.78,49.489],[0.76,49.522],[0.681,49.52],[0.658,49.466],[0.616,49.44],[0.573,49.444],[0.493,49.494]]]}},{"type":"Feature","properties":{"r":1,"n":"Lena"},"geometry":{"type":"MultiLineString","coordinates":[[[126.69,72.294],[126.809,72.202],[126.916,72.012],[126.966,71.969],[127.152,71.917],[127.181,71.876],[127.129,71.754],[127.247,71.535],[127.262,71.471],[127.232,71.308],[127.246,71.235],[127.294,71.159],[127.507,71.055],[127.53,71.031],[127.524,71.003],[127.448,70.94],[127.437,70.902],[127.575,70.832],[127.576,70.81],[127.479,70.758],[127.378,70.738],[127.16,70.648],[127.091,70.591],[126.929,70.538],[126.511,70.53],[126.37,70.547],[126.017,70.522],[125.866,70.486],[125.784,70.447],[125.758,70.423],[125.754,70.397],[125.789,70.371],[126.049,70.297],[126.069,70.279],[125.835,70.083],[125.398,69.936],[125.201,69.925],[125.132,69.899],[125.087,69.857],[125.015,69.684],[124.892,69.592],[124.659,69.361],[124.101,69.113],[123.982,68.974],[123.961,68.839],[123.964,68.714],[123.915,68.644],[123.896,68.564],[123.816,68.395],[123.647,68.213],[123.295,68.112],[123.197,68.051],[123.144,67.941],[123.098,67.709],[123.011,67.564],[123.005,67.512],[123.086,67.452],[123.173,67.305],[123.303,67.19],[123.347,67.128],[123.424,66.981],[123.418,66.845],[123.511,66.728],[123.552,66.607],[123.697,66.503],[123.936,66.096],[124.048,65.985],[124.207,65.902],[124.303,65.799],[124.299,65.67],[124.239,65.578],[124.233,65.536],[124.249,65.5],[124.372,65.41],[124.379,65.285],[124.495,65.15],[124.721,65.045],[124.889,64.939],[125.15,64.909],[125.429,64.788],[125.496,64.716],[125.481,64.667],[125.528,64.624],[125.692,64.598],[126.126,64.462],[126.391,64.429],[126.893,64.207],[127.438,63.879],[128.027,63.737],[128.229,63.579],[128.48,63.509],[128.967,63.505],[129.124,63.535],[129.38,63.49],[129.471,63.386],[129.655,63.244],[129.656,63.217],[129.614,63.157],[129.586,63.065],[129.679,63],[129.732,62.939],[129.848,62.694],[129.86,62.615],[129.878,62.592],[129.997,62.539],[130.024,62.501],[130.059,62.434],[130.029,62.285],[129.902,62.225],[129.872,62.123],[129.864,61.966],[129.744,61.891],[129.697,61.788],[129.563,61.675],[129.329,61.581],[129.216,61.499],[128.597,61.264],[128.133,61.271],[127.173,61.099],[126.67,61.117],[126.515,61.074],[126.206,61.056],[125.773,60.89],[125.028,60.77],[124.859,60.694],[124.345,60.669],[124.254,60.623],[124.081,60.576],[123.801,60.604],[122.443,60.563],[122.213,60.593],[121.768,60.575],[121.688,60.587],[121.505,60.653],[121.31,60.665],[121.197,60.652],[120.716,60.494],[120.675,60.456],[120.654,60.407]],[[120.648,60.403],[120.429,60.377],[120.242,60.394],[120.19,60.331],[120.134,60.309],[120.012,60.218],[119.542,60.274],[119.461,60.264],[119.289,60.18],[119.132,60.03],[119.035,59.974],[118.729,59.94],[118.601,59.869],[118.524,59.847],[118.468,59.755],[118.274,59.715],[118.02,59.779],[117.925,59.826],[117.72,59.868],[117.399,59.991],[117.351,60.029],[117.171,60.077],[117.142,60.093],[117.005,60.306],[116.843,60.406],[116.523,60.481],[116.147,60.538],[116.077,60.586],[115.948,60.603],[115.899,60.651],[115.681,60.776],[114.967,60.771],[114.838,60.74],[114.714,60.669],[114.669,60.666],[114.381,60.455],[114.286,60.345],[114.192,60.27],[113.974,60.231],[113.868,60.134],[113.707,60.031],[113.676,59.995],[113.368,59.805],[113.022,59.707],[112.855,59.702],[112.779,59.59],[112.604,59.522],[112.555,59.342],[112.402,59.246],[112.044,59.186],[111.967,59.186],[111.945,59.199],[111.945,59.226],[111.908,59.228],[111.73,59.134],[111.662,59.063],[111.52,59.025],[111.433,58.959],[111.291,58.931],[111.21,58.886],[111.216,58.762],[111.178,58.729],[110.954,58.767],[110.87,58.747],[110.949,58.698],[110.928,58.657],[110.719,58.678],[110.588,58.653],[110.438,58.664],[110.245,58.619],[110.15,58.608],[110.061,58.63],[109.928,58.588],[109.814,58.586],[109.765,58.514],[109.748,58.398],[109.66,58.353],[109.646,58.308],[109.534,58.24],[109.466,58.211],[109.391,58.206],[109.317,58.221],[109.188,58.28],[109.118,58.28],[109.05,58.259],[108.914,58.162],[108.611,58.065],[108.577,58.024],[108.588,57.98],[108.447,57.948],[108.309,57.836],[108.315,57.802],[108.293,57.784],[108.149,57.767],[108.036,57.788],[108.002,57.77],[107.997,57.75],[108.046,57.695],[108.027,57.673],[107.834,57.656],[107.736,57.605],[107.741,57.581],[107.826,57.59],[107.862,57.599],[107.864,57.633],[107.882,57.63],[107.93,57.551],[107.917,57.528],[107.827,57.479],[107.574,57.404],[107.588,57.342],[107.496,57.347],[107.482,57.324],[107.492,57.294],[107.474,57.277],[107.27,57.26],[107.221,57.273],[107.193,57.324],[107.094,57.342],[107.014,57.33],[106.912,57.25],[106.936,57.178],[106.851,57.116],[106.841,57.051],[106.721,57.048],[106.628,57.018],[106.464,57.017],[106.414,57.022],[106.362,57.06],[106.309,57.062],[106.292,57.041],[106.234,57.024],[106.097,56.858],[105.987,56.826],[105.805,56.815],[105.668,56.774],[105.648,56.739],[105.676,56.709],[105.731,56.696],[106.142,56.695],[106.282,56.625],[106.298,56.59],[106.283,56.564],[106.292,56.514],[106.268,56.462],[106.176,56.39],[106.019,56.357],[105.805,56.349],[105.704,56.291],[105.662,56.225],[105.667,56.193],[105.819,56.118],[105.859,56.074],[105.874,56.016],[105.785,55.879],[105.79,55.816],[105.762,55.768],[105.675,55.71],[105.554,55.573],[105.554,55.526],[105.489,55.448],[105.498,55.427],[105.48,55.406],[105.478,55.354],[105.434,55.297],[105.415,55.244],[105.329,55.184],[105.139,55.127],[105.079,55.056],[105.113,55.029],[105.073,55.001],[105.087,54.967],[105.052,54.946],[105.066,54.934],[105.067,54.865],[105.231,54.806],[105.207,54.753],[105.25,54.655],[105.23,54.625],[105.244,54.597],[105.223,54.583],[105.236,54.565],[105.217,54.559],[105.216,54.486],[105.165,54.409],[105.293,54.349],[105.336,54.347],[105.36,54.31],[105.388,54.31],[105.404,54.272],[105.511,54.186],[105.529,54.145],[105.572,54.111],[105.581,54.064],[105.601,54.046],[105.751,53.987],[105.792,54.008],[105.815,53.988],[105.853,54.001],[105.861,53.981],[105.902,53.96],[105.905,53.91],[105.932,53.888],[106.097,53.848],[106.319,53.868],[106.422,53.842],[106.656,53.895],[106.927,53.884],[106.973,53.87],[107.005,53.84],[107.087,53.846],[107.183,53.888],[107.178,53.981],[107.403,54.054],[107.455,54.096],[107.469,54.155],[107.504,54.191],[107.571,54.211],[107.615,54.255],[107.708,54.287],[107.783,54.294],[107.843,54.287],[107.898,54.256],[108.025,54.265],[108.101,54.231],[108.131,54.161],[108.124,54.108],[108.075,54.048],[107.98,54.004]]]}},{"type":"Feature","properties":{"r":4,"n":"Oder"},"geometry":{"type":"MultiLineString","coordinates":[[[17.618,49.739],[17.677,49.744],[17.762,49.719],[17.879,49.637],[17.946,49.627],[17.962,49.652],[18.184,49.749],[18.224,49.793],[18.228,49.842],[18.303,49.877],[18.351,49.939],[18.246,50.042],[18.221,50.096],[18.262,50.185],[18.242,50.199],[18.269,50.22],[18.262,50.261],[18.181,50.321],[18.1,50.413],[18.023,50.446],[17.955,50.502],[17.967,50.624],[17.851,50.754],[17.666,50.822],[17.632,50.822],[17.592,50.857],[17.495,50.859],[17.447,50.905],[17.316,50.95],[17.316,50.998],[17.253,51.047],[17.193,51.042],[17.159,51.055],[17.163,51.085],[17.132,51.104],[17.033,51.116],[16.942,51.172],[16.886,51.234],[16.833,51.258],[16.694,51.244],[16.625,51.255],[16.491,51.228],[16.473,51.241],[16.481,51.255],[16.426,51.296],[16.48,51.373],[16.448,51.418],[16.46,51.501],[16.487,51.522],[16.47,51.527],[16.456,51.566],[16.349,51.618],[16.344,51.645],[16.262,51.681],[16.207,51.686],[16.107,51.665],[15.929,51.707],[15.908,51.734],[15.881,51.72],[15.85,51.727],[15.803,51.769],[15.76,51.77],[15.734,51.803],[15.796,51.885],[15.761,51.898],[15.796,51.936],[15.773,51.979],[15.686,51.974],[15.68,51.992],[15.64,52.011],[15.645,52.035],[15.411,52.063],[15.358,52.05],[15.216,52.075],[15.166,52.053],[15.1,52.049],[15.028,52.077],[14.961,52.056],[14.887,52.056],[14.761,52.077],[14.696,52.107],[14.686,52.121],[14.707,52.18],[14.692,52.2],[14.712,52.236],[14.584,52.291],[14.59,52.31],[14.545,52.382],[14.539,52.422],[14.591,52.45],[14.632,52.497],[14.609,52.518],[14.644,52.577],[14.431,52.686],[14.382,52.738],[14.124,52.851],[14.15,52.865],[14.164,52.896],[14.144,52.96],[14.312,53.03],[14.356,53.067],[14.389,53.132],[14.377,53.177],[14.387,53.202],[14.452,53.262],[14.465,53.314],[14.538,53.38],[14.626,53.502],[14.629,53.538],[14.596,53.598]]]}},{"type":"Feature","properties":{"r":4,"n":"Arkansas"},"geometry":{"type":"MultiLineString","coordinates":[[[-106.381,39.222],[-106.272,39.037],[-106.222,39.004],[-106.148,38.821],[-106.145,38.776],[-106.085,38.71],[-106.069,38.645],[-106.091,38.578],[-105.799,38.417],[-105.746,38.374],[-105.714,38.37],[-105.557,38.452],[-105.504,38.449],[-105.452,38.477],[-105.378,38.476],[-105.293,38.441],[-105.208,38.447],[-104.998,38.408],[-104.891,38.317],[-104.769,38.261],[-104.291,38.259],[-104.191,38.199],[-103.752,38.124],[-103.608,38.041],[-103.541,38.022],[-103.468,38.03],[-103.357,38.084],[-103.246,38.101],[-102.907,38.093],[-102.691,38.121],[-102.33,38.124],[-102.157,38.06],[-101.956,38.039],[-101.524,37.937],[-101.392,37.892],[-101.305,37.898],[-101.183,37.963],[-101.039,37.997],[-100.996,37.992],[-100.832,37.963],[-100.638,37.881],[-100.497,37.857],[-100.365,37.809],[-100.16,37.792],[-99.944,37.741],[-99.837,37.699],[-99.652,37.673],[-99.57,37.7],[-99.352,37.956],[-99.09,38.18],[-99.004,38.208],[-98.859,38.311],[-98.775,38.351],[-98.68,38.361],[-98.586,38.344],[-98.389,38.248],[-98.134,38.161],[-97.953,38.043],[-97.398,37.786],[-97.37,37.72],[-97.301,37.628],[-97.248,37.469],[-97.183,37.404],[-97.111,37.174],[-97.119,37.118],[-97.034,37.055],[-96.942,37.039],[-96.929,37.018],[-96.943,36.909],[-96.911,36.858],[-96.904,36.809],[-96.796,36.764],[-96.869,36.75],[-96.927,36.7],[-97.059,36.687],[-97.034,36.596],[-96.899,36.59],[-96.92,36.55],[-97.006,36.526],[-96.979,36.473],[-96.939,36.46],[-96.901,36.467],[-96.758,36.572],[-96.718,36.521],[-96.695,36.439],[-96.623,36.432],[-96.574,36.391],[-96.539,36.407],[-96.543,36.307],[-96.517,36.302],[-96.483,36.329],[-96.455,36.327],[-96.361,36.252],[-96.269,36.232],[-96.253,36.209],[-96.257,36.154],[-96.027,36.151],[-95.995,36.132],[-95.958,36.013],[-95.935,35.988],[-95.852,35.942],[-95.783,35.953],[-95.739,35.916],[-95.678,35.925],[-95.65,35.904],[-95.642,35.819],[-95.623,35.787],[-95.366,35.815],[-95.31,35.797],[-95.297,35.761],[-95.242,35.75],[-95.232,35.73],[-95.272,35.665],[-95.249,35.606],[-95.17,35.603],[-95.128,35.521],[-95.042,35.45],[-94.845,35.353],[-94.752,35.362],[-94.708,35.35],[-94.673,35.325],[-94.652,35.283],[-94.585,35.339],[-94.511,35.305],[-94.489,35.378],[-94.439,35.391],[-94.403,35.452],[-94.312,35.367],[-94.222,35.363],[-94.142,35.377],[-94.128,35.393],[-94.147,35.429],[-94.139,35.453],[-94.048,35.489],[-93.943,35.491],[-93.897,35.508],[-93.825,35.477],[-93.8,35.418],[-93.763,35.392],[-93.629,35.39],[-93.544,35.423],[-93.441,35.423],[-93.399,35.369],[-93.283,35.337],[-93.093,35.179],[-92.87,35.184],[-92.796,35.135],[-92.747,35.13],[-92.72,35.097],[-92.664,35.089],[-92.555,35.127],[-92.547,35.11],[-92.584,35.004],[-92.481,34.962],[-92.436,34.849],[-92.319,34.81],[-92.286,34.759],[-92.155,34.726],[-92.173,34.675],[-92.176,34.582],[-92.141,34.554],[-92.155,34.513],[-92.122,34.479],[-92.119,34.439],[-92.06,34.325],[-91.998,34.301],[-91.97,34.25],[-91.943,34.273],[-91.947,34.298],[-91.924,34.298],[-91.908,34.246],[-91.636,34.145]],[[-91.636,34.145],[-91.636,34.145]],[[-91.636,34.145],[-91.602,34.105],[-91.571,34.112],[-91.511,34.088],[-91.449,34.086],[-91.408,34.006],[-91.321,34.003],[-91.353,33.978],[-91.34,33.965],[-91.176,33.951],[-91.144,33.911],[-91.141,33.835],[-91.094,33.806],[-91.079,33.814],[-91.066,33.793]]]}},{"type":"Feature","properties":{"r":4,"n":"Sénégal"},"geometry":{"type":"MultiLineString","coordinates":[[[-13.09,15.497],[-13.093,15.575],[-13.11,15.597],[-13.179,15.628],[-13.239,15.624],[-13.249,15.657],[-13.229,15.711],[-13.287,15.77],[-13.281,15.823],[-13.317,15.882],[-13.317,15.931],[-13.37,15.986],[-13.389,16.052],[-13.441,16.102],[-13.502,16.095],[-13.486,16.155],[-13.67,16.106],[-13.72,16.136],[-13.711,16.189],[-13.73,16.19],[-13.796,16.131],[-13.836,16.121],[-13.884,16.194],[-13.965,16.23],[-13.979,16.338],[-14.074,16.401],[-14.215,16.535],[-14.269,16.548],[-14.279,16.581],[-14.336,16.587],[-14.336,16.632],[-14.407,16.661],[-14.494,16.633],[-14.556,16.641],[-14.609,16.629],[-14.657,16.646],[-14.913,16.641],[-14.975,16.692],[-15.008,16.676],[-15.038,16.633],[-15.08,16.665],[-15.108,16.666],[-15.119,16.643],[-15.094,16.6],[-15.126,16.583],[-15.233,16.567],[-15.329,16.572],[-15.415,16.548],[-15.465,16.582],[-15.526,16.522],[-15.61,16.522],[-15.673,16.482],[-15.898,16.519],[-15.959,16.499],[-16.054,16.496],[-16.133,16.555],[-16.196,16.523],[-16.274,16.523],[-16.336,16.456],[-16.386,16.235],[-16.459,16.194],[-16.471,16.107],[-16.508,16.011],[-16.52,15.847],[-16.542,15.806]],[[-10.851,13.814],[-10.892,13.825],[-10.965,13.79],[-10.986,13.797],[-10.994,13.836],[-11.055,13.869],[-11.088,14.031],[-11.148,14.037],[-11.255,14.088],[-11.218,14.154],[-11.247,14.172],[-11.241,14.227],[-11.264,14.305],[-11.284,14.339],[-11.368,14.379],[-11.376,14.421],[-11.406,14.456],[-11.578,14.5],[-11.622,14.558],[-11.688,14.591],[-11.894,14.619],[-12.139,14.785],[-12.247,14.767],[-12.383,14.846],[-12.448,14.908],[-12.485,15.017],[-12.624,15.102],[-12.691,15.093],[-12.718,15.104],[-12.78,15.147],[-12.788,15.214],[-12.857,15.222],[-12.889,15.251],[-12.885,15.271],[-12.834,15.27],[-12.829,15.284],[-12.92,15.366],[-12.965,15.509],[-12.996,15.514],[-13.04,15.487],[-13.083,15.492]]]}},{"type":"Feature","properties":{"r":4,"n":"Kyzyl-Khem"},"geometry":{"type":"MultiLineString","coordinates":[[[98,51.514],[97.913,51.529],[97.838,51.52],[97.754,51.5],[97.61,51.418],[97.557,51.419],[97.491,51.389],[97.342,51.387],[97.277,51.351],[97.191,51.363],[96.973,51.342],[96.931,51.363],[96.873,51.356],[96.822,51.376],[96.641,51.37],[96.599,51.349],[96.266,51.342],[96.202,51.363],[96.187,51.391],[96.144,51.397],[96.054,51.382],[96.013,51.339],[95.93,51.345],[95.78,51.295]]]}},{"type":"Feature","properties":{"r":4,"n":"Nu"},"geometry":{"type":"MultiLineString","coordinates":[[[91.518,31.943],[91.555,31.772],[91.659,31.719],[91.689,31.682],[91.736,31.671],[91.744,31.646],[91.731,31.597],[91.776,31.569],[91.809,31.509],[91.785,31.471],[91.813,31.414],[91.874,31.402],[91.939,31.443],[92.013,31.429],[92.038,31.409],[92.039,31.341],[92.09,31.296],[92.219,31.289],[92.264,31.307],[92.326,31.374],[92.321,31.443],[92.337,31.47],[92.381,31.451],[92.532,31.502],[92.664,31.516],[92.731,31.548],[92.83,31.552],[92.885,31.573],[92.924,31.573],[92.949,31.54],[93.01,31.565],[93.061,31.521],[93.129,31.546],[93.442,31.552],[93.768,31.489],[93.848,31.513],[93.925,31.512],[93.973,31.538],[94.183,31.48],[94.257,31.51],[94.301,31.48],[94.488,31.484],[94.58,31.456],[94.599,31.43],[94.573,31.382],[94.568,31.315],[94.505,31.258],[94.608,31.229],[94.639,31.127],[94.689,31.096],[94.737,31.073],[94.773,31.075],[94.901,31.129],[94.922,31.167],[94.967,31.185],[95.058,31.17],[95.112,31.189],[95.252,31.189],[95.448,31.119],[95.528,30.981],[95.602,30.94],[95.694,30.966],[95.78,30.954],[95.823,31.001],[95.865,31.007],[95.89,30.98],[95.91,30.986],[96.103,30.921],[96.255,30.892],[96.291,30.86],[96.336,30.861],[96.368,30.816],[96.444,30.566],[96.54,30.434],[96.596,30.448]]]}},{"type":"Feature","properties":{"r":4,"n":"Tigris"},"geometry":{"type":"MultiLineString","coordinates":[[[42.377,37.063],[42.397,37.017],[42.453,36.966],[42.488,36.955],[42.507,36.973],[42.504,36.922],[42.521,36.918],[42.516,36.887],[42.535,36.863],[42.509,36.862],[42.515,36.843],[42.566,36.837],[42.612,36.789],[42.69,36.8],[42.781,36.74],[42.75,36.727],[42.754,36.712],[42.8,36.726],[42.843,36.693],[42.861,36.711],[42.892,36.706],[42.877,36.671],[42.906,36.664],[42.904,36.647],[42.886,36.635],[42.831,36.643],[42.822,36.603],[42.754,36.552],[42.751,36.505],[42.936,36.491],[42.98,36.47],[42.969,36.433],[43.001,36.409],[43.049,36.391],[43.124,36.398],[43.117,36.38],[43.172,36.329],[43.186,36.288],[43.172,36.288],[43.205,36.238],[43.303,36.141],[43.299,36.082],[43.336,36.033],[43.346,35.98],[43.329,35.919],[43.357,35.904],[43.361,35.881],[43.332,35.853],[43.316,35.863],[43.309,35.795]],[[43.309,35.795],[43.29,35.789],[43.288,35.735],[43.323,35.709],[43.319,35.694],[43.281,35.685],[43.241,35.645],[43.267,35.606],[43.241,35.554],[43.276,35.472],[43.269,35.412],[43.365,35.345],[43.351,35.28],[43.422,35.265],[43.385,35.222],[43.397,35.201],[43.494,35.111],[43.54,35.089],[43.535,35.068],[43.584,35.031],[43.522,34.933],[43.539,34.917],[43.577,34.789],[43.636,34.767],[43.64,34.744],[43.676,34.713],[43.665,34.691],[43.694,34.664],[43.716,34.554],[43.77,34.53],[43.782,34.373],[43.828,34.286],[43.829,34.223],[43.871,34.184],[43.895,34.133],[43.971,34.085],[44.195,34.056],[44.234,34.032],[44.291,34.042],[44.378,34.001],[44.448,33.935],[44.444,33.88],[44.389,33.784],[44.426,33.725],[44.385,33.63],[44.323,33.613],[44.326,33.574],[44.309,33.55],[44.311,33.481],[44.348,33.445],[44.345,33.399],[44.39,33.326],[44.38,33.295],[44.448,33.289],[44.489,33.233],[44.487,33.173],[44.551,33.136],[44.576,33.073],[44.612,33.077],[44.632,33.039],[44.666,33.016],[44.739,33.023],[44.728,32.974],[44.776,32.987],[44.814,32.957],[44.839,32.972],[44.866,32.937],[44.917,32.923],[44.969,32.876],[45.06,32.895],[45.064,32.878],[45.027,32.847],[45.104,32.786],[45.137,32.794],[45.179,32.777],[45.267,32.774],[45.279,32.752],[45.256,32.693],[45.306,32.689],[45.335,32.648],[45.379,32.648],[45.426,32.574],[45.512,32.595],[45.529,32.577],[45.526,32.534],[45.584,32.555],[45.628,32.538],[45.661,32.564],[45.698,32.556],[45.736,32.518],[45.791,32.531],[45.809,32.502]],[[43.309,35.795],[43.309,35.795]],[[45.807,32.511],[45.832,32.512],[45.864,32.545],[45.925,32.551],[45.965,32.61],[46.104,32.655],[46.162,32.641],[46.234,32.565],[46.349,32.528],[46.482,32.529],[46.673,32.471],[46.75,32.358],[46.707,32.318],[46.722,32.257],[46.692,32.211],[46.719,32.129],[46.789,32.075],[46.83,32.079],[46.863,32.062],[46.899,31.949],[46.966,31.869],[47.013,31.863],[47.099,31.896],[47.135,31.864],[47.126,31.81],[47.15,31.711],[47.183,31.695],[47.194,31.641],[47.236,31.609],[47.284,31.532],[47.336,31.511],[47.375,31.473],[47.376,31.419],[47.434,31.375],[47.414,31.324],[47.441,31.248],[47.427,31.181],[47.456,31.149],[47.421,31.107],[47.434,31.019]]]}},{"type":"Feature","properties":{"r":4,"n":"Severnaya Dvina"},"geometry":{"type":"MultiLineString","coordinates":[[[46.34,60.749],[46.431,60.804],[46.465,60.858],[46.503,60.886],[46.496,60.903],[46.572,61.037],[46.564,61.122],[46.618,61.134],[46.622,61.173],[46.58,61.296],[46.394,61.399],[46.274,61.443],[46.142,61.534],[45.916,61.57],[45.685,61.64],[45.529,61.697],[45.441,61.761],[45.354,61.777],[45.314,61.852],[45.262,61.876],[45.105,62.026],[45.104,62.097],[45.049,62.164],[44.96,62.231],[44.833,62.254],[44.751,62.332],[44.606,62.356],[44.323,62.344],[44.125,62.387],[43.995,62.391],[43.895,62.428],[43.869,62.47],[43.644,62.593],[43.532,62.618],[43.449,62.665],[42.684,62.901],[42.626,62.936],[42.622,62.994],[42.579,63.036],[42.456,63.06],[42.304,63.06],[42.08,63.103],[42.018,63.167],[42.023,63.236],[42.064,63.274],[42.056,63.317],[41.866,63.448],[41.864,63.492],[41.905,63.557],[41.892,63.589],[41.776,63.62],[41.706,63.66],[41.548,63.656],[41.413,63.765],[41.635,63.868],[41.625,63.916],[41.726,63.985],[41.757,64.027],[41.723,64.075],[41.737,64.127],[41.897,64.167],[41.842,64.27],[41.786,64.294],[41.428,64.356],[41.088,64.37],[40.92,64.453],[40.531,64.555]]]}},{"type":"Feature","properties":{"r":4,"n":"Benue"},"geometry":{"type":"MultiLineString","coordinates":[[[11.924,9.491],[11.82,9.509],[11.737,9.499],[11.426,9.331],[11.334,9.254],[11.286,9.237],[11.263,9.199],[11.15,9.172],[11.029,9.094],[10.98,9.036],[10.916,8.916],[10.893,8.821],[10.841,8.77],[10.753,8.719],[10.65,8.711],[10.586,8.675],[10.553,8.671],[10.499,8.699],[10.433,8.668],[10.375,8.685],[10.284,8.672],[10.258,8.601],[10.21,8.569],[10.178,8.515],[10.113,8.497],[10.106,8.445],[10.048,8.42],[10.02,8.346],[9.881,8.309],[9.804,8.227],[9.718,8.219],[9.539,8.101],[9.424,8.07],[9.308,7.945],[9.136,7.89],[8.99,7.875],[8.918,7.812],[8.799,7.799],[8.64,7.736],[8.521,7.74],[8.399,7.78],[8.293,7.856],[8.035,7.929],[7.934,7.974],[7.653,8.029],[7.495,8.016],[7.319,8.032],[7.084,7.96],[6.97,7.882],[6.801,7.824],[6.767,7.786]]]}},{"type":"Feature","properties":{"r":4,"n":"Ayeyarwady"},"geometry":{"type":"MultiLineString","coordinates":[[[97.486,25.701],[97.534,25.676],[97.507,25.632],[97.486,25.522],[97.404,25.381],[97.421,25.33],[97.379,25.333],[97.337,25.369],[97.313,25.357],[97.314,25.319],[97.268,25.289],[97.271,25.217],[97.233,25.186],[97.244,25.127],[97.319,25.127],[97.315,25.104],[97.298,25.081],[97.26,25.098],[97.214,25.086],[97.233,25.036],[97.222,24.997],[97.117,24.933],[97.101,24.916],[97.103,24.868],[97.034,24.823],[97.061,24.716],[97.115,24.611],[97.107,24.514],[97.123,24.488],[97.122,24.373],[97.137,24.337],[97.205,24.27],[97.185,24.207],[97.147,24.17],[97.084,24.142],[96.976,24.145],[96.929,24.128],[96.821,24.213],[96.782,24.29],[96.634,24.357],[96.592,24.352],[96.568,24.314],[96.532,24.297],[96.438,24.303],[96.446,24.275],[96.431,24.253],[96.363,24.2],[96.295,24.096],[96.29,23.97],[96.205,23.769],[96.156,23.75],[96.127,23.671],[96.02,23.555],[96.007,23.385],[95.978,23.262],[95.965,22.769],[95.955,22.75],[95.91,22.739],[95.901,22.707],[95.99,22.529],[95.965,22.473],[95.964,22.393],[96.013,22.332],[95.986,22.281],[95.988,22.216],[96.007,22.089],[96.048,21.994],[96.041,21.923],[95.993,21.877],[95.914,21.856],[95.849,21.911],[95.776,21.932],[95.512,21.918],[95.472,21.857],[95.45,21.781],[95.387,21.733],[95.324,21.537],[95.33,21.464],[95.275,21.445],[95.142,21.314],[95.077,21.301],[95.022,21.311],[94.986,21.25],[94.91,21.226],[94.848,21.226],[94.819,21.204],[94.803,21.164],[94.82,20.972],[94.806,20.925],[94.718,20.836],[94.713,20.814],[94.752,20.691],[94.795,20.643],[94.82,20.506],[94.859,20.482],[94.905,20.365],[94.897,20.246],[94.91,20.205],[94.897,20.184],[94.914,20.124],[94.938,20.088],[95.011,20.049],[95.014,19.996],[95.054,19.968],[95.052,19.915],[95.113,19.891],[95.16,19.823],[95.136,19.739],[95.17,19.622],[95.164,19.501],[95.197,19.372],[95.175,19.153],[95.127,19.096],[95.113,19.015],[95.134,18.931],[95.193,18.866],[95.213,18.805],[95.186,18.738],[95.153,18.711],[95.102,18.698],[95.08,18.667],[95.063,18.562],[95.085,18.522],[95.179,18.448],[95.21,18.363],[95.287,18.32],[95.383,18.231],[95.45,18.033],[95.445,17.957],[95.424,17.929],[95.434,17.876],[95.459,17.84],[95.458,17.726],[95.493,17.655],[95.566,17.614],[95.541,17.56],[95.548,17.5],[95.623,17.443],[95.674,17.437],[95.677,17.419],[95.61,17.366],[95.589,17.303],[95.591,17.251],[95.646,17.11],[95.636,17.073],[95.561,17.015],[95.567,16.964],[95.613,16.864],[95.593,16.849],[95.534,16.847],[95.492,16.811],[95.335,16.758],[95.349,16.675],[95.324,16.661],[95.318,16.61],[95.263,16.588],[95.259,16.529],[95.201,16.499],[95.163,16.449],[95.08,16.394],[95.034,16.281],[94.992,16.251]]]}},{"type":"Feature","properties":{"r":4,"n":"Negro"},"geometry":{"type":"MultiLineString","coordinates":[[[-68.014,-38.975],[-67.918,-38.982],[-67.829,-39.023],[-67.73,-39.041],[-67.671,-39.077],[-67.54,-39.056],[-67.381,-39.066],[-67.258,-39.099],[-67.185,-39.101],[-67.113,-39.142],[-66.852,-39.137],[-66.609,-39.091],[-66.294,-39.125],[-66.177,-39.187],[-66.099,-39.198],[-66.014,-39.241],[-65.804,-39.276],[-65.756,-39.253],[-65.682,-39.268],[-65.628,-39.327],[-65.563,-39.457],[-65.505,-39.48],[-65.468,-39.519],[-65.363,-39.698],[-65.368,-39.788],[-65.332,-39.814],[-65.271,-39.849],[-65.239,-39.844],[-65.187,-39.87],[-64.938,-39.878],[-64.867,-39.921],[-64.781,-40.007],[-64.642,-40.036],[-64.568,-40.081],[-64.507,-40.084],[-64.395,-40.05],[-64.306,-40.072],[-64.235,-40.129],[-64.087,-40.199],[-64.094,-40.233],[-63.906,-40.317],[-63.771,-40.449],[-63.637,-40.476],[-63.618,-40.504],[-63.575,-40.52],[-63.524,-40.592],[-63.388,-40.709],[-63.183,-40.729],[-63.103,-40.754],[-62.862,-40.938],[-62.802,-41.042]]]}},{"type":"Feature","properties":{"r":1,"n":"Tongtian"},"geometry":{"type":"MultiLineString","coordinates":[[[92.993,34.1],[93.012,34.109],[93.034,34.163],[93.128,34.226],[93.348,34.232],[93.392,34.218],[93.477,34.232],[93.663,34.212],[93.749,34.232],[93.814,34.273],[93.811,34.317],[93.85,34.327],[93.917,34.454],[93.973,34.471],[94.068,34.561],[94.169,34.589],[94.265,34.584],[94.351,34.671],[94.362,34.657],[94.392,34.684],[94.476,34.695],[94.558,34.764],[94.602,34.768],[94.652,34.741],[94.883,34.701],[94.944,34.664],[94.967,34.671],[94.989,34.609],[95.007,34.586],[95.054,34.575],[95.067,34.534],[95.112,34.531],[95.17,34.486],[95.211,34.5],[95.235,34.465],[95.276,34.472],[95.314,34.459],[95.318,34.48],[95.338,34.486],[95.349,34.462],[95.467,34.363],[95.556,34.33],[95.578,34.311],[95.568,34.281],[95.589,34.259],[95.568,34.239],[95.596,34.225],[95.618,34.234],[95.68,34.201],[95.707,34.129],[95.794,34.053],[95.826,34.052],[95.865,33.972],[95.895,33.945],[95.898,33.914],[95.993,33.869],[95.987,33.843],[96.122,33.798],[96.096,33.78],[96.131,33.765],[96.218,33.786],[96.211,33.773],[96.232,33.752],[96.198,33.746],[96.227,33.739],[96.235,33.718],[96.256,33.732],[96.315,33.732],[96.359,33.766],[96.4,33.746],[96.404,33.684],[96.43,33.691],[96.5,33.643],[96.472,33.623],[96.578,33.611],[96.618,33.588],[96.624,33.547],[96.701,33.547],[96.707,33.519],[96.689,33.506],[96.723,33.439],[96.705,33.423],[96.733,33.397],[96.753,33.41],[96.747,33.397],[96.773,33.389],[96.774,33.356],[96.801,33.39],[96.794,33.376],[96.828,33.314],[96.849,33.335],[96.859,33.322],[96.918,33.327],[96.964,33.348],[96.979,33.327],[97.007,33.341],[97,33.314],[97.02,33.32],[97.024,33.214],[97.084,33.157],[97.134,33.133],[97.185,33.047],[97.23,33.023],[97.254,32.944],[97.361,32.897],[97.384,32.779],[97.43,32.7],[97.565,32.625],[97.603,32.621],[97.62,32.588],[97.664,32.56],[97.818,32.513],[97.856,32.519],[97.887,32.498],[98.014,32.464],[98.08,32.405],[98.123,32.4],[98.206,32.356],[98.22,32.252],[98.309,32.129],[98.375,32.08],[98.393,32.04],[98.453,31.984],[98.445,31.908],[98.419,31.88],[98.435,31.838],[98.425,31.813],[98.501,31.75],[98.542,31.69]]]}},{"type":"Feature","properties":{"r":4,"n":"Rhin"},"geometry":{"type":"MultiLineString","coordinates":[[[8.881,47.656],[8.777,47.694],[8.64,47.696],[8.607,47.671],[8.625,47.651],[8.614,47.643],[8.607,47.657],[8.594,47.601],[8.56,47.561],[8.48,47.588],[8.316,47.588],[8.288,47.616],[8.232,47.622],[8.179,47.616],[8.087,47.568],[8.042,47.561],[7.912,47.561],[7.898,47.588],[7.819,47.596],[7.766,47.556],[7.683,47.545],[7.589,47.568],[7.59,47.608],[7.517,47.675],[7.511,47.708],[7.537,47.732],[7.528,47.797],[7.561,47.84],[7.557,47.879],[7.584,47.941],[7.621,47.972],[7.618,48.003],[7.575,48.054],[7.572,48.095],[7.613,48.179],[7.687,48.253],[7.702,48.311],[7.75,48.342],[7.738,48.407],[7.776,48.498],[7.813,48.52],[7.801,48.548],[7.81,48.615],[7.852,48.659],[7.959,48.722],[7.97,48.758],[8.017,48.762],[8.038,48.791],[8.09,48.808],[8.179,48.943],[8.23,48.965]]]}},{"type":"Feature","properties":{"r":4,"n":"Nederrijn"},"geometry":{"type":"MultiLineString","coordinates":[[[6.031,51.88],[5.886,51.987],[5.784,51.96],[5.743,51.969],[5.626,51.947],[5.462,51.987],[5.331,51.963]]]}},{"type":"Feature","properties":{"r":4,"n":"Lek"},"geometry":{"type":"MultiLineString","coordinates":[[[5.331,51.963],[5.254,51.979],[5.173,51.968],[5.105,52.004],[5.03,51.974],[4.989,51.98],[4.917,51.947],[4.831,51.947],[4.681,51.898],[4.595,51.898],[4.509,51.919],[4.341,51.896],[4.238,51.919],[4.098,51.989]]]}},{"type":"Feature","properties":{"r":4,"n":"Gharraf Canal"},"geometry":{"type":"MultiLineString","coordinates":[[[45.809,32.502],[45.816,32.456],[45.872,32.444],[45.931,32.407],[45.941,32.389],[45.92,32.338],[45.931,32.3],[45.92,32.286],[45.958,32.231],[46,32.216],[46.011,32.197],[46.016,32.149],[45.962,32.036],[45.981,31.998],[45.956,31.941],[45.992,31.899],[46.05,31.888],[46.076,31.863],[46.129,31.502],[46.154,31.483],[46.228,31.323],[46.29,31.263],[46.346,31.244],[46.37,31.203],[46.365,31.183],[46.418,31.162],[46.41,31.099],[46.366,31.055],[46.4,31.017],[46.366,30.964]]]}},{"type":"Feature","properties":{"r":4,"n":"Malyy Yenisey"},"geometry":{"type":"MultiLineString","coordinates":[[[95.78,51.295],[95.754,51.303],[95.743,51.37],[95.485,51.536],[95.42,51.555],[95.329,51.544],[95.161,51.585],[95.034,51.657],[94.918,51.632],[94.788,51.695],[94.465,51.734]]]}},{"type":"Feature","properties":{"r":4,"n":"Verkhniy Yenisey"},"geometry":{"type":"MultiLineString","coordinates":[[[92.998,58.1],[92.971,58.058],[92.986,58.032],[93.028,58.018],[93.155,58.021],[93.169,58.004],[93.156,57.957],[93.242,57.856],[93.275,57.653],[93.327,57.564],[93.251,57.486],[93.264,57.441],[93.241,57.371],[93.289,57.305],[93.402,57.268],[93.451,57.217],[93.435,57.161],[93.459,57.135],[93.459,57.08],[93.375,57.01],[93.407,56.942],[93.451,56.895],[93.474,56.834],[93.615,56.791],[93.594,56.757],[93.664,56.681],[93.746,56.643],[93.774,56.598],[93.783,56.53],[93.687,56.479],[93.704,56.421],[93.595,56.376],[93.592,56.329],[93.577,56.319],[93.493,56.318],[93.423,56.28],[93.404,56.209],[93.169,56.154],[93.158,56.14],[93.176,56.092],[93.141,56.063],[93.118,56.06],[93.095,56.086],[92.929,56.013],[92.709,55.975],[92.467,55.962],[92.399,55.977],[92.317,55.952],[92.253,55.887],[92.249,55.836],[92.277,55.803],[92.357,55.765],[92.459,55.745],[92.504,55.629],[92.447,55.535],[92.408,55.503]],[[94.465,51.734],[94.308,51.69],[94.236,51.637],[94.135,51.59],[93.939,51.561],[93.824,51.59],[93.618,51.59],[93.498,51.569],[93.327,51.604],[93.247,51.589],[93.011,51.611],[92.929,51.583],[92.837,51.583],[92.806,51.569],[92.71,51.587],[92.593,51.637],[92.519,51.634],[92.368,51.706],[92.21,51.741],[92.216,51.755],[92.148,51.782],[92.14,51.84],[92.004,51.925],[91.977,51.96],[92.005,51.994],[92.343,52.169],[92.478,52.348],[92.455,52.38],[92.317,52.467],[92.299,52.502],[92.323,52.581],[92.286,52.609],[92.203,52.621],[92.111,52.57],[91.986,52.596],[91.946,52.619],[91.849,52.59],[91.779,52.593],[91.72,52.639],[91.785,52.645],[91.737,52.685],[91.668,52.702],[91.476,52.655],[91.382,52.691],[91.331,52.733],[91.333,52.789],[91.424,52.857],[91.439,52.89],[91.477,52.899],[91.518,52.987],[91.448,53.084],[91.475,53.154],[91.622,53.159],[91.727,53.18],[91.791,53.248],[91.97,53.378],[91.909,53.457],[91.823,53.469],[91.749,53.535],[91.664,53.544],[91.626,53.606],[91.545,53.646],[91.582,53.668],[91.6,53.701],[91.511,53.735]]]}},{"type":"Feature","properties":{"r":4,"n":"Nu"},"geometry":{"type":"MultiLineString","coordinates":[[[96.596,30.448],[96.702,30.442],[96.692,30.37],[96.722,30.297],[96.773,30.291],[96.857,30.24],[96.918,30.242],[96.992,30.198],[97.06,30.194],[97.169,30.113],[97.248,30.09],[97.288,30.022],[97.337,29.974],[97.358,29.899],[97.418,29.861],[97.428,29.795],[97.447,29.773],[97.442,29.685],[97.561,29.548],[97.581,29.486],[97.704,29.451],[97.724,29.423],[97.848,29.372],[97.866,29.339],[97.898,29.328],[97.897,29.291],[97.936,29.255],[97.944,29.194],[98.041,29.072],[98.047,29.038],[98.082,29.019],[98.103,28.921],[98.182,28.818],[98.257,28.79],[98.343,28.715],[98.374,28.531],[98.439,28.493],[98.453,28.407],[98.445,28.339],[98.47,28.298],[98.485,28.13],[98.569,28.096],[98.651,28.006],[98.667,27.956],[98.685,27.961],[98.658,27.928],[98.686,27.867],[98.673,27.77],[98.732,27.669],[98.83,27.561],[98.825,27.489],[98.809,27.462],[98.886,27.261],[98.869,27.174],[98.898,26.455],[98.889,26.373],[98.859,26.336],[98.872,26.281],[98.857,26.177],[98.871,26.146],[98.843,26.084],[98.853,26.048],[98.837,25.92],[98.895,25.471],[98.871,25.382],[98.877,25.324],[98.843,25.286],[98.843,25.228],[98.859,25.199],[98.843,25.188],[98.843,25.073],[98.905,24.919],[98.889,24.902],[98.895,24.874],[98.955,24.746],[99.035,24.697],[99.055,24.654],[99.025,24.49],[98.979,24.415],[99.047,24.384],[99.065,24.321],[99.125,24.284],[98.999,24.243],[98.855,24.139],[98.716,24.122],[98.493,24.047],[98.432,24],[98.412,23.963],[98.445,23.841],[98.575,23.745],[98.649,23.609],[98.59,23.504],[98.618,23.446],[98.607,23.427],[98.658,23.426],[98.72,23.388],[98.733,23.302],[98.724,23.262],[98.641,23.228],[98.588,23.241],[98.532,23.227],[98.511,23.206],[98.443,23.206],[98.471,23.17],[98.516,23.153],[98.565,23.076],[98.5,23.043],[98.518,22.97],[98.549,22.975],[98.665,22.901],[98.651,22.847],[98.545,22.823],[98.522,22.782],[98.549,22.737],[98.542,22.709],[98.563,22.679],[98.559,22.639],[98.578,22.635],[98.645,22.48],[98.569,22.288],[98.643,22.139],[98.774,22.04],[98.738,22.027],[98.72,21.972],[98.569,21.894],[98.549,21.859],[98.585,21.715],[98.645,21.63],[98.649,21.581],[98.582,21.548],[98.569,21.514],[98.625,21.417],[98.673,21.39],[98.679,21.304],[98.713,21.239],[98.703,21.179],[98.783,21.102],[98.802,21.075],[98.796,21.043],[98.741,20.992],[98.639,20.991],[98.607,20.96],[98.508,20.951]]]}},{"type":"Feature","properties":{"r":4,"n":"Hongshui"},"geometry":{"type":"MultiLineString","coordinates":[[[106.97,25.241],[106.982,25.134],[107.032,25.036],[107.086,24.997],[107.156,25.009],[107.195,24.944],[107.246,24.915],[107.31,24.84],[107.335,24.751],[107.307,24.707],[107.345,24.623],[107.456,24.509],[107.514,24.396],[107.52,24.324],[107.563,24.351],[107.602,24.318],[107.608,24.214],[107.56,24.164],[107.533,24.173],[107.486,24.115],[107.521,24.078],[107.499,24.056],[107.521,24.003],[107.556,23.963],[107.628,23.937],[107.689,23.969],[107.782,23.862],[107.865,23.711],[107.885,23.71],[107.922,23.747],[107.976,23.741],[108.012,23.754],[108.042,23.808],[108.11,23.831],[108.121,23.863],[108.163,23.836],[108.197,23.886],[108.266,23.916],[108.28,23.967],[108.302,23.958],[108.32,24.008],[108.353,24.005],[108.403,24.048],[108.503,24.005],[108.602,23.994],[108.721,23.857],[108.752,23.878],[108.764,23.852],[108.797,23.836],[108.87,23.829],[108.857,23.799],[108.883,23.769],[108.853,23.755],[108.85,23.735],[108.891,23.706],[108.91,23.659],[108.942,23.638],[108.982,23.641],[109.169,23.736],[109.211,23.728],[109.218,23.706],[109.239,23.706],[109.261,23.681],[109.342,23.706],[109.425,23.764],[109.431,23.851],[109.449,23.864],[109.487,23.803],[109.529,23.796]]]}},{"type":"Feature","properties":{"r":4,"n":"Quan"},"geometry":{"type":"MultiLineString","coordinates":[[[109.529,23.796],[109.561,23.789],[109.568,23.765],[109.548,23.706],[109.603,23.712],[109.612,23.683],[109.656,23.682],[109.664,23.659],[109.636,23.611],[109.684,23.582],[109.745,23.465],[109.815,23.485],[109.839,23.473],[109.853,23.429],[109.952,23.419],[109.998,23.467],[110.089,23.405]]]}},{"type":"Feature","properties":{"r":4,"n":"Xun"},"geometry":{"type":"MultiLineString","coordinates":[[[110.089,23.408],[110.114,23.418],[110.127,23.47],[110.163,23.475],[110.165,23.523],[110.208,23.583],[110.238,23.591],[110.288,23.579],[110.313,23.54],[110.397,23.532],[110.462,23.487],[110.522,23.477],[110.553,23.436],[110.588,23.462],[110.693,23.447],[110.735,23.472],[110.786,23.472],[110.847,23.438],[110.869,23.379],[110.895,23.372],[110.963,23.416],[111.071,23.453],[111.216,23.431],[111.254,23.478],[111.301,23.481]]]}},{"type":"Feature","properties":{"r":1,"n":"Bahr el Jebel"},"geometry":{"type":"MultiLineString","coordinates":[[[32.016,3.614],[31.865,3.799],[31.683,3.969],[31.591,4.08],[31.522,4.241],[31.51,4.343],[31.533,4.499],[31.503,4.581],[31.563,4.663],[31.593,4.681],[31.597,4.807],[31.721,5.106],[31.733,5.177],[31.762,5.222],[31.749,5.41],[31.796,5.533],[31.767,5.759],[31.666,5.942],[31.646,5.937],[31.628,5.958],[31.585,6.08],[31.541,6.126],[31.49,6.306],[31.411,6.412],[31.39,6.499],[31.345,6.519],[31.318,6.622],[31.242,6.74],[31.212,6.751],[31.148,6.83]]]}},{"type":"Feature","properties":{"r":4,"n":"Rhine"},"geometry":{"type":"MultiLineString","coordinates":[[[8.23,48.965],[8.283,49.01],[8.357,49.109],[8.387,49.232],[8.48,49.297],[8.483,49.309],[8.46,49.315],[8.498,49.376],[8.49,49.411],[8.504,49.431],[8.442,49.452],[8.463,49.473],[8.36,49.664],[8.379,49.71],[8.439,49.726],[8.476,49.767],[8.424,49.767],[8.34,49.891],[8.355,49.925],[8.335,49.959],[8.213,50.044],[7.878,49.973],[7.85,50.011],[7.765,50.064],[7.723,50.124],[7.72,50.158],[7.651,50.179],[7.579,50.25],[7.648,50.261],[7.592,50.315],[7.613,50.384],[7.581,50.411],[7.387,50.449],[7.333,50.487],[7.269,50.567],[7.213,50.596],[7.205,50.651],[7.175,50.699],[6.976,50.84],[7.051,50.891],[6.976,50.908],[6.963,50.943],[6.989,50.973],[6.963,50.994],[6.966,51.028],[6.853,51.076],[6.878,51.114],[6.849,51.128],[6.846,51.16],[6.802,51.151],[6.793,51.184],[6.728,51.196],[6.724,51.227],[6.77,51.238],[6.704,51.271],[6.73,51.326],[6.654,51.36],[6.736,51.391],[6.732,51.42],[6.709,51.44],[6.717,51.47],[6.685,51.48],[6.719,51.507],[6.675,51.549],[6.686,51.565],[6.592,51.577],[6.59,51.655],[6.492,51.669],[6.414,51.72],[6.42,51.741],[6.407,51.754],[6.342,51.766],[6.278,51.821],[6.084,51.854],[6.014,51.885],[5.996,51.885],[5.975,51.857],[5.929,51.877],[5.86,51.851],[5.719,51.894],[5.543,51.901],[5.462,51.892],[5.374,51.818],[5.338,51.81],[5.304,51.83],[5.181,51.816],[5.092,51.83],[4.985,51.824]]]}},{"type":"Feature","properties":{"r":4,"n":"Waal"},"geometry":{"type":"MultiLineString","coordinates":[[[4.985,51.824],[4.909,51.83],[4.87,51.808],[4.79,51.803],[4.676,51.719]],[[4.403,51.708],[4.324,51.729],[4.078,51.844]]]}},{"type":"Feature","properties":{"r":4,"n":"Braco Menor"},"geometry":{"type":"MultiLineString","coordinates":[[[-50.484,-12.846],[-50.443,-12.715],[-50.45,-12.696],[-50.408,-12.668],[-50.411,-12.638],[-50.353,-12.565],[-50.362,-12.541],[-50.323,-12.527],[-50.316,-12.503],[-50.299,-12.509],[-50.307,-12.495],[-50.223,-12.435],[-50.141,-12.393],[-50.098,-12.337],[-50.094,-12.301],[-50.128,-12.243],[-50.114,-12.229],[-50.12,-12.208],[-50.093,-12.203],[-50.082,-12.183],[-50.071,-12.106],[-50.025,-12.051],[-49.964,-12.092],[-49.922,-12.078],[-49.935,-11.97],[-49.889,-11.901],[-49.894,-11.879],[-49.913,-11.882],[-49.922,-11.866],[-49.95,-11.788],[-49.91,-11.691],[-49.901,-11.566],[-49.867,-11.552],[-49.869,-11.504],[-49.894,-11.466],[-49.873,-11.41],[-49.926,-11.385],[-49.936,-11.365],[-49.915,-11.345],[-49.927,-11.312],[-49.916,-11.29],[-49.932,-11.286],[-49.922,-11.239],[-49.942,-11.225],[-49.922,-11.167],[-49.939,-11.13],[-49.97,-11.112],[-49.952,-11.094],[-49.942,-11.037],[-49.977,-11.023],[-49.991,-10.941],[-49.964,-10.879],[-49.971,-10.813],[-49.956,-10.804],[-49.97,-10.766],[-49.96,-10.702],[-49.991,-10.653],[-49.942,-10.539],[-49.956,-10.496],[-49.956,-10.358],[-49.977,-10.338],[-49.95,-10.307],[-49.942,-10.266],[-49.97,-10.164],[-49.997,-10.126],[-50.027,-9.965],[-50.111,-9.947],[-50.114,-9.879],[-50.174,-9.848],[-50.157,-9.806],[-50.175,-9.73]]]}},{"type":"Feature","properties":{"r":4,"n":"Salween"},"geometry":{"type":"MultiLineString","coordinates":[[[98.508,20.951],[98.492,20.877],[98.5,20.787],[98.65,20.485],[98.659,20.437],[98.644,20.378],[98.658,20.335],[98.696,20.294],[98.689,20.201],[98.607,20.147],[98.566,20.15],[98.488,20.085],[98.378,20.075],[98.234,19.999],[98.141,19.99],[98.02,19.953],[97.918,19.965],[97.877,19.951],[97.83,19.862],[97.751,19.847],[97.74,19.78],[97.655,19.69],[97.633,19.547],[97.585,19.42],[97.526,19.374],[97.535,19.15],[97.49,19.05],[97.466,18.862],[97.432,18.82],[97.387,18.824],[97.351,18.872],[97.335,18.875],[97.327,18.851],[97.335,18.711],[97.363,18.588],[97.345,18.562],[97.443,18.404],[97.452,18.334],[97.528,18.266],[97.562,18.331],[97.637,18.307],[97.643,18.273],[97.618,18.242],[97.684,18.146],[97.694,18.062],[97.72,18.053],[97.754,17.969],[97.691,17.896],[97.698,17.834],[97.676,17.831],[97.676,17.815],[97.713,17.69],[97.721,17.592],[97.773,17.472],[97.76,17.406],[97.691,17.361],[97.675,17.323],[97.674,17.183],[97.655,17.173],[97.651,17.126],[97.61,17.035],[97.64,16.933],[97.605,16.684],[97.674,16.555]]]}},{"type":"Feature","properties":{"r":5,"n":""},"geometry":{"type":"MultiLineString","coordinates":[[[-72.991,46.177],[-73.108,46.154],[-73.17,46.094],[-73.179,46.053]]]}},{"type":"Feature","properties":{"r":5,"n":"Ebro"},"geometry":{"type":"MultiLineString","coordinates":[[[-4.309,43.017],[-4.228,43.027],[-4.073,42.998],[-4.037,42.947],[-4.045,42.843],[-3.999,42.815],[-3.854,42.854],[-3.775,42.839],[-3.725,42.805],[-3.7,42.825],[-3.718,42.857],[-3.693,42.873],[-3.688,42.907],[-3.6,42.907],[-3.571,42.864],[-3.454,42.798],[-3.334,42.804],[-3.12,42.769],[-3.064,42.785],[-3.032,42.773],[-2.842,42.656],[-2.836,42.621],[-2.813,42.611],[-2.821,42.584],[-2.748,42.585],[-2.755,42.565],[-2.72,42.565],[-2.721,42.543],[-2.618,42.508],[-2.595,42.517],[-2.584,42.497],[-2.522,42.51],[-2.524,42.525],[-2.502,42.538],[-2.492,42.52],[-2.427,42.499],[-2.268,42.487],[-2.192,42.443],[-2.077,42.442],[-2.055,42.428],[-2.07,42.415],[-2.056,42.399],[-1.977,42.393],[-1.864,42.305],[-1.857,42.278],[-1.655,42.204],[-1.585,42.153],[-1.583,42.102],[-1.567,42.077],[-1.411,41.996],[-1.291,41.892],[-1.211,41.845],[-1.152,41.832],[-1.138,41.808],[-1.062,41.797],[-0.905,41.701],[-0.905,41.674],[-0.839,41.661],[-0.796,41.619],[-0.567,41.531],[-0.531,41.489],[-0.489,41.475],[-0.494,41.448],[-0.461,41.443],[-0.456,41.405],[-0.414,41.366],[-0.403,41.322],[-0.274,41.32],[0.005,41.272],[0.015,41.316],[0.055,41.307],[0.128,41.347],[0.146,41.409],[0.229,41.414],[0.365,41.352],[0.377,41.321],[0.354,41.256],[0.449,41.25],[0.493,41.263],[0.569,41.247],[0.582,41.186],[0.646,41.156],[0.658,41.095],[0.641,41.055],[0.5,40.955],[0.511,40.893],[0.527,40.884],[0.535,40.796],[0.568,40.751],[0.63,40.721],[0.689,40.729],[0.824,40.708],[0.874,40.728]]]}},{"type":"Feature","properties":{"r":5,"n":"Mississippi"},"geometry":{"type":"MultiLineString","coordinates":[[[-94.508,47.457],[-94.369,47.433],[-94.326,47.406]],[[-94.094,47.433],[-94.053,47.427],[-94.037,47.36],[-93.936,47.304],[-93.879,47.321],[-93.837,47.307],[-93.793,47.314],[-93.815,47.256],[-93.8,47.218],[-93.635,47.259],[-93.466,47.195],[-93.406,47.127],[-93.38,47.055],[-93.285,47.013],[-93.317,46.949],[-93.377,46.89],[-93.371,46.794],[-93.443,46.739],[-93.541,46.693],[-93.615,46.684],[-93.662,46.595],[-93.717,46.553],[-93.79,46.559],[-93.84,46.589],[-93.956,46.553],[-94,46.552],[-94.04,46.574],[-94.087,46.533],[-94.108,46.451],[-94.149,46.444],[-94.193,46.378],[-94.351,46.284],[-94.408,46.229],[-94.388,46.132],[-94.352,46.09],[-94.398,45.933],[-94.369,45.875],[-94.369,45.841],[-94.243,45.735],[-94.197,45.676],[-94.217,45.617],[-94.188,45.599],[-94.142,45.498],[-94.105,45.456],[-94.011,45.404],[-93.936,45.389],[-93.814,45.316],[-93.597,45.3],[-93.514,45.241],[-93.437,45.22],[-93.32,45.149],[-93.288,45.106],[-93.285,45.022],[-93.224,44.961],[-93.203,44.901],[-93.174,44.901],[-93.09,44.95],[-93.031,44.874],[-93.01,44.801],[-92.82,44.758],[-92.585,44.608],[-92.394,44.58],[-92.331,44.533],[-92.286,44.471],[-92.103,44.437],[-91.95,44.336],[-91.817,44.163],[-91.65,44.068],[-91.541,44.065],[-91.471,44.026],[-91.414,44.018],[-91.361,43.945],[-91.295,43.919],[-91.279,43.804],[-91.243,43.74],[-91.255,43.667],[-91.248,43.463],[-91.209,43.373],[-91.111,43.34],[-91.087,43.317],[-91.085,43.28],[-91.157,43.195],[-91.168,43.16],[-91.142,42.928],[-91.092,42.871],[-91.08,42.792],[-91.011,42.716],[-90.703,42.655],[-90.626,42.544],[-90.654,42.49],[-90.642,42.476],[-90.432,42.352],[-90.403,42.245],[-90.17,42.116],[-90.14,42.03],[-90.189,41.835],[-90.305,41.748],[-90.347,41.665],[-90.346,41.605],[-90.441,41.543],[-90.603,41.51],[-90.662,41.462],[-90.992,41.434],[-91.055,41.383],[-91.091,41.3],[-91.094,41.211],[-90.969,41.116],[-90.952,41.075],[-90.949,40.982],[-90.967,40.946],[-91.083,40.839],[-91.108,40.742],[-91.153,40.672],[-91.343,40.618],[-91.401,40.581],[-91.415,40.554],[-91.375,40.51],[-91.374,40.403],[-91.473,40.358],[-91.511,40.262],[-91.519,40.175],[-91.493,40.009],[-91.443,39.94],[-91.449,39.866],[-91.392,39.803],[-91.375,39.736],[-91.104,39.533],[-91.051,39.452],[-90.82,39.32],[-90.774,39.279],[-90.737,39.22],[-90.73,39.146],[-90.703,39.101],[-90.719,39.066],[-90.703,38.995],[-90.627,38.89],[-90.585,38.878],[-90.542,38.894],[-90.479,38.959],[-90.428,38.967],[-90.184,38.883],[-90.144,38.857],[-90.132,38.819]],[[-95.18,47.216],[-95.247,47.295],[-95.258,47.331],[-95.222,47.395],[-95.149,47.45],[-94.986,47.445],[-94.835,47.499],[-94.762,47.488],[-94.709,47.443],[-94.637,47.44]]]}},{"type":"Feature","properties":{"r":7,"n":"San Pedro y San Pablo"},"geometry":{"type":"MultiLineString","coordinates":[[[-92.206,18.241],[-92.211,18.296],[-92.279,18.341],[-92.284,18.414],[-92.32,18.437],[-92.331,18.468],[-92.357,18.457],[-92.422,18.508],[-92.428,18.555],[-92.483,18.659]]]}},{"type":"Feature","properties":{"r":7,"n":"Rio Salinas"},"geometry":{"type":"MultiLineString","coordinates":[[[-90.655,16.617],[-90.668,16.587],[-90.635,16.592],[-90.649,16.53],[-90.613,16.518],[-90.634,16.484],[-90.545,16.49],[-90.534,16.46],[-90.499,16.468],[-90.477,16.431],[-90.396,16.419],[-90.381,16.367],[-90.419,16.367],[-90.422,16.353],[-90.408,16.361],[-90.4,16.348],[-90.406,16.332],[-90.446,16.309],[-90.415,16.288],[-90.435,16.292],[-90.428,16.264],[-90.449,16.271],[-90.46,16.259],[-90.435,16.237],[-90.459,16.222],[-90.463,16.189],[-90.427,16.163],[-90.449,16.155],[-90.436,16.137],[-90.46,16.117],[-90.456,16.1],[-90.435,16.107],[-90.449,16.079]]]}},{"type":"Feature","properties":{"r":7,"n":"Usumacinta"},"geometry":{"type":"MultiLineString","coordinates":[[[-90.655,16.617],[-90.736,16.747],[-90.801,16.787],[-90.798,16.806],[-90.92,16.836],[-90.97,16.875],[-90.956,16.899],[-90.987,16.901],[-90.994,16.875],[-91.056,16.908],[-91.127,17.025],[-91.172,17.028],[-91.23,17.114],[-91.26,17.124],[-91.28,17.18],[-91.366,17.19],[-91.374,17.214],[-91.443,17.238],[-91.429,17.313],[-91.391,17.319],[-91.387,17.333],[-91.424,17.386],[-91.492,17.401],[-91.493,17.457],[-91.508,17.477],[-91.429,17.491],[-91.479,17.532],[-91.511,17.586],[-91.398,17.573],[-91.36,17.597],[-91.397,17.65],[-91.374,17.7],[-91.384,17.716],[-91.45,17.696],[-91.429,17.752],[-91.437,17.77],[-91.484,17.769],[-91.484,17.8],[-91.513,17.807],[-91.557,17.753],[-91.572,17.772],[-91.568,17.809],[-91.597,17.834],[-91.62,17.827],[-91.628,17.778],[-91.648,17.786],[-91.662,17.772],[-91.625,17.757],[-91.621,17.741],[-91.669,17.745],[-91.703,17.72],[-91.737,17.772],[-91.776,17.774],[-91.785,17.847],[-91.819,17.885],[-91.86,17.875],[-91.915,17.888],[-91.943,17.854],[-91.954,17.902],[-92.01,17.977],[-91.97,17.997],[-91.978,18.04],[-92.059,18.095],[-92.186,18.111],[-92.194,18.125],[-92.173,18.188],[-92.21,18.163],[-92.206,18.241],[-92.263,18.259],[-92.314,18.245],[-92.339,18.285],[-92.484,18.313],[-92.504,18.358],[-92.521,18.363],[-92.546,18.341],[-92.564,18.392],[-92.643,18.395],[-92.668,18.406],[-92.67,18.43]]]}},{"type":"Feature","properties":{"r":5,"n":"Stikine"},"geometry":{"type":"MultiLineString","coordinates":[[[-128.13,57.292],[-128.028,57.349],[-127.957,57.36],[-127.876,57.396],[-127.609,57.394],[-127.566,57.446],[-127.564,57.485],[-127.646,57.542],[-127.687,57.62],[-127.67,57.659],[-127.618,57.671],[-127.598,57.698],[-127.688,57.727],[-127.872,57.714],[-128.099,57.73],[-128.149,57.802],[-128.194,57.823],[-128.215,57.858],[-128.443,57.949],[-128.499,57.988],[-128.6,57.961],[-128.962,57.94],[-129.181,57.94],[-129.222,57.968],[-129.274,57.975],[-129.3,57.969],[-129.326,57.933],[-129.508,57.917],[-129.595,57.929],[-129.906,58.054],[-130.092,58.05],[-130.345,58.147],[-130.411,58.152],[-130.545,58.123],[-130.67,58.137],[-130.765,58.066],[-131.029,58.009],[-131.134,57.923],[-131.358,57.868],[-131.389,57.833],[-131.398,57.792],[-131.469,57.762],[-131.725,57.588],[-131.771,57.511],[-131.766,57.467],[-131.787,57.42],[-131.781,57.377],[-131.752,57.335],[-131.763,57.325],[-131.823,57.334],[-131.846,57.311],[-131.829,57.242],[-131.793,57.235],[-131.69,57.131],[-131.707,57.102],[-131.772,57.07],[-131.767,57.006],[-131.789,56.937],[-131.755,56.86],[-131.785,56.699],[-131.876,56.674],[-132.102,56.717],[-132.171,56.715],[-132.282,56.67],[-132.311,56.639]]]}},{"type":"Feature","properties":{"r":5,"n":"San Juan"},"geometry":{"type":"MultiLineString","coordinates":[[[-86.105,12.208],[-86.055,12.192],[-85.987,12.132],[-85.893,12.118],[-85.871,12.098]],[[-84.769,11.118],[-84.713,11.111],[-84.673,11.126],[-84.603,11.076],[-84.557,11.089],[-84.535,11.06],[-84.458,11.032],[-84.425,10.995],[-84.395,11.019],[-84.347,10.99],[-84.312,10.92],[-84.209,10.861],[-84.205,10.837],[-84.228,10.82],[-84.192,10.782],[-84.138,10.789],[-84.077,10.764],[-84.01,10.79],[-83.927,10.715],[-83.86,10.722],[-83.836,10.748],[-83.664,10.807],[-83.672,10.923],[-83.644,10.926]]]}},{"type":"Feature","properties":{"r":1,"n":"Jinsha"},"geometry":{"type":"MultiLineString","coordinates":[[[98.542,31.69],[98.592,31.599],[98.885,31.354],[98.768,31.23],[98.683,31.316],[98.638,31.309],[98.611,31.256],[98.62,31.188],[98.604,31.17],[98.693,31.125],[98.726,31.06],[98.803,30.991],[98.798,30.941],[98.775,30.902],[98.787,30.881],[98.88,30.793],[98.954,30.748],[98.96,30.727],[98.953,30.708],[98.905,30.682],[98.905,30.664],[98.932,30.579],[98.933,30.491],[98.96,30.46],[98.987,30.144],[99.034,30.055],[99.056,29.915],[99.005,29.82],[99.001,29.785],[99.014,29.768],[99.001,29.757],[98.987,29.651],[99.042,29.562],[99.062,29.308],[99.108,29.224],[99.104,29.092],[99.121,28.965],[99.096,28.836],[99.124,28.75],[99.13,28.665],[99.172,28.593],[99.165,28.555],[99.18,28.505],[99.162,28.438],[99.227,28.339],[99.273,28.307],[99.274,28.277],[99.381,28.184],[99.399,28.126]],[[99.399,28.12],[99.395,28.043],[99.458,27.869],[99.432,27.798],[99.441,27.75],[99.481,27.675],[99.523,27.654],[99.521,27.605],[99.56,27.563],[99.556,27.509],[99.586,27.487],[99.645,27.386],[99.636,27.35],[99.653,27.318],[99.802,27.196],[99.948,27.029],[99.974,26.886],[100.063,26.958],[100.085,27.069],[100.059,27.129],[100.063,27.174],[100.116,27.209],[100.245,27.361],[100.214,27.414],[100.193,27.511],[100.295,27.684],[100.3,27.832],[100.42,27.838],[100.433,27.743],[100.465,27.671],[100.449,27.499],[100.543,27.439],[100.523,27.377],[100.552,27.255],[100.539,27.22],[100.495,27.188],[100.434,27.184],[100.497,27.124],[100.454,27.03],[100.474,26.935],[100.452,26.826],[100.398,26.804],[100.394,26.787],[100.419,26.639],[100.433,26.626],[100.427,26.519],[100.461,26.403],[100.413,26.3],[100.447,26.228],[100.474,26.215],[100.548,26.229],[100.612,26.201],[100.636,26.213],[100.668,26.192],[100.775,26.184],[100.831,26.206],[100.906,26.166],[100.988,26.27],[101.126,26.345],[101.201,26.372],[101.24,26.363],[101.423,26.393],[101.476,26.461],[101.452,26.472],[101.464,26.492],[101.453,26.531],[101.518,26.591],[101.619,26.598],[101.647,26.57],[101.652,26.59],[101.681,26.564],[101.723,26.594],[101.755,26.583],[101.806,26.601],[101.846,26.572],[101.893,26.462],[101.948,26.413],[101.94,26.317],[101.904,26.238],[101.917,26.211],[101.857,26.169],[101.845,26.139],[101.845,26.033],[101.831,25.995],[101.874,25.973],[101.958,25.995],[102.018,25.987],[102.084,26],[102.099,26.015],[102.102,26.071],[102.13,26.115],[102.222,26.187],[102.252,26.229],[102.338,26.251],[102.4,26.312],[102.503,26.338],[102.568,26.379],[102.626,26.345],[102.61,26.26],[102.681,26.222],[102.711,26.229],[102.767,26.293],[102.845,26.327],[102.878,26.365],[102.951,26.345],[102.988,26.365],[103.003,26.4],[102.989,26.441],[103.003,26.461],[102.996,26.485],[103.039,26.506],[103.058,26.557],[103.03,26.602],[103.029,26.662],[102.975,26.831],[102.901,26.925],[102.899,27.003],[102.878,27.036],[102.915,27.134],[102.889,27.291],[102.955,27.421],[102.991,27.386],[103.121,27.412],[103.147,27.434],[103.16,27.497],[103.218,27.567],[103.296,27.588],[103.305,27.605],[103.284,27.64],[103.451,27.76],[103.459,27.793],[103.503,27.85],[103.519,27.945],[103.565,27.983],[103.514,27.971],[103.489,28.038],[103.441,28.042],[103.434,28.068],[103.456,28.105],[103.455,28.134],[103.538,28.184],[103.572,28.243],[103.644,28.27],[103.722,28.215],[103.88,28.326],[103.795,28.531],[103.836,28.605],[103.851,28.668]]]}},{"type":"Feature","properties":{"r":5,"n":"Elbe"},"geometry":{"type":"MultiLineString","coordinates":[[[10.065,53.463],[10.059,53.516],[10.041,53.534],[9.826,53.55]],[[10.065,53.463],[9.819,53.54]],[[10.066,53.461],[10.065,53.463]],[[12.502,51.879],[12.465,51.857],[12.446,51.866],[12.451,51.885],[12.373,51.851],[12.307,51.892],[12.241,51.88],[12.227,51.862],[12.201,51.878],[12.021,51.872],[11.89,51.974],[11.89,52.024],[11.842,52.015],[11.781,52.04],[11.746,52.029],[11.691,52.063],[11.66,52.112],[11.676,52.175],[11.718,52.207],[11.704,52.238],[11.786,52.331],[11.865,52.343],[11.94,52.379],[11.937,52.399],[11.989,52.436],[12,52.464],[11.971,52.508],[11.973,52.536],[12.042,52.757],[12.026,52.796],[12.04,52.851],[12.019,52.875],[11.832,52.928],[11.851,52.955],[11.807,52.96],[11.763,52.995],[11.694,52.984],[11.68,53.012],[11.622,53.022],[11.636,53.037],[11.625,53.05],[11.581,53.043],[11.438,53.084],[11.344,53.066],[11.256,53.136],[11.225,53.153],[11.194,53.141],[11.156,53.174],[11.089,53.144],[10.739,53.308],[10.731,53.352],[10.71,53.368],[10.569,53.364],[10.35,53.432],[10.276,53.431],[10.241,53.406],[10.17,53.406],[10.065,53.463]],[[12.502,51.879],[12.502,51.879]],[[13.191,51.474],[13.185,51.492],[13.15,51.48],[13.061,51.508],[13.06,51.528],[13.009,51.564],[13.027,51.597],[12.891,51.67],[12.849,51.672],[12.815,51.733],[12.809,51.788],[12.835,51.824],[12.653,51.864],[12.507,51.864],[12.502,51.879]],[[15.583,50.693],[15.617,50.641],[15.626,50.588],[15.733,50.541],[15.748,50.514],[15.737,50.466],[15.884,50.404],[15.917,50.387],[15.918,50.37]],[[15.918,50.37],[15.918,50.37]],[[15.918,50.37],[15.932,50.35],[15.882,50.32],[15.82,50.241],[15.83,50.22],[15.796,50.11],[15.844,50.075],[15.778,50.049],[15.384,50.048],[15.244,50.023],[15.19,50.04],[15.159,50.075],[15.162,50.105],[15.145,50.13],[15.065,50.178],[14.973,50.165],[14.684,50.182],[14.605,50.239],[14.569,50.233],[14.533,50.258],[14.528,50.287],[14.485,50.298],[14.491,50.333],[14.452,50.353],[14.456,50.394],[14.387,50.429],[14.36,50.47],[14.322,50.471],[14.283,50.432],[14.25,50.432],[14.213,50.52],[14.149,50.534],[14.055,50.528],[14.028,50.583],[14.075,50.609],[14.046,50.648],[14.182,50.681],[14.198,50.699],[14.189,50.755],[14.24,50.802],[14.216,50.902],[14.062,50.926],[14.089,50.946],[14.07,50.96],[13.897,50.966],[13.804,51.066],[13.753,51.063],[13.562,51.117],[13.403,51.214],[13.413,51.254],[13.38,51.299],[13.299,51.313],[13.284,51.347],[13.24,51.352],[13.233,51.364],[13.256,51.381],[13.208,51.408],[13.198,51.466],[13.184,51.474]]]}},{"type":"Feature","properties":{"r":5,"n":"Thelon"},"geometry":{"type":"MultiLineString","coordinates":[[[-97.103,64.761],[-97.073,64.78],[-97.038,64.778],[-96.84,64.745],[-96.744,64.698],[-96.603,64.676],[-96.514,64.593],[-96.493,64.469],[-96.474,64.434],[-96.273,64.301]],[[-101.536,64.493],[-101.472,64.535],[-101.225,64.508],[-101.159,64.528],[-100.877,64.557],[-100.795,64.604]],[[-94.224,64.076],[-93.985,64.048],[-93.766,63.993]],[[-104.706,63.27],[-104.716,63.275],[-104.668,63.335],[-104.681,63.36],[-104.673,63.379],[-104.576,63.497],[-104.486,63.552],[-104.428,63.623],[-104.524,63.63],[-104.525,63.651],[-104.425,63.692],[-104.296,63.812],[-104.234,63.803],[-104.163,63.817],[-103.968,63.908],[-103.873,63.993],[-103.893,64.017],[-103.698,64.175],[-103.69,64.245],[-103.496,64.309],[-103.121,64.324],[-103.059,64.341],[-102.901,64.306],[-102.686,64.289],[-102.662,64.267],[-102.647,64.185],[-102.564,64.158],[-102.499,64.179],[-102.396,64.175],[-102.142,64.202],[-102.045,64.253],[-101.943,64.26],[-101.851,64.322],[-101.84,64.382],[-101.811,64.411]],[[-105.942,62.356],[-105.841,62.363],[-105.786,62.384],[-105.676,62.377],[-105.571,62.428],[-105.47,62.431],[-105.34,62.404],[-105.166,62.454],[-104.624,62.432],[-104.506,62.471],[-104.489,62.486],[-104.52,62.521],[-104.572,62.534],[-104.629,62.578],[-104.819,62.575],[-104.785,62.605],[-104.711,62.612],[-104.693,62.633],[-104.733,62.677],[-104.786,62.699],[-104.73,62.739],[-104.779,62.761],[-104.792,62.796],[-104.856,62.829],[-104.766,62.877],[-104.719,62.932],[-104.719,62.948],[-104.743,62.957],[-104.85,62.953],[-104.859,63.048],[-104.834,63.071]]]}},{"type":"Feature","properties":{"r":5,"n":""},"geometry":{"type":"MultiLineString","coordinates":[[[-95.878,63.656],[-95.791,63.654],[-95.771,63.669],[-95.858,63.739],[-95.772,63.734],[-95.756,63.764],[-95.677,63.774],[-95.654,63.819],[-95.677,63.869],[-95.575,63.917],[-95.49,63.984],[-95.473,64.012],[-95.497,64.05]],[[-97.288,63.514],[-97.269,63.555],[-97.218,63.593],[-97.075,63.593],[-97.11,63.636],[-97.055,63.658]],[[-97.63,62.979],[-97.603,63.033],[-97.603,63.07],[-97.459,63.157]],[[-102.035,62.925],[-102.146,62.911],[-102.19,62.879],[-102.221,62.827],[-102.285,62.801],[-102.586,62.779],[-102.66,62.76]],[[-101.831,62.52],[-101.838,62.534],[-101.812,62.561],[-101.771,62.583],[-101.612,62.607],[-101.529,62.664]],[[-102.737,62.41],[-102.866,62.367],[-102.919,62.319]],[[-100.735,62.356],[-100.597,62.339],[-100.552,62.355]],[[-101.366,62.35],[-101.318,62.345]],[[-99.618,62.301],[-99.537,62.274],[-99.093,62.24],[-98.89,62.257],[-98.816,62.294],[-98.799,62.273],[-98.66,62.231],[-98.533,62.224],[-98.434,62.247],[-98.393,62.235],[-98.257,62.267],[-98.236,62.264],[-98.226,62.236],[-98.186,62.26],[-98.158,62.301],[-98.255,62.397],[-98.261,62.419],[-98.227,62.462],[-98.231,62.479],[-98.348,62.57],[-98.368,62.601],[-98.35,62.616]],[[-103.158,61.836],[-103.261,61.752],[-103.22,61.681]],[[-103.447,61.366],[-103.448,61.322],[-103.475,61.255],[-103.717,61.152],[-103.774,61.083],[-103.767,61.01],[-103.717,60.952]]]}},{"type":"Feature","properties":{"r":5,"n":"Colorado"},"geometry":{"type":"MultiLineString","coordinates":[[[-105.846,40.404],[-105.843,40.266],[-105.815,40.215],[-105.816,40.176]],[[-105.861,40.165],[-105.885,40.142],[-105.928,40.148],[-105.987,40.118],[-106.056,40.114],[-106.141,40.08],[-106.241,40.086],[-106.426,40.066],[-106.57,39.963],[-106.651,39.875],[-106.751,39.935],[-106.805,39.91],[-106.918,39.891],[-106.945,39.842],[-107.053,39.733],[-107.09,39.659],[-107.288,39.582],[-107.462,39.588],[-107.612,39.564],[-107.798,39.579],[-107.868,39.524],[-107.993,39.489],[-108.2,39.353],[-108.254,39.298],[-108.267,39.228],[-108.331,39.138],[-108.447,39.083],[-108.584,39.086],[-108.753,39.178],[-108.925,39.216],[-108.991,39.159],[-109.051,39.141],[-109.235,39.009],[-109.248,38.981],[-109.241,38.921],[-109.27,38.887],[-109.27,38.832],[-109.311,38.808],[-109.327,38.75],[-109.432,38.691],[-109.47,38.686],[-109.484,38.637],[-109.532,38.625],[-109.585,38.546],[-109.612,38.584],[-109.628,38.577],[-109.644,38.474],[-109.667,38.447],[-109.715,38.447],[-109.723,38.368],[-109.752,38.358],[-109.747,38.317],[-109.814,38.225],[-110.018,38.082],[-110.068,38.001],[-110.134,37.998],[-110.148,37.968],[-110.178,37.953],[-110.185,37.909],[-110.209,37.894],[-110.368,37.898]],[[-111.473,36.932],[-111.558,36.873],[-111.558,36.85],[-111.577,36.857],[-111.63,36.822],[-111.683,36.725],[-111.727,36.698],[-111.759,36.65],[-111.763,36.61],[-111.841,36.525],[-111.829,36.467],[-111.871,36.419],[-111.843,36.405],[-111.884,36.377],[-111.866,36.364],[-111.857,36.315],[-111.809,36.267],[-111.806,36.148],[-111.822,36.117],[-111.863,36.104],[-111.919,36.058],[-112.021,36.082],[-112.052,36.104],[-112.223,36.117],[-112.231,36.145],[-112.294,36.176],[-112.355,36.256],[-112.395,36.257],[-112.441,36.216],[-112.513,36.266],[-112.457,36.355],[-112.465,36.387],[-112.5,36.4],[-112.63,36.402],[-112.659,36.355],[-112.715,36.35],[-112.718,36.324],[-112.798,36.287],[-112.877,36.28]],[[-112.876,36.28],[-112.877,36.28]],[[-112.877,36.28],[-112.881,36.28]],[[-112.877,36.28],[-112.936,36.243],[-113.021,36.233],[-113.179,36.158],[-113.219,36.088],[-113.316,36.072],[-113.339,36.04],[-113.309,35.851],[-113.35,35.762],[-113.4,35.746],[-113.472,35.76],[-113.593,35.828],[-113.636,35.831]],[[-114.741,36.013],[-114.729,35.959],[-114.669,35.885],[-114.694,35.822],[-114.695,35.767],[-114.645,35.631]],[[-114.591,35.353],[-114.573,35.191],[-114.582,35.151],[-114.636,35.137],[-114.639,35.123],[-114.612,35.082],[-114.639,35.048],[-114.617,34.879],[-114.569,34.843],[-114.542,34.768],[-114.494,34.753],[-114.379,34.541]],[[-114.125,34.314],[-114.128,34.28],[-114.224,34.198],[-114.398,34.11],[-114.429,34.029],[-114.516,33.964],[-114.519,33.93],[-114.49,33.891],[-114.516,33.869],[-114.488,33.725],[-114.517,33.685],[-114.533,33.568],[-114.579,33.52],[-114.626,33.437],[-114.727,33.411],[-114.698,33.368],[-114.721,33.306],[-114.683,33.263],[-114.673,33.205],[-114.697,33.089],[-114.667,33.054],[-114.502,33.019],[-114.47,32.973],[-114.458,32.877],[-114.472,32.842],[-114.522,32.807],[-114.536,32.738],[-114.578,32.73],[-114.683,32.748],[-114.721,32.724]],[[-114.721,32.724],[-114.74,32.669],[-114.804,32.595],[-114.796,32.553],[-114.81,32.512],[-114.833,32.492],[-114.926,32.483],[-114.96,32.439],[-114.982,32.341],[-115.037,32.292],[-115.057,32.232],[-115.18,32.191],[-115.2,32.157],[-115.213,32.061],[-115.195,32.026],[-115.195,32.047],[-115.167,32.06],[-115.112,32.026],[-115.112,31.964],[-115.055,31.978],[-115.035,31.966]]]}},{"type":"Feature","properties":{"r":5,"n":"Grande"},"geometry":{"type":"MultiLineString","coordinates":[[[-50.364,-19.859],[-50.426,-19.792],[-50.457,-19.781],[-50.584,-19.821]],[[-47.073,-20.284],[-47.123,-20.284],[-47.147,-20.233],[-47.224,-20.215],[-47.304,-20.12],[-47.414,-20.062],[-47.439,-20.036],[-47.435,-19.986],[-47.469,-19.959],[-47.579,-19.992],[-47.612,-20.034],[-47.636,-20.039],[-47.698,-19.98],[-47.842,-19.979],[-47.877,-20.005],[-47.867,-20.034],[-47.882,-20.1],[-47.927,-20.114],[-47.956,-20.05],[-47.989,-20.028],[-48.007,-20.113],[-48.072,-20.151],[-48.168,-20.103],[-48.223,-20.014],[-48.244,-20.043],[-48.22,-20.114],[-48.243,-20.138],[-48.315,-20.11],[-48.401,-20.11],[-48.488,-20.131],[-48.566,-20.123],[-48.637,-20.158],[-48.716,-20.144],[-48.819,-20.151],[-48.844,-20.164],[-48.889,-20.261],[-48.867,-20.407],[-48.901,-20.439],[-48.97,-20.401],[-48.971,-20.23],[-49.003,-20.151],[-49.042,-20.143],[-49.149,-20.295],[-49.182,-20.308],[-49.217,-20.294],[-49.292,-20.165],[-49.306,-20.1],[-49.295,-20.026],[-49.25,-20.007],[-49.243,-19.989],[-49.295,-19.966],[-49.385,-19.98]],[[-46.326,-20.667],[-46.358,-20.679],[-46.394,-20.665],[-46.427,-20.685],[-46.454,-20.659],[-46.563,-20.646],[-46.587,-20.623]],[[-44.616,-21.318],[-44.616,-21.291],[-44.709,-21.209],[-44.828,-21.199],[-44.884,-21.146],[-44.92,-21.158],[-44.943,-21.107],[-45.016,-21.121],[-45.053,-21.179],[-45.09,-21.152],[-45.136,-21.167],[-45.151,-21.111],[-45.221,-21.063]],[[-44.45,-22.155],[-44.338,-22.065],[-44.312,-22.016],[-44.255,-22.011],[-44.251,-21.978],[-44.205,-21.934],[-44.201,-21.88],[-44.152,-21.858],[-44.159,-21.843],[-44.102,-21.831],[-44.064,-21.758],[-44.077,-21.704],[-44.056,-21.659],[-44.105,-21.657],[-44.111,-21.601],[-44.156,-21.58],[-44.193,-21.48],[-44.214,-21.475],[-44.237,-21.497],[-44.268,-21.48],[-44.378,-21.498],[-44.392,-21.487],[-44.387,-21.465]]]}},{"type":"Feature","properties":{"r":5,"n":"Tajo"},"geometry":{"type":"MultiLineString","coordinates":[[[-1.66,40.556],[-1.636,40.588],[-1.629,40.66],[-1.683,40.763],[-1.742,40.795],[-1.849,40.817],[-1.91,40.862],[-1.988,40.833],[-2.328,40.802],[-2.451,40.733],[-2.577,40.724]],[[-2.733,40.528],[-2.767,40.521],[-2.802,40.463],[-2.82,40.388],[-2.886,40.362],[-2.894,40.32],[-2.938,40.307],[-3.037,40.191],[-3.132,40.132],[-3.149,40.098],[-3.288,40.053],[-3.543,40.05],[-3.658,40.033],[-3.779,39.954],[-3.982,39.882],[-4.037,39.866],[-4.06,39.882],[-4.184,39.893],[-4.208,39.872],[-4.26,39.861],[-4.29,39.879],[-4.31,39.858],[-4.297,39.845],[-4.328,39.826],[-4.467,39.864],[-4.574,39.934],[-4.728,39.988],[-4.766,39.968],[-4.845,39.961],[-5.022,39.8],[-5.217,39.812]],[[-5.996,39.852],[-6.057,39.848],[-6.167,39.797],[-6.436,39.734],[-6.575,39.761],[-6.627,39.79],[-6.823,39.782],[-6.882,39.76],[-6.963,39.702],[-7.118,39.682]]]}},{"type":"Feature","properties":{"r":5,"n":"Vistula"},"geometry":{"type":"MultiLineString","coordinates":[[[18.937,49.932],[18.962,49.918],[19.112,49.959],[19.159,50.054],[19.229,50.069],[19.269,50.051],[19.372,50.049],[19.414,50.027],[19.478,50.037],[19.537,50.021],[19.596,49.982],[19.705,49.976],[19.781,49.983],[19.813,50.024],[19.928,50.055],[19.989,50.062],[20.163,50.041],[20.22,50.052],[20.291,50.096],[20.327,50.092],[20.345,50.115],[20.417,50.135],[20.599,50.151],[20.68,50.218],[20.726,50.237],[20.784,50.298],[20.822,50.274],[20.96,50.314],[21.049,50.318],[21.12,50.349],[21.181,50.336],[21.25,50.397],[21.266,50.392],[21.277,50.41],[21.36,50.446],[21.43,50.453],[21.449,50.466],[21.435,50.487],[21.595,50.525],[21.644,50.558],[21.669,50.609],[21.745,50.675],[21.806,50.691],[21.833,50.724],[21.847,50.816],[21.798,50.935],[21.813,50.993],[21.792,51.021],[21.819,51.042],[21.773,51.163],[21.816,51.264],[21.854,51.275],[21.887,51.311],[21.976,51.343],[21.919,51.471],[21.832,51.48],[21.848,51.498],[21.821,51.563],[21.675,51.577],[21.632,51.612],[21.575,51.625],[21.552,51.659],[21.463,51.675],[21.409,51.734],[21.418,51.792],[21.36,51.837],[21.281,51.857],[21.229,51.906],[21.278,51.956],[21.216,51.999],[21.22,52.04],[21.195,52.063],[21.202,52.104],[21.079,52.213],[21.043,52.222],[20.983,52.296],[20.926,52.323],[20.898,52.368],[20.819,52.378],[20.675,52.433],[20.481,52.419],[20.355,52.378],[20.028,52.389],[19.876,52.464],[19.759,52.485],[19.698,52.535],[19.548,52.566],[19.4,52.627],[19.056,52.675],[18.929,52.795],[18.897,52.853],[18.841,52.878],[18.828,52.9],[18.719,52.941],[18.669,53.013],[18.609,53.001],[18.451,53.022],[18.142,53.115],[18.201,53.166],[18.205,53.209],[18.314,53.271],[18.372,53.352],[18.434,53.366],[18.485,53.402],[18.681,53.44],[18.737,53.475],[18.77,53.589],[18.748,53.653],[18.789,53.706],[18.864,53.737],[18.844,53.827],[18.89,53.899],[18.858,53.934],[18.872,53.956],[18.825,54.038],[18.822,54.091],[18.862,54.184],[18.948,54.242],[18.954,54.359]],[[18.879,49.644],[18.828,49.696],[18.812,49.793],[18.758,49.875],[18.778,49.916],[18.81,49.925]]]}},{"type":"Feature","properties":{"r":5,"n":"Sacramento"},"geometry":{"type":"MultiLineString","coordinates":[[[-122.425,41.254],[-122.369,41.319],[-122.279,41.279],[-122.253,41.242],[-122.333,41.09],[-122.396,41.031],[-122.411,40.968],[-122.394,40.928],[-122.367,40.911],[-122.402,40.845],[-122.396,40.831]],[[-122.411,40.721],[-122.448,40.697],[-122.43,40.653],[-122.439,40.623],[-122.362,40.584],[-122.342,40.505],[-122.238,40.468],[-122.179,40.425],[-122.164,40.352],[-122.191,40.331],[-122.15,40.331],[-122.136,40.315],[-122.2,40.262],[-122.197,40.249],[-122.173,40.262],[-122.156,40.253],[-122.204,40.184],[-122.191,40.167],[-122.124,40.151],[-122.067,39.971],[-122.067,39.939],[-122.084,39.929],[-122.028,39.879],[-122.044,39.816],[-122.007,39.801],[-121.995,39.761],[-121.937,39.728],[-121.966,39.676],[-121.995,39.378],[-122.012,39.344],[-121.985,39.234],[-121.958,39.201],[-121.923,39.206],[-121.917,39.139],[-121.809,39.043],[-121.798,39.006],[-121.827,38.955],[-121.791,38.92],[-121.793,38.878],[-121.72,38.86],[-121.67,38.768],[-121.608,38.782],[-121.585,38.773],[-121.606,38.683],[-121.581,38.659]],[[-121.581,38.659],[-121.549,38.642],[-121.54,38.613],[-121.491,38.604],[-121.51,38.527],[-121.54,38.508],[-121.492,38.456],[-121.519,38.446],[-121.505,38.378],[-121.531,38.335],[-121.568,38.322],[-121.504,38.242],[-121.548,38.233],[-121.557,38.191],[-121.588,38.16],[-121.662,38.172],[-121.689,38.148]]]}},{"type":"Feature","properties":{"r":5,"n":"Neva"},"geometry":{"type":"MultiLineString","coordinates":[[[31.043,59.951],[31.003,59.936],[30.984,59.878],[30.961,59.859],[30.74,59.795],[30.661,59.808],[30.39,59.958],[30.22,59.916]]]}},{"type":"Feature","properties":{"r":5,"n":"Tennessee"},"geometry":{"type":"MultiLineString","coordinates":[[[-88.283,37.022],[-88.355,37.063],[-88.521,37.04],[-88.586,37.09]],[[-83.969,35.87],[-84.019,35.875],[-84.041,35.85],[-84.131,35.834],[-84.135,35.795],[-84.164,35.801],[-84.179,35.768],[-84.216,35.781],[-84.309,35.768],[-84.315,35.732],[-84.35,35.768],[-84.36,35.754],[-84.408,35.768],[-84.429,35.746],[-84.542,35.863],[-84.555,35.836],[-84.6,35.833],[-84.617,35.783],[-84.669,35.809],[-84.676,35.759],[-84.713,35.732],[-84.719,35.692],[-84.774,35.681],[-84.798,35.57],[-84.884,35.556],[-84.861,35.504],[-84.908,35.476],[-84.908,35.444],[-84.937,35.441],[-84.974,35.466],[-84.985,35.415],[-85.023,35.405],[-85.063,35.327],[-85.094,35.301],[-85.09,35.226],[-85.122,35.2],[-85.131,35.168],[-85.258,35.101],[-85.337,35.027],[-85.351,35.037],[-85.344,35.102],[-85.377,35.117],[-85.412,35.102],[-85.394,35.092],[-85.398,35.068],[-85.426,35.061],[-85.44,35.034],[-85.459,35.036],[-85.482,35.08],[-85.521,35.096],[-85.542,35.094],[-85.594,35.028],[-85.673,35.033],[-85.702,34.94],[-86.049,34.583],[-86.109,34.557],[-86.238,34.441],[-86.252,34.391],[-86.292,34.382],[-86.358,34.431],[-86.419,34.438],[-86.435,34.468],[-86.533,34.516],[-86.555,34.574],[-86.588,34.596],[-86.647,34.559],[-86.704,34.589],[-86.774,34.556],[-86.899,34.575]],[[-87.7,34.773],[-87.775,34.747],[-87.852,34.76],[-87.98,34.901],[-88.019,34.917],[-88.105,34.91],[-88.138,34.929],[-88.217,35.076],[-88.291,35.08],[-88.304,35.096],[-88.314,35.215],[-88.259,35.236],[-88.268,35.284],[-88.186,35.31],[-88.182,35.335],[-88.201,35.366],[-88.192,35.384],[-88.119,35.384],[-88.047,35.411],[-87.998,35.392],[-87.982,35.411],[-87.982,35.426],[-88.03,35.441],[-88.026,35.466],[-87.982,35.493],[-87.971,35.534],[-88.022,35.605],[-88.03,35.644],[-88.016,35.685],[-88.036,35.716],[-87.989,35.781],[-87.932,35.918],[-87.954,35.953],[-87.975,35.945]]]}},{"type":"Feature","properties":{"r":1,"n":"Bahr el Jebel"},"geometry":{"type":"MultiLineString","coordinates":[[[31.148,6.83],[31.077,6.876],[31.063,6.918],[30.971,6.96],[30.903,7.016],[30.846,7.034],[30.803,7.118],[30.717,7.186],[30.642,7.383],[30.54,7.509],[30.565,7.518],[30.567,7.556],[30.494,7.657],[30.509,7.678],[30.509,7.742],[30.537,7.781],[30.528,7.795],[30.549,7.801],[30.522,7.808],[30.536,7.824],[30.508,7.846],[30.486,7.923],[30.426,7.993],[30.437,8.002],[30.392,8.062],[30.384,8.116],[30.351,8.112],[30.351,8.13],[30.325,8.118],[30.311,8.15],[30.313,8.213],[30.329,8.218],[30.32,8.246],[30.338,8.253],[30.317,8.301],[30.344,8.315],[30.323,8.364],[30.36,8.46],[30.351,8.479],[30.33,8.479],[30.33,8.5],[30.275,8.559],[30.285,8.59],[30.275,8.596],[30.269,8.583],[30.272,8.608],[30.309,8.685],[30.227,8.76],[30.254,8.794],[30.235,8.818],[30.235,8.87],[30.214,8.898],[30.191,8.99],[30.207,9.028],[30.235,9.035],[30.261,9.083],[30.3,9.108],[30.319,9.17],[30.358,9.2],[30.362,9.306],[30.325,9.348],[30.355,9.365],[30.425,9.483],[30.457,9.492],[30.505,9.536],[30.646,9.535],[30.816,9.5],[30.96,9.514],[31.125,9.432]]]}},{"type":"Feature","properties":{"r":5,"n":"Syr  Darya"},"geometry":{"type":"MultiLineString","coordinates":[[[61.562,46.11],[61.513,46.131],[61.257,46.039],[61.165,46.031],[61.077,46.046],[61.007,46.108],[60.929,46.105],[60.878,46.137]],[[67.965,41.25],[67.972,41.29],[68.038,41.311],[68.04,41.338],[68.104,41.365],[68.087,41.405],[68.116,41.458],[68.073,41.503],[68.068,41.523],[68.094,41.546],[68.054,41.599],[68.066,41.608],[68.04,41.654],[68.048,41.706],[68.034,41.756],[68.072,41.766],[68.099,41.815],[68.088,41.866],[68.111,41.9],[68.113,41.952],[68.147,41.959],[68.177,42.018],[68.167,42.069],[68.209,42.065],[68.241,42.118],[68.223,42.138],[68.154,42.154],[68.184,42.175],[68.226,42.175],[68.263,42.253],[68.288,42.265],[68.277,42.296],[68.247,42.31],[68.277,42.388],[68.274,42.415],[68.24,42.428],[68.253,42.449],[68.191,42.53],[68.23,42.56],[68.226,42.592],[68.26,42.627],[68.24,42.771],[68.198,42.763],[68.233,42.804],[68.202,42.824],[68.205,42.862],[68.164,42.845],[68.102,42.887],[68.16,42.912],[68.169,42.971],[68.095,42.976],[68.058,43.004],[68.02,42.99],[68.027,43.011],[68.006,43.017],[68.02,43.037],[67.969,43.036],[67.958,43.059],[67.927,43.045],[67.887,43.063],[67.848,43.052],[67.836,43.073],[67.871,43.135],[67.855,43.161],[67.865,43.19],[67.848,43.182],[67.855,43.229],[67.8,43.237],[67.826,43.263],[67.78,43.281],[67.808,43.298],[67.808,43.33],[67.747,43.343],[67.726,43.361],[67.76,43.367],[67.732,43.376],[67.705,43.361],[67.684,43.305],[67.665,43.325],[67.659,43.375],[67.616,43.387],[67.633,43.417],[67.561,43.402],[67.588,43.443],[67.578,43.449],[67.519,43.422],[67.541,43.463],[67.486,43.507],[67.506,43.551],[67.5,43.571],[67.389,43.668],[67.403,43.682],[67.362,43.711],[67.341,43.751],[67.321,43.739],[67.3,43.751],[67.277,43.811],[67.204,43.812],[67.215,43.843],[67.198,43.867],[67.205,43.886],[67.174,43.898],[67.167,43.922],[67.088,43.938],[67.026,43.976],[67.04,44.002],[67.028,44.016],[66.964,44],[66.941,44.006],[66.928,44.03],[66.89,43.963],[66.834,43.97],[66.823,43.946],[66.752,43.97],[66.725,43.956],[66.631,43.964],[66.612,43.997],[66.574,43.963],[66.569,44.011],[66.536,44.008],[66.506,44.066],[66.54,44.1],[66.498,44.121],[66.52,44.148],[66.493,44.147],[66.478,44.127],[66.448,44.141],[66.444,44.162],[66.416,44.162],[66.423,44.237],[66.396,44.275],[66.348,44.278],[66.353,44.299],[66.307,44.309],[66.258,44.361],[66.278,44.377],[66.279,44.401],[66.238,44.387],[66.23,44.41],[66.201,44.416],[66.187,44.439],[66.149,44.429],[66.114,44.45],[66.129,44.47],[66.118,44.476],[66.046,44.477],[66.046,44.456],[65.916,44.497],[65.957,44.491],[65.943,44.535],[65.957,44.556],[65.927,44.57],[65.915,44.628],[65.885,44.624],[65.868,44.661],[65.834,44.675],[65.792,44.668],[65.789,44.685],[65.813,44.713],[65.8,44.744],[65.779,44.73],[65.662,44.752],[65.622,44.738],[65.555,44.76],[65.512,44.785],[65.512,44.821],[65.478,44.855],[65.345,44.923],[65.309,44.982],[65.2,44.97],[65.185,44.988],[65.128,44.991],[65.131,45.003],[65.06,44.991],[64.993,45.024],[64.963,45.018],[64.93,44.984],[64.875,44.977],[64.772,44.998],[64.778,45.029],[64.76,45.036],[64.703,45.032],[64.639,45.068],[64.584,45.065],[64.563,45.087],[64.511,45.076],[64.469,45.125],[64.409,45.142],[64.422,45.162],[64.378,45.178],[64.374,45.216],[64.33,45.224],[64.347,45.265],[64.232,45.286],[64.211,45.406],[64.186,45.429],[64.169,45.409],[64.155,45.436],[64.133,45.429],[64.1,45.477],[64.045,45.463],[64.019,45.484],[63.918,45.484],[63.89,45.497],[63.862,45.554],[63.915,45.579],[63.922,45.608],[63.86,45.649],[63.757,45.682],[63.738,45.704],[63.782,45.709],[63.793,45.741],[63.665,45.746],[63.624,45.723],[63.442,45.683],[63.304,45.614],[63.184,45.599],[63.145,45.602],[63.123,45.656],[63.057,45.698],[62.977,45.704],[62.946,45.734],[62.928,45.724],[62.887,45.737],[62.853,45.697],[62.827,45.69],[62.771,45.704],[62.777,45.686],[62.763,45.676],[62.733,45.71],[62.643,45.734],[62.607,45.834],[62.534,45.782],[62.442,45.752],[62.394,45.781],[62.291,45.737],[62.298,45.784],[62.254,45.763],[62.181,45.779],[62.185,45.757],[62.168,45.743],[62.105,45.751],[62.024,45.732],[62.038,45.71],[61.966,45.669],[61.882,45.731],[61.752,45.742],[61.691,45.812],[61.693,45.841],[61.736,45.896],[61.844,45.925],[61.832,45.985],[61.796,45.988],[61.76,46.021]],[[69.827,40.273],[69.802,40.304],[69.768,40.283],[69.733,40.304],[69.637,40.312],[69.597,40.292],[69.567,40.252],[69.339,40.208],[69.178,40.276],[69.178,40.295],[69.116,40.331],[69.151,40.386],[69.109,40.386],[69.144,40.414],[69.096,40.42],[69.124,40.459],[69.098,40.507],[69.116,40.515],[69.075,40.523],[69.096,40.573],[69.121,40.588],[69.106,40.599],[69.068,40.584],[69.088,40.612],[69.054,40.658],[68.993,40.653],[69.013,40.684],[69.003,40.688],[68.945,40.68],[68.956,40.707],[68.903,40.735],[68.887,40.777],[68.8,40.84],[68.74,40.845],[68.733,40.869],[68.715,40.866],[68.708,40.908],[68.633,40.968],[68.665,40.978],[68.662,40.994],[68.613,41.004],[68.615,41.028],[68.541,41.024],[68.506,41.074],[68.456,41.107]]]}},{"type":"Feature","properties":{"r":5,"n":"Naryn"},"geometry":{"type":"MultiLineString","coordinates":[[[77.737,41.88],[77.823,41.866],[77.977,41.901],[78.045,41.881],[78.061,41.847],[77.777,41.664],[77.717,41.582],[77.627,41.562],[77.566,41.525],[77.456,41.529],[77.363,41.507],[77.277,41.521],[77.192,41.494],[76.966,41.507],[76.935,41.48],[76.777,41.495],[76.617,41.473],[76.487,41.507],[76.01,41.446],[75.812,41.463],[75.712,41.443],[75.632,41.39],[75.552,41.379],[75.456,41.386],[75.256,41.448],[74.811,41.421],[74.766,41.441],[74.642,41.409],[74.571,41.44],[74.495,41.441],[74.369,41.394],[74.257,41.373],[74.03,41.424],[73.948,41.483],[73.94,41.626],[73.868,41.719],[73.783,41.729],[73.687,41.777],[73.584,41.805],[73.509,41.797],[73.45,41.77],[73.298,41.776]],[[72.654,41.667],[72.631,41.634],[72.412,41.51],[72.375,41.515],[72.325,41.495],[72.248,41.441],[72.231,41.369],[72.186,41.297],[72.2,41.284],[72.18,41.225],[72.145,41.182],[72.071,41.136],[71.9,40.99],[71.779,40.924],[71.644,40.89],[71.505,40.88],[71.343,40.893],[71.175,40.837],[71.114,40.859],[71.052,40.855],[71.039,40.841],[71.059,40.786],[71.042,40.776],[71.015,40.816],[70.884,40.742],[70.813,40.736],[70.569,40.571],[70.525,40.557],[70.477,40.506],[70.369,40.476],[70.355,40.435]]]}},{"type":"Feature","properties":{"r":5,"n":"Klamath"},"geometry":{"type":"MultiLineString","coordinates":[[[-121.807,42.25],[-121.786,42.24],[-121.777,42.203],[-121.814,42.188],[-121.834,42.133],[-121.868,42.115],[-121.999,42.161],[-122.035,42.146],[-122.087,42.074],[-122.188,42.023],[-122.209,41.994],[-122.333,42],[-122.401,41.983],[-122.462,41.935],[-122.528,41.914],[-122.586,41.855],[-122.635,41.851],[-122.694,41.881],[-122.802,41.9],[-122.845,41.855],[-122.909,41.867],[-122.985,41.849],[-123.038,41.812],[-123.249,41.889],[-123.284,41.884],[-123.283,41.844],[-123.323,41.805],[-123.339,41.826],[-123.374,41.8],[-123.421,41.737],[-123.448,41.648],[-123.516,41.593],[-123.484,41.404],[-123.499,41.35],[-123.61,41.227],[-123.645,41.208],[-123.737,41.215],[-123.78,41.277]],[[-123.78,41.277],[-123.856,41.311],[-123.848,41.348],[-123.905,41.398],[-123.914,41.444],[-123.965,41.517],[-124.068,41.539]]]}},{"type":"Feature","properties":{"r":5,"n":"Athabasca"},"geometry":{"type":"MultiLineString","coordinates":[[[-111.28,58.788],[-111.254,58.864],[-111.173,58.926],[-111.28,58.944],[-111.411,59.005]],[[-114.042,55.168],[-113.939,55.172],[-113.729,55.254],[-113.666,55.249],[-113.652,55.215],[-113.576,55.171],[-113.584,55.099],[-113.481,55.061],[-113.462,55.003],[-113.399,54.941],[-113.432,54.879],[-113.427,54.854],[-113.463,54.821],[-113.454,54.782],[-113.434,54.765],[-113.358,54.763]],[[-113.35,54.763],[-113.358,54.763]],[[-113.358,54.763],[-113.28,54.736],[-113.232,54.815],[-113.234,54.851],[-113.159,54.896],[-113.109,54.895],[-112.898,54.976],[-112.731,54.987],[-112.727,55.023],[-112.741,55.041],[-112.864,55.075],[-112.805,55.239],[-112.744,55.287],[-112.681,55.309],[-112.733,55.436],[-112.768,55.483],[-112.756,55.495],[-112.782,55.513],[-112.755,55.55],[-112.761,55.585],[-112.787,55.614],[-112.731,55.689],[-112.673,55.701],[-112.597,55.75],[-112.615,55.757],[-112.617,55.797],[-112.665,55.907],[-112.624,55.948],[-112.652,55.962],[-112.617,56.017],[-112.633,56.028],[-112.638,56.065],[-112.596,56.089],[-112.584,56.136],[-112.55,56.159],[-112.528,56.198],[-112.549,56.249],[-112.654,56.358],[-112.673,56.414],[-112.734,56.428],[-112.645,56.483],[-112.608,56.489],[-112.598,56.522],[-112.441,56.516],[-112.426,56.543],[-112.384,56.545],[-112.398,56.572],[-112.343,56.565],[-112.323,56.579],[-112.192,56.545],[-111.98,56.593],[-111.902,56.582],[-111.884,56.594],[-111.833,56.575],[-111.781,56.606],[-111.67,56.617],[-111.413,56.734],[-111.397,56.793],[-111.452,56.99],[-111.495,57.048],[-111.595,57.123],[-111.621,57.162],[-111.634,57.249],[-111.664,57.306],[-111.638,57.428],[-111.583,57.49],[-111.516,57.533],[-111.499,57.591],[-111.39,57.711],[-111.368,57.769],[-111.375,57.858],[-111.42,57.924],[-111.412,57.962],[-111.336,58.031],[-111.384,58.098],[-111.359,58.19],[-111.428,58.22],[-111.426,58.253],[-111.486,58.258],[-111.522,58.336],[-111.528,58.401],[-111.473,58.446],[-111.254,58.437],[-111.175,58.456],[-111.069,58.456],[-111.057,58.481],[-111.075,58.505]],[[-115.44,54.154],[-115.368,54.175],[-115.235,54.159],[-115.101,54.2],[-115.077,54.228],[-114.951,54.294],[-114.943,54.305],[-114.961,54.318],[-114.944,54.327],[-114.895,54.315],[-114.863,54.328],[-114.821,54.318],[-114.776,54.332],[-114.64,54.33],[-114.53,54.382],[-114.536,54.434],[-114.494,54.436],[-114.43,54.483],[-114.339,54.516],[-114.317,54.561],[-114.337,54.591],[-114.314,54.648],[-114.337,54.68],[-114.31,54.71],[-114.275,54.818],[-114.203,54.878],[-114.215,54.905],[-114.19,54.988],[-114.154,55.037],[-114.104,55.06],[-114.059,55.121],[-114.049,55.168]],[[-115.44,54.154],[-115.44,54.154]],[[-117.585,52.179],[-117.52,52.21],[-117.589,52.348],[-117.654,52.406],[-117.645,52.456],[-117.67,52.552],[-117.857,52.62],[-117.885,52.728],[-118.048,52.844],[-118.062,52.881],[-118.036,52.957],[-118.101,53.038],[-118.023,53.103],[-117.979,53.216],[-117.887,53.236],[-117.842,53.338],[-117.772,53.375],[-117.697,53.385],[-117.497,53.465],[-117.474,53.497],[-117.396,53.52],[-117.272,53.614],[-117.192,53.647],[-117.162,53.765],[-117.203,53.806],[-117.189,53.828],[-117.077,53.94],[-116.884,54.003],[-116.795,54.058],[-116.737,54.123],[-116.464,54.221],[-116.265,54.251],[-116.119,54.228],[-116.072,54.235],[-116.018,54.19],[-115.979,54.18],[-115.968,54.194],[-115.822,54.191],[-115.735,54.146],[-115.645,54.169],[-115.44,54.154]]]}},{"type":"Feature","properties":{"r":5,"n":"Svir"},"geometry":{"type":"MultiLineString","coordinates":[[[32.789,60.471],[33.065,60.524],[33.092,60.547],[33.105,60.588],[33.164,60.618],[33.17,60.64],[33.226,60.656],[33.283,60.649],[33.339,60.721],[33.366,60.731],[33.656,60.759],[33.784,60.855],[33.785,60.891],[33.913,60.976],[34.017,60.958],[34.065,60.923],[34.109,60.915],[34.291,60.935],[34.436,60.971],[34.766,60.981],[34.799,60.99],[34.825,61.02]]]}},{"type":"Feature","properties":{"r":5,"n":"Mouhoun"},"geometry":{"type":"MultiLineString","coordinates":[[[-5.263,11.139],[-5.159,11.12],[-5.126,11.139],[-5.065,11.234],[-5.018,11.261],[-4.96,11.274],[-4.947,11.262],[-4.858,11.293],[-4.811,11.344],[-4.772,11.349],[-4.66,11.447],[-4.638,11.418],[-4.575,11.386],[-4.489,11.425],[-4.434,11.494],[-4.331,11.528],[-4.269,11.513],[-4.249,11.522],[-4.203,11.577],[-4.18,11.664],[-4.132,11.735],[-4.092,11.759],[-4.046,11.834],[-4.023,11.83],[-3.979,11.946],[-3.947,11.94],[-3.952,11.975],[-3.927,11.995],[-3.94,12.016],[-3.899,12.085],[-3.881,12.077],[-3.868,12.118],[-3.822,12.148],[-3.813,12.26],[-3.764,12.278],[-3.696,12.401],[-3.646,12.427],[-3.591,12.393],[-3.578,12.402],[-3.513,12.675],[-3.541,12.704],[-3.519,12.729],[-3.473,12.722],[-3.455,12.745],[-3.42,12.749],[-3.4,12.74],[-3.361,12.664],[-3.372,12.639],[-3.341,12.631],[-3.316,12.672],[-3.258,12.686],[-3.248,12.53],[-3.189,12.527],[-3.166,12.502],[-3.159,12.509],[-3.098,12.42],[-2.962,12.35],[-2.886,12.393],[-2.847,12.38],[-2.837,12.339],[-2.869,12.322],[-2.887,12.278],[-2.831,12.214],[-2.793,12.115],[-2.808,12.064],[-2.896,12.104],[-2.919,12.053],[-2.885,12.008],[-2.865,12.008],[-2.878,11.93],[-2.831,11.882],[-2.876,11.811],[-2.906,11.817],[-2.924,11.798],[-2.89,11.767],[-2.773,11.753],[-2.761,11.725],[-2.769,11.653],[-2.809,11.61],[-2.83,11.494],[-2.851,11.474],[-2.83,11.44],[-2.83,11.395],[-2.844,11.31],[-2.878,11.251],[-2.804,11.234],[-2.796,11.218],[-2.789,11.139],[-2.825,11.1],[-2.839,10.985],[-2.816,10.929],[-2.865,10.864],[-2.923,10.721],[-2.906,10.693],[-2.933,10.634],[-2.86,10.466],[-2.813,10.429],[-2.768,10.421],[-2.823,10.388],[-2.842,10.343],[-2.834,10.306],[-2.756,10.261],[-2.799,10.17],[-2.789,10.039],[-2.755,9.967],[-2.761,9.871],[-2.734,9.823],[-2.775,9.775],[-2.796,9.72],[-2.741,9.651],[-2.762,9.625],[-2.767,9.577],[-2.676,9.472],[-2.673,9.374],[-2.716,9.311],[-2.66,9.273],[-2.674,9.235],[-2.705,9.219],[-2.756,9.143],[-2.775,9.055],[-2.661,9.015],[-2.596,8.828],[-2.613,8.781],[-2.597,8.788],[-2.508,8.726],[-2.39,8.581],[-2.362,8.492],[-2.302,8.411],[-2.285,8.313],[-2.174,8.217],[-2.131,8.158],[-2.051,8.15],[-1.956,8.169],[-1.871,8.26],[-1.767,8.239],[-1.754,8.288],[-1.77,8.325],[-1.878,8.336],[-1.913,8.419],[-1.885,8.466],[-1.883,8.566],[-1.857,8.624],[-1.817,8.641],[-1.742,8.618],[-1.713,8.631]]]}},{"type":"Feature","properties":{"r":5,"n":"Volta"},"geometry":{"type":"MultiLineString","coordinates":[[[0.103,6.338],[0.078,6.295],[0.103,6.226],[0.097,6.138],[0.162,6.097],[0.248,6.096],[0.335,6.041],[0.366,6.04],[0.433,6.078],[0.515,6.047],[0.628,5.942],[0.655,5.874],[0.672,5.761]]]}},{"type":"Feature","properties":{"r":5,"n":"Culuene"},"geometry":{"type":"MultiLineString","coordinates":[[[-54.609,-14.984],[-54.273,-14.867],[-54.24,-14.832],[-54.221,-14.768],[-54.185,-14.744],[-54.074,-14.748],[-54.007,-14.799],[-53.946,-14.788],[-53.854,-14.733],[-53.731,-14.609],[-53.593,-14.549],[-53.516,-14.414],[-53.491,-14.301],[-53.383,-14.099],[-53.392,-14.018],[-53.33,-13.881],[-53.305,-13.778],[-53.214,-13.651],[-53.161,-13.609],[-53.136,-13.548],[-53.159,-13.506],[-53.136,-13.484],[-53.061,-13.291],[-53.031,-13.273],[-53.015,-13.223],[-52.95,-13.159],[-52.93,-13.058],[-52.854,-12.915],[-52.845,-12.849],[-52.928,-12.756],[-52.916,-12.743],[-52.979,-12.661],[-52.944,-12.595],[-52.979,-12.576],[-53.013,-12.509],[-53.033,-12.537],[-53.047,-12.496],[-53.1,-12.44],[-53.122,-12.393],[-53.108,-12.387],[-53.144,-12.334],[-53.175,-12.319],[-53.185,-12.284],[-53.198,-12.27],[-53.211,-12.284],[-53.248,-12.234],[-53.298,-12.219],[-53.31,-12.161],[-53.422,-11.99],[-53.491,-11.962],[-53.526,-11.918],[-53.569,-11.894],[-53.607,-11.784],[-53.609,-11.701],[-53.578,-11.667],[-53.547,-11.586],[-53.535,-11.586],[-53.542,-11.552],[-53.486,-11.489],[-53.472,-11.51],[-53.444,-11.444]]]}},{"type":"Feature","properties":{"r":5,"n":"Godävari"},"geometry":{"type":"MultiLineString","coordinates":[[[73.652,20.013],[73.686,20.043],[73.838,19.994],[73.903,19.999],[73.967,19.983],[74.004,20.026],[74.057,20.048],[74.083,20.025],[74.098,20.033],[74.229,19.972],[74.389,19.931],[74.442,19.882],[74.509,19.889],[74.569,19.806],[74.759,19.761],[74.849,19.663],[74.89,19.65],[74.952,19.657],[75.14,19.588],[75.181,19.594],[75.217,19.548],[75.335,19.506],[75.376,19.463],[75.417,19.462],[75.437,19.421],[75.479,19.437],[75.548,19.389],[75.721,19.352],[75.787,19.396],[75.835,19.376],[75.914,19.389],[75.917,19.305],[75.966,19.307],[76.01,19.342],[76.021,19.3],[76.062,19.293],[76.11,19.312],[76.226,19.26],[76.305,19.265],[76.361,19.233],[76.34,19.143],[76.318,19.13],[76.329,19.109],[76.366,19.134],[76.38,19.128],[76.39,19.105],[76.423,19.104],[76.442,19.06],[76.507,19.103],[76.565,19.112],[76.63,19.069],[76.62,19.025],[76.631,19.01],[76.716,19.018],[76.737,18.977],[76.781,19.019],[76.781,19.053],[76.826,19.045],[76.845,19.067],[76.922,19.053],[76.98,19.102],[77.058,19.087],[77.057,19.112],[77.079,19.122],[77.093,19.102],[77.072,19.081],[77.079,19.07],[77.134,19.067],[77.165,19.115],[77.196,19.101],[77.243,19.122],[77.264,19.115],[77.287,19.143],[77.324,19.137],[77.381,19.156],[77.394,19.139],[77.384,19.091],[77.477,19.012],[77.572,18.987],[77.599,18.941],[77.631,18.937],[77.709,18.877],[77.785,18.866],[77.886,18.826],[77.945,18.83],[77.97,18.868],[78.029,18.873],[78.049,18.913],[78.215,19.002],[78.248,19.002],[78.28,18.98],[78.296,18.93],[78.391,18.992],[78.446,18.963],[78.511,18.964],[78.542,18.944],[78.57,18.984],[78.647,18.988],[78.676,19.034],[78.776,19.008],[78.794,19.039],[78.836,19.058],[78.919,19.036],[78.932,19.067],[79.012,19.081],[79.072,19.046],[79.118,18.939],[79.178,18.878],[79.241,18.862],[79.293,18.814],[79.39,18.857],[79.429,18.852],[79.587,18.766],[79.622,18.731],[79.641,18.734],[79.687,18.68],[79.766,18.69],[79.814,18.722],[79.851,18.794],[79.834,18.841],[79.844,18.882],[79.877,18.84],[80.002,18.786],[80.091,18.698],[80.17,18.69],[80.295,18.713],[80.352,18.592],[80.372,18.616],[80.391,18.604],[80.389,18.478],[80.444,18.451],[80.466,18.419],[80.492,18.292],[80.697,18.159],[80.776,18.023],[80.84,17.996],[80.891,17.939],[80.869,17.775],[80.896,17.711],[80.886,17.656],[80.896,17.642],[80.994,17.639],[81.02,17.586],[81.067,17.608],[81.116,17.608],[81.15,17.573],[81.255,17.562],[81.303,17.488],[81.373,17.488],[81.413,17.458],[81.505,17.464],[81.616,17.392],[81.617,17.336],[81.671,17.306],[81.651,17.196],[81.686,17.112],[81.75,17.031],[81.759,16.966],[81.73,16.915],[81.734,16.886],[81.768,16.779],[81.801,16.737],[81.798,16.705],[81.864,16.578],[81.831,16.477],[81.795,16.464],[81.749,16.417],[81.718,16.443],[81.705,16.429],[81.712,16.312]],[[81.759,16.955],[81.772,16.893],[81.838,16.785],[81.9,16.754],[81.931,16.717],[82.074,16.682],[82.215,16.711],[82.343,16.701]]]}},{"type":"Feature","properties":{"r":1,"n":"El Bahr el Abyad"},"geometry":{"type":"MultiLineString","coordinates":[[[31.125,9.432],[31.349,9.38],[31.405,9.346],[31.51,9.364],[31.613,9.448],[31.652,9.518],[31.636,9.575],[31.669,9.62],[31.705,9.629],[31.74,9.67],[31.828,9.684],[31.921,9.751],[31.976,9.768],[32.025,9.846],[32.125,9.919],[32.177,10.008],[32.218,10.035],[32.266,10.12],[32.283,10.185],[32.244,10.268],[32.232,10.43],[32.204,10.445],[32.109,10.451],[32.098,10.47],[32.112,10.549],[32.336,10.78],[32.425,10.805],[32.516,10.934],[32.625,10.995],[32.647,11.034],[32.653,11.245],[32.641,11.309],[32.676,11.396],[32.707,11.575],[32.761,11.679],[32.769,11.728],[32.724,11.909],[32.722,11.958],[32.749,11.995],[32.721,12.221],[32.729,12.292],[32.768,12.368],[32.797,12.496],[32.804,12.567],[32.755,12.77],[32.77,12.85],[32.752,12.907],[32.81,13.037],[32.749,13.167],[32.629,13.25],[32.577,13.357],[32.578,13.468],[32.614,13.57],[32.613,13.626],[32.561,13.637],[32.51,13.674],[32.475,13.722],[32.472,13.794],[32.384,13.861],[32.34,13.916],[32.321,14.03],[32.276,14.14],[32.216,14.221],[32.159,14.379],[32.202,14.532],[32.18,14.62],[32.209,14.723],[32.305,14.821],[32.344,14.9],[32.424,14.962],[32.42,15.079],[32.483,15.275],[32.489,15.346],[32.448,15.476],[32.49,15.635]]]}},{"type":"Feature","properties":{"r":5,"n":"Tobol"},"geometry":{"type":"MultiLineString","coordinates":[[[60.91,51.669],[60.948,51.624],[60.933,51.599],[60.944,51.545],[61.029,51.483],[61.304,51.453],[61.356,51.46],[61.479,51.425],[61.511,51.446],[61.503,51.466],[61.551,51.474],[61.626,51.543],[61.604,51.598],[61.623,51.615],[61.581,51.723],[61.571,51.867],[61.545,51.915],[61.579,51.96],[61.563,52.012],[61.585,52.05],[61.535,52.152],[61.483,52.183],[61.49,52.224],[61.521,52.272],[61.592,52.289],[61.599,52.341],[61.737,52.429],[61.744,52.452],[61.729,52.481],[62.153,52.489],[62.734,52.649],[62.787,52.689],[62.791,52.766],[62.846,52.803],[62.867,52.837],[63.036,52.883],[63.099,52.945],[63.175,52.954],[63.365,53.026],[63.487,53.05],[63.524,53.092],[63.566,53.111],[63.559,53.133],[63.609,53.199],[63.71,53.262],[63.751,53.321],[63.812,53.338],[63.888,53.453],[63.901,53.529],[63.879,53.615],[63.796,53.718],[63.819,53.755],[63.744,53.838],[63.756,53.867],[63.741,53.922],[63.794,53.938],[63.768,54.002],[63.775,54.033],[63.867,54.064],[63.834,54.127],[63.884,54.143],[63.908,54.208],[64.007,54.229],[64.025,54.256],[63.979,54.297],[64.004,54.32],[64.048,54.303],[64.093,54.324],[64.176,54.321],[64.294,54.354],[64.432,54.352],[64.467,54.372],[64.536,54.369],[64.624,54.406],[64.764,54.419],[64.802,54.446],[64.851,54.518],[64.844,54.562],[64.875,54.581],[64.882,54.633],[65.016,54.707],[65.014,54.723],[64.957,54.749],[64.998,54.769],[64.971,54.811],[65.026,54.845],[64.954,54.917],[64.954,54.934],[64.997,54.954],[64.971,54.971],[64.97,54.991],[65.037,55.05],[65.066,55.126],[65.187,55.174],[65.204,55.222],[65.284,55.314],[65.217,55.399],[65.253,55.424],[65.404,55.449],[65.464,55.53],[65.55,55.6],[65.601,55.698],[65.604,55.737],[65.621,55.745],[65.621,55.832],[65.661,55.836],[65.703,55.869],[65.665,55.955],[65.673,55.99],[65.707,56.017],[65.802,56.023],[65.868,56.096],[66.012,56.14],[65.982,56.166],[65.855,56.188],[65.99,56.213],[66.04,56.25],[66.155,56.28],[66.183,56.308],[66.295,56.348],[66.296,56.363],[66.249,56.396],[66.367,56.51],[66.354,56.545],[66.3,56.576],[66.293,56.596],[66.315,56.635],[66.382,56.689],[66.392,56.722],[66.438,56.74],[66.432,56.845],[66.489,56.873],[66.567,56.868],[66.574,56.891],[66.547,56.933],[66.641,56.993],[66.667,57.047],[66.837,57.15],[66.921,57.144],[66.917,57.161],[66.974,57.2],[66.934,57.247],[67.013,57.291],[66.978,57.316],[67.07,57.326],[67.109,57.347],[67.063,57.382],[67.063,57.404],[67.086,57.418],[67.071,57.461],[67.095,57.469],[67.15,57.449],[67.176,57.475],[67.127,57.51],[67.113,57.575],[67.025,57.595],[67.145,57.649],[67.157,57.665],[67.156,57.764],[67.227,57.778],[67.211,57.802],[67.222,57.819],[67.322,57.814],[67.365,57.854],[67.66,57.838],[67.757,57.895],[67.883,57.854],[68.039,57.897],[68.096,57.951],[68.037,58.008],[68.045,58.024],[68.13,58.093],[68.136,58.13],[68.218,58.168]]]}},{"type":"Feature","properties":{"r":5,"n":"Lower Tunguska"},"geometry":{"type":"MultiLineString","coordinates":[[[87.961,65.776],[88.188,65.848],[88.346,65.831],[88.376,65.841],[88.442,65.902],[88.505,65.928],[88.808,65.977],[88.947,65.982],[89.056,65.97],[89.202,65.919],[89.462,65.797],[89.654,65.765],[90.004,65.67],[90.039,65.651],[90.058,65.613],[89.966,65.491],[89.978,65.336],[90.016,65.227],[90,65.125],[90.051,65.095],[90.182,65.09],[90.304,64.993],[90.307,64.958],[90.275,64.891],[90.302,64.847],[90.441,64.785],[90.502,64.795],[90.733,64.773],[90.862,64.7],[90.915,64.633],[91.099,64.553],[91.456,64.484],[91.666,64.499],[92.081,64.411]],[[105.689,58.068],[105.849,57.977],[105.886,57.974],[106.059,58.02],[106.278,58.037],[106.443,57.931],[106.585,57.889],[106.669,57.883],[106.806,57.837],[107.014,57.834],[107.141,57.793],[107.271,57.84],[107.455,57.787],[107.506,57.805],[107.512,57.828],[107.615,57.87],[107.649,57.903],[107.71,57.879],[107.8,57.897],[107.873,57.988],[107.996,58.078],[108.167,58.154],[108.225,58.158],[108.211,58.13],[108.279,58.147],[108.318,58.17],[108.342,58.212],[108.413,58.232],[108.446,58.287],[108.49,58.316],[108.494,58.35],[108.529,58.404],[108.467,58.448],[108.458,58.479],[108.477,58.493],[108.438,58.528],[108.473,58.572],[108.518,58.589],[108.518,58.605],[108.452,58.682],[108.396,58.701],[108.405,58.719],[108.444,58.733],[108.382,58.76],[108.475,58.842],[108.438,58.925],[108.45,58.997],[108.431,59.042],[108.439,59.086],[108.417,59.11],[108.29,59.168],[108.282,59.201],[108.211,59.281],[108.177,59.351],[108.094,59.39],[108.094,59.444],[108.012,59.451],[108.067,59.514],[108.039,59.539],[108.057,59.587],[107.902,59.68],[107.957,59.739],[108.071,59.763],[108.144,59.864],[108.142,59.889],[108.084,59.903],[108.115,59.962],[108.11,60.034],[108.046,60.102],[108.075,60.148],[108.066,60.158],[108.108,60.184],[107.957,60.225],[107.991,60.253],[107.827,60.267],[107.824,60.332],[107.795,60.363],[107.858,60.459],[107.8,60.493],[107.896,60.534],[107.869,60.572],[107.889,60.626],[107.794,60.643],[107.787,60.657],[107.797,60.669],[107.858,60.661],[107.871,60.722],[107.965,60.81],[107.988,60.9],[107.957,60.956],[107.85,60.942],[107.862,61.099],[107.903,61.124],[108.019,61.13],[107.974,61.19],[108.028,61.204],[107.936,61.24],[108.002,61.273],[108.026,61.326],[108.06,61.357],[108.03,61.367],[108.026,61.39],[107.964,61.445],[108.014,61.499],[108.02,61.533],[107.971,61.611],[108.026,61.63],[108.129,61.616],[108.15,61.637],[108.147,61.659],[108.106,61.679],[108.036,61.664],[107.973,61.677],[107.966,61.705],[108.026,61.747],[107.922,61.767],[108.019,61.802],[108.127,61.899],[108.108,61.912],[108.094,61.898],[108.06,61.905],[108.012,61.932],[108.021,61.939],[108.29,62.066],[108.288,62.088],[108.252,62.103],[108.28,62.117],[108.197,62.158],[108.266,62.189],[108.307,62.288],[108.273,62.301],[108.293,62.365],[108.259,62.446],[108.209,62.478],[108.182,62.473],[108.17,62.384],[108.094,62.339],[108.05,62.339],[107.943,62.395],[107.933,62.405],[107.944,62.439],[107.922,62.48],[107.935,62.511],[107.893,62.566],[107.905,62.582],[107.934,62.582],[108.08,62.561],[108.112,62.623],[108.152,62.634],[108.328,62.631],[108.389,62.603],[108.579,62.669],[108.611,62.716],[108.573,62.725],[108.547,62.768],[108.491,62.768],[108.42,62.738],[108.21,62.75],[108.137,62.734],[108.137,62.748],[108.176,62.774],[108.163,62.788],[108.176,62.8],[108.23,62.817],[108.271,62.873],[108.369,62.878],[108.43,62.858],[108.62,62.873],[108.649,62.892],[108.553,62.912],[108.519,62.967],[108.438,62.925],[108.328,62.918],[108.382,62.975],[108.348,62.987],[108.19,62.96],[108.123,62.972],[108.1,62.988],[108.094,63.015],[108.108,63.045],[108.252,63.121],[108.194,63.148],[108.153,63.198],[108.061,63.219],[107.992,63.206],[107.954,63.165],[107.964,63.076],[107.931,63.046],[107.898,63.045],[107.8,63.09],[107.842,63.161],[107.82,63.174],[107.673,63.143],[107.594,63.152],[107.606,63.182],[107.559,63.208],[107.403,63.227],[107.425,63.296],[107.348,63.289],[106.815,63.336],[106.799,63.357],[106.957,63.447],[106.925,63.463],[106.922,63.495],[106.789,63.55],[106.483,63.52],[106.415,63.466],[106.314,63.418],[106.258,63.435],[106.224,63.476],[106.122,63.494],[106.097,63.477],[106.078,63.429],[106.162,63.393],[106.165,63.369],[106.13,63.354],[105.947,63.352],[105.714,63.405],[105.636,63.385],[105.578,63.341],[105.441,63.309],[105.216,63.38],[105.192,63.427],[105.084,63.492],[104.908,63.499],[104.796,63.532],[104.483,63.538],[104.36,63.566],[104.315,63.538],[104.265,63.539],[104.182,63.592],[104.103,63.607],[103.848,63.594],[103.819,63.607],[103.84,63.64],[103.684,63.718],[103.715,63.727],[103.729,63.754],[103.791,63.764],[103.77,63.783],[103.622,63.82],[103.503,63.813],[103.392,63.833],[103.315,63.889],[103.233,63.903],[103.092,63.958],[103.073,64.021],[102.909,64.099],[102.812,64.092],[102.595,64.115],[102.564,64.08],[102.373,64.046],[102.353,64.068],[102.175,64.107],[101.867,64.109],[101.534,64.234],[101.442,64.233],[101.314,64.198],[101.125,64.105],[100.716,64.206],[100.536,64.181],[100.49,64.244],[100.368,64.264],[100.379,64.291],[100.34,64.302],[100.09,64.269],[99.961,64.21],[99.93,64.148],[99.876,64.121],[99.45,64.126],[99.3,64.155],[98.803,64.178],[98.624,64.152],[98.24,64.187],[98.145,64.166],[98.062,64.118],[98.164,64.079],[98.203,64.048],[98.11,63.95],[97.861,63.919],[97.856,63.892],[97.883,63.868],[97.965,63.851],[98.043,63.797],[98.053,63.78],[98.034,63.761],[97.989,63.749],[97.4,63.8],[97.151,63.851],[96.966,63.851],[96.516,63.795],[96.357,63.888],[96.015,63.905],[95.728,63.992],[95.615,64.043],[95.505,64.066],[95.304,64.036],[95.202,64.039],[94.93,64.11],[94.705,64.2],[94.482,64.207],[93.961,64.162],[93.924,64.193],[93.435,64.289],[93.204,64.407],[92.973,64.443],[92.878,64.443],[92.7,64.409],[92.407,64.421],[92.368,64.406],[92.334,64.358],[92.309,64.35],[92.191,64.362],[92.08,64.412]]]}},{"type":"Feature","properties":{"r":5,"n":"Daugava"},"geometry":{"type":"MultiLineString","coordinates":[[[32.078,56.908],[32.079,56.886],[32.057,56.867],[32.216,56.844],[32.3,56.795],[32.318,56.75],[32.317,56.701],[32.3,56.695],[32.258,56.623],[32.258,56.562],[32.2,56.55],[32.159,56.52],[32.156,56.479],[32.128,56.468],[32.119,56.408],[32.091,56.387],[32.094,56.363],[32.063,56.353],[32.084,56.285],[32.078,56.243],[32.101,56.203],[31.968,56.168],[31.995,56.134],[31.992,56.071],[31.777,56.038],[31.697,56.05],[31.666,56.072],[31.64,56.06],[31.524,56.064],[31.498,56.029],[31.345,55.964],[31.413,55.89],[31.406,55.831],[31.467,55.729],[31.494,55.712],[31.484,55.663],[31.401,55.665],[31.348,55.633],[31.21,55.631],[31.188,55.609],[31.116,55.585],[31.096,55.522],[30.999,55.48],[30.826,55.465],[30.678,55.409],[30.657,55.43],[30.61,55.436],[30.506,55.412],[30.36,55.341],[30.34,55.318],[30.193,55.254],[30.117,55.242],[30.193,55.198],[30.169,55.173],[29.953,55.168],[29.906,55.175],[29.867,55.217],[29.844,55.214],[29.728,55.178],[29.732,55.124],[29.72,55.113],[29.652,55.133],[29.587,55.126],[29.459,55.051],[29.431,55.075],[29.431,55.132],[29.37,55.119],[29.329,55.133],[29.273,55.187],[29.275,55.222],[29.24,55.229],[29.207,55.267],[29.138,55.256],[28.985,55.365],[28.99,55.389],[29.029,55.398],[29.016,55.42],[28.844,55.476],[28.73,55.496],[28.672,55.544],[28.626,55.558],[28.579,55.565],[28.49,55.531],[28.435,55.55],[28.305,55.547],[28.138,55.59],[28.074,55.661],[27.935,55.712],[27.911,55.756],[27.907,55.824],[27.564,55.793],[27.438,55.799],[27.374,55.815],[27.293,55.863],[27.2,55.86],[27.143,55.893],[27.105,55.88],[27.044,55.9],[26.941,55.88],[26.903,55.921],[26.869,55.893],[26.79,55.915],[26.759,55.887],[26.736,55.888],[26.705,55.928],[26.643,55.907],[26.602,55.874],[26.527,55.866],[26.438,55.915],[26.377,55.998],[26.328,56.163],[26.264,56.211],[26.193,56.226],[26.198,56.284],[26.157,56.38],[26.085,56.414],[26.055,56.451],[25.787,56.53],[25.748,56.566],[25.753,56.62],[25.579,56.576],[25.496,56.582],[25.496,56.612],[25.398,56.631],[25.314,56.593],[25.235,56.586],[25.118,56.624],[24.992,56.62],[24.905,56.648],[24.868,56.695],[24.756,56.723],[24.588,56.812],[24.259,56.873],[24.105,56.957],[24.089,57.032],[24.05,57.071]]]}},{"type":"Feature","properties":{"r":5,"n":"Marañón"},"geometry":{"type":"MultiLineString","coordinates":[[[-76.617,-9.913],[-76.654,-9.729],[-76.711,-9.639],[-76.727,-9.532],[-76.78,-9.451],[-76.773,-9.386],[-76.722,-9.313],[-76.716,-9.207],[-76.754,-9.155],[-76.883,-9.091],[-76.92,-9.044],[-76.986,-9.022],[-77.074,-8.921],[-77.136,-8.899],[-77.192,-8.847],[-77.215,-8.809],[-77.214,-8.758],[-77.296,-8.672],[-77.323,-8.534],[-77.414,-8.484],[-77.44,-8.424],[-77.443,-8.366],[-77.494,-8.34],[-77.505,-8.244],[-77.62,-8.13],[-77.621,-8.083],[-77.652,-8.029],[-77.623,-7.837],[-77.661,-7.777],[-77.709,-7.579],[-77.751,-7.521],[-77.771,-7.433],[-77.84,-7.378],[-77.849,-7.296],[-77.874,-7.275],[-77.871,-7.234],[-77.936,-7.159],[-77.954,-7.075],[-78.005,-7.001],[-78.021,-6.938],[-78.011,-6.877],[-78.031,-6.849],[-78.011,-6.826],[-78.016,-6.76],[-78.12,-6.542],[-78.175,-6.459],[-78.325,-6.377],[-78.45,-6.15],[-78.55,-6.058],[-78.607,-6.068],[-78.749,-5.881],[-78.732,-5.806],[-78.668,-5.724],[-78.667,-5.641],[-78.597,-5.6],[-78.557,-5.55],[-78.553,-5.46],[-78.483,-5.436],[-78.454,-5.403],[-78.444,-5.277],[-78.46,-5.211],[-78.361,-5.172],[-78.362,-5.062],[-78.397,-4.984],[-78.334,-4.904],[-78.337,-4.77],[-78.315,-4.758],[-78.287,-4.775],[-78.21,-4.735],[-78.198,-4.704],[-78.219,-4.654],[-78.199,-4.625],[-78.16,-4.622],[-78.104,-4.649],[-78.055,-4.653],[-77.99,-4.603],[-77.935,-4.596],[-77.893,-4.555],[-77.832,-4.544],[-77.792,-4.494],[-77.714,-4.475],[-77.666,-4.433],[-77.639,-4.424],[-77.564,-4.449],[-77.495,-4.434],[-77.408,-4.497],[-77.401,-4.513],[-77.429,-4.565],[-77.4,-4.579],[-77.41,-4.613],[-77.319,-4.626],[-77.353,-4.66],[-77.305,-4.715],[-77.313,-4.739],[-77.292,-4.753],[-77.258,-4.712],[-77.265,-4.682],[-77.253,-4.669],[-77.233,-4.691],[-77.025,-4.753],[-76.936,-4.817],[-76.878,-4.819],[-76.839,-4.8],[-76.62,-4.842],[-76.573,-4.824],[-76.545,-4.889],[-76.446,-4.908],[-76.408,-4.938],[-76.31,-4.937],[-76.284,-4.911],[-76.168,-4.931],[-76.176,-4.953],[-76.16,-4.992],[-76.065,-5.034],[-76.005,-5.033],[-75.969,-5.008],[-75.9,-5.022],[-75.849,-5.007],[-75.796,-5.018],[-75.77,-5.048],[-75.742,-5.053],[-75.691,-5.013],[-75.667,-5.016],[-75.616,-5.077],[-75.526,-4.927],[-75.441,-4.917],[-75.421,-4.831],[-75.388,-4.795],[-75.253,-4.78],[-75.174,-4.8],[-75.085,-4.739],[-75.052,-4.78],[-74.965,-4.718],[-74.873,-4.736],[-74.893,-4.703],[-74.81,-4.656],[-74.77,-4.555],[-74.753,-4.543],[-74.705,-4.555],[-74.691,-4.527],[-74.646,-4.527],[-74.577,-4.453],[-74.561,-4.466],[-74.558,-4.5],[-74.492,-4.532],[-74.464,-4.581],[-74.4,-4.598],[-74.261,-4.679],[-74.233,-4.663],[-74.24,-4.586],[-74.204,-4.515],[-74.13,-4.5],[-74.098,-4.465],[-74.04,-4.492],[-73.994,-4.48],[-73.917,-4.5],[-73.858,-4.547],[-73.827,-4.61],[-73.8,-4.622],[-73.735,-4.566],[-73.608,-4.537],[-73.531,-4.455],[-73.495,-4.45]]]}},{"type":"Feature","properties":{"r":5,"n":"Caquetá"},"geometry":{"type":"MultiLineString","coordinates":[[[-76.533,1.33],[-76.516,1.275],[-76.542,1.205],[-76.546,1.118],[-76.537,1.076],[-76.493,1.025],[-76.351,0.977],[-76.21,0.972],[-76.149,1.007],[-76.087,1.011],[-76.047,1.046],[-75.933,1.031],[-75.9,0.954],[-75.828,0.879],[-75.732,0.848],[-75.6,0.847],[-75.56,0.829],[-75.499,0.764],[-75.459,0.749],[-75.318,0.751],[-75.274,0.736],[-75.213,0.619],[-75.216,0.552],[-75.187,0.496],[-75.165,0.488],[-75.096,0.507],[-75.072,0.473],[-74.996,0.47],[-74.989,0.361],[-74.963,0.271],[-74.855,0.222],[-74.743,0.2],[-74.683,0.151],[-74.677,0.11],[-74.696,0.075],[-74.658,0.054],[-74.684,0.006],[-74.664,-0.054],[-74.61,-0.064],[-74.593,-0.102],[-74.559,-0.117],[-74.47,-0.126],[-74.43,-0.083],[-74.413,-0.09],[-74.4,-0.132],[-74.328,-0.123],[-74.282,-0.149],[-74.241,-0.228],[-74.193,-0.221],[-74.169,-0.258],[-74.117,-0.246],[-74.012,-0.335],[-73.942,-0.37],[-73.787,-0.407],[-73.728,-0.387],[-73.696,-0.394],[-73.644,-0.422],[-73.641,-0.458],[-73.586,-0.471],[-73.554,-0.521],[-73.389,-0.531],[-73.332,-0.507],[-73.206,-0.605],[-73.165,-0.608],[-73.081,-0.594],[-72.998,-0.527],[-72.885,-0.602],[-72.75,-0.559],[-72.565,-0.685],[-72.422,-0.557],[-72.325,-0.629],[-72.28,-0.621],[-72.202,-0.55],[-72.171,-0.541],[-72.136,-0.555],[-72.044,-0.749],[-71.908,-0.77],[-71.829,-0.814],[-71.797,-0.849],[-71.785,-0.899],[-71.724,-0.948],[-71.596,-0.925],[-71.537,-0.945],[-71.563,-1.077],[-71.51,-1.117],[-71.41,-1.106],[-71.297,-1.042],[-71.177,-1.051],[-71.099,-1.099],[-70.989,-1.229],[-70.955,-1.252],[-70.814,-1.275],[-70.783,-1.322],[-70.67,-1.397],[-70.571,-1.386],[-70.482,-1.448],[-70.403,-1.415],[-70.313,-1.409],[-70.164,-1.502],[-70.083,-1.534],[-70.017,-1.516],[-69.977,-1.455],[-69.913,-1.258],[-69.852,-1.195],[-69.799,-1.197],[-69.703,-1.264],[-69.649,-1.274],[-69.593,-1.271],[-69.455,-1.2]]]}},{"type":"Feature","properties":{"r":5,"n":"Holston"},"geometry":{"type":"MultiLineString","coordinates":[[[-81.42,37.009],[-81.463,36.974],[-81.652,36.953],[-81.842,36.863],[-82.328,36.693],[-82.363,36.693],[-82.4,36.665],[-82.565,36.621],[-82.608,36.59],[-82.628,36.546],[-82.691,36.514],[-82.691,36.493],[-82.745,36.5],[-82.806,36.484],[-82.815,36.48],[-82.797,36.46],[-82.856,36.467],[-82.887,36.429],[-82.981,36.377],[-83.046,36.365],[-83.082,36.377],[-83.165,36.351],[-83.223,36.303],[-83.317,36.293],[-83.432,36.223],[-83.473,36.172],[-83.583,36.172],[-83.591,36.155],[-83.634,36.142],[-83.634,36.103],[-83.671,36.125],[-83.665,36.096],[-83.696,36.104],[-83.712,36.065],[-83.789,36.051],[-83.853,35.999],[-83.873,35.961],[-83.968,35.936],[-83.98,35.925],[-83.969,35.87]]]}},{"type":"Feature","properties":{"r":5,"n":"Pamir"},"geometry":{"type":"MultiLineString","coordinates":[[[73.605,37.446],[73.485,37.481],[73.44,37.48],[73.378,37.453],[73.321,37.467],[73.276,37.46],[73.211,37.409],[73.17,37.409],[73.132,37.385],[73.067,37.315],[72.995,37.31],[72.902,37.254],[72.79,37.221],[72.657,37.029]]]}},{"type":"Feature","properties":{"r":5,"n":"Fraser"},"geometry":{"type":"MultiLineString","coordinates":[[[-118.319,52.522],[-118.587,52.778],[-118.611,52.845],[-118.932,52.957],[-119.051,53.029],[-119.197,53.043],[-119.346,52.986],[-119.476,52.974],[-119.56,53.009],[-119.582,53.043],[-119.649,53.053],[-119.656,53.069],[-119.844,53.155],[-119.923,53.172],[-119.94,53.196],[-120.025,53.214],[-120.124,53.304],[-120.209,53.354],[-120.289,53.374],[-120.42,53.449],[-120.429,53.473],[-120.526,53.496],[-120.557,53.546],[-120.623,53.546],[-120.633,53.577],[-120.673,53.584],[-120.708,53.628],[-120.886,53.692],[-120.9,53.741],[-120.944,53.737],[-120.988,53.759],[-121.058,53.764],[-121.078,53.772],[-121.069,53.79],[-121.126,53.779],[-121.163,53.817],[-121.208,53.813],[-121.256,53.847],[-121.29,53.827],[-121.41,53.902],[-121.456,53.879],[-121.473,53.909],[-121.647,53.944],[-121.634,53.962],[-121.645,53.977],[-121.688,53.999],[-121.656,54.021],[-121.728,54.05],[-121.766,54.036],[-121.793,54.071],[-121.923,54.133],[-121.985,54.182],[-122.129,54.2],[-122.15,54.222],[-122.272,54.217],[-122.364,54.259],[-122.51,54.224],[-122.546,54.2],[-122.543,54.17],[-122.588,54.146],[-122.56,54.125],[-122.57,54.087],[-122.673,54.014],[-122.662,53.985],[-122.711,53.975],[-122.693,53.941],[-122.75,53.897],[-122.716,53.763],[-122.735,53.69],[-122.711,53.664],[-122.727,53.571],[-122.678,53.516],[-122.686,53.493],[-122.651,53.425],[-122.657,53.405],[-122.805,53.393],[-122.886,53.322],[-122.863,53.288],[-122.795,53.262],[-122.719,53.166],[-122.558,53.097],[-122.567,53.077],[-122.538,53.052],[-122.518,52.977],[-122.448,52.877],[-122.488,52.654],[-122.475,52.612],[-122.484,52.564],[-122.44,52.518],[-122.374,52.38],[-122.292,52.339],[-122.277,52.196],[-122.29,52.129],[-122.262,52.016],[-122.276,51.989],[-122.268,51.951],[-122.299,51.91],[-122.387,51.875],[-122.408,51.758],[-122.33,51.671],[-122.274,51.508],[-122.221,51.439],[-122.243,51.347],[-122.236,51.313],[-122.194,51.282],[-122.139,51.189],[-122.065,51.163],[-122.026,51.122],[-121.964,51.09],[-121.923,51.008]],[[-121.923,51.008],[-121.917,51.008]],[[-121.923,51.008],[-121.862,50.946],[-121.878,50.828],[-121.845,50.768],[-121.875,50.759],[-121.91,50.775],[-121.926,50.761],[-121.918,50.677],[-121.745,50.514],[-121.687,50.429],[-121.676,50.364],[-121.581,50.233],[-121.581,50.172],[-121.547,50.049],[-121.507,49.97],[-121.451,49.92],[-121.445,49.788],[-121.424,49.744],[-121.439,49.67],[-121.412,49.6],[-121.433,49.55],[-121.443,49.403],[-121.498,49.376],[-121.567,49.374],[-121.628,49.338],[-121.691,49.284],[-121.721,49.215],[-121.906,49.219],[-122.06,49.179],[-122.2,49.168],[-122.331,49.113],[-122.437,49.171],[-122.543,49.171],[-122.615,49.212],[-122.708,49.185],[-122.787,49.225],[-122.862,49.223],[-122.951,49.164],[-123.041,49.151]]]}},{"type":"Feature","properties":{"r":5,"n":"Indigirka"},"geometry":{"type":"MultiLineString","coordinates":[[[150.031,71.222],[149.978,71.215],[149.919,71.185],[149.91,71.154],[149.883,71.142],[149.886,71.127],[149.934,71.106],[149.923,71.1],[149.819,71.09],[149.628,71.033],[149.618,71.01],[149.653,70.992],[149.563,70.964],[149.552,70.95],[149.567,70.922],[149.53,70.903],[149.398,70.888],[149.204,70.895],[148.981,70.816],[148.744,70.816],[148.724,70.786],[148.751,70.742],[148.698,70.701],[148.184,70.629],[147.995,70.635],[147.901,70.621],[147.856,70.599],[147.846,70.542],[147.723,70.526],[147.526,70.42],[147.519,70.404],[147.544,70.369],[147.532,70.36],[147.431,70.339],[147.421,70.302],[147.321,70.227],[147.424,70.212],[147.445,70.167],[147.382,70.144],[147.284,70.138],[147.347,70.098],[147.384,70.051],[147.505,70.032],[147.545,70.006],[147.54,69.985],[147.48,69.939],[147.44,69.794],[147.483,69.737],[147.485,69.708],[147.398,69.654],[147.497,69.596],[147.584,69.607],[147.565,69.584],[147.571,69.54],[147.621,69.461],[147.667,69.437],[147.678,69.413],[147.632,69.388],[147.462,69.397],[147.369,69.36],[147.353,69.332],[147.466,69.257],[147.511,69.184],[147.502,69.157],[147.444,69.136],[147.478,69.087],[147.423,69.053],[147.422,69.035],[147.586,68.907],[147.518,68.893],[147.367,68.943],[147.314,68.926],[147.378,68.86],[147.357,68.832],[147.176,68.839],[147.073,68.79],[147.091,68.754],[147.084,68.742],[147.007,68.687],[147.018,68.633],[146.996,68.612],[147.015,68.578],[147.005,68.569],[146.744,68.585],[146.613,68.531],[146.375,68.592],[146.273,68.593],[146.18,68.573],[146.111,68.536],[146.003,68.532],[145.959,68.465],[145.866,68.398],[145.972,68.377],[146.052,68.338],[146.025,68.323],[145.782,68.343],[145.751,68.33],[145.881,68.291],[145.821,68.273],[145.644,68.291],[145.594,68.282],[145.716,68.214],[145.678,68.196],[145.538,68.214],[145.338,68.201],[145.323,68.179],[145.352,68.143],[145.349,68.122],[145.232,68.103],[145.202,68.078],[145.304,68.037],[145.207,68.003],[145.216,67.982],[145.021,67.995],[144.989,67.978],[145.085,67.931],[145.063,67.896],[145.071,67.879],[144.905,67.854],[144.811,67.817],[144.729,67.817],[144.688,67.796],[144.525,67.812],[144.486,67.793],[144.508,67.749],[144.538,67.732],[144.697,67.726],[144.715,67.708],[144.681,67.666],[144.688,67.646],[144.535,67.619],[144.388,67.641],[144.188,67.612],[144.061,67.634],[143.841,67.599],[143.722,67.606],[143.67,67.643],[143.582,67.649],[143.21,67.6],[143.023,67.563],[142.739,67.452],[142.6,67.454],[142.649,67.415],[142.528,67.342],[142.54,67.329],[142.615,67.338],[142.646,67.317],[142.645,67.29],[142.603,67.245],[142.64,67.157],[142.605,67.108],[142.654,67.05],[142.654,67.009],[142.719,66.96],[142.76,66.797],[142.803,66.714],[142.934,66.644],[143.002,66.652],[143.048,66.629],[143.055,66.547],[143.115,66.488],[143.132,66.45],[143.125,66.411],[143.195,66.364],[143.201,66.324],[143.255,66.275],[143.22,66.237],[143.223,66.176],[143.136,66.083],[143.162,66.023],[143.111,65.931],[143.021,65.901],[143.01,65.879],[142.955,65.877],[142.929,65.84],[142.711,65.742],[142.691,65.691],[142.646,65.654],[142.587,65.542],[142.65,65.495],[142.653,65.435],[142.944,65.408],[143.263,65.407],[143.295,65.393],[143.289,65.373],[143.218,65.327],[143.209,65.305],[143.127,65.284],[143.126,65.265],[143.167,65.247],[143.168,65.226],[143.112,65.135],[143.057,65.104],[143.1,65.064],[143.196,65.039],[143.235,64.982],[143.248,64.926],[143.367,64.845],[143.386,64.816],[143.348,64.791],[143.334,64.751],[143.264,64.725],[143.257,64.701],[143.286,64.635],[143.269,64.602],[143.151,64.568],[143.01,64.566],[142.886,64.545],[142.8,64.508],[142.852,64.472],[142.853,64.443],[142.77,64.337],[142.793,64.27],[142.724,64.253],[142.606,64.285],[142.198,64.301],[141.938,64.185],[141.919,64.153],[141.928,64.082],[141.873,64.03],[141.867,63.987],[141.93,63.957],[141.973,63.886],[142.045,63.863],[142.133,63.792],[142.38,63.688],[142.423,63.596],[142.467,63.569],[142.649,63.538],[142.781,63.48],[142.97,63.496],[143.251,63.437],[143.306,63.403],[143.888,63.208],[144.099,63.165],[144.201,63.117],[144.215,63.092],[144.35,63.09],[144.433,63.031],[144.453,63.005],[144.442,62.977],[144.453,62.957],[144.529,62.923],[144.571,62.858],[144.713,62.766]],[[144.712,62.768],[144.765,62.724],[144.84,62.616],[145.009,62.507]]]}},{"type":"Feature","properties":{"r":5,"n":"Sprague"},"geometry":{"type":"MultiLineString","coordinates":[[[-120.882,42.4],[-120.981,42.407],[-121.124,42.458],[-121.256,42.476],[-121.441,42.473],[-121.566,42.495],[-121.596,42.512],[-121.608,42.548],[-121.67,42.572],[-121.717,42.613],[-121.81,42.601],[-121.864,42.567],[-121.951,42.476]]]}},{"type":"Feature","properties":{"r":1,"n":"Chang Jiang"},"geometry":{"type":"MultiLineString","coordinates":[[[112.782,29.744],[112.886,29.792],[112.912,29.764],[112.936,29.693],[113.019,29.771],[113.006,29.706],[112.914,29.634],[112.928,29.495],[112.953,29.477],[113.008,29.518],[113.033,29.519],[113.055,29.443],[113.075,29.447],[113.085,29.495],[113.128,29.463]],[[103.851,28.668],[103.866,28.675],[103.878,28.63],[103.973,28.613],[104.048,28.633],[104.092,28.613],[104.14,28.633],[104.232,28.64],[104.248,28.662],[104.312,28.63],[104.363,28.647],[104.456,28.644],[104.589,28.728],[104.599,28.784],[104.757,28.798],[104.804,28.828],[104.858,28.818],[104.922,28.777],[104.992,28.841],[105.03,28.82],[105.018,28.756],[105.116,28.714],[105.151,28.732],[105.165,28.787],[105.236,28.75],[105.34,28.784],[105.384,28.87],[105.436,28.884],[105.46,28.911],[105.498,28.887],[105.543,28.899],[105.559,28.915],[105.546,28.951],[105.56,28.961],[105.622,28.942],[105.639,28.887],[105.709,28.894],[105.775,28.928],[105.813,28.84],[105.845,28.825],[105.877,28.836],[105.897,28.864],[105.895,28.9],[105.874,28.915],[105.869,28.946],[105.819,28.958],[105.881,29.047],[105.991,29.065],[106.025,29.107],[106.09,29.081],[106.141,29.091],[106.118,29.164],[106.162,29.229],[106.237,29.247],[106.251,29.264],[106.244,29.291],[106.309,29.276],[106.37,29.292],[106.393,29.336],[106.464,29.397],[106.525,29.408],[106.498,29.48],[106.536,29.494],[106.534,29.545],[106.582,29.568],[106.596,29.625],[106.621,29.627],[106.681,29.573],[106.775,29.617],[106.842,29.593],[106.964,29.757],[107.071,29.824],[107.096,29.805],[107.118,29.74],[107.183,29.689],[107.221,29.692],[107.334,29.751],[107.399,29.728],[107.426,29.78],[107.474,29.824],[107.459,29.885],[107.478,29.899],[107.636,29.853],[107.686,29.865],[107.744,29.904],[107.85,30.005],[107.868,30.113],[107.928,30.156],[107.944,30.209],[107.993,30.233],[108.02,30.3],[108.074,30.332],[108.094,30.313],[108.118,30.318],[108.088,30.36],[108.232,30.45],[108.349,30.639],[108.41,30.71],[108.424,30.751],[108.41,30.796],[108.417,30.834],[108.498,30.862],[108.522,30.912],[108.642,30.948],[108.746,30.923],[108.877,30.96],[109.013,30.949],[109.177,30.977],[109.297,30.966],[109.43,30.996],[109.498,31.034],[109.574,31.043],[109.67,30.997],[109.785,31.054],[109.955,31.073],[110.043,31.027],[110.15,31.039],[110.282,31.021],[110.356,31.052],[110.444,31.026],[110.533,31.032],[110.584,31.005],[110.657,30.997],[110.802,30.944],[110.851,30.894],[110.966,30.874],[111.019,30.829],[111.124,30.853],[111.161,30.827],[111.158,30.789],[111.263,30.757],[111.278,30.742],[111.268,30.71],[111.391,30.586],[111.449,30.47],[111.444,30.423],[111.527,30.401],[111.5,30.334],[111.551,30.272],[111.592,30.281],[111.629,30.356],[111.678,30.395],[111.797,30.429],[111.881,30.418],[111.998,30.292],[112.195,30.307],[112.239,30.295],[112.268,30.265],[112.271,30.224],[112.193,30.134],[112.197,30.092],[112.352,30.059],[112.418,29.994],[112.425,29.949],[112.384,29.863],[112.369,29.727],[112.466,29.779],[112.533,29.774],[112.549,29.823],[112.576,29.846],[112.6,29.839],[112.59,29.775],[112.611,29.71],[112.636,29.714],[112.638,29.805],[112.654,29.822],[112.715,29.822],[112.764,29.79],[112.693,29.764],[112.693,29.747],[112.789,29.744]]]}},{"type":"Feature","properties":{"r":5,"n":"Juruena"},"geometry":{"type":"MultiLineString","coordinates":[[[-59.07,-14.532],[-59.07,-14.453],[-59.05,-14.426],[-59.05,-14.381],[-59.025,-14.32],[-59.067,-14.266],[-59.091,-14.124],[-59.077,-14.038],[-59.056,-14.025],[-59.064,-14.004],[-59.03,-13.96],[-59.016,-13.405],[-58.942,-13.25],[-58.933,-12.945],[-58.947,-12.902],[-58.925,-12.845],[-58.955,-12.673],[-58.933,-12.618],[-58.934,-12.519],[-58.885,-12.414],[-58.885,-12.329],[-58.906,-12.243],[-58.858,-12.178],[-58.852,-12.137],[-58.792,-12.089],[-58.771,-12.037],[-58.735,-11.996],[-58.696,-11.815],[-58.722,-11.752],[-58.721,-11.693],[-58.687,-11.615],[-58.655,-11.594],[-58.632,-11.55],[-58.648,-11.412],[-58.641,-11.377],[-58.618,-11.359],[-58.686,-11.321],[-58.686,-11.287],[-58.653,-11.226],[-58.694,-11.051],[-58.659,-10.975]]]}},{"type":"Feature","properties":{"r":5,"n":"Vychegda"},"geometry":{"type":"MultiLineString","coordinates":[[[55.398,62.362],[55.365,62.367],[55.315,62.411],[55.256,62.433],[55.034,62.431],[54.923,62.447],[54.815,62.52],[54.769,62.535],[54.678,62.498],[54.664,62.431],[54.641,62.419],[54.595,62.437],[54.517,62.419],[54.437,62.44],[54.273,62.404],[54.229,62.322],[54.205,62.229],[54.269,62.158],[54.267,62.075],[54.333,62.006],[54.329,61.971],[54.405,61.956],[54.442,61.939],[54.464,61.898],[54.57,61.881],[54.589,61.862],[54.626,61.855],[54.703,61.872],[54.882,61.844],[54.904,61.825],[54.917,61.723],[54.897,61.684],[54.917,61.657],[54.87,61.623],[54.797,61.625],[54.659,61.6],[54.529,61.553],[54.313,61.581],[54.099,61.522],[53.878,61.502],[53.838,61.508],[53.807,61.549],[53.719,61.582],[53.684,61.65]],[[53.691,61.65],[53.64,61.698],[53.684,61.76],[53.561,61.767],[53.49,61.823],[53.355,61.821],[53.321,61.773],[53.28,61.768],[53.159,61.855],[52.9,61.901],[52.75,61.877],[52.62,61.898],[52.609,61.903],[52.627,61.914],[52.558,61.942],[52.136,61.93],[51.896,61.867],[51.868,61.842],[51.902,61.821],[51.886,61.815],[51.722,61.801],[51.684,61.808],[51.655,61.839],[51.581,61.824],[51.457,61.848],[51.395,61.821],[51.33,61.831],[51.286,61.787],[51.04,61.73],[50.823,61.718],[50.796,61.733],[50.785,61.763],[50.868,61.787],[50.765,61.827],[50.751,61.852],[50.761,61.896],[50.813,61.944],[50.792,61.969],[50.697,61.973],[50.663,62.025],[50.594,62.035],[50.419,61.979],[50.23,61.979],[50.196,61.992],[50.257,62.058],[50.217,62.136],[50.424,62.163],[50.45,62.181],[50.442,62.194],[50.347,62.223],[50.23,62.191],[49.993,62.217],[49.927,62.193],[49.839,62.126],[49.632,62.106],[49.567,62.065],[49.484,62.045],[49.401,62.061],[49.255,62.124],[49.12,62.123],[49.104,62.148],[49.062,62.159],[48.99,62.112],[48.906,62.086],[48.716,62.054],[48.72,62.036],[48.606,62.01],[48.503,61.961],[48.49,61.938],[48.421,61.917],[48.338,61.767],[48.23,61.74],[48.012,61.577],[47.924,61.537],[47.831,61.534],[47.721,61.506],[47.67,61.487],[47.621,61.436],[47.497,61.403],[47.435,61.369],[47.128,61.346],[47.079,61.325],[46.931,61.334],[46.783,61.301],[46.591,61.287]]]}},{"type":"Feature","properties":{"r":5,"n":"Colorado"},"geometry":{"type":"MultiLineString","coordinates":[[[-70.302,-35.288],[-70.242,-35.512],[-70.178,-35.644],[-70.203,-35.672],[-70.173,-35.723],[-70.11,-35.741],[-70.061,-35.82],[-70.022,-35.819],[-69.939,-35.869],[-69.814,-35.868],[-69.752,-35.928],[-69.753,-35.994],[-69.72,-36.105],[-69.661,-36.228],[-69.671,-36.296],[-69.702,-36.356],[-69.684,-36.41],[-69.688,-36.482],[-69.665,-36.539],[-69.682,-36.598],[-69.726,-36.618],[-69.774,-36.707],[-69.795,-36.845],[-69.781,-36.919],[-69.788,-36.96],[-69.816,-36.997],[-69.703,-37.112],[-69.624,-37.153],[-69.531,-37.174],[-69.302,-37.15],[-69.107,-37.199],[-69.061,-37.236],[-69.02,-37.344],[-68.985,-37.364],[-68.884,-37.381],[-68.757,-37.372],[-68.678,-37.426],[-68.526,-37.441],[-68.428,-37.538],[-67.85,-37.6],[-67.807,-37.618],[-67.725,-37.702],[-67.711,-37.78],[-67.748,-37.845],[-67.848,-37.908],[-67.87,-37.942],[-67.876,-37.989],[-67.854,-38.049],[-67.822,-38.069],[-67.735,-38.076],[-67.625,-38.222],[-67.554,-38.262],[-67.452,-38.247],[-67.376,-38.256],[-67.221,-38.213],[-67.177,-38.223],[-67.136,-38.338],[-67.07,-38.409],[-66.648,-38.558],[-66.594,-38.607],[-66.562,-38.702],[-66.392,-38.734],[-66.215,-38.717],[-65.96,-38.742],[-65.69,-38.818],[-65.563,-38.776],[-65.368,-38.838],[-65.114,-38.804],[-64.978,-38.804]],[[-64.97,-38.804],[-64.944,-38.819],[-64.821,-38.81],[-64.472,-38.854],[-64.146,-38.949],[-64.057,-38.994],[-64.01,-39],[-63.908,-39.092],[-63.782,-39.128],[-63.711,-39.2],[-63.517,-39.306],[-63.276,-39.345],[-63.222,-39.386],[-63.09,-39.417],[-63.029,-39.486],[-62.86,-39.509],[-62.79,-39.498],[-62.586,-39.537],[-62.492,-39.604],[-62.462,-39.688],[-62.309,-39.822]]]}},{"type":"Feature","properties":{"r":5,"n":"Chixoy"},"geometry":{"type":"MultiLineString","coordinates":[[[-91.413,15.267],[-91.389,15.218],[-91.336,15.241],[-91.303,15.277],[-91.228,15.292],[-91.131,15.28],[-91.073,15.314],[-90.984,15.314],[-90.857,15.253],[-90.692,15.215],[-90.541,15.212],[-90.488,15.288],[-90.478,15.331],[-90.651,15.363],[-90.703,15.394],[-90.706,15.442],[-90.64,15.459],[-90.648,15.476],[-90.597,15.526],[-90.641,15.592],[-90.633,15.623],[-90.662,15.647],[-90.654,15.654],[-90.781,15.679],[-90.788,15.688],[-90.771,15.709],[-90.792,15.729],[-90.777,15.737],[-90.818,15.751],[-90.767,15.839],[-90.733,15.868],[-90.739,15.885],[-90.764,15.888],[-90.736,15.942],[-90.764,15.97],[-90.723,15.99],[-90.706,15.98],[-90.703,16.017],[-90.634,16.045],[-90.62,16.031],[-90.593,16.039],[-90.607,16.017],[-90.558,15.998],[-90.545,16.011],[-90.469,16.011],[-90.436,16.034],[-90.432,16.065],[-90.449,16.079]]]}},{"type":"Feature","properties":{"r":5,"n":"Bío-Bío"},"geometry":{"type":"MultiLineString","coordinates":[[[-71.241,-38.769],[-71.192,-38.733],[-71.102,-38.7],[-71.089,-38.665],[-71.141,-38.629],[-71.141,-38.592],[-71.179,-38.571],[-71.231,-38.499],[-71.248,-38.381],[-71.326,-38.333],[-71.3,-38.21],[-71.35,-38.107],[-71.465,-38.082],[-71.503,-38.025],[-71.588,-37.969],[-71.704,-37.781],[-71.795,-37.73],[-71.867,-37.705],[-71.957,-37.735],[-72.059,-37.745],[-72.089,-37.729],[-72.132,-37.664],[-72.269,-37.582],[-72.41,-37.545],[-72.522,-37.556],[-72.567,-37.544],[-72.678,-37.454],[-72.699,-37.352],[-72.766,-37.218],[-72.932,-37.165],[-72.96,-37.132],[-72.984,-37.05],[-72.967,-36.967],[-73.022,-36.927],[-73.062,-36.835],[-73.13,-36.788],[-73.166,-36.796]]]}},{"type":"Feature","properties":{"r":5,"n":"Panj"},"geometry":{"type":"MultiLineString","coordinates":[[[72.657,37.029],[72.475,36.998],[72.406,37.008],[72.259,36.968],[72.126,36.873],[71.797,36.686],[71.653,36.687],[71.577,36.734],[71.528,36.856],[71.463,36.948],[71.459,37.011],[71.431,37.067],[71.45,37.217],[71.487,37.267],[71.493,37.308],[71.487,37.409],[71.511,37.486],[71.497,37.567],[71.541,37.71],[71.529,37.761],[71.59,37.816],[71.597,37.899],[71.537,37.945],[71.501,37.946],[71.341,37.894],[71.258,37.927],[71.272,37.998],[71.359,38.184],[71.358,38.251],[71.334,38.281],[71.217,38.326],[71.117,38.399],[71.049,38.409],[71.008,38.459],[70.974,38.474],[70.943,38.466],[70.936,38.433],[70.871,38.453],[70.843,38.44],[70.777,38.447],[70.741,38.42],[70.664,38.406],[70.684,38.387],[70.676,38.375],[70.6,38.347],[70.583,38.275],[70.547,38.263],[70.47,38.121],[70.254,37.974],[70.261,37.94],[70.214,37.93],[70.172,37.946],[70.165,37.89],[70.196,37.84],[70.247,37.819],[70.275,37.774],[70.283,37.705],[70.254,37.631],[70.216,37.617],[70.157,37.542],[70.129,37.533],[70.007,37.549],[69.955,37.576],[69.918,37.617],[69.802,37.582],[69.754,37.597],[69.665,37.576],[69.528,37.586],[69.508,37.579],[69.491,37.537],[69.384,37.454],[69.377,37.381],[69.391,37.371],[69.386,37.342],[69.417,37.268],[69.409,37.246],[69.445,37.237],[69.407,37.178],[69.323,37.121],[69.245,37.104],[69.123,37.169],[68.985,37.321],[68.887,37.338],[68.917,37.303],[68.915,37.279],[68.89,37.282],[68.856,37.325],[68.835,37.329],[68.81,37.312],[68.82,37.251],[68.759,37.275],[68.668,37.279],[68.657,37.268],[68.671,37.247],[68.648,37.245],[68.626,37.206],[68.551,37.193],[68.523,37.165],[68.403,37.152],[68.418,37.128],[68.391,37.106],[68.307,37.115],[68.28,37.087],[68.277,37.01],[68.212,37.022]]]}},{"type":"Feature","properties":{"r":5,"n":"Santa Cruz"},"geometry":{"type":"MultiLineString","coordinates":[[[-71.982,-50.224],[-71.758,-50.228],[-71.603,-50.195],[-71.479,-50.22],[-71.156,-50.204],[-70.979,-50.247],[-70.809,-50.187],[-70.737,-50.217],[-70.487,-50.202],[-70.257,-50.258],[-70.223,-50.25],[-70.186,-50.188],[-70.106,-50.198],[-69.962,-50.162],[-69.837,-50.199],[-69.754,-50.187],[-69.714,-50.168],[-69.656,-50.089],[-69.627,-50.072],[-69.537,-50.095],[-69.4,-50.096],[-69.319,-50.125],[-69.149,-50.123],[-69.013,-50.017]]]}},{"type":"Feature","properties":{"r":5,"n":"Xingu"},"geometry":{"type":"MultiLineString","coordinates":[[[-52.256,-1.699],[-52.286,-1.734],[-52.251,-1.808],[-52.258,-1.931],[-52.226,-2.014],[-52.21,-2.155],[-52.117,-2.277],[-52.027,-2.455],[-52.015,-2.532],[-51.982,-2.601],[-51.982,-2.634],[-52.028,-2.708],[-52.01,-2.82],[-51.932,-2.859],[-51.891,-2.941],[-51.778,-3.087],[-51.67,-3.112],[-51.616,-3.17],[-51.644,-3.281],[-51.717,-3.36],[-51.681,-3.437],[-51.685,-3.473],[-51.822,-3.589],[-51.88,-3.575],[-51.933,-3.528],[-51.958,-3.413],[-52.064,-3.277],[-52.128,-3.23],[-52.159,-3.23],[-52.17,-3.35],[-52.257,-3.508],[-52.457,-3.753],[-52.559,-3.801],[-52.609,-3.855]],[[-52.613,-3.861],[-52.609,-3.855]],[[-53.444,-11.444],[-53.44,-11.425],[-53.4,-11.418],[-53.342,-11.328],[-53.259,-11.249],[-53.248,-11.164],[-53.316,-10.996],[-53.316,-10.95],[-53.248,-10.868],[-53.144,-10.845],[-53.116,-10.819],[-53.072,-10.577],[-53.088,-10.526],[-53.057,-10.367],[-52.958,-10.272],[-53.015,-10.184],[-52.997,-10.065],[-52.803,-9.864],[-52.787,-9.824],[-52.658,-9.759],[-52.628,-9.71],[-52.619,-9.656],[-52.583,-9.637],[-52.567,-9.584],[-52.522,-9.579],[-52.259,-9.659],[-52.217,-9.631],[-52.196,-9.604],[-52.17,-9.444],[-52.122,-9.406],[-52.103,-9.355],[-52.02,-9.267],[-52.045,-9.185],[-52.082,-9.145],[-52.054,-9.023],[-52.086,-8.905],[-52.268,-8.797],[-52.304,-8.742],[-52.302,-8.659],[-52.366,-8.592],[-52.552,-8.546],[-52.661,-8.401],[-52.649,-8.254],[-52.807,-7.883],[-52.763,-7.787],[-52.748,-7.639],[-52.662,-7.55],[-52.687,-7.503],[-52.665,-7.414],[-52.609,-7.354],[-52.594,-7.26],[-52.556,-7.185],[-52.474,-7.109],[-52.455,-7.042],[-52.383,-6.968],[-52.191,-6.95],[-52.09,-6.911],[-52.052,-6.866],[-52.045,-6.797],[-51.983,-6.709],[-52.072,-6.567],[-52.111,-6.548],[-52.173,-6.57],[-52.233,-6.56],[-52.306,-6.478],[-52.328,-6.425],[-52.375,-6.367],[-52.43,-6.329],[-52.434,-6.202],[-52.533,-6.062],[-52.536,-5.849],[-52.598,-5.77],[-52.683,-5.589],[-52.711,-5.47],[-52.85,-5.398],[-52.869,-5.37],[-52.872,-5.179],[-52.916,-5.104],[-52.924,-5.016],[-52.848,-4.91],[-52.793,-4.746],[-52.733,-4.689],[-52.66,-4.477],[-52.663,-4.438],[-52.729,-4.37],[-52.738,-4.335],[-52.719,-4.27],[-52.64,-4.199],[-52.647,-4.148],[-52.595,-3.941],[-52.609,-3.855]]]}},{"type":"Feature","properties":{"r":5,"n":"Tejo"},"geometry":{"type":"MultiLineString","coordinates":[[[-7.118,39.682],[-7.566,39.68],[-7.639,39.642],[-7.696,39.653],[-7.805,39.557],[-7.915,39.495],[-8.079,39.481],[-8.151,39.495],[-8.211,39.475],[-8.355,39.484],[-8.416,39.471],[-8.439,39.462],[-8.491,39.385],[-8.625,39.306],[-8.683,39.242],[-8.765,39.098]]]}},{"type":"Feature","properties":{"r":5,"n":"Amu  Darya"},"geometry":{"type":"MultiLineString","coordinates":[[[59.099,43.292],[59.094,43.335],[59.04,43.38],[59.032,43.42],[58.973,43.467],[58.977,43.54],[59.005,43.598],[59.057,43.644],[59.052,43.702],[58.959,43.8],[58.919,43.822],[58.813,43.846],[58.764,43.873],[58.568,43.888],[58.544,43.942],[58.557,44.001],[58.543,44.06],[58.578,44.127],[58.494,44.209],[58.471,44.261],[58.336,44.374],[58.316,44.426]],[[68.212,37.022],[68.02,36.926],[67.878,37.065],[67.808,37.084],[67.773,37.11],[67.78,37.189],[67.746,37.23],[67.677,37.234],[67.633,37.254],[67.592,37.247],[67.561,37.22],[67.526,37.273],[67.503,37.282],[67.391,37.22],[67.259,37.185],[67.236,37.193],[67.187,37.258],[67.123,37.282],[67.097,37.341],[67.005,37.385],[66.735,37.364],[66.694,37.344],[66.539,37.369],[66.451,37.323],[66.413,37.35],[66.294,37.331],[66.218,37.375],[66.143,37.385],[66.079,37.441],[65.855,37.508],[65.796,37.57],[65.649,37.604],[65.552,37.665],[65.403,37.711],[65.307,37.709],[65.265,37.727],[65.146,37.944],[65.086,38.008],[64.936,38.104],[64.569,38.219],[64.371,38.327],[64.281,38.441],[64.154,38.532],[64.072,38.682],[63.978,38.747],[63.963,38.845],[63.879,38.957],[63.755,39.004],[63.686,39.091],[63.558,39.139],[63.469,39.22],[63.38,39.249],[63.257,39.324],[63.09,39.324],[63.022,39.35],[62.983,39.406],[62.997,39.48],[62.99,39.55],[62.925,39.584],[62.88,39.653],[62.754,39.667],[62.702,39.744],[62.617,39.781],[62.609,39.812],[62.545,39.869],[62.524,39.94],[62.452,40.009],[62.421,40.115],[62.435,40.194],[62.405,40.246],[62.353,40.431],[62.191,40.499],[62.134,40.578],[62.1,40.661],[62.036,40.737],[61.982,40.886],[61.979,40.999],[61.897,41.109],[61.654,41.25],[61.567,41.278],[61.433,41.301],[61.41,41.292],[61.387,41.236],[61.287,41.27],[61.257,41.331],[61.191,41.39],[61.092,41.414],[61.025,41.465],[60.975,41.479],[60.706,41.667],[60.652,41.757],[60.55,41.777],[60.462,41.901],[60.459,41.966],[60.304,42.011],[60.276,42.044],[60.253,42.129],[60.052,42.266],[59.907,42.325],[59.795,42.312],[59.642,42.367],[59.512,42.48],[59.433,42.525],[59.419,42.565],[59.365,42.558],[59.331,42.589],[59.29,42.6],[59.286,42.618],[59.324,42.664],[59.329,42.73],[59.318,42.75],[59.205,42.786],[59.228,42.873],[59.166,42.976],[59.132,42.996],[59.132,43.027],[59.158,43.042],[59.164,43.066],[59.159,43.114],[59.133,43.215],[59.09,43.243],[59.084,43.269],[59.125,43.309],[59.121,43.345],[59.029,43.48],[59.056,43.518],[59.056,43.551],[59.155,43.541],[59.253,43.591],[59.269,43.645],[59.256,43.689],[59.262,43.758],[59.221,43.806],[59.115,43.852],[59.056,43.948],[59.103,44.003],[59.16,44.039],[59.258,44.078],[59.434,44.091],[59.541,44.148]]]}},{"type":"Feature","properties":{"r":1,"n":"Rosetta Branch"},"geometry":{"type":"MultiLineString","coordinates":[[[31.237,30.124],[31.228,30.141],[31.166,30.156],[31.068,30.222],[30.991,30.215],[30.97,30.273],[30.927,30.292],[30.917,30.336],[30.882,30.346],[30.851,30.326],[30.833,30.334],[30.833,30.362],[30.879,30.373],[30.844,30.401],[30.851,30.453],[30.83,30.497],[30.851,30.546],[30.824,30.552],[30.837,30.587],[30.804,30.613],[30.793,30.694],[30.774,30.716],[30.792,30.763],[30.755,30.764],[30.77,30.8],[30.816,30.827],[30.762,30.827],[30.794,30.868],[30.757,30.886],[30.782,30.923],[30.751,30.977],[30.763,30.983],[30.728,31.019],[30.728,31.052],[30.699,31.092],[30.652,31.114],[30.57,31.199],[30.525,31.196],[30.515,31.238],[30.494,31.238],[30.52,31.289],[30.518,31.328],[30.483,31.354],[30.474,31.34],[30.458,31.348],[30.448,31.375],[30.426,31.385],[30.425,31.429],[30.399,31.443]]]}},{"type":"Feature","properties":{"r":1,"n":"Yangtze"},"geometry":{"type":"MultiLineString","coordinates":[[[119.606,32.197],[119.572,32.192],[119.505,32.24],[119.365,32.234],[119.252,32.2],[119.079,32.233],[118.91,32.174],[118.774,32.187],[118.689,32.062],[118.499,31.851],[118.426,31.724],[118.38,31.556],[118.302,31.438],[118.324,31.371],[118.315,31.308],[118.22,31.291],[118.061,31.233],[118.014,31.238],[117.996,31.209],[117.989,31.123],[117.953,31.094],[117.907,31.088],[117.857,31.141],[117.793,31.124],[117.767,31.092],[117.768,31.007],[117.697,30.804],[117.429,30.702],[117.226,30.673],[117.233,30.555],[117.21,30.514],[117.151,30.494],[117.007,30.484],[116.893,30.423],[116.888,30.403],[116.921,30.337],[116.907,30.271],[116.809,30.102],[116.716,30.06],[116.636,30.043],[116.575,29.991],[116.513,29.894],[116.389,29.876],[116.265,29.789],[116.11,29.786],[115.999,29.744],[115.889,29.732],[115.743,29.809],[115.705,29.861],[115.535,29.855],[115.463,29.871],[115.427,29.895],[115.387,29.97],[115.33,30.018],[115.275,30.121],[115.19,30.209],[115.072,30.236],[115.061,30.27],[115.073,30.341],[115.053,30.369],[114.987,30.407],[114.861,30.419],[114.829,30.441],[114.809,30.526],[114.852,30.577],[114.845,30.606],[114.731,30.609],[114.601,30.574],[114.566,30.593],[114.502,30.673],[114.429,30.69],[114.354,30.657],[114.296,30.587]],[[116.198,29.751],[116.208,29.779]],[[113.128,29.463],[113.416,29.764],[113.607,29.89],[113.664,29.955],[113.688,29.963],[113.707,29.929],[113.749,29.92],[113.792,29.933],[113.923,30.034],[114.062,30.089],[114.064,30.124],[113.983,30.185],[113.94,30.203],[113.874,30.185],[113.858,30.196],[113.858,30.231],[113.927,30.289],[113.968,30.291],[114.019,30.241],[114.039,30.23],[114.054,30.24],[114.107,30.352],[114.242,30.497],[114.303,30.593]]]}},{"type":"Feature","properties":{"r":5,"n":"Tapajós"},"geometry":{"type":"MultiLineString","coordinates":[[[-58.659,-10.975],[-58.604,-10.872],[-58.57,-10.674],[-58.568,-10.561],[-58.443,-10.512],[-58.35,-10.403],[-58.344,-10.269],[-58.252,-10.065],[-58.214,-9.898],[-58.22,-9.769],[-58.261,-9.683],[-58.272,-9.512],[-58.307,-9.487],[-58.439,-9.467],[-58.592,-9.363],[-58.636,-9.29],[-58.661,-9.122],[-58.576,-8.948],[-58.579,-8.91],[-58.518,-8.884],[-58.451,-8.796],[-58.374,-8.761],[-58.323,-8.703],[-58.431,-8.698],[-58.463,-8.656],[-58.437,-8.506],[-58.441,-8.44],[-58.384,-8.335],[-58.316,-8.123],[-58.366,-7.834],[-58.224,-7.62],[-58.224,-7.439],[-58.136,-7.34],[-58.15,-7.238],[-58.222,-7.179],[-58.256,-7.098],[-58.323,-7.01],[-58.444,-6.902],[-58.479,-6.783],[-58.451,-6.649],[-58.215,-6.431],[-58.169,-6.414],[-58.082,-6.411],[-57.931,-6.36],[-57.695,-6.193],[-57.653,-6.13],[-57.635,-6.07],[-57.663,-5.975],[-57.638,-5.931],[-57.547,-5.888],[-57.502,-5.833],[-57.335,-5.726],[-57.152,-5.553],[-57.054,-5.488],[-56.998,-5.368],[-57.007,-5.276],[-56.958,-5.219],[-56.857,-5.158],[-56.844,-5.056],[-56.728,-4.863],[-56.714,-4.763],[-56.602,-4.69],[-56.542,-4.698],[-56.486,-4.743],[-56.433,-4.732],[-56.397,-4.665],[-56.291,-4.582],[-56.283,-4.53],[-56.247,-4.47],[-56.268,-4.407],[-56.245,-4.369],[-56.19,-4.343],[-56.084,-4.332],[-55.984,-4.283],[-55.645,-4.005],[-55.497,-3.781],[-55.419,-3.723],[-55.344,-3.47],[-55.179,-3.163],[-55.161,-3.047],[-55.18,-2.97],[-55.13,-2.86],[-55.124,-2.733],[-55.081,-2.665],[-55.043,-2.439],[-55.005,-2.409],[-54.951,-2.419],[-54.839,-2.376],[-54.798,-2.396],[-54.677,-2.412]]]}},{"type":"Feature","properties":{"r":5,"n":""},"geometry":{"type":"MultiLineString","coordinates":[[[106.422,10.317],[106.354,10.339],[106.139,10.296]],[[106.139,10.296],[106.003,10.321],[105.936,10.287]],[[106.139,10.296],[106.139,10.296]],[[106.292,10.262],[106.199,10.239],[106.139,10.296]]]}},{"type":"Feature","properties":{"r":5,"n":"Trofimovskaya Protoka"},"geometry":{"type":"MultiLineString","coordinates":[[[126.512,72.386],[126.461,72.476],[126.412,72.519],[126.422,72.549],[126.48,72.58],[126.528,72.638],[126.809,72.73],[126.833,72.774],[126.796,72.834],[126.816,72.86],[127.023,72.921],[127.065,72.941],[127.106,72.991],[127.248,73.039],[127.357,73.047],[127.488,73.08],[127.584,73.066],[127.71,73.093],[127.802,73.087],[128.036,73.19],[128.162,73.223],[128.235,73.265]]]}},{"type":"Feature","properties":{"r":5,"n":"Tumatskaya Protoka"},"geometry":{"type":"MultiLineString","coordinates":[[[126.554,72.337],[126.512,72.386],[126.372,72.428],[126.315,72.467],[126.292,72.54],[126.341,72.665],[126.316,72.72],[126.384,72.781],[126.324,72.873],[126.337,72.933],[126.4,72.969],[126.654,73.016],[126.713,73.099],[126.693,73.139],[126.565,73.233]]]}},{"type":"Feature","properties":{"r":5,"n":"Japurá"},"geometry":{"type":"MultiLineString","coordinates":[[[-69.455,-1.2],[-69.422,-1.239],[-69.419,-1.284],[-69.453,-1.49],[-69.444,-1.531],[-69.381,-1.589],[-69.292,-1.606],[-69.193,-1.669],[-69.088,-1.785],[-69.022,-1.828],[-68.749,-1.774],[-68.68,-1.793],[-68.591,-1.786],[-68.474,-1.728],[-68.409,-1.722],[-68.206,-1.643],[-68.058,-1.633],[-67.931,-1.655],[-67.845,-1.642],[-67.804,-1.655],[-67.682,-1.656],[-67.473,-1.771],[-67.261,-1.798],[-67.075,-1.882],[-67.027,-1.881],[-66.738,-1.777],[-66.561,-1.772],[-66.456,-1.722],[-66.312,-1.704],[-66.142,-1.647],[-66.037,-1.679],[-65.957,-1.733],[-65.72,-1.798],[-65.496,-1.922],[-65.375,-1.861],[-65.293,-1.851],[-65.272,-1.868],[-65.258,-1.922],[-65.193,-2.042],[-65.21,-2.118],[-65.238,-2.163],[-65.19,-2.2],[-65.184,-2.258],[-65.14,-2.306],[-65.126,-2.368],[-65.008,-2.575],[-64.998,-2.612],[-65.012,-2.697],[-64.984,-2.715],[-64.905,-2.716],[-64.881,-2.745],[-64.911,-2.875],[-64.902,-2.91],[-64.823,-2.942],[-64.766,-3.084],[-64.797,-3.185]]]}},{"type":"Feature","properties":{"r":6,"n":"R. des Outaouais"},"geometry":{"type":"MultiLineString","coordinates":[[[-77.56,47.842],[-77.668,47.766],[-77.737,47.759],[-77.785,47.696],[-77.82,47.758],[-77.89,47.788],[-77.946,47.767],[-77.956,47.78],[-77.946,47.808],[-77.982,47.821],[-78.018,47.784],[-78.068,47.671],[-78.169,47.711],[-78.231,47.711],[-78.255,47.727],[-78.244,47.746],[-78.256,47.757],[-78.306,47.739],[-78.36,47.817],[-78.405,47.839],[-78.436,47.828],[-78.451,47.841],[-78.463,47.886],[-78.439,47.91],[-78.443,47.924],[-78.545,47.924],[-78.613,47.943],[-78.676,47.924],[-78.726,47.87],[-78.756,47.785],[-78.717,47.711],[-78.724,47.684]],[[-77.545,47.671],[-77.527,47.744]],[[-78.813,47.656],[-79.046,47.52],[-79.084,47.533],[-79.111,47.581],[-79.135,47.589],[-79.234,47.574],[-79.293,47.596],[-79.379,47.588],[-79.43,47.607],[-79.496,47.577]],[[-77.326,47.622],[-77.369,47.613],[-77.463,47.546]],[[-76.819,47.517],[-76.915,47.546],[-76.935,47.488]]]}},{"type":"Feature","properties":{"r":6,"n":"Ottawa"},"geometry":{"type":"MultiLineString","coordinates":[[[-79.166,46.827],[-79.096,46.704],[-79.014,46.638],[-78.964,46.533],[-78.891,46.47],[-78.754,46.401],[-78.72,46.347],[-78.345,46.289],[-78.321,46.266],[-78.111,46.263],[-78.046,46.238],[-77.921,46.236],[-77.682,46.187]],[[-77.684,46.187],[-77.469,46.115],[-77.373,46.064]],[[-77.371,46.063],[-77.305,46.025],[-77.283,45.999],[-77.267,45.936],[-77.239,45.918],[-77.119,45.892],[-76.903,45.892]],[[-76.903,45.892],[-76.797,45.875],[-76.765,45.76],[-76.715,45.722],[-76.699,45.661],[-76.623,45.565],[-76.433,45.522],[-76.344,45.473],[-76.261,45.484],[-76.223,45.52],[-76.129,45.53],[-76.049,45.515],[-75.856,45.388],[-75.761,45.4],[-75.683,45.468],[-75.593,45.48],[-75.284,45.577],[-75.053,45.596],[-74.938,45.638],[-74.775,45.632],[-74.644,45.656],[-74.545,45.609],[-74.457,45.595],[-74.378,45.561]],[[-76.903,45.892],[-76.902,45.892],[-76.902,45.892]]]}},{"type":"Feature","properties":{"r":6,"n":"Kem"},"geometry":{"type":"MultiLineString","coordinates":[[[31.955,64.864],[31.993,64.829],[32.037,64.816],[32.03,64.781],[32.138,64.754]],[[32.044,64.46],[32.169,64.414],[32.199,64.386]],[[32.199,64.386],[32.283,64.418],[32.358,64.526],[32.313,64.578],[32.231,64.628],[32.218,64.669],[32.138,64.699],[32.139,64.753],[32.159,64.795],[32.4,64.843],[32.46,64.881],[32.559,64.897],[32.64,64.956],[32.655,65.011],[32.681,65.028],[32.879,64.983],[32.948,64.99],[33.026,65.114],[33.464,65.075],[33.527,65.054],[33.638,65.056],[33.782,65.018],[34.007,64.991],[34.176,64.943],[34.278,64.932],[34.5,64.951],[34.614,64.982],[34.709,64.98]],[[32.199,64.386],[32.2,64.384]],[[31.57,63.869],[31.618,63.836],[31.714,63.819],[31.748,63.79],[31.874,63.748],[31.913,63.752],[32.06,63.828],[32.157,63.823],[32.211,63.858],[32.262,63.863],[32.274,63.898],[32.352,63.966],[32.338,63.987],[32.347,64],[32.389,64.024],[32.394,64.047],[32.346,64.075],[32.406,64.195],[32.39,64.219],[32.31,64.247],[32.275,64.317],[32.153,64.363],[32.199,64.386]]]}},{"type":"Feature","properties":{"r":6,"n":"Mur"},"geometry":{"type":"MultiLineString","coordinates":[[[13.499,47.163],[13.617,47.105],[13.659,47.1],[13.799,47.131],[13.822,47.09],[13.886,47.08],[14.055,47.128],[14.097,47.114],[14.219,47.122],[14.377,47.149],[14.468,47.216],[14.554,47.23],[14.641,47.202],[14.818,47.208],[14.843,47.222],[14.85,47.263],[14.905,47.284],[14.989,47.356],[15.055,47.365],[15.138,47.413],[15.282,47.417],[15.367,47.324],[15.309,47.292],[15.33,47.28],[15.309,47.259],[15.337,47.228],[15.342,47.194],[15.323,47.164],[15.336,47.134],[15.439,47.082],[15.446,47.04],[15.501,46.957],[15.502,46.902],[15.57,46.835],[15.583,46.811],[15.576,46.759],[15.606,46.73],[15.728,46.703],[15.878,46.721],[15.987,46.692],[16.12,46.619],[16.203,46.592],[16.268,46.54],[16.406,46.54],[16.577,46.471],[16.594,46.483],[16.637,46.475],[16.755,46.382],[16.769,46.396],[16.85,46.373],[16.889,46.292],[17.052,46.154],[17.116,46.123],[17.208,46.117],[17.248,46.08],[17.275,46.012],[17.316,45.998],[17.29,45.985],[17.327,45.972],[17.337,45.985],[17.345,45.956],[17.389,45.963],[17.406,45.944],[17.426,45.957],[17.511,45.954],[17.591,45.936],[17.645,45.892],[17.656,45.846],[17.809,45.815],[17.858,45.772],[17.889,45.792],[18.08,45.772],[18.211,45.786],[18.283,45.765],[18.307,45.736],[18.376,45.722],[18.393,45.704],[18.482,45.692],[18.489,45.669],[18.592,45.628],[18.64,45.581],[18.773,45.555],[18.928,45.553]]]}},{"type":"Feature","properties":{"r":6,"n":"Suez Canal"},"geometry":{"type":"MultiLineString","coordinates":[[[32.36,30.424],[32.323,30.541],[32.297,30.566],[32.334,30.645],[32.344,30.721],[32.318,30.813],[32.303,31.257],[32.314,31.273]],[[32.561,30.182],[32.578,30.011]]]}},{"type":"Feature","properties":{"r":1,"n":"Damietta Branch"},"geometry":{"type":"MultiLineString","coordinates":[[[31.145,30.175],[31.111,30.227],[31.104,30.332],[31.056,30.375],[31.107,30.382],[31.101,30.416],[31.125,30.403],[31.136,30.446],[31.228,30.518],[31.228,30.56],[31.262,30.552],[31.251,30.565],[31.27,30.661],[31.214,30.837],[31.254,30.854],[31.235,30.882],[31.255,30.888],[31.242,30.899],[31.262,30.923],[31.255,30.964],[31.297,30.984],[31.306,31.017],[31.337,31.041],[31.395,31.055],[31.475,31.183],[31.505,31.173],[31.515,31.196],[31.613,31.195],[31.632,31.217],[31.625,31.243],[31.676,31.259],[31.659,31.278],[31.666,31.293],[31.693,31.291],[31.687,31.306],[31.717,31.346],[31.717,31.382],[31.811,31.422],[31.805,31.458],[31.845,31.525]]]}},{"type":"Feature","properties":{"r":6,"n":"Ismailiya Canal"},"geometry":{"type":"MultiLineString","coordinates":[[[31.238,30.121],[31.297,30.131],[31.405,30.326],[31.515,30.382],[31.719,30.537],[32.303,30.593]]]}},{"type":"Feature","properties":{"r":6,"n":"Ishikari"},"geometry":{"type":"MultiLineString","coordinates":[[[143.066,43.7],[142.928,43.759],[142.885,43.81],[142.789,43.83],[142.668,43.901],[142.524,43.877],[142.353,43.764],[142.315,43.773],[142.173,43.711],[142.042,43.696],[141.903,43.621],[141.885,43.569],[141.899,43.49],[141.872,43.47],[141.869,43.434],[141.826,43.387],[141.659,43.296],[141.658,43.221],[141.597,43.127],[141.561,43.116],[141.478,43.138],[141.412,43.175],[141.358,43.238]]]}},{"type":"Feature","properties":{"r":6,"n":"Kayan"},"geometry":{"type":"MultiLineString","coordinates":[[[114.762,1.76],[114.823,1.805],[114.855,1.871],[114.913,1.927],[114.948,1.943],[114.973,1.931],[115.047,1.976],[115.085,1.949],[115.15,1.962],[115.32,2.032],[115.382,1.999],[115.48,2.027],[115.502,1.968],[115.52,1.959],[115.65,1.997],[115.728,2.153],[115.769,2.182],[115.776,2.216],[115.825,2.251],[115.855,2.214],[115.858,2.162],[115.907,2.063],[115.964,2.045],[116.115,2.076],[116.163,2.116],[116.183,2.239],[116.201,2.272],[116.198,2.311],[116.221,2.356],[116.289,2.443],[116.372,2.488],[116.6,2.761],[116.661,2.805],[116.701,2.808],[116.726,2.787],[116.774,2.704],[116.829,2.733],[116.886,2.821],[116.924,2.833],[117.095,2.802],[117.133,2.744],[117.157,2.742],[117.202,2.792],[117.241,2.762],[117.312,2.771],[117.348,2.832],[117.356,2.821],[117.38,2.886],[117.432,2.922],[117.448,2.915],[117.482,2.937],[117.544,2.922]]]}},{"type":"Feature","properties":{"r":6,"n":"Barito"},"geometry":{"type":"MultiLineString","coordinates":[[[114.838,0.565],[114.883,0.423],[114.847,0.403],[114.762,0.397],[114.741,0.352],[114.693,0.318],[114.678,0.273],[114.651,0.258],[114.675,0.202],[114.65,0.158],[114.601,0.154],[114.57,0.133],[114.495,0.183],[114.447,0.147],[114.354,0.177],[114.269,0.161],[114.229,0.088],[114.214,0.086],[114.206,0.119],[114.186,0.113],[114.171,0.087],[114.193,0.017],[114.295,-0.029],[114.303,-0.065],[114.272,-0.135],[114.148,-0.18],[114.084,-0.243],[114.071,-0.282],[114.09,-0.339],[114.062,-0.422],[114.076,-0.458],[114.228,-0.587],[114.242,-0.652],[114.334,-0.7],[114.375,-0.745],[114.391,-0.737],[114.378,-0.709],[114.502,-0.731],[114.509,-0.717],[114.585,-0.712],[114.584,-0.686],[114.605,-0.662],[114.588,-0.618],[114.618,-0.628],[114.628,-0.617],[114.645,-0.634],[114.792,-0.62],[114.817,-0.647],[114.803,-0.675],[114.847,-0.709],[114.861,-0.747],[114.889,-0.754],[114.899,-0.791],[114.919,-0.79],[114.904,-0.835],[114.936,-0.848],[114.911,-0.909],[114.933,-0.929],[114.909,-0.957],[114.837,-0.961],[114.817,-0.991],[114.893,-1.128],[114.777,-1.266],[114.798,-1.285],[114.838,-1.258],[114.834,-1.313],[114.894,-1.326],[114.869,-1.375],[114.909,-1.423],[114.882,-1.454],[114.873,-1.557],[114.842,-1.572],[114.845,-1.612],[114.81,-1.649],[114.828,-1.717],[114.775,-1.839],[114.783,-1.854],[114.841,-1.856],[114.854,-1.934],[114.89,-1.997],[114.859,-2.142],[114.834,-2.156],[114.848,-2.214],[114.882,-2.231],[114.879,-2.293]],[[114.879,-2.293],[114.879,-2.286]],[[114.879,-2.293],[114.906,-2.43],[114.868,-2.515],[114.81,-2.58],[114.785,-2.689],[114.737,-2.764],[114.735,-2.784],[114.764,-2.797],[114.801,-2.862],[114.797,-2.92],[114.761,-2.964],[114.769,-2.992],[114.756,-3.024],[114.595,-3.137],[114.544,-3.238],[114.567,-3.289],[114.55,-3.348]]]}},{"type":"Feature","properties":{"r":6,"n":"Purari"},"geometry":{"type":"MultiLineString","coordinates":[[[143.492,-5.938],[143.534,-6.01],[143.548,-6.122],[143.621,-6.193],[143.643,-6.314],[143.627,-6.393],[143.638,-6.418],[143.777,-6.554],[143.901,-6.607],[144.076,-6.631],[144.14,-6.61],[144.27,-6.494],[144.352,-6.473],[144.394,-6.482],[144.449,-6.531],[144.457,-6.572],[144.544,-6.589],[144.577,-6.622],[144.596,-6.673],[144.667,-6.685],[144.716,-6.732],[144.712,-6.751],[144.756,-6.759],[144.797,-6.795],[144.808,-6.816],[144.789,-6.843],[144.804,-6.918],[144.819,-6.924],[144.863,-6.897],[144.91,-6.901],[144.975,-6.939],[144.955,-6.993],[145.018,-7.005],[145.071,-6.987],[145.118,-7.039],[145.122,-7.017],[145.155,-7.001],[145.179,-7.048],[145.295,-7.088],[145.325,-7.213],[145.301,-7.354],[145.291,-7.371],[145.24,-7.361],[145.195,-7.398],[145.127,-7.381],[145.093,-7.504],[145.105,-7.524],[145.138,-7.513],[145.167,-7.529],[145.161,-7.556],[145.195,-7.576],[145.229,-7.642],[145.223,-7.741],[145.164,-7.789],[145.172,-7.821]]]}},{"type":"Feature","properties":{"r":6,"n":"Indragi"},"geometry":{"type":"MultiLineString","coordinates":[[[100.55,-0.566],[100.629,-0.559],[100.697,-0.574],[100.807,-0.684],[100.852,-0.666],[100.888,-0.626],[100.972,-0.667],[101.03,-0.662],[101.055,-0.579],[101.084,-0.566],[101.211,-0.643],[101.404,-0.615],[101.485,-0.662],[101.527,-0.583],[101.679,-0.459],[101.764,-0.466],[101.811,-0.511],[101.914,-0.533],[101.948,-0.559],[101.975,-0.546],[102.044,-0.566],[102.105,-0.521],[102.126,-0.525],[102.129,-0.499],[102.216,-0.487],[102.256,-0.442],[102.249,-0.42],[102.342,-0.387],[102.411,-0.327],[102.441,-0.354],[102.452,-0.342],[102.476,-0.36],[102.51,-0.36],[102.611,-0.413],[102.646,-0.409],[102.664,-0.449],[102.698,-0.432],[102.701,-0.483],[102.735,-0.456],[102.785,-0.51],[102.852,-0.532],[102.893,-0.524],[103.19,-0.321],[103.257,-0.315],[103.346,-0.36]]]}},{"type":"Feature","properties":{"r":1,"n":"Bykovskaya Protoka"},"geometry":{"type":"MultiLineString","coordinates":[[[126.69,72.294],[126.683,72.318],[126.7,72.357],[126.685,72.422],[126.646,72.465],[126.661,72.501],[126.757,72.544],[126.861,72.548],[127.183,72.491],[127.454,72.483],[127.587,72.463],[127.666,72.43]]]}},{"type":"Feature","properties":{"r":6,"n":"Okavango"},"geometry":{"type":"MultiLineString","coordinates":[[[21.503,-18.06],[21.557,-18.077],[21.574,-18.103],[21.634,-18.094],[21.682,-18.109],[21.841,-18.294],[21.857,-18.352],[21.906,-18.415],[22.032,-18.424],[22.032,-18.445],[22.06,-18.455],[22.079,-18.496],[22.093,-18.575],[22.152,-18.635],[22.171,-18.637],[22.182,-18.685],[22.251,-18.77],[22.256,-18.799],[22.278,-18.813],[22.383,-18.817],[22.415,-18.87],[22.5,-18.893],[22.596,-19.013],[22.587,-19.061],[22.607,-19.089],[22.756,-19.091],[22.83,-19.061],[22.933,-19.1],[23.087,-19.128],[23.142,-19.198],[23.172,-19.27],[23.251,-19.342],[23.254,-19.378],[23.284,-19.401],[23.31,-19.396],[23.326,-19.418],[23.408,-19.414],[23.526,-19.521]],[[22.522,-18.922],[22.522,-18.971],[22.555,-19.028],[22.567,-19.117],[22.666,-19.195],[22.695,-19.289],[22.768,-19.324],[22.839,-19.452],[22.903,-19.496],[22.934,-19.501],[22.967,-19.483],[23.051,-19.539],[23.122,-19.533],[23.249,-19.565],[23.344,-19.561]],[[23.272,-19.406],[23.283,-19.456],[23.382,-19.606],[23.475,-19.655],[23.594,-19.671]],[[23.528,-19.522],[23.591,-19.617],[23.594,-19.671]],[[24.739,-21.265],[24.738,-21.206],[24.674,-21.158],[24.621,-21.14],[24.599,-21.112],[24.42,-21.048],[24.367,-20.996],[24.376,-20.948],[24.351,-20.888],[24.366,-20.788],[24.411,-20.625],[24.5,-20.457],[24.505,-20.413],[24.478,-20.389],[24.378,-20.394],[24.281,-20.294],[24.254,-20.242],[24.209,-20.243],[24.157,-20.199],[24.026,-20.248],[23.996,-20.28],[23.995,-20.3],[23.922,-20.317],[23.88,-20.295],[23.876,-20.312],[23.849,-20.254],[23.758,-20.178],[23.716,-20.183],[23.517,-20.109],[23.363,-20.136],[23.328,-20.124],[23.382,-20.042],[23.617,-19.806],[23.618,-19.762],[23.588,-19.704],[23.594,-19.671]]]}},{"type":"Feature","properties":{"r":6,"n":"Cubango"},"geometry":{"type":"MultiLineString","coordinates":[[[16.145,-12.654],[16.152,-12.634],[16.184,-12.648],[16.199,-12.628],[16.218,-12.634],[16.253,-12.71],[16.296,-12.757],[16.315,-12.758],[16.327,-12.785],[16.358,-12.91],[16.371,-13.175],[16.39,-13.2],[16.378,-13.278],[16.419,-13.319],[16.43,-13.374],[16.411,-13.452],[16.43,-13.472],[16.421,-13.496],[16.454,-13.567],[16.421,-13.605],[16.433,-13.688],[16.405,-13.721],[16.406,-13.75],[16.392,-13.737],[16.392,-13.805],[16.373,-13.819],[16.365,-13.886],[16.344,-13.908],[16.36,-13.991],[16.337,-14.004],[16.343,-14.028],[16.323,-14.032],[16.296,-14.11],[16.304,-14.142],[16.275,-14.223],[16.312,-14.289],[16.31,-14.347],[16.289,-14.353],[16.303,-14.36],[16.282,-14.384],[16.295,-14.403],[16.264,-14.454],[16.309,-14.522],[16.351,-14.539],[16.343,-14.563],[16.392,-14.601],[16.384,-14.612],[16.439,-14.64],[16.453,-14.624],[16.501,-14.628],[16.533,-14.67],[16.583,-14.689],[16.57,-14.71],[16.63,-14.728],[16.604,-14.777],[16.656,-14.854],[16.652,-14.956],[16.715,-15.056],[16.696,-15.097],[16.749,-15.163],[16.781,-15.173],[16.78,-15.218],[16.847,-15.258],[16.845,-15.303],[16.927,-15.354],[16.913,-15.374],[16.979,-15.422],[17.02,-15.427],[17.036,-15.457],[17.07,-15.45],[17.105,-15.47],[17.187,-15.47],[17.372,-15.525],[17.363,-15.564],[17.4,-15.645],[17.451,-15.676],[17.46,-15.711],[17.5,-15.721],[17.549,-15.791],[17.591,-15.82],[17.648,-15.922],[17.666,-15.985],[17.666,-16.063],[17.686,-16.082],[17.675,-16.108],[17.712,-16.309],[17.828,-16.459],[17.872,-16.623],[17.931,-16.747],[17.964,-16.772],[17.985,-16.816],[18.139,-16.951],[18.18,-17.046],[18.283,-17.173],[18.312,-17.185],[18.38,-17.33],[18.448,-17.376],[18.489,-17.462],[18.516,-17.471],[18.554,-17.546],[18.619,-17.595],[18.633,-17.629],[18.761,-17.748],[18.89,-17.799],[19.02,-17.822],[19.16,-17.801],[19.246,-17.804],[19.421,-17.859],[19.672,-17.843],[19.711,-17.873],[19.771,-17.89],[19.793,-17.862],[19.951,-17.862],[20.034,-17.896],[20.154,-17.89],[20.193,-17.872],[20.243,-17.883],[20.278,-17.855],[20.336,-17.855],[20.386,-17.89],[20.437,-17.894],[20.565,-17.985],[20.666,-17.98],[20.722,-18.006],[20.737,-17.993],[20.806,-18.031],[20.894,-18.012],[20.908,-17.986],[21.093,-17.938],[21.216,-17.931],[21.364,-17.992],[21.472,-18.061],[21.503,-18.06]]]}},{"type":"Feature","properties":{"r":6,"n":"Orange"},"geometry":{"type":"MultiLineString","coordinates":[[[29.058,-29.082],[28.992,-29.277],[28.947,-29.309],[28.879,-29.283],[28.823,-29.318],[28.804,-29.353],[28.798,-29.45],[28.736,-29.491],[28.732,-29.529],[28.709,-29.544],[28.712,-29.591],[28.731,-29.584],[28.781,-29.625],[28.747,-29.639],[28.774,-29.666],[28.737,-29.678],[28.732,-29.696],[28.787,-29.837],[28.653,-29.89],[28.658,-29.94],[28.707,-29.967],[28.653,-29.996],[28.624,-30.035],[28.529,-30.053],[28.487,-30.041],[28.398,-30.048],[28.337,-29.992],[28.301,-29.985],[28.206,-30.026],[28.14,-30.026],[28.124,-30.053],[28.075,-30.07],[27.934,-30.07],[27.897,-30.118],[27.897,-30.195],[27.815,-30.268],[27.78,-30.274],[27.721,-30.253],[27.735,-30.335],[27.69,-30.368],[27.622,-30.344],[27.586,-30.352],[27.558,-30.392],[27.477,-30.356],[27.452,-30.31],[27.366,-30.311]],[[24.731,-29.979],[24.679,-29.961],[24.657,-29.896],[24.604,-29.882],[24.529,-29.816],[24.488,-29.813],[24.474,-29.786],[24.409,-29.765],[24.365,-29.713],[24.341,-29.649],[24.248,-29.621],[24.183,-29.635],[24.162,-29.626],[24.068,-29.571],[24.005,-29.498],[23.925,-29.465],[23.919,-29.369],[23.883,-29.352],[23.855,-29.299],[23.771,-29.282],[23.768,-29.213],[23.697,-29.175],[23.69,-29.108],[23.628,-29.074]],[[27.376,-30.313],[27.349,-30.32],[27.37,-30.361],[27.39,-30.354],[27.404,-30.368],[27.389,-30.386],[27.325,-30.392],[27.323,-30.409],[27.356,-30.432],[27.335,-30.444],[27.294,-30.43],[27.29,-30.449],[27.317,-30.462],[27.298,-30.488],[27.253,-30.491],[27.234,-30.478],[27.188,-30.502],[27.132,-30.502],[27.136,-30.526],[27.117,-30.539],[27.01,-30.533],[26.999,-30.539],[27.033,-30.586],[26.965,-30.594],[26.934,-30.652],[26.852,-30.677],[26.781,-30.643],[26.703,-30.675],[26.628,-30.68],[26.636,-30.663],[26.618,-30.656],[26.551,-30.655],[26.491,-30.63],[26.441,-30.56],[26.28,-30.579],[26.26,-30.543],[26.146,-30.485],[26.135,-30.526],[26.06,-30.514],[25.972,-30.545]],[[25.506,-30.612],[25.467,-30.613],[25.362,-30.545],[25.29,-30.543],[25.258,-30.497],[25.185,-30.456],[25.043,-30.33],[25.029,-30.283],[24.978,-30.263]]]}},{"type":"Feature","properties":{"r":6,"n":"Semliki"},"geometry":{"type":"MultiLineString","coordinates":[[[29.597,-0.134],[29.567,-0.127],[29.631,0.017],[29.645,0.082],[29.632,0.162],[29.652,0.195],[29.621,0.238],[29.56,0.274],[29.556,0.318],[29.499,0.348],[29.588,0.484],[29.639,0.502],[29.631,0.531],[29.659,0.559],[29.727,0.728],[29.789,0.75],[29.823,0.798],[29.931,0.819],[30.038,0.879],[30.154,0.909],[30.214,0.999],[30.215,1.077],[30.238,1.136],[30.269,1.167],[30.295,1.173],[30.323,1.156],[30.364,1.202],[30.431,1.207],[30.478,1.239]],[[29.838,-1.2],[29.816,-1.148],[29.763,-1.122],[29.646,-1.175],[29.56,-1.17],[29.497,-1.231],[29.412,-1.188],[29.416,-1.164],[29.37,-1.12],[29.353,-1.067],[29.431,-0.73],[29.466,-0.676],[29.452,-0.607]]]}},{"type":"Feature","properties":{"r":6,"n":"Koukourou"},"geometry":{"type":"MultiLineString","coordinates":[[[20.935,7.343],[20.876,7.271],[20.794,7.232],[20.687,7.241],[20.644,7.138],[20.572,7.075],[20.521,7.071],[20.445,7.021],[20.421,7.034],[20.372,7.036],[20.349,7.02],[20.312,7.038],[20.24,7.034],[20.223,7.057],[20.168,7.075],[20.16,7.096],[20.076,7.139],[20.005,7.206],[19.921,7.246],[19.885,7.353],[19.866,7.376],[19.852,7.362],[19.84,7.371],[19.802,7.438],[19.781,7.431],[19.763,7.447],[19.758,7.509],[19.736,7.507],[19.733,7.538]]]}},{"type":"Feature","properties":{"r":6,"n":"Chari"},"geometry":{"type":"MultiLineString","coordinates":[[[15.042,12.057],[14.919,12.038],[14.785,12.112],[14.672,12.153],[14.651,12.194],[14.616,12.179],[14.604,12.204],[14.548,12.242],[14.562,12.256],[14.514,12.29],[14.514,12.324],[14.487,12.338],[14.202,12.363],[14.179,12.386],[14.185,12.447]],[[18.886,8.836],[18.867,8.81],[18.819,8.812],[18.74,8.865],[18.657,8.889],[18.509,8.987],[18.447,9.046],[18.42,9.117],[18.303,9.267],[18.069,9.453],[18.061,9.495],[17.92,9.58],[17.872,9.631],[17.858,9.673],[17.813,9.703],[17.745,9.793],[17.644,9.856],[17.616,9.986],[17.574,10.027],[17.561,10.082],[17.4,10.269],[17.288,10.376],[17.2,10.385],[17.131,10.421],[17.025,10.56],[16.995,10.556],[16.943,10.577],[16.824,10.522],[16.753,10.509],[16.727,10.481],[16.675,10.46],[16.655,10.483],[16.583,10.488],[16.419,10.543],[16.384,10.571],[16.369,10.615],[16.101,10.763],[16.075,10.767],[16.063,10.751],[16.001,10.789],[15.922,10.776],[15.765,10.803],[15.665,10.889],[15.591,10.901],[15.549,10.926],[15.514,11.01],[15.438,11.05],[15.432,11.132],[15.392,11.207],[15.418,11.269],[15.29,11.571],[15.299,11.637],[15.331,11.691],[15.309,11.748],[15.335,11.8],[15.332,11.84],[15.284,11.883],[15.276,11.937],[15.227,11.934],[15.196,11.95],[15.134,12.062],[15.056,12.077],[15.011,12.109],[14.964,12.093],[14.897,12.153],[14.911,12.18],[14.897,12.208],[14.908,12.327],[14.877,12.447],[14.849,12.457],[14.863,12.496],[14.83,12.618],[14.819,12.639],[14.768,12.633],[14.734,12.681],[14.713,12.653],[14.702,12.669],[14.709,12.718],[14.664,12.716],[14.618,12.759],[14.575,12.745],[14.569,12.77],[14.554,12.767],[14.537,12.888],[14.549,12.916],[14.516,12.98]]]}},{"type":"Feature","properties":{"r":6,"n":"Bamingui"},"geometry":{"type":"MultiLineString","coordinates":[[[19.733,7.538],[19.626,7.575],[19.592,7.568],[19.577,7.585],[19.599,7.65],[19.566,7.67],[19.592,7.699],[19.553,7.695],[19.499,7.74],[19.461,7.726],[19.435,7.76],[19.433,7.737],[19.419,7.741],[19.386,7.774],[19.373,7.747],[19.321,7.804],[19.352,7.842],[19.32,7.882],[19.351,7.898],[19.332,7.945],[19.352,7.964],[19.345,8.021],[19.379,8.048],[19.354,8.064],[19.359,8.13],[19.339,8.171],[19.235,8.278],[19.249,8.301],[19.153,8.405],[19.106,8.487],[19.09,8.561],[19.064,8.599],[19.091,8.653],[19.124,8.675],[19.048,8.746],[18.917,8.805],[18.903,8.845],[18.886,8.836]]]}},{"type":"Feature","properties":{"r":6,"n":"Panama Canal"},"geometry":{"type":"MultiLineString","coordinates":[[[-79.923,9.267],[-79.927,9.304]],[[-79.691,9.104],[-79.56,8.96]]]}},{"type":"Feature","properties":{"r":6,"n":"Dalälven"},"geometry":{"type":"MultiLineString","coordinates":[[[11.981,61.802],[11.968,61.819],[11.978,61.85],[12.051,61.885],[12.163,61.881],[12.411,61.83],[12.497,61.894],[12.595,61.902],[12.86,61.826],[12.935,61.768],[13.055,61.718],[13.178,61.698],[13.212,61.663]],[[13.718,61.413],[13.736,61.357],[13.726,61.307],[13.782,61.277],[14.004,61.265],[14.124,61.156],[14.552,60.997]],[[14.973,60.728],[15.072,60.705],[15.083,60.69],[15.014,60.636],[15.03,60.628],[15.014,60.608],[15.11,60.574],[15.138,60.539],[15.244,60.542],[15.351,60.518],[15.377,60.519],[15.364,60.534],[15.383,60.544],[15.411,60.542],[15.436,60.508],[15.546,60.458],[15.578,60.425],[15.678,60.395],[15.748,60.417],[15.881,60.393],[15.98,60.417],[16.062,60.375],[16.084,60.31],[16.056,60.293],[16.042,60.245],[16.017,60.228],[16.041,60.19],[16.179,60.135],[16.323,60.122]],[[17.417,60.51],[17.458,60.549],[17.448,60.62],[17.459,60.641]],[[16.434,60.156],[16.488,60.177]],[[16.433,60.156],[16.448,60.159],[16.499,60.163]]]}},{"type":"Feature","properties":{"r":6,"n":"Jordan"},"geometry":{"type":"MultiLineString","coordinates":[[[35.864,33.596],[35.816,33.553],[35.803,33.512],[35.716,33.454],[35.665,33.389],[35.593,33.181],[35.584,32.996],[35.599,32.9]],[[35.577,32.72],[35.558,32.681],[35.58,32.561],[35.559,32.553],[35.565,32.526],[35.551,32.519],[35.58,32.492],[35.561,32.477],[35.572,32.457],[35.545,32.41],[35.565,32.368],[35.551,32.375],[35.572,32.252],[35.559,32.238],[35.572,32.238],[35.559,32.155],[35.535,32.111],[35.545,32.087],[35.522,32.058],[35.545,31.945],[35.524,31.919],[35.559,31.765]],[[35.423,31.325],[35.395,31.258],[35.401,31.23]]]}},{"type":"Feature","properties":{"r":1,"n":"Olenekskaya Protoka"},"geometry":{"type":"MultiLineString","coordinates":[[[126.69,72.294],[126.403,72.372],[126.21,72.298],[126.136,72.286],[125.872,72.356],[125.669,72.359],[125.436,72.459],[125.261,72.486],[125.06,72.569],[124.827,72.604],[124.687,72.668],[124.493,72.642],[124.397,72.653],[124.14,72.734],[123.695,72.805],[123.52,72.752],[123.342,72.756],[122.732,72.827]]]}},{"type":"Feature","properties":{"r":6,"n":""},"geometry":{"type":"MultiLineString","coordinates":[[[-105.55,59.15],[-105.549,59.172],[-105.586,59.197],[-105.546,59.224],[-105.55,59.236],[-105.579,59.245],[-106.018,59.271]],[[-103.786,58.691],[-103.935,58.727],[-104.017,58.8],[-103.944,58.838],[-103.969,58.857],[-103.935,58.899],[-103.983,58.929],[-103.969,58.957],[-104.014,58.967],[-104.121,58.949],[-104.216,58.977],[-104.363,58.977],[-104.453,59.014],[-104.586,59.005],[-104.671,59.045],[-104.857,59.013],[-105.175,59.018],[-105.136,59.046],[-104.91,59.09],[-104.771,59.176],[-104.894,59.183],[-104.939,59.161],[-105.012,59.173]],[[-103.55,58.455],[-103.568,58.51],[-103.665,58.545]]]}},{"type":"Feature","properties":{"r":6,"n":"Dniester"},"geometry":{"type":"MultiLineString","coordinates":[[[22.904,49.22],[22.847,49.253],[22.851,49.279],[22.881,49.302],[22.965,49.322],[23.012,49.356],[22.977,49.397],[23.023,49.448],[23.49,49.585],[23.704,49.531],[23.765,49.5],[23.958,49.504],[23.986,49.468],[24.046,49.438],[24.105,49.425],[24.167,49.434],[24.241,49.365],[24.26,49.328],[24.252,49.302],[24.308,49.249],[24.387,49.232],[24.519,49.233],[24.64,49.157],[24.728,49.13],[24.756,49.075],[24.789,49.065],[24.821,49.029],[24.909,49.034],[24.95,49.021],[24.992,48.97],[25.067,48.972],[25.119,48.951],[25.123,48.908],[25.165,48.865],[25.197,48.918],[25.246,48.931],[25.225,48.842],[25.25,48.859],[25.328,48.842],[25.25,48.818],[25.239,48.801],[25.251,48.775],[25.354,48.814],[25.356,48.855],[25.414,48.847],[25.44,48.87],[25.471,48.862],[25.45,48.836],[25.461,48.825],[25.629,48.76],[25.64,48.745],[25.627,48.718],[25.646,48.697],[25.636,48.678],[25.649,48.671],[25.715,48.664],[25.742,48.63],[25.793,48.67],[25.859,48.619],[25.863,48.601],[25.928,48.587],[25.985,48.623],[26.02,48.616],[26.049,48.648],[26.062,48.628],[26.052,48.572],[26.099,48.541],[26.129,48.555],[26.102,48.606],[26.133,48.609],[26.149,48.539],[26.181,48.527],[26.256,48.533],[26.355,48.51],[26.404,48.534],[26.47,48.538],[26.515,48.515],[26.553,48.466],[26.605,48.451],[26.622,48.458],[26.607,48.492],[26.615,48.507],[26.654,48.491],[26.709,48.497],[26.612,48.551],[26.632,48.562],[26.722,48.535],[26.739,48.558],[26.717,48.595],[26.773,48.551],[26.787,48.602],[26.819,48.607],[26.828,48.561],[26.859,48.54],[26.945,48.581],[27.023,48.561],[27.123,48.561],[27.147,48.582],[27.237,48.569],[27.262,48.596],[27.234,48.618],[27.322,48.601],[27.37,48.63],[27.41,48.621],[27.458,48.577],[27.503,48.473],[27.604,48.484],[27.606,48.458],[27.627,48.451],[27.785,48.442],[27.864,48.399],[27.926,48.34],[28.076,48.315],[28.098,48.284],[28.078,48.245],[28.093,48.238],[28.178,48.259],[28.189,48.223],[28.217,48.208],[28.294,48.237],[28.357,48.239],[28.37,48.212],[28.322,48.163],[28.328,48.127],[28.411,48.171],[28.436,48.15],[28.419,48.123],[28.479,48.065],[28.517,48.121],[28.629,48.092],[28.627,48.063],[28.597,48.067],[28.532,48.02],[28.538,47.994],[28.619,48.033],[28.651,48.019],[28.681,48.031],[28.754,47.979],[28.785,47.983],[28.813,47.965],[28.829,47.917],[28.861,47.9],[28.98,47.876],[29.018,47.854],[28.976,47.743],[28.995,47.651],[28.986,47.622],[29.016,47.582],[29.033,47.519],[29.11,47.464],[29.082,47.406],[29.165,47.348],[29.123,47.329],[29.079,47.348],[29.179,47.197],[29.069,47.102],[29.124,47.074],[29.156,47.114],[29.189,47.112],[29.188,47.163],[29.291,47.14],[29.295,47.122],[29.371,47.079],[29.382,47.042],[29.381,47.029],[29.364,47.033],[29.37,47.003],[29.295,46.992],[29.316,46.959],[29.376,46.935],[29.459,46.953],[29.512,46.787],[29.562,46.787],[29.608,46.84],[29.62,46.815],[29.652,46.814],[29.698,46.728],[29.666,46.676],[29.749,46.666],[29.775,46.629],[29.728,46.594],[29.775,46.581],[29.823,46.601],[29.867,46.581],[29.916,46.519],[29.97,46.492],[30.002,46.494],[30.021,46.471],[30.013,46.462],[30.076,46.423],[30.146,46.418],[30.203,46.444],[30.236,46.437],[30.288,46.352],[30.283,46.324],[30.269,46.32]],[[30.478,46.101],[30.498,46.084]]]}},{"type":"Feature","properties":{"r":6,"n":"Ro Grande de Santiago"},"geometry":{"type":"MultiLineString","coordinates":[[[-105.108,21.822],[-105.221,21.797],[-105.234,21.737],[-105.275,21.754],[-105.292,21.72],[-105.319,21.726],[-105.323,21.707],[-105.36,21.705],[-105.372,21.679],[-105.408,21.671],[-105.438,21.698],[-105.452,21.674]],[[-104.079,21.206],[-104.214,21.198],[-104.306,21.263],[-104.369,21.284],[-104.382,21.356],[-104.416,21.385],[-104.462,21.48],[-104.497,21.466],[-104.515,21.477],[-104.52,21.51],[-104.617,21.659],[-104.66,21.776],[-104.723,21.849],[-104.785,21.843],[-104.847,21.776],[-104.909,21.774],[-104.949,21.739],[-104.993,21.745],[-105.017,21.726],[-105.033,21.777]],[[-103.709,20.938],[-103.786,20.94],[-103.887,21.006],[-103.881,21.089],[-104.038,21.147],[-104.075,21.18],[-104.079,21.205]],[[-102.781,20.31],[-102.755,20.359],[-102.764,20.376],[-102.99,20.428],[-103.1,20.414],[-103.171,20.466],[-103.18,20.496],[-103.138,20.627],[-103.177,20.643],[-103.214,20.707],[-103.345,20.771],[-103.328,20.865],[-103.421,21.047],[-103.497,21.063],[-103.521,21.051],[-103.525,21.006],[-103.592,20.972]]]}},{"type":"Feature","properties":{"r":6,"n":""},"geometry":{"type":"MultiLineString","coordinates":[[[-137,61.227],[-136.988,61.218],[-137.012,61.206],[-137.003,61.19],[-137.027,61.168],[-137.037,61.128],[-137.016,61.114],[-137.058,61.067],[-137.056,60.947],[-137.091,60.9],[-137.168,60.869],[-137.282,60.864],[-137.434,60.799],[-137.741,60.792],[-137.768,60.729],[-137.849,60.652],[-137.832,60.472],[-137.855,60.422],[-137.924,60.351],[-138,60.308],[-138.019,60.224],[-137.998,60.188],[-137.925,60.15],[-137.928,60.087],[-137.847,60.06],[-137.811,60.012],[-137.839,59.971],[-137.983,59.931],[-138.018,59.899],[-137.909,59.829],[-137.914,59.806],[-137.9,59.799],[-137.918,59.779],[-137.99,59.758],[-137.923,59.688],[-137.912,59.617],[-137.792,59.554],[-137.776,59.527],[-137.813,59.486],[-137.968,59.461]],[[-138.061,59.437],[-138.066,59.409],[-138.224,59.389],[-138.246,59.376],[-138.26,59.32]],[[-138.197,59.252],[-138.185,59.224]],[[-138.239,59.176],[-138.318,59.199],[-138.438,59.183]]]}},{"type":"Feature","properties":{"r":6,"n":"Kuskokwim"},"geometry":{"type":"MultiLineString","coordinates":[[[-154.721,63.079],[-154.814,63.062],[-154.823,63.048],[-154.805,63.034],[-154.845,63.034],[-154.885,63],[-154.987,63],[-155.052,63.024],[-155.111,63],[-155.159,63.007],[-155.152,62.994],[-155.262,62.994],[-155.344,62.945],[-155.367,62.988],[-155.443,62.983],[-155.413,63.007],[-155.44,63.013],[-155.522,62.979],[-155.516,62.967],[-155.576,62.98],[-155.646,62.959],[-155.536,62.921],[-155.62,62.897],[-155.618,62.869],[-155.679,62.869],[-155.652,62.835],[-155.742,62.81],[-155.789,62.776],[-155.81,62.78],[-155.789,62.746],[-155.838,62.725],[-155.779,62.705],[-155.785,62.632],[-155.766,62.608],[-155.77,62.58],[-155.814,62.554],[-155.954,62.518],[-156.095,62.437],[-156.117,62.415],[-156.11,62.372],[-156.172,62.335],[-156.224,62.257],[-156.283,62.212],[-156.221,62.145],[-156.194,62.081],[-156.208,62.062],[-156.177,62.016],[-156.283,61.979],[-156.302,61.925],[-156.352,61.862],[-156.553,61.805],[-156.694,61.801],[-156.823,61.726],[-156.93,61.719],[-157.066,61.663],[-157.177,61.68],[-157.186,61.73],[-157.304,61.767],[-157.352,61.797],[-157.555,61.823],[-157.715,61.901],[-157.865,61.905],[-158.063,61.838],[-158.111,61.883],[-158.136,61.885],[-158.154,61.869],[-158.148,61.814],[-158.21,61.803],[-158.222,61.752],[-158.318,61.629],[-158.62,61.554],[-158.768,61.54],[-158.983,61.601],[-159.253,61.568],[-159.445,61.601],[-159.544,61.587],[-159.724,61.595],[-159.772,61.573],[-159.879,61.584],[-160.134,61.554],[-160.189,61.568],[-160.233,61.537],[-160.338,61.538],[-160.4,61.486],[-160.599,61.415],[-160.627,61.348],[-160.621,61.307],[-160.747,61.301],[-160.763,61.286],[-160.778,61.218],[-161.052,61.091],[-161.117,60.959],[-161.224,60.945],[-161.217,60.93],[-161.239,60.916],[-161.319,60.917],[-161.35,60.876],[-161.401,60.9],[-161.493,60.912],[-161.47,60.835],[-161.521,60.803],[-161.566,60.805],[-161.611,60.86],[-161.658,60.858],[-161.689,60.827],[-161.669,60.78],[-161.756,60.793],[-161.77,60.782],[-161.741,60.756],[-161.738,60.726],[-161.881,60.704]]]}},{"type":"Feature","properties":{"r":6,"n":"N. Fork Kuskokwim"},"geometry":{"type":"MultiLineString","coordinates":[[[-151.674,64.301],[-151.702,64.329],[-151.765,64.338],[-151.896,64.32],[-152.236,64.32],[-152.425,64.233],[-152.464,64.205],[-152.503,64.145],[-152.554,64.112],[-152.568,64.097],[-152.548,64.076],[-152.603,64.028],[-152.569,63.972],[-152.579,63.951],[-152.805,63.912],[-152.883,63.872],[-152.992,63.847],[-153.052,63.805],[-153.16,63.787],[-153.148,63.762],[-153.198,63.73],[-153.427,63.685],[-153.465,63.656],[-153.484,63.595],[-153.542,63.541],[-153.576,63.534],[-153.67,63.469],[-153.796,63.439],[-153.867,63.373],[-153.926,63.355],[-153.965,63.313],[-154.013,63.297],[-154.021,63.286],[-153.993,63.272],[-153.997,63.255],[-154.203,63.207],[-154.278,63.161],[-154.37,63.157],[-154.49,63.116],[-154.525,63.134],[-154.576,63.11],[-154.72,63.108],[-154.721,63.079]]]}},{"type":"Feature","properties":{"r":6,"n":"Copper"},"geometry":{"type":"MultiLineString","coordinates":[[[-144.616,60.714],[-144.504,60.813],[-144.519,60.834],[-144.627,60.877],[-144.786,60.998],[-144.822,61.084],[-144.902,61.202],[-144.857,61.251],[-144.843,61.308],[-144.803,61.345],[-144.506,61.428],[-144.411,61.55],[-144.423,61.603],[-144.491,61.66],[-144.632,61.692],[-144.683,61.724],[-145.093,61.864],[-145.253,61.945],[-145.322,62.038],[-145.384,62.073],[-145.43,62.185],[-145.372,62.275],[-145.279,62.332],[-145.079,62.414],[-144.891,62.468],[-144.734,62.567],[-144.626,62.603],[-144.543,62.651],[-144.352,62.703],[-144.161,62.697],[-143.987,62.714],[-143.808,62.666],[-143.733,62.631],[-143.681,62.585],[-143.658,62.474]]]}},{"type":"Feature","properties":{"r":6,"n":"Susitna"},"geometry":{"type":"MultiLineString","coordinates":[[[-146.684,62.505],[-146.781,62.534],[-146.805,62.568],[-146.877,62.599],[-146.873,62.64],[-146.887,62.661],[-147.147,62.687],[-147.177,62.696],[-147.175,62.719],[-147.388,62.651],[-147.416,62.661],[-147.439,62.697],[-147.637,62.718],[-147.728,62.774],[-147.811,62.803],[-147.975,62.826],[-148.021,62.811],[-148.292,62.87],[-148.639,62.853],[-148.746,62.805],[-148.804,62.797],[-148.994,62.812],[-149.017,62.824],[-149.017,62.845],[-149.056,62.86],[-149.174,62.838],[-149.455,62.864],[-149.606,62.848],[-149.959,62.69],[-150.028,62.647],[-150.044,62.611],[-150.111,62.563],[-150.118,62.502],[-150.142,62.481],[-150.149,62.43],[-150.175,62.406],[-150.135,62.328],[-150.149,62.215],[-150.122,62.205],[-150.184,62.158],[-150.141,62.145],[-150.091,62.089],[-150.116,62.061],[-150.102,61.927],[-150.201,61.825],[-150.225,61.78],[-150.276,61.742],[-150.28,61.721],[-150.328,61.705],[-150.307,61.677],[-150.359,61.645],[-150.383,61.592],[-150.461,61.578],[-150.551,61.532],[-150.526,61.461],[-150.582,61.356]]]}},{"type":"Feature","properties":{"r":6,"n":"Tanana"},"geometry":{"type":"MultiLineString","coordinates":[[[-142.022,62.027],[-142.087,62.079],[-142.076,62.216],[-141.773,62.32],[-141.757,62.375],[-141.656,62.459],[-141.441,62.544],[-141.371,62.644],[-141.382,62.686],[-141.481,62.753],[-141.477,62.775],[-141.512,62.82],[-141.673,62.856],[-141.601,62.908],[-141.605,62.921],[-141.743,62.965],[-141.851,63.048],[-141.952,63.064],[-142.137,63.166],[-142.275,63.188],[-142.358,63.165],[-142.431,63.187],[-142.47,63.217],[-142.605,63.248],[-142.694,63.329],[-142.712,63.371],[-142.839,63.358],[-142.96,63.398],[-142.943,63.419],[-142.965,63.43],[-143.029,63.439],[-143.149,63.411],[-143.31,63.411],[-143.396,63.38],[-143.452,63.406],[-143.599,63.418],[-143.76,63.398],[-143.839,63.476],[-143.776,63.534],[-143.791,63.567],[-143.849,63.593],[-143.862,63.627],[-143.935,63.671],[-144.14,63.726],[-144.541,63.725],[-144.599,63.74],[-144.774,63.825],[-144.763,63.891],[-144.859,63.897],[-144.914,63.946],[-144.849,64.004],[-144.856,64.017],[-145.09,64.085],[-145.159,64.066],[-145.362,64.082],[-145.671,64.186],[-145.737,64.192],[-145.826,64.163],[-145.888,64.162],[-146.06,64.216],[-146.111,64.246],[-146.21,64.24],[-146.302,64.269],[-146.449,64.285],[-146.672,64.256],[-146.724,64.301],[-146.86,64.326],[-147.021,64.426],[-147.031,64.442],[-146.997,64.507],[-147.022,64.546],[-147.169,64.61],[-147.255,64.689],[-147.522,64.775],[-147.936,64.802],[-148.018,64.757],[-148.163,64.726],[-148.238,64.69],[-148.621,64.644],[-148.7,64.585],[-149.105,64.576],[-149.149,64.6],[-149.109,64.636],[-149.132,64.72],[-149.115,64.789],[-149.17,64.809],[-149.146,64.817],[-149.115,64.867],[-149.211,64.912],[-149.399,64.902],[-149.51,64.876],[-149.595,64.908],[-149.666,64.849],[-149.785,64.854],[-149.838,64.808],[-149.92,64.783],[-150.156,64.823],[-150.208,64.856],[-150.321,64.879],[-150.415,64.963],[-150.565,64.979],[-150.773,64.973],[-150.842,64.987],[-150.999,64.971],[-151.282,64.881],[-151.364,64.876],[-151.501,64.938],[-151.506,64.976],[-151.567,64.99],[-151.575,65.001],[-151.532,65.044],[-151.571,65.049],[-151.633,65.003],[-151.664,65.001],[-151.69,65.014],[-151.67,65.069],[-151.679,65.099],[-151.708,65.114],[-151.808,65.105],[-151.92,65.16],[-152.048,65.165]]]}},{"type":"Feature","properties":{"r":6,"n":"Porcupine"},"geometry":{"type":"MultiLineString","coordinates":[[[-139.811,65.65],[-139.701,65.78],[-139.711,65.846],[-139.687,65.903],[-139.701,65.944],[-139.689,65.954],[-139.616,65.971],[-139.579,66.004],[-139.368,66.013],[-139.215,65.997],[-139.144,66.056],[-139.016,66.075],[-138.857,66.195],[-138.827,66.282],[-138.731,66.343],[-138.642,66.482],[-138.508,66.54],[-138.412,66.55],[-138.292,66.599],[-138.12,66.769],[-137.986,66.747],[-137.934,66.756],[-137.892,66.783],[-137.876,66.815],[-137.823,66.838],[-137.815,66.851],[-137.84,66.893],[-137.822,66.9],[-137.774,66.878],[-137.706,66.893],[-137.676,66.921],[-137.693,66.951],[-137.643,66.962],[-137.605,66.994],[-137.547,67.008],[-137.503,66.988],[-137.486,67.046],[-137.509,67.084],[-137.612,67.056],[-137.643,67.078],[-137.61,67.091],[-137.616,67.119],[-137.52,67.177],[-137.684,67.18],[-137.657,67.207],[-137.725,67.242],[-137.763,67.29],[-137.832,67.328],[-137.83,67.341],[-137.766,67.372],[-137.796,67.387],[-137.76,67.441],[-137.778,67.459],[-137.869,67.481],[-138.053,67.478],[-138.178,67.557],[-138.252,67.584],[-138.584,67.573],[-138.644,67.601],[-138.615,67.625],[-138.614,67.645],[-138.689,67.656],[-138.901,67.584],[-139.006,67.584],[-139.172,67.543],[-139.432,67.554],[-139.494,67.591],[-139.541,67.595],[-139.725,67.569],[-139.795,67.584],[-139.859,67.575],[-139.877,67.553],[-139.918,67.543],[-139.885,67.513],[-139.894,67.508],[-140.028,67.55],[-140.065,67.512],[-140.178,67.508],[-140.234,67.523],[-140.27,67.505],[-140.35,67.502],[-140.361,67.492],[-140.323,67.467],[-140.358,67.46],[-140.453,67.481],[-140.97,67.437],[-141.226,67.356],[-141.351,67.351],[-141.467,67.323],[-141.532,67.332],[-141.656,67.277],[-141.674,67.259],[-141.666,67.242],[-141.703,67.213],[-141.693,67.175],[-141.758,67.158],[-141.95,67.19],[-142.153,67.166],[-142.163,67.18],[-142.132,67.207],[-142.198,67.225],[-142.273,67.177],[-142.492,67.081],[-142.611,67.072],[-142.605,67.043],[-142.632,67.015],[-142.687,66.996],[-142.977,66.992],[-143.078,67.018],[-143.215,66.995],[-143.383,67.001],[-143.445,66.973],[-143.502,66.982],[-143.51,66.96],[-143.68,66.948],[-143.633,66.9],[-143.674,66.878],[-143.816,66.91],[-143.811,66.878],[-143.95,66.85],[-143.944,66.813],[-143.955,66.81],[-144.023,66.831],[-144.119,66.782],[-144.138,66.785],[-144.133,66.803],[-144.153,66.816],[-144.187,66.782],[-144.237,66.789],[-144.298,66.761],[-144.353,66.804],[-144.384,66.808],[-144.41,66.802],[-144.399,66.767],[-144.409,66.759],[-144.631,66.758],[-144.647,66.743],[-144.626,66.728],[-144.654,66.713],[-144.729,66.709],[-144.75,66.694],[-144.736,66.68],[-144.798,66.672],[-144.853,66.643],[-145.086,66.666],[-145.12,66.646],[-145.274,66.612],[-145.369,66.626],[-145.512,66.602],[-145.532,66.582]]]}},{"type":"Feature","properties":{"r":2,"n":"St. Lawrence"},"geometry":{"type":"MultiLineString","coordinates":[[[-74.713,44.999],[-74.905,45.005],[-75.271,44.864],[-75.701,44.582],[-75.792,44.497]]]}},{"type":"Feature","properties":{"r":6,"n":"Koyukuk"},"geometry":{"type":"MultiLineString","coordinates":[[[-150.821,68.043],[-150.864,67.949],[-150.848,67.909],[-150.887,67.878],[-150.897,67.809],[-151.02,67.712],[-151.023,67.692],[-151.006,67.68],[-151.026,67.653],[-151.013,67.633],[-151.047,67.577],[-151.024,67.547],[-150.937,67.497],[-150.821,67.461],[-150.722,67.336],[-150.694,67.322],[-150.697,67.295],[-150.81,67.207],[-150.823,67.15],[-150.906,67.136],[-150.973,67.089],[-151.148,67.044],[-151.248,67.04],[-151.427,67.003],[-151.451,66.995],[-151.438,66.982],[-151.455,66.973],[-151.66,66.917],[-151.691,66.896],[-151.678,66.878],[-151.715,66.849],[-151.683,66.786],[-151.716,66.692],[-151.793,66.644],[-151.853,66.627],[-151.903,66.638],[-151.939,66.593],[-151.978,66.591],[-151.996,66.607],[-152.07,66.595],[-152.15,66.55],[-152.205,66.57],[-152.349,66.543],[-152.481,66.581],[-152.548,66.564],[-152.664,66.577],[-152.678,66.556],[-152.756,66.544],[-152.793,66.515],[-152.89,66.502],[-153.004,66.462],[-153.097,66.474],[-153.144,66.454],[-153.285,66.454],[-153.315,66.436],[-153.302,66.406],[-153.349,66.385],[-153.445,66.418],[-153.673,66.369],[-153.914,66.296],[-154.063,66.271],[-154.049,66.234],[-154.116,66.239],[-154.104,66.227],[-154.174,66.17],[-154.172,66.145],[-154.248,66.111],[-154.233,66.09],[-154.347,65.967],[-154.447,65.961],[-154.488,65.933],[-154.466,65.92],[-154.538,65.916],[-154.59,65.864],[-154.775,65.789],[-154.82,65.821],[-155.063,65.807],[-155.022,65.837],[-155.149,65.882],[-155.234,65.878],[-155.207,65.905],[-155.289,65.898],[-155.22,65.947],[-155.446,65.902],[-155.441,65.923],[-155.372,65.947],[-155.455,66.009],[-155.574,66.003],[-155.672,65.98],[-155.722,65.996],[-155.742,65.981],[-155.7,65.967],[-155.719,65.963],[-155.769,65.973],[-155.752,66.006],[-155.851,65.997],[-155.855,66.016],[-155.919,66.029],[-156.026,65.999],[-156.038,66.007],[-156.03,66.022],[-156.048,66.03],[-156.112,65.988],[-156.139,66.008],[-156.138,66.024],[-156.158,66.028],[-156.205,65.991],[-156.283,66.001],[-156.224,65.961],[-156.146,65.961],[-156.165,65.946],[-156.252,65.936],[-156.307,65.904],[-156.347,65.926],[-156.388,65.92],[-156.358,65.888],[-156.283,65.871],[-156.357,65.861],[-156.337,65.84],[-156.382,65.786],[-156.468,65.782],[-156.536,65.748],[-156.547,65.717],[-156.41,65.7],[-156.423,65.682],[-156.519,65.655],[-156.524,65.634],[-156.468,65.645],[-156.31,65.618],[-156.425,65.592],[-156.413,65.577],[-156.351,65.572],[-156.356,65.544],[-156.331,65.522],[-156.374,65.519],[-156.399,65.498],[-156.378,65.471],[-156.337,65.467],[-156.354,65.454],[-156.447,65.44],[-156.498,65.464],[-156.642,65.459],[-156.66,65.467],[-156.625,65.502],[-156.722,65.5],[-156.759,65.521],[-156.767,65.546],[-156.819,65.564],[-156.974,65.563],[-156.968,65.542],[-157.038,65.544],[-157,65.524],[-157.013,65.514],[-157.191,65.466],[-157.55,65.481],[-157.592,65.501],[-157.607,65.498],[-157.617,65.466],[-157.66,65.46],[-157.652,65.439],[-157.693,65.4],[-157.626,65.385],[-157.649,65.339],[-157.619,65.303],[-157.687,65.303],[-157.712,65.286],[-157.599,65.251],[-157.599,65.234],[-157.67,65.204],[-157.65,65.189],[-157.667,65.11],[-157.639,65.044],[-157.596,65.041],[-157.53,65.083],[-157.461,65.09],[-157.423,65.085],[-157.346,65.028],[-157.55,65.025],[-157.578,64.994],[-157.516,64.967],[-157.557,64.953],[-157.53,64.939],[-157.74,64.867]]]}},{"type":"Feature","properties":{"r":6,"n":"Genale"},"geometry":{"type":"MultiLineString","coordinates":[[[38.774,6.605],[38.707,6.52],[38.738,6.485],[38.778,6.387],[38.862,6.343],[38.89,6.305],[38.938,6.223],[38.96,6.124],[39.014,6.083],[39.179,6.042],[39.242,5.993],[39.339,6.018],[39.399,5.968]],[[39.376,5.985],[39.437,5.896],[39.458,5.893],[39.444,5.869],[39.454,5.806],[39.489,5.793],[39.512,5.732],[39.558,5.714],[39.561,5.738],[39.624,5.742],[39.701,5.701],[39.726,5.663],[39.718,5.628],[39.677,5.595],[39.677,5.546],[39.699,5.529],[39.78,5.521],[39.801,5.533],[39.847,5.519],[39.979,5.396],[40.021,5.407],[40.188,5.355],[40.529,5.416],[40.704,5.565],[40.922,5.7],[41.047,5.71],[41.062,5.671],[41.15,5.643],[41.139,5.628],[41.159,5.607],[41.15,5.595],[41.182,5.549],[41.197,5.484],[41.247,5.45],[41.256,5.396],[41.297,5.359],[41.342,5.211],[41.333,5.174],[41.424,5.009],[41.531,4.91],[41.575,4.838],[41.558,4.83],[41.59,4.762],[41.603,4.697],[41.589,4.704],[41.591,4.691],[41.616,4.676],[41.653,4.611],[41.691,4.594],[41.699,4.608],[41.761,4.507],[41.846,4.44],[41.895,4.363],[41.939,4.323],[41.966,4.324]]]}},{"type":"Feature","properties":{"r":6,"n":"Yarkant"},"geometry":{"type":"MultiLineString","coordinates":[[[77.525,35.521],[77.658,35.591],[77.682,35.619],[77.71,35.753],[77.689,35.785],[77.553,35.88],[77.544,35.904],[77.642,36.079],[77.76,36.143],[77.758,36.172],[77.627,36.199],[77.531,36.267],[77.539,36.288],[77.491,36.342],[77.498,36.372],[77.451,36.43],[77.25,36.459],[77.158,36.446],[77.079,36.459],[76.829,36.383],[76.75,36.405],[76.644,36.4],[76.494,36.432],[76.421,36.552],[76.369,36.565],[76.275,36.619],[76.192,36.634],[76.103,36.689],[76.058,36.761],[76.016,36.886],[75.962,36.946],[75.924,36.956],[75.92,36.972],[76.008,37.093],[76.015,37.177],[75.969,37.206],[75.907,37.318],[75.955,37.328],[75.975,37.292],[76.079,37.288],[76.106,37.275],[76.144,37.313],[76.185,37.326],[76.192,37.364],[76.249,37.418],[76.229,37.46],[76.237,37.545],[76.223,37.583],[76.236,37.597],[76.181,37.733],[76.207,37.81],[76.167,37.837],[76.202,37.851],[76.219,37.892],[76.268,37.897],[76.276,37.967],[76.363,37.988],[76.425,37.971],[76.518,37.994],[76.547,37.982],[76.537,37.932],[76.675,37.906],[76.727,37.881],[76.775,37.883],[76.942,38.035],[77.003,38.06],[77.019,38.091],[77.21,38.234],[77.381,38.339],[77.394,38.354],[77.33,38.583],[77.367,38.604],[77.387,38.666],[77.449,38.7],[77.484,38.796],[77.573,38.871],[77.581,38.891],[77.555,39.007],[77.617,39.039],[77.623,39.093],[77.648,39.139],[77.669,39.132],[77.71,39.16],[77.735,39.148],[77.749,39.192],[77.867,39.275],[77.929,39.296],[77.944,39.333],[78.005,39.371],[78.069,39.382],[78.087,39.412],[78.214,39.484],[78.47,39.584],[78.491,39.577],[78.552,39.604],[78.566,39.564],[78.586,39.558],[78.689,39.604],[78.82,39.612],[78.834,39.646],[78.902,39.617],[78.957,39.639],[78.975,39.627],[79.019,39.634],[79.13,39.695],[79.245,39.707],[79.347,39.739],[79.458,39.828],[79.591,39.838],[79.77,39.948],[79.853,39.972],[79.87,39.994],[79.908,40.005],[79.928,40.062],[79.957,40.079],[80.066,40.09],[80.156,40.126],[80.211,40.18],[80.259,40.187],[80.286,40.214],[80.347,40.231],[80.382,40.31],[80.436,40.343],[80.467,40.404],[80.523,40.406],[80.617,40.446],[80.643,40.434],[80.795,40.452],[80.821,40.427],[80.888,40.467]]]}},{"type":"Feature","properties":{"r":6,"n":"Albany"},"geometry":{"type":"MultiLineString","coordinates":[[[-92.299,51.974],[-92.217,51.939],[-91.97,51.987]],[[-91.929,51.892],[-91.894,51.867],[-91.905,51.837],[-91.891,51.804],[-91.931,51.773],[-91.915,51.762]],[[-91.893,51.487],[-91.886,51.458]],[[-91.782,51.336],[-91.705,51.257],[-91.621,51.261],[-91.655,51.199],[-91.606,51.183],[-91.598,51.161]],[[-90.416,51.092],[-90.373,51.083],[-90.151,51.124],[-90.065,51.124],[-89.785,51.218],[-89.678,51.233],[-89.516,51.291],[-89.463,51.349],[-89.338,51.413],[-89.16,51.436],[-89.151,51.484],[-89.126,51.494],[-89.103,51.53],[-89.068,51.535],[-88.977,51.501],[-88.981,51.464],[-88.968,51.453],[-88.866,51.501],[-88.777,51.569],[-88.64,51.556],[-88.549,51.574],[-88.449,51.492],[-88.382,51.501],[-88.332,51.483],[-88.153,51.466],[-88.088,51.488],[-87.968,51.494],[-87.81,51.436],[-87.79,51.425],[-87.756,51.358],[-87.637,51.33],[-87.615,51.293],[-87.532,51.261],[-87.274,51.272],[-87.126,51.328],[-87.002,51.412],[-86.921,51.418],[-86.872,51.398],[-86.817,51.399],[-86.732,51.427],[-86.732,51.461],[-86.701,51.477],[-86.618,51.513],[-86.486,51.543],[-86.408,51.6],[-86.385,51.637],[-86.376,51.74],[-86.282,51.78],[-86.142,51.762],[-86.111,51.734],[-86.034,51.711],[-85.954,51.637],[-85.48,51.665],[-85.436,51.641],[-85.407,51.593],[-85.342,51.564],[-85.316,51.525],[-85.22,51.494],[-85.179,51.434],[-85.091,51.405],[-85.056,51.358],[-85.041,51.298],[-84.918,51.273],[-84.823,51.199],[-84.597,51.113],[-84.504,51.111],[-84.441,51.143],[-84.4,51.189],[-84.309,51.227],[-83.925,51.309],[-83.672,51.422],[-83.569,51.433],[-83.512,51.482],[-83.384,51.501],[-83.291,51.551],[-83.24,51.654],[-83.185,51.688],[-83.107,51.784],[-82.822,51.933],[-82.567,51.946],[-82.403,52.022],[-82.319,52.102],[-82.055,52.138],[-82.023,52.168],[-81.883,52.194]],[[-91.418,51.069],[-91.422,51.034],[-91.312,51.063]]]}},{"type":"Feature","properties":{"r":6,"n":"Churchill"},"geometry":{"type":"MultiLineString","coordinates":[[[-64.678,53.382],[-64.635,53.383],[-64.641,53.468],[-64.527,53.531],[-64.369,53.512],[-64.166,53.553],[-64.085,53.528],[-63.938,53.524],[-63.768,53.492],[-63.621,53.437],[-63.49,53.355],[-63.359,53.321],[-63.297,53.246],[-63.248,53.224],[-63.021,53.225],[-62.833,53.17],[-62.489,53.181],[-62.392,53.166],[-62.386,53.126],[-62.354,53.128],[-62.232,53.082],[-62.216,52.965],[-62.161,52.923],[-61.808,52.914],[-61.66,52.874],[-61.635,52.89],[-61.621,52.999],[-61.595,53.008],[-61.401,52.985],[-61.353,52.995],[-60.906,53.22],[-60.852,53.26],[-60.818,53.269],[-60.546,53.256],[-60.421,53.269]],[[-64.622,52.891],[-64.617,52.933],[-64.676,53.009],[-64.697,53.084],[-64.682,53.125]]]}},{"type":"Feature","properties":{"r":6,"n":"Taz"},"geometry":{"type":"MultiLineString","coordinates":[[[84.22,62.637],[84.33,62.753],[84.565,62.887],[84.627,62.911],[84.734,62.904],[84.769,62.919],[84.768,62.945],[84.785,62.961],[84.878,62.951],[84.956,63.011],[85.165,63.041],[85.242,63.061],[85.32,63.117],[85.451,63.132],[85.501,63.212],[85.536,63.233],[85.531,63.263],[85.656,63.335],[85.672,63.36],[85.641,63.374],[85.496,63.375],[85.419,63.349],[85.365,63.405],[85.362,63.415],[85.392,63.424],[85.378,63.467],[85.299,63.517],[85.199,63.511],[85.186,63.53],[85.097,63.534],[85.035,63.589],[84.898,63.582],[84.84,63.596],[84.816,63.637],[84.705,63.691],[84.658,63.678],[84.432,63.712],[84.381,63.691],[84.323,63.692],[84.302,63.671],[84.173,63.639],[84.076,63.644],[84.055,63.637],[84.046,63.61],[83.997,63.593],[83.672,63.575],[83.693,63.599],[83.788,63.623],[83.808,63.654],[83.739,63.723],[83.678,63.733],[83.639,63.763],[83.592,63.731],[83.493,63.74],[83.505,63.782],[83.474,63.804],[83.383,63.828],[83.305,63.897],[83.228,63.938],[83.156,63.938],[83.095,63.903],[82.968,63.89],[82.969,63.873],[83.034,63.828],[82.897,63.757],[82.88,63.771],[82.904,63.795],[82.784,63.789],[82.773,63.784],[82.788,63.768],[82.736,63.753],[82.671,63.774],[82.588,63.768],[82.534,63.795],[82.491,63.752],[82.366,63.812],[82.424,63.843],[82.304,63.884],[82.264,63.929],[82.125,63.935],[82.13,63.953],[82.046,64.029],[81.932,64.062],[81.921,64.113],[81.842,64.165],[81.835,64.199],[81.744,64.273],[81.739,64.292],[81.78,64.306],[81.783,64.332],[81.692,64.367],[81.65,64.405],[81.725,64.425],[81.687,64.447],[81.675,64.474],[81.361,64.566],[81.39,64.587],[81.468,64.586],[81.472,64.638],[81.548,64.666],[81.506,64.699],[81.568,64.699],[81.475,64.771],[81.472,64.795],[81.437,64.829],[81.521,64.862],[81.561,64.899],[81.43,64.939],[81.43,65.052],[81.459,65.075],[81.43,65.097],[81.494,65.103],[81.588,65.142],[81.766,65.165],[81.822,65.159],[82.017,65.273],[82.093,65.291],[82.123,65.364],[82.018,65.373],[81.982,65.396],[82,65.419],[81.983,65.434],[82.013,65.495],[82.127,65.469],[82.096,65.506],[82.203,65.578],[82.405,65.634],[82.465,65.676],[82.459,65.692],[82.392,65.711],[82.294,65.782],[82.315,65.814],[82.294,65.87],[82.328,65.912],[82.129,66.028],[82.115,66.076],[82.222,66.168],[82.247,66.21],[82.181,66.227],[82.107,66.221],[82.096,66.231],[82.115,66.275],[82.061,66.317],[82.075,66.344],[82.301,66.392],[82.307,66.417],[82.185,66.446],[82.202,66.469],[82.288,66.497],[82.307,66.525],[82.255,66.575],[82.306,66.643],[82.283,66.683],[82.247,66.709],[82.13,66.745],[82.034,66.823],[81.916,66.877],[81.772,66.972],[81.627,66.974],[81.477,67.003],[81.38,67.043],[81.102,67.092],[81.013,67.054],[80.924,67.084],[80.848,67.087],[80.837,67.115],[80.792,67.125],[80.683,67.104],[80.526,67.104],[80.561,67.05],[80.431,67.093],[80.344,67.101],[80.277,67.141],[80.086,67.097],[79.97,67.152],[79.702,67.178],[79.527,67.237],[79.454,67.245],[79.437,67.255],[79.44,67.3],[79.405,67.311],[79.315,67.286],[79.175,67.335],[79.105,67.384],[78.894,67.431],[78.577,67.581]]]}},{"type":"Feature","properties":{"r":6,"n":"Liao"},"geometry":{"type":"MultiLineString","coordinates":[[[123.554,43.483],[123.603,43.44],[123.634,43.37],[123.629,43.346],[123.574,43.295],[123.54,43.086],[123.515,43.048],[123.527,42.99],[123.59,42.935],[123.602,42.819],[123.561,42.702],[123.579,42.674],[123.609,42.675],[123.65,42.62],[123.694,42.597],[123.684,42.579],[123.762,42.534],[123.767,42.497],[123.801,42.47],[123.794,42.428],[123.808,42.412],[123.863,42.418],[123.897,42.4],[123.895,42.379],[123.799,42.305],[123.757,42.306],[123.739,42.291],[123.707,42.307],[123.648,42.298],[123.623,42.256],[123.588,42.256],[123.557,42.21],[123.384,42.141],[123.352,42.161],[123.249,42.175],[123.196,42.159],[123.161,42.125],[123.09,42.118],[123.052,42.102],[123.033,42.072],[122.96,42.055],[122.972,42.044],[122.925,41.983],[122.931,41.969],[122.89,41.962],[122.925,41.942],[122.914,41.924],[122.855,41.88],[122.863,41.873],[122.83,41.84],[122.784,41.83],[122.759,41.797],[122.787,41.791],[122.766,41.767],[122.774,41.741],[122.744,41.734],[122.739,41.695],[122.691,41.664],[122.704,41.585],[122.644,41.531],[122.622,41.458],[122.656,41.379],[122.642,41.306],[122.477,41.2],[122.398,41.177],[122.389,41.137],[122.415,41.086],[122.409,41.003],[122.342,40.996],[122.335,40.927],[122.323,40.942],[122.314,40.906],[122.278,40.866],[122.204,40.852],[122.18,40.869],[122.177,40.845],[122.11,40.809],[122.115,40.784],[122.191,40.715],[122.258,40.693],[122.21,40.683],[122.165,40.71],[122.156,40.702]]]}},{"type":"Feature","properties":{"r":6,"n":"Yuan"},"geometry":{"type":"MultiLineString","coordinates":[[[113.069,29.388],[113.128,29.463]],[[112.905,29.031],[112.943,29.065],[112.945,29.115],[112.994,29.147]],[[107.505,26.338],[107.493,26.306],[107.5,26.206],[107.595,26.14],[107.656,26.16],[107.713,26.226],[107.719,26.269],[107.804,26.405],[107.807,26.441],[107.779,26.491],[107.79,26.512],[107.862,26.544],[107.875,26.564],[107.936,26.581],[108.028,26.723],[108.153,26.797],[108.181,26.831],[108.238,26.853],[108.312,26.857],[108.352,26.824],[108.396,26.832],[108.396,26.77],[108.417,26.776],[108.43,26.749],[108.497,26.733],[108.497,26.696],[108.519,26.688],[108.519,26.672],[108.581,26.646],[108.581,26.66],[108.625,26.591],[108.703,26.696],[108.763,26.695],[108.759,26.633],[108.821,26.611],[108.869,26.558],[108.905,26.556],[108.924,26.591],[108.94,26.586],[109.033,26.633],[109.067,26.591],[109.101,26.626],[109.129,26.626],[109.191,26.667],[109.215,26.718],[109.26,26.76],[109.307,26.77],[109.39,26.838],[109.369,26.852],[109.381,26.873],[109.454,26.912],[109.444,26.982],[109.458,27.034],[109.41,27.067],[109.414,27.081],[109.468,27.078],[109.486,27.112],[109.52,27.078],[109.536,27.119],[109.591,27.14],[109.626,27.133],[109.664,27.194],[109.679,27.127],[109.732,27.133],[109.752,27.147],[109.747,27.187],[109.763,27.21],[109.896,27.147],[110.003,27.126],[110.014,27.14],[109.996,27.146],[110.055,27.208],[110.087,27.284],[110.136,27.298],[110.125,27.345],[110.193,27.382],[110.278,27.521],[110.292,27.569],[110.27,27.608],[110.273,27.633],[110.294,27.626],[110.329,27.643],[110.325,27.677],[110.358,27.685],[110.377,27.715],[110.337,27.772],[110.379,27.836],[110.379,27.866],[110.342,27.866],[110.325,27.912],[110.244,27.908],[110.25,27.943],[110.287,27.969],[110.146,28.017],[110.136,28.058],[110.102,28.096],[110.143,28.099],[110.14,28.144],[110.165,28.154],[110.157,28.167],[110.205,28.226],[110.171,28.247],[110.164,28.291],[110.233,28.284],[110.322,28.393],[110.39,28.429],[110.363,28.438],[110.403,28.472],[110.403,28.514],[110.445,28.524],[110.452,28.578],[110.515,28.6],[110.506,28.659],[110.667,28.669],[110.791,28.755],[110.972,28.81],[111.003,28.804],[111.013,28.782],[111.081,28.821],[111.092,28.849],[111.12,28.866],[111.144,28.832],[111.205,28.814],[111.222,28.758],[111.339,28.753],[111.368,28.787],[111.405,28.791],[111.425,28.832],[111.463,28.843],[111.467,28.894],[111.493,28.921],[111.532,29.034],[111.562,29.051],[111.586,29.046],[111.591,28.977],[111.603,28.97],[111.631,28.976],[111.665,29.039],[111.697,29.027],[111.699,28.996],[111.718,28.977],[111.795,28.97],[111.815,28.991],[111.801,29.01],[111.823,29.021],[111.901,28.983],[111.987,29.004],[111.993,28.985]]]}},{"type":"Feature","properties":{"r":6,"n":"Rupert"},"geometry":{"type":"MultiLineString","coordinates":[[[-75.263,51.446],[-75.271,51.453],[-75.218,51.498],[-75.25,51.537],[-75.558,51.549],[-75.683,51.531],[-75.864,51.471],[-75.942,51.474],[-75.976,51.453],[-76.024,51.46],[-76.27,51.43],[-76.517,51.35],[-76.613,51.35]],[[-76.821,51.415],[-76.744,51.464],[-76.825,51.48],[-77.088,51.386],[-77.195,51.384],[-77.251,51.405],[-77.382,51.387],[-77.491,51.35],[-77.624,51.35],[-77.826,51.377],[-78.104,51.358],[-78.21,51.386],[-78.379,51.366],[-78.491,51.391],[-78.553,51.445],[-78.69,51.487]],[[-74.818,51.412],[-74.783,51.444],[-74.558,51.467],[-74.513,51.502],[-74.434,51.475],[-74.441,51.46],[-74.422,51.455],[-74.379,51.48],[-74.345,51.467],[-74.31,51.487],[-74.292,51.482],[-74.31,51.433],[-74.299,51.419],[-74.126,51.362],[-74.061,51.386],[-73.913,51.396],[-73.863,51.336],[-73.872,51.302],[-73.834,51.274],[-73.824,51.21],[-73.861,51.138],[-73.873,51.068],[-73.771,51.054],[-73.748,51.063],[-73.783,51.09],[-73.762,51.096],[-73.641,51.078]]]}},{"type":"Feature","properties":{"r":6,"n":"San Joaquin"},"geometry":{"type":"MultiLineString","coordinates":[[[-121.204,37.651],[-121.252,37.696],[-121.238,37.72],[-121.272,37.72],[-121.314,37.96],[-121.378,38.004],[-121.445,38.004]],[[-118.737,37.096],[-118.808,37.203],[-118.932,37.251],[-118.976,37.323],[-119.082,37.355],[-119.191,37.484],[-119.218,37.474],[-119.306,37.358],[-119.336,37.217],[-119.362,37.176],[-119.384,37.162],[-119.443,37.178],[-119.464,37.144],[-119.53,37.14],[-119.534,37.089],[-119.601,37.063]],[[-119.698,37],[-119.74,36.927],[-119.807,36.862],[-119.882,36.855],[-119.933,36.829],[-120.077,36.825],[-120.155,36.789],[-120.257,36.768],[-120.312,36.794],[-120.338,36.786],[-120.374,36.836],[-120.426,36.863],[-120.439,36.929],[-120.56,37.103],[-120.614,37.118],[-120.655,37.152],[-120.711,37.144],[-120.74,37.162],[-120.737,37.193],[-120.791,37.23],[-120.813,37.283],[-120.926,37.323],[-120.97,37.412],[-121.149,37.586],[-121.161,37.626],[-121.204,37.651]]]}},{"type":"Feature","properties":{"r":2,"n":"Ob"},"geometry":{"type":"MultiLineString","coordinates":[[[68.965,66.81],[68.713,66.775],[68.552,66.732],[68.53,66.714],[68.505,66.648],[68.478,66.631],[68.389,66.588],[68.104,66.507],[67.972,66.525],[67.805,66.606],[67.532,66.62],[67.396,66.67],[67.297,66.667],[67.072,66.554],[67.033,66.557],[66.893,66.614],[66.783,66.616],[66.59,66.659],[66.527,66.651],[66.487,66.621],[66.475,66.554],[66.436,66.507],[66.391,66.473],[66.265,66.425],[66.224,66.332],[65.868,66.222],[65.698,66.141],[65.714,66.119],[65.868,66.086],[65.883,66.036],[65.865,65.964],[65.879,65.882],[65.843,65.832],[65.759,65.787],[65.688,65.725],[65.604,65.563],[65.607,65.436],[65.575,65.403],[65.405,65.337],[65.357,65.272],[65.269,65.208],[65.235,65.122],[65.243,65.078],[65.274,65.046],[65.323,65.03],[65.578,65.034],[65.632,65.026],[65.665,65],[65.655,64.959],[65.531,64.933],[65.502,64.907],[65.545,64.846],[65.543,64.82],[65.487,64.734],[65.755,64.634],[65.643,64.59],[65.636,64.565],[65.854,64.454],[65.942,64.342],[65.866,64.272],[65.982,64.232],[66.047,64.128],[65.989,64.122],[65.891,64.139],[65.869,64.124],[65.883,64.089],[65.78,64.071],[65.809,63.986],[65.78,63.948],[65.813,63.91],[65.774,63.886],[65.771,63.868],[65.802,63.828],[65.865,63.791],[65.872,63.768],[65.819,63.757],[65.692,63.781],[65.671,63.769],[65.752,63.687],[65.738,63.622],[65.772,63.55],[65.638,63.494],[65.485,63.478],[65.466,63.457],[65.55,63.382],[65.541,63.367],[65.266,63.272],[65.231,63.244],[65.188,63.125],[65.051,63.026],[65.046,63.007],[65.106,62.961],[65.286,62.904],[65.337,62.868],[65.417,62.772],[65.515,62.719],[65.631,62.688],[65.891,62.494],[65.989,62.471],[66.389,62.428],[66.464,62.384],[66.504,62.313],[66.539,62.288],[66.651,62.286],[67.067,62.228],[67.211,62.171],[67.355,62.063],[67.432,61.912],[67.551,61.814],[67.555,61.728],[67.617,61.661],[67.729,61.624],[67.901,61.609],[68.267,61.489],[68.348,61.438],[68.367,61.398],[68.356,61.35],[68.27,61.248],[68.312,61.193],[68.413,61.161],[68.523,61.097],[68.573,61.089],[68.806,61.087],[68.857,61.124]],[[67.431,66.672],[67.541,66.742],[67.567,66.776],[67.604,66.788],[67.687,66.78],[67.725,66.791],[67.958,66.769],[68.154,66.829],[68.409,66.773],[68.504,66.776],[68.582,66.742]]]}},{"type":"Feature","properties":{"r":6,"n":"Chattahoochee"},"geometry":{"type":"MultiLineString","coordinates":[[[-83.746,34.716],[-83.673,34.695],[-83.624,34.551],[-83.727,34.399],[-83.785,34.365],[-83.817,34.364]],[[-84.076,34.167],[-84.104,34.146],[-84.115,34.066],[-84.268,33.971],[-84.362,34.007],[-84.441,33.917],[-84.461,33.837],[-84.676,33.654],[-84.767,33.623],[-84.809,33.582],[-84.816,33.54],[-84.843,33.51],[-84.946,33.444],[-84.981,33.454],[-85.045,33.396],[-85.1,33.266],[-85.084,33.214],[-85.052,33.202],[-85.064,33.149],[-85.098,33.132],[-85.117,33.077],[-85.176,33.019],[-85.201,32.935],[-85.169,32.863],[-85.168,32.818],[-85.131,32.779],[-85.139,32.77],[-85.118,32.738],[-85.104,32.652],[-85.003,32.523],[-84.967,32.42]],[[-84.967,32.42],[-84.967,32.42]],[[-84.967,32.42],[-84.992,32.337],[-84.898,32.269],[-84.925,32.252],[-84.93,32.222],[-84.972,32.221],[-84.959,32.204],[-85.025,32.18],[-85.065,32.051]],[[-85.067,31.635],[-85.043,31.535],[-85.066,31.472],[-85.056,31.443],[-85.077,31.42],[-85.09,31.306],[-85.11,31.271],[-85.101,31.183],[-85.018,31.087],[-84.994,31.019],[-85.008,30.984],[-84.98,30.964],[-84.966,30.923]],[[-84.876,30.719],[-84.879,30.677],[-85.003,30.522],[-85.016,30.476],[-85.001,30.453],[-85.028,30.436],[-85.052,30.313],[-85.126,30.197],[-85.148,30.123],[-85.131,30.059],[-85.089,30.015],[-85.023,29.981],[-85.008,29.952],[-85.041,29.779],[-84.974,29.751]]]}},{"type":"Feature","properties":{"r":6,"n":"Alabama"},"geometry":{"type":"MultiLineString","coordinates":[[[-85.183,34.259],[-85.253,34.216],[-85.332,34.232],[-85.351,34.26],[-85.386,34.264],[-85.438,34.241],[-85.385,34.212],[-85.405,34.191],[-85.439,34.22],[-85.477,34.204],[-85.552,34.223],[-85.587,34.202],[-85.635,34.218],[-85.755,34.184],[-85.691,34.144],[-85.761,34.137],[-85.748,34.102],[-85.782,34.105],[-85.808,34.131],[-85.853,34.115],[-85.83,34.074],[-85.83,34.053],[-85.847,34.047],[-85.913,34.075],[-85.885,33.999],[-85.987,34.02],[-85.985,33.98],[-85.954,33.945],[-86.059,33.922],[-86.063,33.807],[-86.042,33.773],[-86.131,33.725],[-86.143,33.691],[-86.2,33.692],[-86.167,33.644],[-86.187,33.631],[-86.2,33.588]],[[-86.33,33.444],[-86.378,33.41],[-86.35,33.379],[-86.371,33.345],[-86.371,33.299],[-86.421,33.288],[-86.464,33.248],[-86.46,33.221],[-86.492,33.205],[-86.494,33.184],[-86.46,33.142],[-86.509,33.109],[-86.522,33.032]],[[-86.446,32.812],[-86.37,32.751],[-86.332,32.672],[-86.209,32.559],[-86.211,32.543],[-86.313,32.474],[-86.321,32.448],[-86.303,32.423],[-86.344,32.43],[-86.316,32.389],[-86.394,32.428],[-86.453,32.402],[-86.512,32.348],[-86.605,32.373],[-86.635,32.41],[-86.701,32.361],[-86.733,32.398],[-86.779,32.392],[-86.782,32.341],[-86.807,32.32],[-86.827,32.328],[-86.84,32.411],[-86.831,32.43],[-86.852,32.44],[-86.872,32.436],[-86.882,32.392],[-86.93,32.361],[-87.008,32.41],[-87.073,32.385],[-87.071,32.368],[-87.049,32.375],[-87.015,32.327],[-87.071,32.333],[-87.094,32.276],[-87.153,32.286],[-87.156,32.244],[-87.128,32.214],[-87.096,32.209],[-87.095,32.181],[-87.134,32.163],[-87.18,32.176],[-87.245,32.163],[-87.267,32.122],[-87.236,32.087],[-87.251,32.065],[-87.31,32.06],[-87.327,32.082],[-87.328,32.146],[-87.347,32.156],[-87.399,32.135],[-87.413,32.05],[-87.468,32.021],[-87.475,31.998],[-87.46,31.979],[-87.41,31.969],[-87.385,31.924],[-87.499,31.923],[-87.518,31.894],[-87.523,31.855],[-87.423,31.79],[-87.44,31.751],[-87.554,31.69],[-87.544,31.609],[-87.511,31.572],[-87.529,31.546],[-87.565,31.557],[-87.607,31.522],[-87.573,31.492],[-87.585,31.428],[-87.692,31.416],[-87.725,31.351],[-87.763,31.368],[-87.783,31.33],[-87.769,31.299],[-87.81,31.327],[-87.792,31.284],[-87.827,31.285],[-87.844,31.244],[-87.866,31.243],[-87.876,31.163],[-87.925,31.171],[-87.94,31.16],[-87.961,31.075],[-87.934,31.073],[-87.968,30.98],[-87.941,30.95],[-87.984,30.88],[-87.957,30.83],[-88.001,30.812],[-88.023,30.785],[-87.989,30.761],[-88.002,30.747],[-87.995,30.685]]]}},{"type":"Feature","properties":{"r":6,"n":"Tugaloo"},"geometry":{"type":"MultiLineString","coordinates":[[[-83.356,34.708],[-83.324,34.672],[-83.199,34.609],[-83.168,34.613],[-83.166,34.6]]]}},{"type":"Feature","properties":{"r":6,"n":"Chattooga"},"geometry":{"type":"MultiLineString","coordinates":[[[-83.121,35.076],[-83.134,35.037],[-83.114,34.999],[-83.134,34.942],[-83.308,34.82],[-83.356,34.708]]]}},{"type":"Feature","properties":{"r":6,"n":"Savannah"},"geometry":{"type":"MultiLineString","coordinates":[[[-82.819,34.366],[-82.762,34.293],[-82.729,34.171],[-82.658,34.119],[-82.589,34.017]],[[-82.208,33.664],[-82.174,33.616],[-82.062,33.575],[-81.938,33.476],[-81.917,33.417],[-81.936,33.407],[-81.931,33.361],[-81.88,33.312],[-81.842,33.314],[-81.855,33.3],[-81.831,33.278],[-81.849,33.26],[-81.818,33.225],[-81.777,33.218],[-81.76,33.156],[-81.518,33.039],[-81.492,32.985],[-81.501,32.932],[-81.438,32.848],[-81.403,32.745],[-81.416,32.702],[-81.396,32.673],[-81.406,32.624],[-81.365,32.586],[-81.244,32.53],[-81.228,32.496],[-81.201,32.484],[-81.167,32.355],[-81.132,32.321],[-81.157,32.194],[-81.136,32.135],[-81.078,32.087],[-80.998,32.087],[-80.929,32.04],[-80.891,32.032]]]}},{"type":"Feature","properties":{"r":6,"n":"Rhône"},"geometry":{"type":"MultiLineString","coordinates":[[[8.379,46.579],[8.325,46.527],[8.007,46.338],[7.924,46.319],[7.604,46.327],[7.476,46.29],[7.072,46.128],[7.042,46.158],[7.033,46.2],[6.931,46.334],[6.894,46.348],[6.894,46.375],[6.866,46.403]],[[6.133,46.205],[6.051,46.205],[5.955,46.128],[5.914,46.128],[5.872,46.093],[5.846,46.111],[5.825,46.095],[5.832,45.898],[5.789,45.797],[5.736,45.793],[5.72,45.777],[5.708,45.757],[5.713,45.7],[5.641,45.646],[5.601,45.656],[5.547,45.72],[5.45,45.793],[5.43,45.844],[5.369,45.88],[5.334,45.868],[5.257,45.79],[5.22,45.789],[5.118,45.827],[4.992,45.827],[4.877,45.799],[4.856,45.75],[4.838,45.759],[4.824,45.745],[4.844,45.717],[4.841,45.683],[4.8,45.618],[4.802,45.593],[4.87,45.55],[4.855,45.515],[4.76,45.444],[4.755,45.402],[4.776,45.337],[4.812,45.299],[4.823,45.111],[4.845,45.101],[4.858,45.066],[4.851,45.022],[4.893,44.95],[4.862,44.875],[4.771,44.779],[4.796,44.696],[4.789,44.658],[4.721,44.573],[4.703,44.475],[4.67,44.421],[4.658,44.276],[4.716,44.194],[4.729,44.086],[4.771,44.088],[4.851,44.014],[4.817,44.001],[4.821,43.973],[4.771,43.937],[4.647,43.884],[4.647,43.812],[4.612,43.737],[4.616,43.709]],[[4.617,43.71],[4.616,43.709]],[[4.616,43.709],[4.48,43.7],[4.427,43.634],[4.464,43.618],[4.461,43.606],[4.351,43.545],[4.401,43.453]],[[4.616,43.709],[4.61,43.659],[4.695,43.579]]]}},{"type":"Feature","properties":{"r":6,"n":"Vuoksi"},"geometry":{"type":"MultiLineString","coordinates":[[[28.788,61.204],[28.786,61.158],[28.797,61.138],[28.857,61.109],[28.857,61.074],[29.053,61.005],[29.186,60.893],[29.302,60.878],[29.335,60.862],[29.364,60.821],[29.596,60.717]],[[30.478,60.574],[30.505,60.584],[30.502,60.612],[30.534,60.63]]]}},{"type":"Feature","properties":{"r":6,"n":"Ord"},"geometry":{"type":"MultiLineString","coordinates":[[[128.739,-16.108],[128.688,-16.101],[128.68,-16.084],[128.701,-15.998],[128.749,-15.952],[128.765,-15.877],[128.694,-15.697],[128.713,-15.644],[128.694,-15.576],[128.666,-15.556],[128.635,-15.567],[128.599,-15.553],[128.566,-15.569],[128.536,-15.518],[128.482,-15.575],[128.43,-15.547],[128.425,-15.514],[128.365,-15.525],[128.365,-15.489],[128.31,-15.458],[128.289,-15.402]],[[127.578,-17.623],[127.612,-17.622],[127.697,-17.561],[127.744,-17.573],[127.852,-17.476],[127.929,-17.463],[128.056,-17.471],[128.233,-17.543],[128.334,-17.691],[128.397,-17.709],[128.45,-17.698],[128.523,-17.621],[128.62,-17.588],[128.646,-17.54],[128.75,-17.48],[128.906,-17.287],[128.847,-17.176],[128.848,-17.131],[128.886,-17.091],[128.882,-17.078],[128.769,-17.019],[128.749,-16.985],[128.701,-16.961],[128.686,-16.841],[128.734,-16.789]]]}},{"type":"Feature","properties":{"r":6,"n":"Sutlej"},"geometry":{"type":"MultiLineString","coordinates":[[[76.435,31.422],[76.401,31.429],[76.367,31.402],[76.378,31.339],[76.437,31.243],[76.553,31.171],[76.587,31.079],[76.538,31.059],[76.538,31.005],[76.506,30.978],[76.459,30.971],[76.395,31.012],[76.333,31.005],[76.291,31.019],[76.271,31.005],[76.209,31.019],[76.083,30.991],[76,30.994],[75.923,31.023],[75.83,30.997],[75.606,30.991],[75.539,30.973],[75.396,30.985],[75.233,31.06],[75.198,31.052],[75.177,31.09],[75.119,31.101],[75.126,31.121],[75.033,31.183],[74.836,31.159],[74.762,31.108],[74.708,31.114],[74.601,31.057],[74.519,30.963],[74.441,30.946],[74.401,30.893],[74.319,30.894],[74.3,30.838],[74.256,30.815],[74.266,30.789],[74.191,30.717],[74.163,30.665],[74.067,30.611],[74.057,30.532],[74.004,30.509],[73.939,30.426],[73.9,30.422],[73.906,30.395],[73.867,30.388],[73.845,30.357],[73.77,30.368],[73.665,30.317],[73.59,30.323],[73.54,30.278],[73.418,30.225],[73.341,30.216],[73.344,30.182],[73.297,30.162],[73.28,30.129],[73.233,30.171],[73.212,30.149],[73.226,30.125],[73.139,30.087],[73.053,30.093],[73.034,30.055],[72.933,29.983],[72.923,30.004],[72.888,30.004],[72.834,29.964],[72.768,29.943],[72.728,29.906],[72.636,29.893],[72.618,29.826],[72.474,29.853],[72.362,29.838],[72.346,29.808],[72.282,29.771],[72.25,29.712],[72.196,29.713],[72.173,29.682],[72.184,29.672],[72.148,29.66],[72.166,29.579],[72.065,29.547],[71.984,29.491],[71.913,29.49],[71.919,29.47],[71.901,29.462],[71.806,29.477],[71.789,29.449],[71.764,29.462],[71.72,29.443],[71.693,29.477],[71.668,29.474],[71.59,29.408],[71.597,29.388],[71.514,29.39],[71.494,29.408],[71.483,29.37],[71.467,29.367],[71.44,29.408],[71.388,29.366],[71.364,29.374],[71.35,29.408],[71.323,29.38],[71.302,29.401],[71.316,29.415],[71.271,29.429],[71.218,29.387],[71.185,29.421],[71.145,29.385],[71.11,29.377],[71.097,29.39],[71.022,29.367]],[[81.199,30.852],[81.183,30.896],[81.151,30.919],[80.952,30.978],[80.895,31.035],[80.755,31.125],[80.628,31.121],[80.563,31.096],[80.546,31.066],[80.503,31.048],[80.39,31.069],[80.286,31.114],[80.232,31.159],[80.152,31.186],[80.086,31.26],[80.012,31.291],[79.998,31.306],[80.002,31.343],[79.93,31.402],[79.885,31.471],[79.807,31.498],[79.679,31.487],[79.526,31.51],[79.443,31.553],[79.423,31.587],[79.354,31.633],[79.299,31.635],[79.245,31.673],[79.121,31.697],[79.031,31.686],[78.991,31.649],[78.949,31.661],[78.843,31.805],[78.77,31.808],[78.717,31.847],[78.654,31.825],[78.628,31.765],[78.556,31.751],[78.539,31.718],[78.455,31.675],[78.43,31.634],[78.442,31.6],[78.292,31.6],[78.261,31.521],[78.189,31.512],[77.969,31.572],[77.829,31.564],[77.703,31.505],[77.628,31.447],[77.632,31.401],[77.555,31.389],[77.538,31.354],[77.368,31.359],[77.308,31.276],[77.159,31.241],[77.13,31.241],[76.994,31.307],[76.929,31.368],[76.882,31.369],[76.884,31.415],[76.825,31.429],[76.765,31.409]],[[81.376,30.758],[81.331,30.764],[81.294,30.792]]]}},{"type":"Feature","properties":{"r":6,"n":"Coppermine"},"geometry":{"type":"MultiLineString","coordinates":[[[-114.173,65.638],[-114.156,65.682],[-114.166,65.699],[-114.294,65.721],[-114.392,65.777],[-114.425,65.816],[-114.413,65.922],[-114.444,66.005],[-114.412,66.036],[-114.336,66.058],[-114.281,66.127],[-114.345,66.222],[-114.492,66.321],[-114.652,66.55],[-114.81,66.615],[-114.913,66.632],[-115.047,66.693],[-115.261,66.71],[-115.56,66.785],[-115.707,66.801],[-115.773,66.838],[-115.841,66.845],[-116.235,66.803],[-116.307,66.856],[-116.366,66.933],[-116.348,66.973],[-116.175,67.055],[-116.115,67.108],[-116.103,67.133],[-116.113,67.151],[-116.197,67.186],[-116.224,67.213],[-116.218,67.228],[-115.695,67.216],[-115.615,67.227],[-115.557,67.262],[-115.708,67.317],[-115.723,67.341],[-115.729,67.413],[-115.667,67.448],[-115.653,67.501],[-115.591,67.523],[-115.601,67.577],[-115.528,67.601],[-115.5,67.684],[-115.41,67.729],[-115.112,67.804]],[[-112.318,64.96],[-112.341,64.951],[-112.343,64.899]],[[-111.212,64.583],[-111.231,64.589],[-111.398,64.542],[-111.602,64.576],[-111.605,64.619],[-111.631,64.624],[-111.743,64.617],[-111.822,64.633],[-111.933,64.613],[-111.959,64.617],[-111.945,64.631],[-111.966,64.638]]]}},{"type":"Feature","properties":{"r":2,"n":"Danube"},"geometry":{"type":"MultiLineString","coordinates":[[[17.206,48.061],[17.243,48.041],[17.262,48.009],[17.369,47.981],[17.471,47.889],[17.526,47.872],[17.572,47.83],[17.604,47.834],[17.676,47.789],[17.825,47.75],[18.235,47.754],[18.552,47.793],[18.692,47.778],[18.79,47.827],[18.898,47.824],[18.948,47.803],[19.039,47.83],[19.107,47.803],[19.123,47.775],[19.124,47.693],[19.054,47.54],[19.064,47.478],[19.047,47.426],[18.953,47.357],[18.881,47.19],[18.897,47.09],[18.968,47.033],[18.954,47.005],[18.967,46.917],[18.931,46.877],[18.926,46.835],[18.985,46.776],[19.002,46.709],[18.953,46.656],[18.858,46.615],[18.92,46.499],[18.892,46.378],[18.913,46.331],[18.915,46.195],[18.904,46.173],[18.872,46.183],[18.7,46.045],[18.692,46.019],[18.831,45.896],[18.831,45.875],[18.854,45.859],[18.848,45.81],[18.9,45.765],[18.917,45.707],[18.962,45.683],[18.962,45.66],[18.912,45.619],[18.903,45.573],[18.941,45.539],[19.018,45.568],[19.106,45.512],[19.077,45.492],[19.009,45.499],[19.002,45.456],[19.037,45.423],[18.975,45.395],[19.003,45.366],[19.091,45.35],[19.098,45.32],[19.162,45.285],[19.363,45.248],[19.53,45.267],[19.599,45.228],[19.698,45.247],[19.811,45.228],[19.881,45.282],[19.914,45.269],[19.986,45.19],[20.222,45.175],[20.346,45.073],[20.357,45.034],[20.291,44.977],[20.319,44.934],[20.397,44.865],[20.455,44.84],[20.546,44.84],[20.58,44.857],[20.636,44.849],[20.633,44.765],[20.764,44.668],[20.883,44.673],[20.99,44.717],[21.164,44.748],[21.189,44.778],[21.269,44.814],[21.36,44.827],[21.412,44.785],[21.578,44.778],[21.619,44.714],[21.656,44.688],[21.756,44.678],[21.855,44.699],[21.994,44.659],[22.086,44.522],[22.148,44.501],[22.185,44.515],[22.304,44.678],[22.38,44.701],[22.426,44.734],[22.468,44.73],[22.587,44.65],[22.699,44.631],[22.765,44.583],[22.741,44.552],[22.699,44.542],[22.621,44.569],[22.58,44.566],[22.548,44.512],[22.484,44.5],[22.476,44.464],[22.505,44.435],[22.522,44.375],[22.582,44.329],[22.681,44.306],[22.69,44.229],[22.906,44.123],[23.031,44.093],[23.04,44.063],[23.022,44.032],[22.885,43.995],[22.85,43.897],[22.863,43.856],[22.919,43.834],[23.131,43.848],[23.325,43.887]],[[23.325,43.887],[23.325,43.887]],[[23.325,43.887],[23.484,43.881],[23.636,43.832],[23.742,43.843],[23.799,43.819],[24.159,43.753],[24.358,43.76],[24.466,43.803],[24.705,43.744],[24.963,43.75],[25.081,43.719],[25.252,43.705],[25.359,43.654],[25.403,43.65],[25.556,43.671],[25.671,43.718],[25.781,43.732],[25.934,43.871],[26.054,43.935],[26.116,43.999],[26.31,44.053],[26.753,44.108],[26.884,44.157],[27.027,44.177],[27.1,44.145],[27.226,44.121],[27.292,44.151],[27.461,44.138],[27.569,44.195],[27.733,44.21],[27.789,44.24],[27.967,44.28],[28.048,44.398],[28.11,44.442],[28.086,44.505],[28.004,44.54],[28.021,44.552],[28.031,44.637],[27.978,44.679],[27.898,44.708],[27.877,44.765],[27.829,44.779],[27.815,44.813],[27.879,44.882],[27.894,44.957],[27.877,45.005],[27.952,45.128],[27.938,45.162],[27.942,45.224],[28.018,45.343],[28.034,45.402],[28.107,45.43],[28.185,45.416],[28.202,45.443],[28.237,45.452],[28.286,45.422],[28.281,45.402],[28.31,45.348],[28.353,45.313],[28.577,45.248],[28.747,45.231]]]}},{"type":"Feature","properties":{"r":6,"n":"Atbara"},"geometry":{"type":"MultiLineString","coordinates":[[[35.586,16.004],[35.614,15.956],[35.599,15.921],[35.607,15.884],[35.58,15.858],[35.623,15.704],[35.622,15.62],[35.716,15.49],[35.71,15.463],[35.764,15.406],[35.771,15.319],[35.819,15.271],[35.844,15.209],[35.956,15.1],[35.992,15.019],[35.984,14.969],[35.921,14.964],[35.902,14.936]],[[35.583,16],[35.506,16.095],[35.451,16.231],[35.38,16.27],[35.275,16.417],[35.266,16.531],[35.07,16.772],[34.96,16.934],[34.955,17.027],[34.941,17.048],[34.778,17.113],[34.655,17.228],[34.607,17.254],[34.527,17.261],[34.247,17.409],[34.201,17.468],[34.204,17.533],[34.168,17.586],[33.985,17.666]]]}},{"type":"Feature","properties":{"r":6,"n":"Biya"},"geometry":{"type":"MultiLineString","coordinates":[[[87.392,51.762],[87.359,51.786],[87.238,51.798],[87.105,51.878],[87.105,51.919],[87.077,51.953],[87.136,51.99],[87.094,52.057],[87.099,52.118],[87.084,52.152],[87.091,52.227],[87.126,52.258],[87.114,52.269],[87.043,52.282],[87.036,52.316],[86.938,52.365],[86.902,52.45],[86.764,52.463],[86.727,52.498],[86.616,52.54],[86.558,52.597],[86.461,52.639],[86.342,52.612],[86.356,52.56],[86.31,52.508],[86.189,52.528],[86.147,52.605],[86.058,52.635],[85.954,52.604],[85.951,52.567],[85.903,52.561],[85.755,52.577],[85.71,52.611],[85.494,52.584],[85.454,52.563],[85.286,52.567],[85.169,52.481],[85.099,52.468],[85.056,52.434]]]}},{"type":"Feature","properties":{"r":6,"n":""},"geometry":{"type":"MultiLineString","coordinates":[[[-103.241,56.278],[-103.12,56.229],[-103.186,56.188],[-103.195,56.164],[-103.139,56.092],[-103.145,56.06],[-103.082,56.029],[-103.081,55.993]],[[-103.167,55.874],[-103.188,55.818],[-103.133,55.764],[-103.149,55.752],[-103.147,55.695],[-103.175,55.657],[-103.154,55.578]]]}},{"type":"Feature","properties":{"r":6,"n":"Rainy"},"geometry":{"type":"MultiLineString","coordinates":[[[-90.503,49.329],[-90.541,49.264],[-90.613,49.219],[-90.607,49.178],[-90.582,49.167],[-90.582,49.152],[-90.656,49.065],[-90.696,49.052],[-90.859,49.054],[-90.897,49.034],[-91.057,49.021],[-91.128,48.967],[-91.182,48.888],[-91.27,48.829],[-91.319,48.828]],[[-91.63,48.865],[-91.665,48.829],[-91.669,48.767],[-91.755,48.786],[-92.023,48.746],[-92.072,48.756],[-92.079,48.778],[-92.114,48.798],[-92.169,48.801],[-92.291,48.759],[-92.655,48.678],[-92.779,48.678]],[[-93.377,48.617],[-93.452,48.598],[-93.461,48.558],[-93.493,48.543],[-93.779,48.52],[-93.81,48.544],[-93.837,48.617],[-93.876,48.637],[-94.233,48.652],[-94.293,48.712],[-94.48,48.701],[-94.594,48.727],[-94.703,48.79],[-94.713,48.863]]]}},{"type":"Feature","properties":{"r":6,"n":"Winnipeg"},"geometry":{"type":"MultiLineString","coordinates":[[[-95.989,50.404],[-96.01,50.466],[-96.14,50.53],[-96.166,50.57],[-96.227,50.581],[-96.295,50.625]],[[-94.614,49.993],[-94.663,50.034],[-94.594,50.108],[-94.6,50.147],[-94.691,50.13],[-94.666,50.108],[-94.68,50.089],[-94.738,50.096],[-94.724,50.117],[-94.749,50.131],[-94.732,50.151],[-94.747,50.159],[-94.793,50.137],[-94.993,50.122],[-95.019,50.153],[-95.02,50.199],[-95.147,50.236],[-95.232,50.281],[-95.168,50.324],[-95.215,50.364],[-95.458,50.371],[-95.543,50.332],[-95.554,50.254],[-95.647,50.181],[-95.705,50.199],[-95.767,50.172],[-95.869,50.167],[-95.962,50.137],[-96.025,50.137],[-96.061,50.179],[-96.026,50.283]]]}},{"type":"Feature","properties":{"r":6,"n":"Back"},"geometry":{"type":"MultiLineString","coordinates":[[[-96.995,66.152],[-96.788,66.081],[-96.541,66.072],[-96.393,66.133],[-96.279,66.158],[-96.178,66.229],[-95.931,66.35],[-95.792,66.505],[-95.796,66.54],[-95.83,66.574],[-95.821,66.591]],[[-98.656,65.927],[-98.642,65.892],[-98.581,65.87],[-98.519,65.882],[-98.421,65.937],[-98.288,65.926],[-98.202,65.94],[-98.193,65.914],[-98.16,65.906],[-98.101,65.987],[-98.021,65.992],[-97.939,66.037],[-97.681,65.982],[-97.65,65.945],[-97.617,65.94],[-97.532,65.961],[-97.364,65.942],[-97.267,65.974]],[[-107.979,64.72],[-107.806,64.766],[-107.723,64.829],[-107.702,64.897],[-107.68,64.913],[-107.54,64.954],[-107.504,64.99],[-107.527,65.01],[-107.512,65.028],[-107.378,65.071],[-107.391,65.158],[-107.361,65.217],[-107.423,65.288],[-107.423,65.326],[-107.279,65.406],[-107.23,65.462],[-107.178,65.488],[-107.066,65.495],[-106.879,65.448],[-106.631,65.272],[-106.571,65.252],[-106.135,65.241],[-106.104,65.193],[-105.489,65.119],[-105.362,65.078],[-105.192,65.061],[-105.004,65.083],[-104.915,65.069],[-104.627,65.129],[-104.545,65.159],[-104.442,65.154],[-104.344,65.177],[-104.225,65.177],[-104.125,65.206],[-104.017,65.206],[-103.667,65.288],[-103.671,65.308],[-103.592,65.337],[-103.3,65.413],[-103.287,65.429],[-103.305,65.46],[-103.2,65.515],[-103.208,65.542],[-103.139,65.549],[-103.012,65.599],[-102.619,65.583],[-102.496,65.61],[-102.213,65.607],[-102.184,65.621],[-102.159,65.663],[-102.072,65.699],[-102.167,65.796],[-101.77,65.947]],[[-108.18,64.686],[-108.169,64.692],[-108.09,64.715]],[[-108.828,64.562],[-108.533,64.562]]]}},{"type":"Feature","properties":{"r":6,"n":"South Saskatchewan"},"geometry":{"type":"MultiLineString","coordinates":[[[-116.422,51.667],[-116.396,51.672],[-116.335,51.646],[-116.318,51.626],[-116.312,51.544],[-116.215,51.461],[-116.145,51.431],[-116.092,51.372],[-116.001,51.32],[-115.799,51.256],[-115.706,51.188],[-115.656,51.193],[-115.615,51.178],[-115.539,51.21],[-115.465,51.193],[-115.361,51.105],[-115.26,51.055],[-115.166,51.1],[-115.123,51.096],[-114.963,51.169],[-114.912,51.166],[-114.674,51.248],[-114.621,51.246],[-114.455,51.18],[-114.382,51.175],[-114.321,51.143],[-114.266,51.14],[-114.245,51.112],[-114.196,51.108],[-114.113,51.055],[-114.056,51.044],[-114.015,51.021],[-114.039,50.982],[-114.023,50.939],[-114.002,50.932],[-113.995,50.863],[-113.845,50.846],[-113.777,50.812],[-113.545,50.81],[-113.516,50.795],[-113.451,50.826],[-113.374,50.829],[-113.338,50.856],[-113.304,50.846],[-113.242,50.866],[-113.146,50.845],[-113.144,50.772],[-113.037,50.756],[-112.983,50.759],[-112.944,50.792],[-112.898,50.799],[-112.852,50.771],[-112.758,50.761],[-112.65,50.794],[-112.589,50.761],[-112.543,50.761],[-112.522,50.744],[-112.562,50.734],[-112.514,50.706],[-112.526,50.692],[-112.466,50.633],[-112.378,50.624],[-112.37,50.609],[-112.391,50.572],[-112.364,50.555],[-112.349,50.484],[-112.295,50.425],[-112.223,50.435],[-112.165,50.412],[-112.176,50.336],[-112.151,50.287],[-112.097,50.274],[-112.076,50.206],[-111.966,50.206],[-111.926,50.184],[-111.912,50.206],[-111.896,50.203],[-111.843,50.146],[-111.762,50.13],[-111.678,50.144],[-111.613,50.093],[-111.61,50.062],[-111.576,50.034],[-111.594,50.023],[-111.596,49.982],[-111.652,49.975],[-111.704,49.929]],[[-106.853,51.263],[-106.906,51.309],[-106.969,51.329],[-106.996,51.384],[-107.069,51.429],[-107.06,51.568],[-106.94,51.663],[-106.792,51.727],[-106.782,51.758],[-106.728,51.813],[-106.769,51.972],[-106.713,51.991],[-106.724,52.035],[-106.713,52.076],[-106.608,52.159],[-106.59,52.203],[-106.464,52.287],[-106.402,52.38],[-106.334,52.406],[-106.316,52.457],[-106.155,52.563],[-106.1,52.707],[-106.121,52.727],[-106.128,52.775],[-106.1,52.789],[-106.093,52.817],[-106.038,52.871],[-106.029,52.906],[-105.894,52.906],[-105.744,52.933],[-105.749,52.969],[-105.657,53.017],[-105.525,53.009],[-105.484,53.064],[-105.491,53.111],[-105.443,53.118],[-105.415,53.159],[-105.322,53.156],[-105.247,53.132],[-105.181,53.167],[-105.085,53.189],[-105.069,53.203],[-105.1,53.215],[-105.065,53.24]],[[-111.706,49.931],[-111.704,49.929]],[[-111.704,49.929],[-111.627,49.891],[-111.548,49.918],[-111.463,49.901],[-111.44,49.914],[-111.425,49.967],[-111.372,49.969],[-111.357,50.001],[-111.302,50.034],[-111.15,50.062],[-111.048,50.027],[-111.019,50.036],[-110.961,50.023],[-110.836,50.083],[-110.811,50.055],[-110.743,50.037],[-110.65,50.041],[-110.63,50.069],[-110.658,50.098],[-110.681,50.092],[-110.691,50.114],[-110.661,50.134],[-110.582,50.141],[-110.575,50.199],[-110.65,50.247],[-110.613,50.271],[-110.609,50.287],[-110.637,50.305],[-110.589,50.384],[-110.589,50.438],[-110.575,50.456],[-110.5,50.459],[-110.421,50.417],[-110.39,50.425],[-110.412,50.442],[-110.39,50.487],[-110.394,50.574],[-110.195,50.635],[-110.151,50.672],[-110.116,50.734],[-110.047,50.74],[-110.075,50.795],[-109.992,50.853],[-110.018,50.894],[-109.975,50.907],[-109.928,50.899],[-109.857,50.953],[-109.722,50.932],[-109.681,50.975],[-109.464,50.96],[-109.308,51.008],[-108.965,51.021],[-108.807,50.946],[-108.724,50.963],[-108.612,50.928],[-108.581,50.939],[-108.499,50.918],[-108.454,50.883],[-108.429,50.796],[-108.268,50.677],[-108.186,50.666],[-108.067,50.677],[-108.006,50.658]],[[-111.704,49.929],[-111.706,49.925]]]}},{"type":"Feature","properties":{"r":6,"n":"Nakanbé"},"geometry":{"type":"MultiLineString","coordinates":[[[-2.083,14.01],[-2.07,13.718],[-2.055,13.68],[-2.125,13.528],[-2.063,13.427],[-2.042,13.311],[-2.093,13.226],[-2.099,13.155],[-2.145,13.111],[-2.149,13.081],[-2.09,13.029],[-2.018,13.029],[-1.98,13.071],[-1.876,13.06],[-1.82,13.078],[-1.686,13.064],[-1.644,13.029],[-1.621,13.035],[-1.615,13.017],[-1.589,13.023],[-1.557,12.997],[-1.483,12.99],[-1.453,12.934],[-1.391,12.948],[-1.357,12.988],[-1.285,12.982],[-1.193,12.9],[-1.182,12.819],[-1.153,12.797],[-1.152,12.697],[-1.131,12.674],[-1.154,12.644],[-1.132,12.63],[-1.12,12.669],[-1.102,12.674],[-1.076,12.608],[-1.09,12.578],[-1.07,12.519],[-1.097,12.496],[-1.067,12.476],[-1.06,12.448],[-1.09,12.379],[-1.112,12.367],[-1.097,12.242],[-1.064,12.212],[-1.022,12.088],[-0.899,11.95],[-0.888,11.886],[-0.833,11.882],[-0.796,11.82],[-0.767,11.81],[-0.747,11.708],[-0.795,11.694],[-0.755,11.624],[-0.781,11.584],[-0.72,11.537],[-0.626,11.521],[-0.551,11.478],[-0.52,11.413],[-0.494,11.406],[-0.482,11.38],[-0.52,11.365],[-0.501,11.302],[-0.435,11.194],[-0.367,11.145],[-0.357,11.056],[-0.379,11.03],[-0.37,10.942],[-0.389,10.891],[-0.383,10.832],[-0.356,10.801],[-0.329,10.796],[-0.369,10.747],[-0.336,10.638],[-0.41,10.607],[-0.486,10.621],[-0.519,10.553],[-0.548,10.563],[-0.589,10.543],[-0.642,10.548],[-0.657,10.524],[-0.699,10.515],[-0.687,10.571],[-0.704,10.639],[-0.72,10.652],[-0.785,10.643],[-0.911,10.488],[-0.932,10.484],[-0.905,10.515],[-0.915,10.521],[-1.013,10.534],[-1.049,10.515],[-1.069,10.481],[-1.055,10.467],[-1.07,10.439],[-1.049,10.361],[-1.067,10.327],[-1.021,10.303],[-1.042,10.296],[-1.002,10.228],[-1.028,10.213],[-1.007,10.207],[-1.01,10.188],[-1.09,10.138],[-1.011,10.053],[-0.992,9.952],[-1.001,9.891],[-1.028,9.891],[-0.964,9.796],[-0.946,9.793],[-0.943,9.755],[-0.974,9.706],[-0.966,9.686],[-1.028,9.686],[-1.031,9.704],[-1.062,9.673],[-1.103,9.714],[-1.158,9.706],[-1.16,9.724],[-1.185,9.725],[-1.37,9.624],[-1.395,9.569],[-1.354,9.503],[-1.364,9.453],[-1.35,9.405],[-1.367,9.408],[-1.357,9.385],[-1.24,9.282],[-1.235,9.196],[-1.247,9.172],[-1.152,9.117]]]}},{"type":"Feature","properties":{"r":6,"n":"Kemijoki"},"geometry":{"type":"MultiLineString","coordinates":[[[28.781,68.105],[28.905,68.003],[28.98,67.982],[28.934,67.933],[28.891,67.919],[28.827,67.841],[28.821,67.823],[28.839,67.814],[28.842,67.784],[28.685,67.653],[28.564,67.608],[28.415,67.499],[28.322,67.476],[28.267,67.434],[28.157,67.399],[28.178,67.333],[28.268,67.311],[28.281,67.303],[28.274,67.279],[28.195,67.276],[28.13,67.31],[28.084,67.312],[28.062,67.279],[28.09,67.245],[28.055,67.221],[27.753,67.194],[27.603,67.125],[27.48,67.139],[27.473,67.125],[27.511,67.102],[27.52,67.063],[27.565,67.026],[27.56,67.006],[27.467,66.897],[27.474,66.841],[27.425,66.817],[27.385,66.765]],[[27.359,66.467],[27.363,66.439],[27.312,66.385],[27.201,66.374],[27.15,66.336],[26.154,66.415],[26.088,66.44],[26.116,66.454],[25.991,66.5],[25.801,66.519],[25.725,66.479],[25.636,66.46],[25.573,66.42],[25.433,66.419],[25.379,66.354],[25.369,66.274],[25.382,66.262],[25.351,66.22],[25.303,66.193],[25.121,66.134],[24.827,66.093],[24.791,66.071],[24.794,66.042],[24.737,66.003],[24.711,65.912]]]}},{"type":"Feature","properties":{"r":6,"n":"Vilyuy"},"geometry":{"type":"MultiLineString","coordinates":[[[103.516,65.994],[103.61,66.017],[103.748,66.008],[103.795,65.959],[103.968,65.915],[103.999,65.887],[103.99,65.844],[104.088,65.804],[104.114,65.759],[104.277,65.756],[104.451,65.717],[104.539,65.714],[104.73,65.645],[105.054,65.652],[105.242,65.692],[105.262,65.712],[105.236,65.741],[105.446,65.775],[105.559,65.732],[105.642,65.734],[105.633,65.697],[105.664,65.688],[105.677,65.664],[105.826,65.604],[105.919,65.538],[105.932,65.516],[105.915,65.447],[105.983,65.41],[106.005,65.412],[105.999,65.427],[106.014,65.433],[106.135,65.46],[106.181,65.436],[106.282,65.44],[106.306,65.432],[106.291,65.424],[106.302,65.42],[106.391,65.426],[106.459,65.413],[106.528,65.456],[106.738,65.481],[106.784,65.502],[106.789,65.521],[106.745,65.542],[106.775,65.561],[107.27,65.633],[107.416,65.618],[107.587,65.638],[107.695,65.592],[107.8,65.583],[107.854,65.523],[107.821,65.46],[107.902,65.453],[107.841,65.419],[107.922,65.371],[107.95,65.309],[107.995,65.283],[108.046,65.288],[108.057,65.322],[108.273,65.337],[108.372,65.31],[108.417,65.26],[108.576,65.247],[108.595,65.234],[108.572,65.224],[108.645,65.201],[108.615,65.172],[108.709,65.155],[108.739,65.124],[108.823,65.089],[108.91,65.09],[108.945,65.137],[109.026,65.159],[109.184,65.114],[109.232,65.035],[109.357,65.019],[109.401,64.981],[109.499,64.97],[109.506,64.912],[109.448,64.867],[109.451,64.843],[109.318,64.785],[109.347,64.732],[109.314,64.699],[109.322,64.685],[109.629,64.624],[109.625,64.602],[109.513,64.566],[109.533,64.543],[109.513,64.535],[109.417,64.535],[109.326,64.504],[109.365,64.443],[109.429,64.387],[109.428,64.375],[109.369,64.354],[109.349,64.317],[109.203,64.337],[109.137,64.333],[109.095,64.309],[109.118,64.286],[109.101,64.26],[109.113,64.252],[109.062,64.203],[109.046,64.159],[109.06,64.144],[109.223,64.147],[109.361,64.182],[109.542,64.153],[109.6,64.122],[109.563,64.088],[109.424,64.08],[109.384,64.047],[109.392,63.998],[109.469,63.962],[109.444,63.911],[109.565,63.885],[109.582,63.86],[109.574,63.847],[109.49,63.816],[109.456,63.733],[109.239,63.678],[109.178,63.645],[109.174,63.63],[109.337,63.62],[109.355,63.593],[109.352,63.552],[109.414,63.535],[109.442,63.495],[109.568,63.493],[109.587,63.455]],[[126.43,64.414],[126.414,64.363],[126.429,64.281],[126.418,64.242],[125.986,63.996],[125.816,63.949],[125.357,63.906],[125.276,63.869],[125.18,63.869],[125.056,63.892],[124.981,63.924],[124.756,63.977],[124.632,63.969],[124.609,63.987],[124.616,64.024],[124.588,64.038],[124.363,64.041],[124.238,64.073],[124.007,64.05],[123.737,64.105],[123.665,64.103],[123.592,64.085],[123.554,64.051],[123.256,63.958],[123.179,63.91],[123.095,63.895],[123.003,63.899],[122.857,63.942],[122.711,63.908],[122.515,63.908],[122.369,63.875],[122.233,63.889],[122.099,63.872],[121.855,63.874],[121.725,63.815],[121.615,63.785],[121.261,63.783],[121.168,63.798],[121.089,63.767],[121.058,63.715],[120.92,63.757],[120.768,63.7],[120.751,63.662],[120.714,63.646],[120.598,63.634],[120.543,63.655],[120.489,63.654],[120.46,63.571],[120.497,63.505],[120.463,63.481],[120.355,63.48],[120.042,63.579],[119.929,63.591],[119.741,63.571],[119.58,63.521],[119.234,63.517],[119.12,63.478],[119.016,63.472],[118.907,63.49],[118.842,63.451],[118.868,63.421],[118.927,63.399],[118.911,63.367],[118.867,63.349],[118.767,63.347],[118.6,63.296],[118.332,63.295],[118.205,63.25],[118.092,63.281],[117.832,63.253],[117.782,63.224],[117.688,63.202],[117.579,63.123],[117.536,63.05],[117.512,62.905],[117.442,62.828],[117.502,62.769],[117.418,62.706],[117.444,62.657],[117.414,62.544],[117.421,62.528],[117.558,62.478],[117.519,62.41],[117.534,62.371],[117.52,62.346],[117.627,62.294],[117.627,62.273],[117.733,62.208],[117.731,62.188],[117.647,62.13],[117.663,62.105],[117.643,62.078],[117.546,62.116],[117.455,62.048],[117.462,62.027],[117.448,62.013],[117.354,61.999],[117.257,61.948],[117.175,61.929],[116.763,61.982],[116.65,61.972],[116.641,61.978],[116.653,62.004],[116.455,62.007],[116.423,62.017],[116.395,62.064],[116.25,62.085],[116.211,62.122],[116.113,62.163],[116.172,62.259],[116.164,62.273],[116.104,62.306],[115.967,62.318],[115.87,62.36],[115.755,62.37],[115.725,62.387],[115.723,62.399],[115.777,62.432],[115.722,62.478],[115.756,62.511],[115.758,62.558],[115.777,62.586],[115.653,62.596],[115.536,62.577],[115.45,62.625],[115.368,62.635],[115.303,62.719],[115.382,62.795],[115.313,62.819],[115.208,62.822],[115.221,62.872],[115.294,62.936],[115.242,63],[115.066,63.06],[115.002,63.044],[114.961,63.003],[114.918,62.992],[114.81,62.997],[114.706,63.029],[114.615,63.096],[114.618,63.122],[114.68,63.166],[114.645,63.192],[114.244,63.13],[114.159,63.14],[114.096,63.205],[114.022,63.206],[113.947,63.165],[113.922,63.177],[113.907,63.219],[113.7,63.254],[113.454,63.096],[113.499,63.093],[113.517,63.084],[113.515,63.068],[113.317,63.057],[113.273,63.04],[113.255,63.003],[113.268,62.994],[113.395,62.997],[113.402,62.985],[113.368,62.948],[113.434,62.916],[113.454,62.89],[113.402,62.838],[113.362,62.822],[113.318,62.824],[113.269,62.849],[113.238,62.886],[113.236,62.945],[113.21,62.972],[112.998,62.996],[112.959,63.02],[112.981,63.052],[112.973,63.064],[112.891,63.066],[112.799,63.041],[112.763,63.003],[112.815,62.957],[112.762,62.938],[112.48,63.02]]]}},{"type":"Feature","properties":{"r":2,"n":"Ideriyn"},"geometry":{"type":"MultiLineString","coordinates":[[[98.007,47.999],[97.931,47.992],[97.823,48.041],[97.655,48.047],[97.617,48.075],[97.555,48.079],[97.511,48.107],[97.496,48.14],[97.397,48.163],[97.392,48.225],[97.46,48.318],[97.438,48.475],[97.514,48.54],[97.542,48.594],[97.719,48.702],[97.802,48.74],[97.982,48.769],[98.01,48.769],[98.022,48.744],[98.103,48.726],[98.206,48.74],[98.645,48.732],[98.717,48.717],[98.795,48.727],[99.147,48.625],[99.307,48.608],[99.365,48.623],[99.433,48.693],[99.913,48.847],[99.963,48.885],[100.067,48.923],[100.238,48.959],[100.227,48.985],[100.275,49.012],[100.394,49.02],[100.433,49.075],[100.473,49.059],[100.59,49.078],[100.598,49.101],[100.682,49.159],[100.7,49.263]]]}},{"type":"Feature","properties":{"r":6,"n":"Han"},"geometry":{"type":"MultiLineString","coordinates":[[[106.398,33.068],[106.473,33.115],[106.666,33.144],[106.7,33.122],[106.864,33.136],[107.016,33.038],[107.059,33.034],[107.073,33.012],[107.114,33.047],[107.156,33.047],[107.188,33.089],[107.323,33.101],[107.358,33.136],[107.421,33.137],[107.535,33.215],[107.547,33.191],[107.624,33.187],[107.645,33.171],[107.735,33.177],[107.779,33.156],[107.833,33.192],[107.864,33.243],[107.889,33.244],[107.956,33.206],[107.937,33.134],[107.955,33.123],[107.957,33.081],[107.978,33.087],[108.048,33.037],[108.101,33.047],[108.22,33.032],[108.275,33.006],[108.275,32.971],[108.245,32.916],[108.259,32.882],[108.238,32.839],[108.252,32.828],[108.286,32.834],[108.286,32.8],[108.313,32.77],[108.438,32.724],[108.396,32.704],[108.417,32.662],[108.439,32.666],[108.472,32.633],[108.448,32.599],[108.498,32.567],[108.523,32.529],[108.602,32.505],[108.622,32.485],[108.682,32.505],[108.697,32.492],[108.758,32.537],[108.774,32.566],[108.76,32.608],[108.778,32.615],[108.78,32.635],[108.8,32.608],[108.819,32.618],[108.852,32.587],[108.856,32.61],[108.89,32.612],[108.903,32.643],[108.996,32.656],[109.033,32.711],[109.086,32.724],[109.134,32.784],[109.298,32.748],[109.335,32.759],[109.389,32.838],[109.412,32.845],[109.403,32.868],[109.439,32.86],[109.514,32.884],[109.534,32.909],[109.566,32.883],[109.602,32.916],[109.65,32.905],[109.718,32.948],[109.739,32.937]],[[109.739,32.93],[109.81,32.893],[109.899,32.914],[109.993,32.889],[110.096,32.841],[110.124,32.813],[110.215,32.813],[110.274,32.79],[110.398,32.858],[110.412,32.856],[110.403,32.834],[110.418,32.83],[110.462,32.841],[110.507,32.813],[110.592,32.83],[110.589,32.807],[110.617,32.821],[110.637,32.793],[110.705,32.8],[110.685,32.821],[110.746,32.862],[110.824,32.815],[110.866,32.834],[110.902,32.811],[110.993,32.807],[110.958,32.781],[111,32.741]],[[111.478,32.568],[111.492,32.53],[111.548,32.485],[111.644,32.434],[111.665,32.402],[111.633,32.349],[111.637,32.327],[111.699,32.265],[111.694,32.224],[111.801,32.135],[111.827,32.079],[111.953,32.095],[111.993,32.083],[112.027,32.046],[112.193,32.022],[112.193,31.991],[112.164,31.952],[112.22,31.884],[112.177,31.797],[112.268,31.738],[112.337,31.724],[112.37,31.692],[112.407,31.607],[112.452,31.55],[112.439,31.484],[112.452,31.443],[112.402,31.358],[112.405,31.334],[112.5,31.242],[112.568,31.215],[112.548,31.152],[112.584,31.086],[112.518,31.101],[112.508,31.063],[112.567,30.941],[112.578,30.877],[112.679,30.833],[112.63,30.823],[112.65,30.783],[112.596,30.676],[112.624,30.658],[112.72,30.652],[112.679,30.621],[112.693,30.552],[112.771,30.587],[112.816,30.518],[112.875,30.496],[112.882,30.556],[112.918,30.573],[112.97,30.524],[113.063,30.518],[113.063,30.478],[113.107,30.483],[113.124,30.442],[113.166,30.45],[113.196,30.429],[113.289,30.429],[113.467,30.395],[113.501,30.408],[113.546,30.473],[113.607,30.512],[113.647,30.586],[113.748,30.628],[113.789,30.6],[113.83,30.621],[113.834,30.6],[113.817,30.587],[113.83,30.575],[113.852,30.603],[113.841,30.648],[113.92,30.633],[113.941,30.679],[113.996,30.625],[114.027,30.617],[114.032,30.593],[114.171,30.598],[114.29,30.566]]]}},{"type":"Feature","properties":{"r":6,"n":"Mahäna Nadï"},"geometry":{"type":"MultiLineString","coordinates":[[[83.857,21.52],[83.934,21.492],[83.98,21.432],[83.975,21.39],[83.897,21.308],[83.909,21.205],[83.83,21.055],[83.833,20.931],[83.965,20.836],[84.048,20.814],[84.206,20.89],[84.291,20.877],[84.313,20.868],[84.33,20.8],[84.365,20.757],[84.544,20.724],[84.708,20.629],[84.781,20.521],[84.895,20.518],[85.016,20.439],[85.169,20.378],[85.233,20.396],[85.277,20.363],[85.344,20.357],[85.397,20.382],[85.504,20.379],[85.645,20.458],[85.682,20.437],[85.724,20.437],[85.772,20.471],[85.865,20.446],[85.957,20.365],[86.011,20.367],[86.063,20.261],[86.145,20.212],[86.159,20.143]],[[80.625,20.599],[80.638,20.646],[80.615,20.698],[80.632,20.753],[80.755,20.785],[80.897,21.004],[81.031,21.065],[81.088,21.054],[81.135,21.096],[81.232,21.102],[81.245,21.175],[81.236,21.229],[81.266,21.239],[81.31,21.36],[81.363,21.42],[81.356,21.487],[81.389,21.574],[81.423,21.587],[81.427,21.615],[81.519,21.613],[81.593,21.64],[81.609,21.596],[81.674,21.576],[81.69,21.586],[81.697,21.63],[81.669,21.662],[81.718,21.702],[81.701,21.758],[81.879,21.782],[81.972,21.856],[82.044,21.89],[82.109,21.849],[82.17,21.852],[82.199,21.775],[82.277,21.76],[82.325,21.719],[82.444,21.754],[82.503,21.74],[82.531,21.754],[82.578,21.729],[82.674,21.719],[82.695,21.733],[82.756,21.72],[82.806,21.735],[82.852,21.703],[83.017,21.735],[83.079,21.711],[83.116,21.727],[83.3,21.695]]]}},{"type":"Feature","properties":{"r":6,"n":"Pit"},"geometry":{"type":"MultiLineString","coordinates":[[[-120.429,41.709],[-120.415,41.608],[-120.471,41.517],[-120.509,41.488],[-120.542,41.476],[-120.589,41.502],[-120.679,41.474],[-120.737,41.428],[-120.837,41.448],[-120.944,41.406],[-120.984,41.429],[-121.026,41.376],[-121.117,41.37],[-121.115,41.256],[-121.142,41.184],[-121.11,41.048],[-121.142,41.027],[-121.17,40.962],[-121.192,40.95],[-121.251,40.984],[-121.279,41.043],[-121.315,41.059],[-121.401,41.037],[-121.444,40.99],[-121.482,41.004],[-121.536,40.991],[-121.653,41.031],[-121.745,41.009],[-121.8,40.968],[-121.917,41.037],[-121.978,40.97],[-121.973,40.925],[-121.944,40.878],[-122.026,40.817],[-122.048,40.827],[-122.095,40.784]]]}},{"type":"Feature","properties":{"r":6,"n":"Sassandra"},"geometry":{"type":"MultiLineString","coordinates":[[[-7.167,9.714],[-7.209,9.647],[-7.23,9.569],[-7.208,9.498],[-7.201,9.39],[-7.236,9.305],[-7.195,9.145],[-7.23,9.145],[-7.223,9.117],[-7.261,9.069],[-7.258,9.013],[-7.23,8.987],[-7.236,8.952]],[[-7.236,8.945],[-7.21,8.929],[-7.23,8.87],[-7.208,8.853],[-7.189,8.788],[-7.23,8.624],[-7.209,8.619],[-7.223,8.61],[-7.192,8.561],[-7.158,8.37],[-7.113,8.323],[-7.127,8.309],[-7.137,8.243],[-7.106,8.178],[-7.112,8.159],[-7.093,8.116],[-7.106,8.052],[-7.072,7.958],[-7.106,7.874],[-7.072,7.719],[-7.079,7.678],[-7.055,7.609],[-7.022,7.616],[-6.983,7.589],[-6.983,7.569],[-7.024,7.538],[-7.006,7.445],[-7.043,7.428],[-7.086,7.366],[-7.069,7.274],[-7.079,7.171],[-7.041,7.079],[-7.042,7.042]],[[-7.045,6.253],[-7.047,6.223],[-7.014,6.218],[-6.866,6.136],[-6.815,6.055],[-6.686,5.987],[-6.68,5.972],[-6.746,5.931],[-6.73,5.883],[-6.702,5.883],[-6.696,5.817],[-6.617,5.79],[-6.551,5.656],[-6.521,5.639],[-6.518,5.574],[-6.43,5.503],[-6.373,5.43],[-6.37,5.393],[-6.332,5.382],[-6.329,5.345],[-6.287,5.324],[-6.27,5.28],[-6.241,5.283],[-6.268,5.228],[-6.224,5.206],[-6.207,5.054],[-6.144,5.028],[-6.112,4.979],[-6.064,4.957]]]}},{"type":"Feature","properties":{"r":4,"n":"Nelson"},"geometry":{"type":"MultiLineString","coordinates":[[[-94.779,56.394],[-94.512,56.388],[-94.199,56.429],[-94.098,56.515],[-93.913,56.575],[-93.873,56.625],[-93.765,56.7],[-93.519,56.812],[-93.435,56.894],[-93.388,56.908],[-93.149,56.922],[-92.882,56.915]],[[-95.842,56.291],[-95.667,56.332],[-95.595,56.319],[-95.431,56.339]],[[-97.254,55.236],[-97.096,55.235],[-97.014,55.253],[-96.952,55.284],[-96.773,55.449],[-96.755,55.586],[-96.598,55.824],[-96.551,55.928],[-96.534,56.021],[-96.553,56.063]],[[-97.901,54.705],[-97.9,54.741],[-97.941,54.742],[-97.947,54.754],[-97.932,54.797],[-98.011,54.803],[-98.034,54.835],[-98.007,54.859],[-98.027,54.886],[-98.01,54.91],[-97.946,54.948]],[[-97.74,54.091],[-97.673,54.134],[-97.652,54.178],[-97.595,54.215],[-97.546,54.292],[-97.556,54.31],[-97.592,54.313],[-97.602,54.353],[-97.638,54.4],[-97.575,54.475],[-97.575,54.516],[-97.791,54.571]]]}},{"type":"Feature","properties":{"r":6,"n":"Vorma"},"geometry":{"type":"MultiLineString","coordinates":[[[12.028,60.525],[12.064,60.482],[12.024,60.467],[12.039,60.433],[12.024,60.395],[12.043,60.364],[12.011,60.323],[12.031,60.258],[12.001,60.199],[11.888,60.204],[11.837,60.229],[11.698,60.248],[11.559,60.182],[11.469,60.165],[11.441,60.114],[11.374,60.083],[11.134,59.912]],[[11.216,59.652],[11.183,59.654],[11.097,59.588],[11.101,59.567],[11.211,59.504],[11.218,59.485]],[[11.17,59.389],[11.136,59.305],[11.156,59.293],[11.132,59.27],[11.029,59.255],[10.936,59.183]]]}},{"type":"Feature","properties":{"r":6,"n":"Don"},"geometry":{"type":"MultiLineString","coordinates":[[[39.101,52.015],[39.109,52.06],[39.168,52.064],[39.17,52.084],[39.139,52.121],[39.15,52.145],[39.056,52.188],[38.937,52.282],[39.026,52.301],[39.02,52.312],[38.985,52.33],[38.813,52.337],[38.771,52.372],[38.851,52.357],[38.892,52.368],[38.909,52.445],[38.933,52.462],[38.888,52.539],[38.944,52.645],[38.903,52.673],[38.9,52.722],[38.944,52.748],[38.965,52.783],[39.019,52.803],[38.971,52.851],[39.026,52.858],[39.003,52.884],[39.129,52.947],[39.088,52.968],[39.143,52.987],[39.157,53.011],[39.185,53.105],[39.125,53.143],[39.118,53.195],[39.165,53.222],[39.134,53.293],[39.147,53.377],[39.126,53.417],[39.15,53.44],[39.044,53.477],[38.998,53.474],[38.991,53.488],[39.026,53.516],[39.033,53.553],[38.986,53.584],[38.846,53.591],[38.806,53.611],[38.779,53.653],[38.67,53.673],[38.596,53.719],[38.526,53.721],[38.505,53.756],[38.546,53.852],[38.474,53.892],[38.45,53.918],[38.44,53.966],[38.306,54.064]],[[43.549,49.507],[43.491,49.507],[43.453,49.48],[43.353,49.494],[43.323,49.48],[43.295,49.384],[43.225,49.368],[43.122,49.311],[43.078,49.364],[43.015,49.364],[43.028,49.408],[43.018,49.428],[42.932,49.419],[42.843,49.456],[42.822,49.48],[42.774,49.486],[42.799,49.525],[42.781,49.552],[42.785,49.581],[42.762,49.592],[42.661,49.562],[42.596,49.589],[42.494,49.576],[42.268,49.605],[42.104,49.596],[42.004,49.623],[41.925,49.582],[41.887,49.598],[41.829,49.582],[41.749,49.593],[41.71,49.621],[41.654,49.61],[41.511,49.626],[41.336,49.576],[41.247,49.62],[41.246,49.65],[41.302,49.657],[41.233,49.719],[41.212,49.76],[41.072,49.798],[40.925,49.802],[40.94,49.823],[40.91,49.905],[40.828,49.935],[40.829,49.973],[40.805,49.982],[40.705,49.925],[40.626,49.935],[40.619,49.948],[40.643,49.98],[40.548,50.058],[40.541,50.103],[40.513,50.104],[40.454,50.167],[40.414,50.168],[40.385,50.138],[40.418,50.086],[40.363,50.055],[40.246,50.103],[40.112,50.075],[39.999,50.089],[39.987,50.114],[40.02,50.143],[40.045,50.213],[40.03,50.243],[39.971,50.287],[39.971,50.314],[40.01,50.337],[40.061,50.425],[40.094,50.439],[40.027,50.468],[40.04,50.507],[39.862,50.583],[39.914,50.6],[39.922,50.629],[39.862,50.63],[39.752,50.713],[39.748,50.751],[39.773,50.795],[39.856,50.802],[39.766,50.898],[39.786,50.918],[39.76,50.933],[39.801,50.98],[39.636,50.946],[39.294,51.001],[39.255,50.971],[39.143,51.001],[39.15,51.021],[39.126,51.054],[39.144,51.095],[39.273,51.138],[39.294,51.158],[39.255,51.192],[39.167,51.218],[39.168,51.244],[39.205,51.296],[39.157,51.282],[39.171,51.331],[39.09,51.352],[39.063,51.392],[39.033,51.405],[39.033,51.44],[39.012,51.462],[39.075,51.522],[38.999,51.583],[39.051,51.64],[39.03,51.706],[39.075,51.747],[39.066,51.776],[39.153,51.909],[39.106,51.952],[39.101,52.008]],[[42.11,47.602],[41.983,47.546],[41.862,47.562],[41.844,47.586],[41.795,47.583],[41.722,47.603],[41.514,47.602],[41.463,47.616],[41.434,47.612],[41.36,47.557],[41.284,47.561],[41.24,47.546],[41.175,47.583],[41.017,47.55],[41.009,47.614],[40.985,47.618],[40.78,47.534],[40.636,47.525],[40.476,47.46],[40.444,47.387],[40.219,47.226],[40.144,47.232],[40.062,47.213],[40.006,47.233],[39.926,47.212],[39.793,47.213],[39.58,47.17],[39.53,47.136],[39.411,47.102],[39.378,47.111]]]}},{"type":"Feature","properties":{"r":6,"n":"Gan"},"geometry":{"type":"MultiLineString","coordinates":[[[114.413,24.707],[114.502,24.709],[114.522,24.746],[114.575,24.767],[114.626,24.831],[114.707,24.875],[114.728,24.872],[114.749,24.913],[114.769,24.904],[114.765,24.964],[114.785,25.018],[114.779,25.056],[114.741,25.101],[114.817,25.138],[114.887,25.157],[114.906,25.149],[114.899,25.194],[114.869,25.23],[114.865,25.266],[114.899,25.304],[114.879,25.338],[114.92,25.358],[114.925,25.388],[114.956,25.402],[114.954,25.461],[115.004,25.505],[115.003,25.622],[115.084,25.706],[115.111,25.851],[115.08,25.892],[115.023,25.894],[115.007,25.859],[114.984,25.851],[114.954,25.857],[114.93,25.884],[114.941,25.94],[114.908,25.947],[114.897,25.966],[114.918,26.021],[114.954,26.057],[114.958,26.091],[114.893,26.132],[114.925,26.207],[114.954,26.215],[114.92,26.276],[114.924,26.306],[114.786,26.447],[114.684,26.52],[114.676,26.56],[114.804,26.676],[114.838,26.776],[114.941,26.794],[115.003,26.825],[115.01,26.862],[114.972,26.921],[114.982,26.955],[115.037,27.006],[115.03,27.028],[114.982,27.064],[114.975,27.109],[115.11,27.228],[115.115,27.302],[115.063,27.451],[115.112,27.469],[115.136,27.535],[115.181,27.566],[115.221,27.633],[115.33,27.695],[115.425,27.875],[115.44,27.977],[115.483,28.056],[115.533,28.08],[115.622,28.159],[115.773,28.198],[115.799,28.239],[115.833,28.248],[115.865,28.284],[115.842,28.393],[115.82,28.419],[115.824,28.511],[115.797,28.565],[115.816,28.629],[115.982,28.853],[116.027,28.974],[116.023,29.038],[115.997,29.106],[116.002,29.209],[115.982,29.279]]]}},{"type":"Feature","properties":{"r":6,"n":"Krishna"},"geometry":{"type":"MultiLineString","coordinates":[[[73.796,17.992],[73.856,17.976],[73.931,17.91],[73.983,17.805],[74.036,17.765],[74.054,17.686],[74.125,17.642],[74.139,17.615],[74.143,17.542],[74.09,17.491],[74.091,17.47],[74.108,17.392],[74.21,17.282],[74.193,17.235],[74.222,17.197],[74.188,17.176],[74.203,17.154],[74.269,17.129],[74.297,17.134],[74.304,17.107],[74.336,17.12],[74.366,17.101],[74.36,17.077],[74.379,17.032],[74.42,17.048],[74.445,17.04],[74.461,17.011],[74.448,16.993],[74.551,16.881],[74.533,16.856],[74.552,16.83],[74.623,16.804],[74.646,16.769],[74.695,16.744],[74.616,16.72],[74.605,16.7],[74.635,16.659],[74.681,16.634],[74.631,16.617],[74.678,16.569],[74.793,16.598],[74.806,16.651],[74.89,16.669],[74.916,16.635],[74.935,16.634],[74.983,16.675],[75.105,16.511],[75.16,16.552],[75.16,16.606],[75.188,16.628],[75.217,16.627],[75.263,16.593],[75.284,16.604],[75.318,16.586],[75.36,16.602],[75.4,16.538],[75.452,16.515],[75.44,16.425],[75.476,16.433],[75.517,16.47],[75.568,16.429],[75.641,16.446],[75.708,16.415],[75.722,16.381],[75.786,16.349],[75.851,16.359],[75.912,16.322],[75.995,16.306],[76.053,16.272],[76.058,16.223],[76.08,16.198],[76.202,16.182],[76.281,16.155],[76.383,16.253],[76.477,16.251],[76.552,16.336],[76.613,16.346],[76.762,16.434],[76.809,16.42],[76.846,16.438],[76.875,16.484],[76.967,16.512],[76.99,16.565],[77.018,16.51],[77.052,16.519],[77.135,16.482],[77.165,16.442],[77.394,16.381],[77.493,16.378],[77.572,16.348],[77.646,16.352],[77.735,16.327],[77.898,16.22],[77.953,16.123],[78.072,16.025],[78.128,16.004],[78.176,15.949],[78.244,15.976],[78.256,16.006],[78.244,16.039],[78.3,16.023],[78.4,16.083],[78.5,16.094],[78.56,16.057],[78.646,16.072],[78.734,16.03],[78.791,16.035],[78.839,16.067],[78.847,16.151],[78.898,16.143],[78.923,16.19],[78.997,16.23]],[[79.313,16.579],[79.418,16.59],[79.504,16.642],[79.551,16.63],[79.594,16.669],[79.721,16.689],[79.772,16.727],[79.826,16.692],[79.882,16.703],[79.91,16.631],[79.958,16.63],[80.043,16.739],[80.073,16.823],[80.098,16.82],[80.136,16.751],[80.14,16.658],[80.192,16.612],[80.272,16.58],[80.314,16.587],[80.391,16.566],[80.403,16.584],[80.47,16.592],[80.683,16.436],[80.718,16.357],[80.817,16.264],[80.839,16.164],[80.869,16.107],[80.883,16.014]]]}},{"type":"Feature","properties":{"r":2,"n":"Selenga"},"geometry":{"type":"MultiLineString","coordinates":[[[106.585,52.159],[106.526,52.178],[106.503,52.243],[106.47,52.259],[106.497,52.383]],[[106.585,52.159],[106.564,52.24],[106.58,52.261],[106.752,52.316]],[[106.587,52.159],[106.585,52.159]],[[100.7,49.263],[100.955,49.303],[101.087,49.359],[101.174,49.422],[101.304,49.422],[101.353,49.463],[101.445,49.459],[101.543,49.422],[101.588,49.388],[102.018,49.4],[102.191,49.341],[102.29,49.355],[102.46,49.346],[102.711,49.396],[102.748,49.378],[102.777,49.389],[102.818,49.352],[102.874,49.396],[103.062,49.342],[103.212,49.341],[103.243,49.321],[103.297,49.321],[103.33,49.35],[103.397,49.341],[103.569,49.366],[103.925,49.488],[104.274,49.471],[104.482,49.586],[104.545,49.637],[104.693,49.681],[104.818,49.69],[104.846,49.71],[104.898,49.698],[105.011,49.754],[105.135,49.756],[105.207,49.824],[105.415,49.859],[105.45,49.906],[105.504,49.939],[105.744,50.02],[105.773,50.039],[105.799,50.1],[105.831,50.122],[105.965,50.145],[106.155,50.254],[106.128,50.312],[106.077,50.352],[106.059,50.416],[106.082,50.463],[106.138,50.501],[106.282,50.538],[106.285,50.554],[106.237,50.589],[106.236,50.621],[106.301,50.679],[106.313,50.713],[106.293,50.813],[106.265,50.863],[106.312,50.951],[106.354,50.96],[106.448,51.018],[106.638,51.044],[106.659,51.059],[106.69,51.124],[106.805,51.23],[106.991,51.317],[106.997,51.384],[107.063,51.444],[107.169,51.506],[107.33,51.532],[107.364,51.573],[107.368,51.617],[107.412,51.693],[107.438,51.7],[107.484,51.755],[107.545,51.782],[107.573,51.828],[107.496,51.894],[107.489,51.978],[107.519,52.048],[107.471,52.138],[107.443,52.151],[107.068,52.126],[106.848,52.043],[106.794,52.036],[106.631,52.111],[106.585,52.159]]]}},{"type":"Feature","properties":{"r":6,"n":"Skeena"},"geometry":{"type":"MultiLineString","coordinates":[[[-128.57,57.079],[-128.474,57.043],[-128.398,56.983],[-128.317,56.951],[-128.235,56.875],[-128.024,56.825],[-127.707,56.653],[-127.612,56.592],[-127.508,56.462],[-127.508,56.442],[-127.362,56.339],[-127.45,56.272],[-127.651,56.278],[-127.727,56.308],[-127.821,56.297],[-127.919,56.256],[-127.968,56.205],[-127.953,56.128],[-127.967,56.107],[-127.964,56.059],[-127.912,56.023],[-127.865,55.942],[-127.885,55.87],[-127.944,55.838],[-127.96,55.791],[-127.922,55.766],[-127.685,55.744],[-127.674,55.726],[-127.748,55.674],[-127.757,55.652],[-127.736,55.638],[-127.72,55.576],[-127.697,55.549],[-127.627,55.501],[-127.607,55.42],[-127.685,55.359],[-127.665,55.323],[-127.684,55.294],[-127.684,55.246],[-127.757,55.205],[-127.813,55.134],[-127.978,55.137],[-128.078,55.106],[-128.175,55.101],[-128.303,55.041],[-128.372,54.99],[-128.379,54.9],[-128.29,54.832],[-128.266,54.778],[-128.41,54.65],[-128.443,54.577],[-128.53,54.551],[-128.575,54.516],[-128.694,54.516],[-128.753,54.474],[-128.892,54.424],[-128.994,54.431],[-129.21,54.349],[-129.384,54.308],[-129.443,54.256],[-129.484,54.242]]]}},{"type":"Feature","properties":{"r":6,"n":"Liard"},"geometry":{"type":"MultiLineString","coordinates":[[[-131.373,61.204],[-131.347,61.154],[-131.344,61.076],[-131.313,61.032],[-131.213,61.03],[-131.065,61.091],[-130.928,61.049],[-130.569,60.869],[-130.508,60.798],[-130.283,60.745],[-130.188,60.749],[-129.97,60.664],[-129.913,60.621],[-129.941,60.601],[-129.775,60.566],[-129.753,60.506],[-129.547,60.417],[-129.517,60.379],[-129.523,60.368],[-129.468,60.334],[-129.165,60.272],[-129.091,60.236],[-129.058,60.192],[-128.982,60.158],[-128.976,60.14],[-128.94,60.135],[-128.942,60.115],[-128.905,60.069],[-128.824,60.032],[-128.641,60.027],[-128.515,59.933],[-128.447,59.936],[-128.373,59.917],[-128.352,59.929],[-128.317,59.895],[-128.318,59.871],[-128.043,59.839],[-128.05,59.86],[-128.032,59.876],[-127.919,59.928],[-127.877,59.989],[-127.836,60.015],[-127.759,60.011],[-127.662,59.978],[-127.58,59.977],[-127.524,59.938],[-127.467,59.93],[-127.423,59.877],[-127.496,59.823],[-127.519,59.751],[-127.51,59.733],[-127.428,59.712],[-127.3,59.738],[-127.27,59.717],[-127.181,59.705],[-127.149,59.676],[-127.138,59.636],[-127.088,59.626],[-126.937,59.668],[-126.834,59.646],[-126.782,59.616],[-126.721,59.621],[-126.627,59.598],[-126.528,59.597],[-126.464,59.56],[-126.403,59.558],[-126.323,59.502],[-126.256,59.486],[-126.198,59.448],[-126.033,59.41],[-125.818,59.47],[-125.79,59.458],[-125.803,59.437],[-125.785,59.415],[-125.636,59.4],[-125.576,59.361],[-125.497,59.35],[-125.403,59.302],[-125.334,59.291],[-125.224,59.302],[-125.142,59.335],[-125.047,59.333],[-125.008,59.347],[-125.028,59.368],[-125.013,59.378],[-124.926,59.368],[-124.875,59.419],[-124.822,59.445],[-124.809,59.487],[-124.743,59.548],[-124.651,59.566],[-124.704,59.604],[-124.684,59.625],[-124.692,59.633],[-124.508,59.761],[-124.366,59.743],[-124.316,59.686],[-124.22,59.663],[-124.224,59.618],[-124.131,59.615],[-124.125,59.598],[-124.151,59.543],[-124.138,59.53],[-124.056,59.56],[-124.004,59.639],[-123.971,59.656],[-123.966,59.697],[-123.872,59.768],[-123.89,59.835],[-123.884,59.878],[-123.828,60.013],[-123.862,60.054],[-123.822,60.086],[-123.822,60.11],[-123.79,60.126],[-123.766,60.167],[-123.497,60.257],[-123.385,60.328],[-123.46,60.417],[-123.476,60.461],[-123.525,60.482],[-123.514,60.519],[-123.549,60.578],[-123.535,60.61],[-123.562,60.646],[-123.52,60.723],[-123.468,60.745],[-123.36,60.742],[-123.314,60.773],[-123.356,60.81],[-123.481,60.804],[-123.578,60.855],[-123.541,60.866],[-123.497,60.904],[-123.426,60.889],[-123.334,60.905],[-123.307,60.93],[-123.349,60.961],[-123.268,60.993],[-123.256,61.014],[-123.339,61.048],[-123.129,61.088],[-123.154,61.101],[-123.157,61.122],[-123.099,61.1],[-122.952,61.094],[-122.867,61.119],[-122.84,61.173],[-122.686,61.259],[-122.564,61.264],[-122.452,61.299],[-122.249,61.338],[-122.141,61.343],[-122.04,61.376],[-121.848,61.378],[-121.715,61.433],[-121.56,61.451],[-121.403,61.575],[-121.457,61.642],[-121.445,61.661],[-121.265,61.711],[-121.203,61.754],[-121.203,61.796],[-121.27,61.824],[-121.276,61.846]]]}},{"type":"Feature","properties":{"r":6,"n":"Kwango"},"geometry":{"type":"MultiLineString","coordinates":[[[18.797,-11.256],[18.775,-11.233],[18.783,-11.141],[18.748,-11.064],[18.762,-10.961],[18.741,-10.914],[18.64,-10.804],[18.607,-10.682],[18.615,-10.667],[18.651,-10.665],[18.64,-10.646],[18.66,-10.64],[18.674,-10.612],[18.653,-10.598],[18.667,-10.585],[18.644,-10.575],[18.64,-10.55],[18.626,-10.564],[18.578,-10.544],[18.53,-10.454],[18.482,-10.448],[18.496,-10.426],[18.44,-10.352],[18.475,-10.331],[18.495,-10.345],[18.503,-10.334],[18.502,-10.297],[18.523,-10.29],[18.509,-10.269],[18.475,-10.263],[18.533,-10.207],[18.544,-10.16],[18.567,-10.162],[18.557,-10.139],[18.583,-10.137],[18.64,-10.078],[18.667,-10.078],[18.681,-10.05],[18.667,-9.995],[18.686,-9.96],[18.688,-9.894],[18.667,-9.837],[18.633,-9.803],[18.624,-9.751],[18.592,-9.707],[18.513,-9.676],[18.502,-9.659],[18.458,-9.653],[18.409,-9.605],[18.32,-9.458],[18.267,-9.425],[18.29,-9.378],[18.285,-9.348],[18.219,-9.275],[18.135,-9.259],[18.098,-9.19],[18.064,-9.22],[18.029,-9.221],[18.021,-9.161],[18.048,-9.139],[18.057,-9.08],[18.017,-8.994],[18.009,-8.837],[17.999,-8.807],[17.941,-8.775],[17.911,-8.711],[17.92,-8.666],[17.877,-8.617],[17.879,-8.577],[17.834,-8.539],[17.81,-8.549],[17.759,-8.51],[17.755,-8.44],[17.735,-8.424],[17.682,-8.408],[17.673,-8.385],[17.604,-8.371],[17.566,-8.337],[17.551,-8.287],[17.553,-8.162],[17.522,-8.133],[17.536,-8.015],[17.496,-7.987],[17.481,-7.945],[17.468,-7.96],[17.468,-7.939],[17.437,-7.922],[17.452,-7.884],[17.426,-7.875],[17.42,-7.844],[17.39,-7.839],[17.399,-7.823],[17.381,-7.823],[17.375,-7.792],[17.342,-7.784],[17.316,-7.754],[17.32,-7.714],[17.303,-7.692],[17.288,-7.699],[17.286,-7.625],[17.217,-7.586],[17.148,-7.473],[17.176,-7.428],[17.132,-7.409],[17.118,-7.425],[17.103,-7.416],[17.093,-7.352],[16.996,-7.298],[16.989,-7.255],[16.945,-7.205],[16.929,-7.061],[16.961,-7.069],[16.973,-7.015],[16.955,-6.981],[16.928,-6.969],[16.914,-6.864],[16.832,-6.828],[16.823,-6.785],[16.76,-6.692],[16.73,-6.57],[16.747,-6.522],[16.721,-6.492],[16.727,-6.466],[16.706,-6.465],[16.718,-6.415],[16.693,-6.398],[16.697,-6.35],[16.72,-6.342],[16.714,-6.231],[16.726,-6.189],[16.695,-6.141],[16.611,-6.09],[16.632,-6.065],[16.604,-6.062],[16.58,-5.955],[16.597,-5.924],[16.577,-5.89],[16.601,-5.86],[16.549,-5.822],[16.583,-5.801],[16.549,-5.743],[16.563,-5.698],[16.535,-5.376],[16.501,-5.268],[16.494,-5.181],[16.508,-5.068],[16.549,-4.956],[16.536,-4.932],[16.542,-4.818],[16.529,-4.746],[16.542,-4.605],[16.495,-4.496],[16.542,-4.396],[16.548,-4.349],[16.535,-4.323],[16.54,-4.278],[16.501,-4.211],[16.515,-4.18],[16.577,-4.15],[16.69,-4.143],[16.772,-4.095],[16.844,-4.088],[16.947,-3.986],[17.004,-3.989],[17.084,-4.026],[17.132,-4.009],[17.143,-3.975],[17.21,-3.911],[17.242,-3.783],[17.337,-3.653],[17.276,-3.482],[17.365,-3.369]]]}},{"type":"Feature","properties":{"r":6,"n":"Kafue"},"geometry":{"type":"MultiLineString","coordinates":[[[27.157,-11.626],[27.136,-11.698],[27.139,-11.789],[27.226,-11.852],[27.301,-11.982],[27.342,-12.12],[27.383,-12.192],[27.466,-12.27],[27.467,-12.289],[27.528,-12.311],[27.512,-12.349],[27.563,-12.368],[27.63,-12.441],[27.678,-12.406],[27.705,-12.437],[27.731,-12.393],[27.777,-12.438],[27.802,-12.428],[27.847,-12.461],[28.076,-12.488],[28.14,-12.557],[28.164,-12.633],[28.233,-12.716],[28.267,-12.839],[28.231,-12.966],[28.193,-13.037],[28.157,-13.257],[28.117,-13.298],[28.105,-13.285],[28.065,-13.348],[28.027,-13.367],[27.99,-13.342],[27.973,-13.36],[27.948,-13.338],[27.925,-13.367],[27.925,-13.332],[27.843,-13.364],[27.815,-13.36],[27.802,-13.395],[27.774,-13.373],[27.78,-13.411],[27.753,-13.434],[27.753,-13.463],[27.698,-13.497],[27.719,-13.511],[27.658,-13.53],[27.623,-13.504],[27.606,-13.516],[27.6,-13.617],[27.636,-13.648],[27.622,-13.663],[27.623,-13.702],[27.596,-13.709],[27.596,-13.737],[27.548,-13.819],[27.523,-13.789],[27.49,-13.795],[27.484,-13.868],[27.373,-13.97],[27.397,-14.073],[27.37,-14.079],[27.425,-14.137],[27.366,-14.184],[27.373,-14.233],[27.315,-14.283],[27.25,-14.302],[27.174,-14.375],[27.095,-14.377],[27.008,-14.415],[26.804,-14.415],[26.736,-14.449],[26.555,-14.451],[26.492,-14.532],[26.387,-14.627],[26.37,-14.699],[26.335,-14.714],[26.198,-14.655],[26.164,-14.62],[26.114,-14.727],[26.129,-14.751],[26.18,-14.763],[26.194,-14.826],[26.177,-14.867],[26.157,-14.854],[26.139,-14.863],[26.105,-14.908],[26.05,-14.895],[25.976,-14.929],[25.918,-14.921],[25.91,-14.936],[25.924,-14.968],[25.996,-14.981],[26.035,-15.026],[26.006,-15.032],[26.011,-15.058],[25.957,-15.14],[25.978,-15.162],[25.982,-15.319],[26,-15.409],[25.958,-15.433],[26.006,-15.505],[25.998,-15.546],[26.02,-15.591],[25.985,-15.686],[25.996,-15.734],[26.026,-15.765],[26.125,-15.778],[26.157,-15.792],[26.164,-15.813],[26.202,-15.818],[26.252,-15.765],[26.273,-15.773],[26.324,-15.73],[26.406,-15.718],[26.424,-15.689],[26.537,-15.65],[26.574,-15.649],[26.581,-15.694],[26.636,-15.669],[26.646,-15.704],[26.661,-15.703],[26.698,-15.683],[26.698,-15.663],[26.719,-15.674],[26.822,-15.658],[26.815,-15.608],[26.925,-15.567],[27.007,-15.56],[27.075,-15.573],[27.102,-15.615],[27.164,-15.635],[27.171,-15.669],[27.226,-15.726],[27.279,-15.727],[27.301,-15.744],[27.35,-15.725],[27.414,-15.724],[27.428,-15.738],[27.48,-15.724],[27.549,-15.696],[27.589,-15.649],[27.636,-15.697],[27.664,-15.642],[27.692,-15.669],[27.757,-15.649],[27.823,-15.652],[27.856,-15.69],[27.97,-15.666],[28.007,-15.683],[28.04,-15.732],[28.178,-15.778],[28.236,-15.819],[28.291,-15.791],[28.391,-15.784],[28.506,-15.824],[28.583,-15.89],[28.677,-15.895],[28.754,-15.952],[28.808,-15.957],[28.887,-15.926],[28.946,-15.957]]]}},{"type":"Feature","properties":{"r":6,"n":"Jequitinhonha"},"geometry":{"type":"MultiLineString","coordinates":[[[-43.409,-18.294],[-43.43,-18.284],[-43.573,-18.041],[-43.462,-17.811],[-43.467,-17.801],[-43.513,-17.807],[-43.558,-17.838],[-43.59,-17.839],[-43.633,-17.735],[-43.632,-17.662],[-43.674,-17.645],[-43.671,-17.613],[-43.631,-17.55],[-43.567,-17.528],[-43.55,-17.49],[-43.499,-17.49],[-43.497,-17.508],[-43.423,-17.516],[-43.377,-17.539],[-43.388,-17.519],[-43.357,-17.485],[-43.303,-17.512],[-43.326,-17.484],[-43.285,-17.439],[-43.288,-17.369],[-43.244,-17.409],[-43.213,-17.403],[-43.193,-17.376],[-43.22,-17.338],[-43.212,-17.317],[-43.181,-17.293],[-43.124,-17.294],[-43.086,-17.266],[-43.042,-17.191],[-43.001,-17.177],[-42.934,-17.051],[-42.905,-17.037],[-42.86,-17.057],[-42.817,-17.03],[-42.761,-16.943],[-42.746,-16.865],[-42.67,-16.782],[-42.658,-16.749],[-42.631,-16.752],[-42.596,-16.718],[-42.556,-16.724],[-42.434,-16.647],[-42.243,-16.619],[-42.165,-16.628],[-42.12,-16.683],[-41.981,-16.75],[-41.94,-16.734],[-41.918,-16.69],[-41.877,-16.69],[-41.859,-16.635],[-41.834,-16.615],[-41.794,-16.628],[-41.725,-16.56],[-41.694,-16.577],[-41.615,-16.539],[-41.602,-16.566],[-41.584,-16.568],[-41.49,-16.567],[-41.476,-16.54],[-41.418,-16.556],[-41.34,-16.498],[-41.241,-16.504],[-41.211,-16.462],[-41.219,-16.436],[-41.155,-16.407],[-41.075,-16.438],[-41.005,-16.437],[-40.889,-16.336],[-40.839,-16.319],[-40.774,-16.267],[-40.742,-16.195],[-40.655,-16.149],[-40.618,-16.107],[-40.514,-16.133],[-40.469,-16.114],[-40.318,-16.115],[-40.225,-16.142],[-40.143,-16.118],[-40.089,-16.065],[-40.003,-16.075],[-39.987,-16.025],[-39.949,-16],[-39.886,-15.998],[-39.732,-15.952],[-39.612,-15.966],[-39.551,-15.939],[-39.474,-15.96],[-39.365,-16.053],[-39.269,-16.035],[-39.195,-16.002],[-39.109,-15.902],[-39.109,-15.881],[-39.064,-15.851],[-39.074,-15.813],[-39.028,-15.81],[-39.003,-15.79],[-38.978,-15.813],[-38.986,-15.832],[-38.933,-15.837],[-38.913,-15.854],[-38.862,-15.847]]]}},{"type":"Feature","properties":{"r":6,"n":"Chubut"},"geometry":{"type":"MultiLineString","coordinates":[[[-70.899,-43.393],[-70.882,-43.377],[-70.878,-43.297],[-70.782,-42.997],[-70.757,-42.979],[-70.652,-42.961],[-70.632,-42.938],[-70.609,-42.8],[-70.488,-42.664],[-70.381,-42.612],[-70.249,-42.615],[-70.069,-42.66],[-70.003,-42.651],[-69.965,-42.627],[-69.901,-42.646],[-69.833,-42.633],[-69.637,-42.674],[-69.582,-42.735],[-69.519,-42.847],[-69.383,-42.997],[-69.32,-43.029],[-69.197,-43.218],[-69.123,-43.261],[-69.116,-43.29],[-69.147,-43.345],[-69.148,-43.419],[-69.165,-43.435],[-69.064,-43.547],[-68.929,-43.615],[-68.843,-43.82],[-68.815,-43.827],[-68.73,-43.797],[-68.615,-43.788],[-68.442,-43.82],[-68.385,-43.855],[-68.342,-43.861],[-68.148,-43.795],[-67.963,-43.822],[-67.755,-43.803],[-67.615,-43.757],[-67.383,-43.714],[-67.283,-43.714],[-67.206,-43.824],[-67.023,-43.853],[-66.982,-43.833],[-66.892,-43.828],[-66.865,-43.841],[-66.83,-43.823],[-66.74,-43.848],[-66.447,-43.791]],[[-71.22,-43.582],[-71.131,-43.622],[-71.049,-43.617],[-71.019,-43.585],[-71.009,-43.517],[-70.906,-43.396]],[[-66.457,-43.745],[-66.506,-43.703],[-66.371,-43.651],[-66.362,-43.605],[-66.022,-43.493],[-65.926,-43.432],[-65.862,-43.358],[-65.784,-43.348],[-65.717,-43.359],[-65.587,-43.339],[-65.443,-43.27],[-65.416,-43.312],[-65.265,-43.283],[-65.142,-43.29],[-65.047,-43.333]]]}},{"type":"Feature","properties":{"r":6,"n":"Mendoza"},"geometry":{"type":"MultiLineString","coordinates":[[[-70.136,-32.238],[-70.107,-32.27],[-70.022,-32.304],[-70.014,-32.332],[-70.029,-32.349],[-70.011,-32.366],[-69.931,-32.366],[-69.834,-32.303],[-69.788,-32.163],[-69.796,-32.118],[-69.813,-32.108],[-69.81,-32.069],[-69.745,-32.006],[-69.698,-31.872],[-69.553,-31.752],[-69.503,-31.663],[-69.487,-31.594],[-69.42,-31.501],[-69.445,-31.31],[-69.43,-31.278]]]}},{"type":"Feature","properties":{"r":6,"n":"Salado"},"geometry":{"type":"MultiLineString","coordinates":[[[-65.865,-24.208],[-65.871,-24.251],[-65.826,-24.357],[-65.82,-24.417],[-65.862,-24.496],[-65.862,-24.578],[-65.784,-24.677],[-65.705,-24.893],[-65.543,-25.031],[-65.423,-25.106],[-65.441,-25.211],[-65.428,-25.224],[-65.385,-25.225],[-65.3,-25.268],[-65.244,-25.269],[-65.216,-25.251],[-65.171,-25.144],[-65.086,-25.102],[-64.936,-25.167],[-64.883,-25.306],[-64.827,-25.337],[-64.669,-25.366],[-64.522,-25.254],[-64.398,-25.22],[-64.34,-25.126],[-64.28,-25.079],[-64.238,-25.071],[-64.173,-25.109],[-64.011,-25.502],[-63.95,-25.581],[-63.955,-25.709],[-63.867,-25.818],[-63.722,-26.051],[-63.737,-26.14],[-63.779,-26.191],[-63.784,-26.256],[-63.773,-26.315],[-63.731,-26.384],[-63.661,-26.587],[-63.662,-26.606],[-63.697,-26.641],[-63.697,-26.771],[-63.722,-26.872],[-63.697,-27.041],[-63.669,-27.078],[-63.68,-27.131],[-63.538,-27.446],[-63.577,-27.679],[-63.538,-27.723],[-63.448,-27.958],[-63.388,-28.051],[-63.264,-28.134],[-63.256,-28.17],[-63.189,-28.19],[-63.122,-28.262],[-63.121,-28.361],[-63.1,-28.399],[-62.934,-28.47],[-62.85,-28.591],[-62.735,-28.667],[-62.716,-28.703],[-62.724,-28.723],[-62.695,-28.764],[-62.702,-28.792],[-62.675,-28.806],[-62.633,-28.888],[-62.663,-28.94],[-62.658,-28.979],[-62.593,-29.091],[-62.483,-29.141],[-62.237,-29.347],[-62.112,-29.356],[-61.992,-29.396],[-61.952,-29.393],[-61.811,-29.333],[-61.771,-29.279],[-61.73,-29.271],[-61.622,-29.383],[-61.496,-29.395],[-61.324,-29.474],[-61.277,-29.519],[-61.167,-29.539],[-61.048,-29.646],[-60.995,-29.647],[-60.941,-29.676],[-60.916,-29.667],[-60.756,-29.772],[-60.701,-29.878],[-60.711,-29.968],[-60.742,-30.046],[-60.715,-30.132],[-60.722,-30.204],[-60.706,-30.241],[-60.653,-30.279],[-60.667,-30.399],[-60.646,-30.478],[-60.674,-30.543],[-60.612,-30.631],[-60.603,-30.719],[-60.633,-30.752],[-60.719,-30.763],[-60.76,-30.805],[-60.823,-30.806],[-60.825,-30.831],[-60.791,-30.88],[-60.804,-30.896],[-60.834,-30.887],[-60.853,-30.899],[-60.835,-30.926],[-60.85,-30.994],[-60.818,-31.033],[-60.837,-31.08],[-60.808,-31.092],[-60.797,-31.118],[-60.837,-31.16],[-60.85,-31.222],[-60.912,-31.295],[-60.919,-31.334],[-60.907,-31.364],[-60.866,-31.369],[-60.827,-31.348],[-60.797,-31.365],[-60.808,-31.408],[-60.782,-31.457],[-60.756,-31.691],[-60.822,-31.766],[-60.841,-31.857],[-60.826,-31.88],[-60.774,-31.885],[-60.722,-31.958]]]}},{"type":"Feature","properties":{"r":6,"n":"Branco"},"geometry":{"type":"MultiLineString","coordinates":[[[-63.78,2.846],[-63.678,3.053],[-63.689,3.085],[-63.741,3.12],[-63.767,3.161],[-63.761,3.253],[-63.792,3.299],[-63.754,3.427],[-63.792,3.515],[-63.786,3.543],[-63.737,3.587],[-63.705,3.68],[-63.615,3.759],[-63.436,3.628],[-63.318,3.592],[-63.279,3.607],[-63.263,3.676],[-63.203,3.683],[-63.155,3.618],[-63.168,3.539],[-63.147,3.492],[-63.04,3.416],[-63.004,3.359],[-62.839,3.258],[-62.688,3.231],[-62.614,3.233],[-62.497,3.196],[-62.466,3.151],[-62.429,3.136],[-62.192,3.151],[-62.083,3.253],[-61.939,3.245],[-61.921,3.255],[-61.905,3.3],[-61.839,3.285],[-61.787,3.34],[-61.602,3.347],[-61.565,3.32],[-61.518,3.314],[-61.46,3.352],[-61.322,3.361],[-61.244,3.436],[-61.205,3.45],[-61.12,3.436],[-60.993,3.443],[-60.948,3.463],[-60.711,3.477],[-60.591,3.404],[-60.567,3.186],[-60.51,3.097],[-60.508,3.022],[-60.561,2.907],[-60.647,2.823],[-60.794,2.609],[-60.824,2.484],[-60.82,2.335],[-60.878,2.293],[-60.931,2.22],[-61.026,2.13],[-61.044,2.062],[-60.961,1.956],[-60.962,1.935],[-61.019,1.875],[-61.109,1.822],[-61.145,1.73],[-61.218,1.65],[-61.249,1.572],[-61.282,1.308],[-61.342,1.19],[-61.332,1.086],[-61.355,1.039],[-61.373,0.935],[-61.475,0.784],[-61.599,0.647],[-61.624,0.545],[-61.721,0.456],[-61.712,0.397],[-61.753,0.308],[-61.753,0.228],[-61.771,0.168],[-61.756,0.086],[-61.797,0.037],[-61.814,-0.016],[-61.818,-0.172],[-61.859,-0.367],[-61.81,-0.451],[-61.812,-0.576],[-61.87,-0.703],[-61.859,-0.785],[-61.887,-0.864],[-61.871,-1.065],[-61.88,-1.128],[-61.853,-1.234],[-61.895,-1.376]]]}},{"type":"Feature","properties":{"r":6,"n":"Purús"},"geometry":{"type":"MultiLineString","coordinates":[[[-72.426,-10.845],[-72.388,-10.902],[-72.359,-10.925],[-72.324,-10.927],[-72.279,-10.896],[-72.25,-10.914],[-72.193,-10.886],[-72.152,-10.893],[-72.117,-10.88],[-72.075,-10.894],[-72.066,-10.879],[-71.951,-10.854],[-71.842,-10.785],[-71.842,-10.735],[-71.777,-10.703],[-71.764,-10.683],[-71.731,-10.688],[-71.686,-10.653],[-71.62,-10.635],[-71.603,-10.603],[-71.464,-10.6],[-71.354,-10.488],[-71.246,-10.44],[-71.228,-10.403],[-71.139,-10.378],[-71.128,-10.351],[-71.152,-10.307],[-71.096,-10.291],[-71.049,-10.248],[-71.059,-10.209],[-71.032,-10.187],[-71.023,-10.149],[-71.031,-10.075],[-70.983,-10.006],[-71.001,-9.975],[-70.968,-9.95],[-70.921,-9.943],[-70.911,-9.889],[-70.859,-9.834],[-70.789,-9.806],[-70.778,-9.757],[-70.714,-9.726],[-70.706,-9.705],[-70.72,-9.687],[-70.69,-9.605],[-70.672,-9.605],[-70.644,-9.569],[-70.565,-9.565],[-70.577,-9.529],[-70.556,-9.516],[-70.563,-9.502],[-70.544,-9.493],[-70.489,-9.398],[-70.506,-9.362],[-70.463,-9.356],[-70.435,-9.294],[-70.418,-9.323],[-70.386,-9.318],[-70.362,-9.257],[-70.302,-9.234],[-70.287,-9.143],[-70.233,-9.152],[-70.206,-9.121],[-70.162,-9.114],[-70.123,-9.084],[-69.956,-9.057],[-69.914,-9.088],[-69.862,-9.094],[-69.863,-9.118],[-69.809,-9.053],[-69.733,-9.043],[-69.719,-9.023],[-69.688,-9.049],[-69.641,-9.04],[-69.602,-9.063],[-69.565,-8.988],[-69.468,-9.009],[-69.449,-8.998],[-69.435,-8.951],[-69.381,-8.899],[-69.317,-8.883],[-69.275,-8.829],[-69.185,-8.816],[-69.194,-8.793],[-69.113,-8.758],[-69.068,-8.762],[-69.012,-8.741],[-68.979,-8.755],[-68.954,-8.714],[-68.938,-8.721],[-68.927,-8.707],[-68.904,-8.741],[-68.888,-8.728],[-68.842,-8.748],[-68.856,-8.773],[-68.847,-8.792],[-68.815,-8.782],[-68.798,-8.803],[-68.75,-8.751],[-68.74,-8.81],[-68.66,-8.83],[-68.65,-8.884],[-68.62,-8.884],[-68.595,-8.926],[-68.609,-8.954],[-68.599,-9.011],[-68.57,-9.043],[-68.521,-9.011],[-68.496,-9.013],[-68.452,-9.049],[-68.459,-9.076],[-68.397,-9.084],[-68.377,-9.056],[-68.308,-9.084],[-68.291,-9.057],[-68.235,-9.036],[-68.215,-9.06],[-68.175,-9.054],[-68.165,-9.076],[-68.117,-9.009],[-68.082,-9.002],[-68.048,-9.016],[-68.023,-8.97],[-67.979,-8.988],[-67.908,-8.941],[-67.889,-8.899],[-67.876,-8.926],[-67.856,-8.926],[-67.803,-8.876],[-67.679,-8.826],[-67.616,-8.857],[-67.588,-8.802],[-67.523,-8.797],[-67.506,-8.775],[-67.466,-8.793],[-67.382,-8.721],[-67.399,-8.685],[-67.363,-8.564],[-67.372,-8.549],[-67.41,-8.559],[-67.39,-8.518],[-67.427,-8.52],[-67.388,-8.463],[-67.426,-8.465],[-67.437,-8.447],[-67.433,-8.434],[-67.403,-8.44],[-67.362,-8.365],[-67.328,-8.358],[-67.381,-8.307],[-67.327,-8.231],[-67.335,-8.207],[-67.273,-8.159],[-67.296,-8.153],[-67.225,-8.097],[-67.259,-8.049],[-67.225,-8.015],[-67.249,-8.013],[-67.257,-7.986],[-67.223,-7.975],[-67.206,-7.897],[-67.136,-7.888],[-67.143,-7.844],[-67.132,-7.831],[-67.101,-7.826],[-67.086,-7.796],[-67.046,-7.806],[-67.034,-7.796],[-67.049,-7.753],[-67.031,-7.744],[-67.018,-7.763],[-66.983,-7.762],[-66.979,-7.741],[-67.007,-7.718],[-66.956,-7.714],[-66.963,-7.681],[-66.902,-7.68],[-66.889,-7.658],[-66.876,-7.686],[-66.803,-7.644],[-66.78,-7.65],[-66.766,-7.7],[-66.747,-7.699],[-66.694,-7.652],[-66.677,-7.67],[-66.653,-7.662],[-66.648,-7.604],[-66.634,-7.595],[-66.595,-7.614],[-66.561,-7.59],[-66.517,-7.637],[-66.515,-7.589],[-66.493,-7.557],[-66.397,-7.542],[-66.334,-7.494],[-66.314,-7.541],[-66.319,-7.557],[-66.341,-7.548],[-66.328,-7.584],[-66.287,-7.582],[-66.252,-7.561],[-66.225,-7.576],[-66.21,-7.561],[-66.176,-7.621],[-66.128,-7.631],[-66.163,-7.652],[-66.15,-7.664],[-66.038,-7.64],[-66.06,-7.686],[-66.041,-7.709],[-65.926,-7.664],[-65.905,-7.671],[-65.865,-7.726],[-65.851,-7.721],[-65.852,-7.665],[-65.834,-7.658],[-65.775,-7.718],[-65.751,-7.669],[-65.714,-7.713],[-65.683,-7.72],[-65.652,-7.643],[-65.605,-7.658],[-65.553,-7.648],[-65.511,-7.583],[-65.464,-7.638],[-65.443,-7.589],[-65.416,-7.618],[-65.436,-7.542],[-65.42,-7.532],[-65.368,-7.556],[-65.361,-7.535],[-65.388,-7.508],[-65.315,-7.473],[-65.302,-7.45],[-65.272,-7.438],[-65.24,-7.447],[-65.205,-7.398],[-65.176,-7.404],[-65.169,-7.433],[-65.155,-7.436],[-65.132,-7.374],[-65.155,-7.309],[-65.145,-7.291],[-65.05,-7.35],[-64.978,-7.32],[-64.978,-7.247],[-64.963,-7.237],[-64.895,-7.255],[-64.919,-7.269],[-64.909,-7.282],[-64.841,-7.289],[-64.83,-7.255],[-64.794,-7.251],[-64.772,-7.206],[-64.742,-7.216],[-64.69,-7.161],[-64.639,-7.141],[-64.662,-7.1],[-64.6,-7.083],[-64.649,-7.066],[-64.645,-7.054],[-64.623,-7.046],[-64.559,-7.066],[-64.614,-7.002],[-64.594,-6.946],[-64.662,-6.883],[-64.613,-6.867],[-64.58,-6.83],[-64.573,-6.844],[-64.553,-6.836],[-64.597,-6.806],[-64.594,-6.785],[-64.559,-6.771],[-64.553,-6.742],[-64.589,-6.745],[-64.591,-6.717],[-64.546,-6.685],[-64.467,-6.699],[-64.45,-6.617],[-64.359,-6.583],[-64.305,-6.539],[-64.291,-6.483],[-64.302,-6.321],[-64.261,-6.246],[-64.276,-6.147],[-64.319,-6.037],[-64.319,-5.951],[-64.385,-5.944],[-64.407,-5.919],[-64.457,-5.911],[-64.471,-5.884],[-64.4,-5.816],[-64.389,-5.698],[-64.374,-5.685],[-64.305,-5.686],[-64.336,-5.616],[-64.329,-5.601],[-64.293,-5.588],[-64.246,-5.599],[-64.18,-5.589],[-64.158,-5.61],[-64.182,-5.645],[-64.104,-5.655],[-64.084,-5.648],[-64.086,-5.606],[-64.065,-5.588],[-64.028,-5.585],[-63.943,-5.615],[-63.88,-5.591],[-63.858,-5.646],[-63.804,-5.655],[-63.787,-5.723],[-63.764,-5.727],[-63.726,-5.701],[-63.614,-5.695],[-63.612,-5.731],[-63.641,-5.777],[-63.579,-5.787],[-63.585,-5.809],[-63.572,-5.822],[-63.483,-5.787],[-63.491,-5.76],[-63.449,-5.732],[-63.401,-5.732],[-63.386,-5.77],[-63.36,-5.771],[-63.23,-5.662],[-63.134,-5.617],[-63.163,-5.682],[-63.147,-5.705],[-63.081,-5.746],[-63.046,-5.75],[-63.031,-5.722],[-63.038,-5.663],[-63.069,-5.58],[-63.034,-5.557],[-62.99,-5.583],[-62.98,-5.553],[-63.038,-5.462],[-62.961,-5.476],[-62.961,-5.415],[-62.946,-5.411],[-62.907,-5.448],[-62.83,-5.45],[-62.857,-5.411],[-62.828,-5.39],[-62.828,-5.218],[-62.872,-5.177],[-62.756,-5.082],[-62.786,-4.999],[-62.637,-4.873],[-62.628,-4.901],[-62.664,-4.977],[-62.64,-4.984],[-62.595,-4.95],[-62.588,-4.858],[-62.622,-4.832],[-62.618,-4.805],[-62.572,-4.828],[-62.529,-4.875],[-62.507,-4.831],[-62.462,-4.842],[-62.455,-4.824],[-62.483,-4.759],[-62.379,-4.741],[-62.363,-4.698],[-62.339,-4.704],[-62.298,-4.684],[-62.25,-4.712],[-62.164,-4.722],[-62.057,-4.545],[-61.966,-4.492],[-61.979,-4.479],[-62.065,-4.486],[-62.028,-4.436],[-61.969,-4.396],[-61.897,-4.417],[-61.885,-4.408],[-61.844,-4.296],[-61.669,-4.257],[-61.626,-4.232],[-61.565,-4.141],[-61.537,-4.053],[-61.38,-3.886],[-61.422,-3.77],[-61.483,-3.67]]]}},{"type":"Feature","properties":{"r":6,"n":"Angara"},"geometry":{"type":"MultiLineString","coordinates":[[[104.867,51.87],[104.817,51.916],[104.729,51.947],[104.542,52.107],[104.482,52.126],[104.406,52.208],[104.294,52.263],[104.28,52.28],[104.296,52.333],[104.277,52.364],[104.194,52.382],[104.113,52.433],[104.063,52.488],[103.987,52.505],[103.976,52.563],[103.931,52.645],[103.859,52.687],[103.799,52.693],[103.716,52.762],[103.728,52.776],[103.716,52.789],[103.725,52.848],[103.691,52.909],[103.576,52.974],[103.395,53.006],[103.374,53.107]]]}},{"type":"Feature","properties":{"r":6,"n":"Meta"},"geometry":{"type":"MultiLineString","coordinates":[[[-73.872,4.67],[-73.921,4.587],[-73.901,4.381],[-73.805,4.209],[-73.733,4.198],[-73.711,4.171],[-73.77,4.074],[-73.761,4.062],[-73.317,3.97],[-73.249,3.977],[-73.104,3.93],[-73.063,3.93],[-73.036,3.957],[-73.016,3.943],[-73.005,3.988],[-72.947,4.043],[-72.923,4.195],[-72.888,4.217],[-72.865,4.272],[-72.762,4.278],[-72.748,4.313],[-72.718,4.298],[-72.68,4.321],[-72.615,4.321],[-72.596,4.306],[-72.56,4.355],[-72.521,4.344],[-72.505,4.321],[-72.433,4.355],[-72.389,4.338],[-72.367,4.344],[-72.324,4.41],[-72.15,4.451],[-72.089,4.423],[-72.07,4.394],[-72.012,4.399],[-71.898,4.485],[-71.81,4.578],[-71.686,4.608],[-71.565,4.682],[-71.275,4.807],[-71.215,4.816],[-71.087,4.895],[-71.027,4.959],[-70.96,5.118],[-70.888,5.155],[-70.696,5.314],[-70.679,5.389],[-70.662,5.404],[-70.449,5.533],[-70.343,5.568],[-70.185,5.587],[-70.092,5.645],[-69.987,5.779],[-69.899,5.971],[-69.817,6.055],[-69.532,6.062],[-69.432,6.122],[-69.332,6.157],[-69.247,6.081],[-69.062,6.218],[-68.894,6.184],[-68.809,6.184],[-68.636,6.136],[-68.586,6.17],[-68.45,6.195],[-68.305,6.177],[-68.147,6.224],[-68.02,6.212],[-67.925,6.235],[-67.905,6.275],[-67.869,6.28],[-67.828,6.314],[-67.575,6.266],[-67.491,6.202],[-67.451,6.198]]]}},{"type":"Feature","properties":{"r":6,"n":"Madre de Dios"},"geometry":{"type":"MultiLineString","coordinates":[[[-72.165,-12.182],[-72.159,-12.115],[-72.105,-12.09],[-72.07,-12.023],[-72.09,-11.958],[-72.077,-11.914],[-72.111,-11.9],[-72.098,-11.864],[-72.129,-11.835],[-72.132,-11.804],[-72.161,-11.795],[-72.162,-11.771],[-72.128,-11.753],[-72.077,-11.688],[-72.055,-11.695],[-71.983,-11.653],[-71.881,-11.643],[-71.776,-11.675],[-71.661,-11.65],[-71.547,-11.692],[-71.539,-11.739],[-71.49,-11.767],[-71.501,-11.777],[-71.488,-11.79],[-71.377,-11.822],[-71.357,-11.87],[-71.299,-11.894],[-71.204,-11.982],[-71.131,-12.023],[-71.07,-12.123],[-70.975,-12.197],[-70.952,-12.249],[-70.892,-12.284],[-70.83,-12.275],[-70.783,-12.289],[-70.755,-12.332],[-70.716,-12.356],[-70.666,-12.453],[-70.62,-12.473],[-70.587,-12.464],[-70.549,-12.509],[-70.442,-12.545],[-70.362,-12.597],[-70.278,-12.613],[-70.188,-12.601],[-70.154,-12.552],[-70.083,-12.591],[-70.066,-12.571],[-69.984,-12.597],[-69.956,-12.634],[-69.915,-12.64],[-69.884,-12.619],[-69.812,-12.64],[-69.786,-12.633],[-69.74,-12.688],[-69.639,-12.69],[-69.594,-12.68],[-69.5,-12.592],[-69.478,-12.608],[-69.394,-12.574],[-69.379,-12.561],[-69.383,-12.517],[-69.356,-12.521],[-69.326,-12.571],[-69.284,-12.585],[-69.219,-12.571],[-69.229,-12.537],[-69.202,-12.495],[-69.181,-12.529],[-69.189,-12.578],[-69.141,-12.599],[-69.118,-12.595],[-69.037,-12.524],[-68.952,-12.565],[-68.911,-12.565],[-68.891,-12.531],[-68.829,-12.546],[-68.784,-12.524],[-68.764,-12.492],[-68.636,-12.495],[-68.582,-12.407],[-68.558,-12.402],[-68.51,-12.428],[-68.477,-12.417],[-68.39,-12.243],[-68.272,-12.181],[-68.246,-12.154],[-68.215,-12.02],[-67.996,-11.958],[-67.973,-11.91],[-67.992,-11.873],[-67.965,-11.852],[-67.986,-11.811],[-67.931,-11.767],[-67.916,-11.711],[-67.882,-11.692],[-67.776,-11.68],[-67.701,-11.599],[-67.691,-11.523],[-67.668,-11.501],[-67.596,-11.47],[-67.561,-11.475],[-67.462,-11.524],[-67.438,-11.559],[-67.394,-11.569],[-67.259,-11.495],[-67.212,-11.386],[-67.177,-11.365],[-67.006,-11.365],[-66.976,-11.344],[-66.955,-11.277],[-66.861,-11.306],[-66.811,-11.284],[-66.799,-11.274],[-66.816,-11.195],[-66.802,-11.19],[-66.726,-11.241],[-66.649,-11.165],[-66.562,-11.159],[-66.514,-11.095],[-66.466,-11.114],[-66.437,-11.08],[-66.41,-11.105],[-66.38,-11.095],[-66.341,-10.964],[-66.3,-10.99],[-66.32,-11.023],[-66.307,-11.036],[-66.215,-10.991],[-66.197,-10.94],[-66.163,-10.914],[-66.106,-10.979],[-66.078,-10.951],[-66.045,-10.868],[-66.053,-10.852],[-66.095,-10.858],[-66.108,-10.841],[-66.012,-10.789],[-65.895,-10.812],[-65.887,-10.765],[-65.943,-10.72],[-65.922,-10.683],[-65.898,-10.68],[-65.856,-10.723],[-65.786,-10.701],[-65.753,-10.667],[-65.762,-10.564],[-65.674,-10.572],[-65.526,-10.487],[-65.464,-10.407],[-65.395,-10.392]]]}},{"type":"Feature","properties":{"r":6,"n":"Paraiba"},"geometry":{"type":"MultiLineString","coordinates":[[[-43.138,-22.097],[-43.103,-22.069],[-43.059,-22.073],[-43.038,-22.026],[-43.015,-22.015],[-42.952,-22.006],[-42.887,-21.96],[-42.555,-21.83],[-42.364,-21.733],[-42.323,-21.741],[-42.209,-21.686],[-42.117,-21.686],[-41.916,-21.567],[-41.871,-21.568],[-41.822,-21.597],[-41.766,-21.591],[-41.753,-21.63],[-41.736,-21.638],[-41.637,-21.626],[-41.596,-21.597],[-41.53,-21.611],[-41.465,-21.679],[-41.279,-21.749],[-41.206,-21.73],[-41.018,-21.611]],[[-45.049,-23.049],[-45.13,-23.08],[-45.15,-23.12],[-45.273,-23.162],[-45.293,-23.204],[-45.33,-23.214],[-45.345,-23.249],[-45.371,-23.265],[-45.615,-23.345],[-45.626,-23.363],[-45.677,-23.337],[-45.714,-23.351],[-45.77,-23.327],[-45.9,-23.351],[-45.885,-23.365],[-45.92,-23.351],[-45.937,-23.384],[-45.954,-23.379],[-45.974,-23.407],[-45.997,-23.409],[-46.036,-23.365],[-45.978,-23.327],[-45.967,-23.22],[-45.909,-23.142],[-45.851,-23.131],[-45.818,-23.097],[-45.717,-23.081],[-45.693,-23.028],[-45.564,-22.957],[-45.515,-22.909],[-45.458,-22.906],[-45.407,-22.868],[-45.371,-22.872],[-45.285,-22.84],[-45.276,-22.857],[-45.242,-22.844],[-45.189,-22.81],[-45.108,-22.697],[-45.029,-22.652],[-45.016,-22.659],[-44.987,-22.593],[-44.941,-22.56],[-44.889,-22.57],[-44.761,-22.523],[-44.68,-22.535],[-44.628,-22.508],[-44.632,-22.542],[-44.603,-22.557],[-44.518,-22.476],[-44.378,-22.456],[-44.344,-22.433],[-44.357,-22.411],[-44.281,-22.394],[-44.275,-22.454],[-44.18,-22.522],[-44.151,-22.53],[-44.072,-22.488],[-44.066,-22.466],[-43.963,-22.508],[-43.892,-22.474],[-43.85,-22.474],[-43.721,-22.371],[-43.699,-22.371],[-43.662,-22.31],[-43.564,-22.259],[-43.526,-22.257],[-43.518,-22.229],[-43.487,-22.234],[-43.46,-22.206],[-43.403,-22.218],[-43.203,-22.111],[-43.144,-22.097]]]}},{"type":"Feature","properties":{"r":6,"n":"Uruguay"},"geometry":{"type":"MultiLineString","coordinates":[[[-49.737,-28.511],[-49.757,-28.471],[-49.781,-28.498],[-49.817,-28.496],[-49.873,-28.45],[-49.937,-28.472],[-49.973,-28.451],[-50.038,-28.48],[-50.111,-28.471],[-50.134,-28.443],[-50.145,-28.484],[-50.162,-28.484],[-50.217,-28.45],[-50.318,-28.438],[-50.347,-28.45],[-50.359,-28.433],[-50.446,-28.422],[-50.484,-28.402],[-50.539,-28.416],[-50.621,-28.374],[-50.696,-28.264],[-50.744,-28.237],[-50.793,-28.134],[-50.868,-28.127],[-50.87,-28.092],[-50.893,-28.083],[-50.886,-28.025],[-50.945,-27.962],[-51.013,-27.935],[-51.081,-27.821],[-51.19,-27.765],[-51.227,-27.768],[-51.292,-27.716],[-51.286,-27.682],[-51.335,-27.669],[-51.347,-27.627],[-51.388,-27.655],[-51.406,-27.624],[-51.443,-27.606],[-51.466,-27.562],[-51.551,-27.571],[-51.567,-27.559],[-51.563,-27.524],[-51.596,-27.538],[-51.613,-27.49],[-51.643,-27.511],[-51.676,-27.476],[-51.717,-27.511],[-51.742,-27.49],[-51.779,-27.49],[-51.779,-27.524],[-51.854,-27.513],[-51.847,-27.492],[-51.861,-27.476],[-51.877,-27.52],[-51.903,-27.498],[-51.916,-27.449],[-51.957,-27.462],[-51.931,-27.446],[-52.012,-27.394],[-51.951,-27.387],[-51.965,-27.369],[-52.009,-27.359],[-52.02,-27.329],[-52.111,-27.329],[-52.117,-27.293],[-52.16,-27.295],[-52.179,-27.268],[-52.232,-27.319],[-52.269,-27.279],[-52.242,-27.258],[-52.273,-27.243],[-52.309,-27.255],[-52.3,-27.292],[-52.315,-27.296],[-52.334,-27.278],[-52.383,-27.288],[-52.406,-27.239],[-52.416,-27.271],[-52.448,-27.216],[-52.486,-27.257],[-52.543,-27.237],[-52.622,-27.258],[-52.673,-27.25],[-52.699,-27.274],[-52.718,-27.237],[-52.738,-27.25],[-52.828,-27.2],[-52.845,-27.164],[-52.869,-27.161],[-52.927,-27.202],[-52.945,-27.164],[-52.976,-27.218],[-52.994,-27.222],[-53.004,-27.206],[-52.986,-27.152],[-53.02,-27.146],[-53.024,-27.124],[-53.002,-27.096],[-53.018,-27.083],[-53.054,-27.099],[-53.07,-27.151],[-53.088,-27.161],[-53.125,-27.157],[-53.149,-27.133],[-53.177,-27.182],[-53.218,-27.161],[-53.29,-27.198],[-53.314,-27.195],[-53.283,-27.106],[-53.369,-27.072],[-53.402,-27.12],[-53.446,-27.138],[-53.486,-27.114],[-53.5,-27.127],[-53.502,-27.192],[-53.588,-27.175],[-53.654,-27.216],[-53.662,-27.166],[-53.677,-27.154],[-53.736,-27.181],[-53.759,-27.18],[-53.786,-27.148],[-53.841,-27.168],[-53.883,-27.12],[-53.91,-27.168],[-53.965,-27.154],[-53.963,-27.191],[-54.006,-27.188],[-54.093,-27.285],[-54.159,-27.279],[-54.157,-27.258],[-54.178,-27.243],[-54.233,-27.351],[-54.232,-27.381],[-54.262,-27.389],[-54.288,-27.428],[-54.308,-27.429],[-54.348,-27.394],[-54.348,-27.436],[-54.372,-27.454],[-54.39,-27.411],[-54.445,-27.409],[-54.465,-27.423],[-54.449,-27.459],[-54.544,-27.487],[-54.59,-27.453],[-54.627,-27.515],[-54.652,-27.526],[-54.667,-27.504],[-54.691,-27.551],[-54.775,-27.564],[-54.794,-27.549],[-54.793,-27.523],[-54.806,-27.526],[-54.828,-27.545],[-54.846,-27.612],[-54.899,-27.624],[-54.914,-27.737],[-54.986,-27.785],[-55.082,-27.778],[-55.03,-27.851],[-55.109,-27.847],[-55.12,-27.881],[-55.178,-27.853],[-55.261,-27.919],[-55.315,-27.915],[-55.339,-27.963],[-55.382,-27.978],[-55.384,-28.014],[-55.441,-28.079],[-55.507,-28.079],[-55.554,-28.146],[-55.578,-28.144],[-55.582,-28.121],[-55.605,-28.117],[-55.685,-28.196],[-55.773,-28.232],[-55.767,-28.258],[-55.688,-28.29],[-55.664,-28.327],[-55.695,-28.4],[-55.716,-28.404],[-55.735,-28.366],[-55.843,-28.346],[-55.906,-28.378],[-55.903,-28.465],[-56.012,-28.496],[-56.023,-28.586],[-56.042,-28.609],[-56.104,-28.648],[-56.185,-28.744],[-56.287,-28.78],[-56.302,-28.881],[-56.324,-28.916],[-56.392,-28.952],[-56.429,-29.07],[-56.549,-29.11],[-56.618,-29.161],[-56.651,-29.209],[-56.651,-29.251],[-56.689,-29.33],[-56.771,-29.379],[-56.82,-29.475],[-56.952,-29.586],[-57.022,-29.683],[-57.095,-29.752],[-57.134,-29.772],[-57.22,-29.778],[-57.292,-29.815],[-57.309,-29.848],[-57.326,-29.981],[-57.412,-30.04],[-57.507,-30.144],[-57.569,-30.176],[-57.635,-30.184],[-57.624,-30.258],[-57.653,-30.329],[-57.878,-30.515],[-57.886,-30.59],[-57.819,-30.712],[-57.797,-30.868],[-57.808,-30.908],[-57.905,-30.93],[-57.912,-30.947],[-57.864,-31.012],[-57.856,-31.059],[-57.912,-31.17],[-57.906,-31.241],[-57.967,-31.314],[-57.991,-31.399],[-58.063,-31.444],[-58.076,-31.475],[-57.988,-31.554],[-57.98,-31.599],[-58.05,-31.797],[-58.154,-31.836],[-58.203,-31.893],[-58.159,-31.944],[-58.146,-32.018],[-58.159,-32.101],[-58.187,-32.153],[-58.097,-32.281],[-58.102,-32.311],[-58.2,-32.445]]]}},{"type":"Feature","properties":{"r":6,"n":"Pilcomayo"},"geometry":{"type":"MultiLineString","coordinates":[[[-66.444,-19.37],[-66.368,-19.287],[-66.4,-19.244],[-66.39,-19.211],[-66.319,-19.16],[-66.244,-19.151],[-66.204,-19.169],[-66.156,-19.274],[-66.049,-19.36],[-66.005,-19.384],[-65.923,-19.39],[-65.773,-19.307],[-65.765,-19.222],[-65.718,-19.214],[-65.669,-19.146],[-65.602,-19.143],[-65.522,-19.087],[-65.468,-19.12],[-65.447,-19.179],[-65.373,-19.254],[-65.293,-19.31],[-65.248,-19.318],[-65.131,-19.379],[-64.994,-19.353],[-64.937,-19.357],[-64.869,-19.454],[-64.871,-19.547],[-64.755,-19.712],[-64.702,-19.884],[-64.638,-19.973],[-64.598,-20.068],[-64.583,-20.182],[-64.597,-20.243],[-64.563,-20.425],[-64.432,-20.482],[-64.307,-20.487],[-64.273,-20.56],[-64.255,-20.569],[-64.23,-20.699],[-64.183,-20.758],[-64.176,-20.884],[-64.143,-20.916],[-64.094,-20.91],[-64.054,-20.945],[-64.001,-20.944],[-64.01,-20.966],[-63.983,-20.994],[-63.97,-21.089],[-63.957,-21.117],[-63.905,-21.125],[-63.895,-21.138],[-63.916,-21.142],[-63.896,-21.175],[-63.813,-21.2],[-63.682,-21.179],[-63.635,-21.214],[-63.564,-21.225],[-63.511,-21.262],[-63.443,-21.263],[-63.163,-21.43],[-63.101,-21.497],[-63.02,-21.551],[-62.911,-21.79],[-62.915,-21.827],[-62.867,-21.837],[-62.839,-21.891],[-62.784,-22.131],[-62.68,-22.195],[-62.66,-22.231],[-62.626,-22.247],[-62.626,-22.305],[-62.565,-22.322],[-62.524,-22.365],[-62.471,-22.382],[-62.369,-22.464],[-62.288,-22.484],[-62.282,-22.512],[-62.264,-22.514],[-62.234,-22.556],[-62.254,-22.604],[-62.194,-22.628],[-62.196,-22.674],[-62.177,-22.685],[-62.189,-22.708],[-62.036,-22.885],[-61.993,-22.998],[-61.77,-23.165],[-61.745,-23.235],[-61.681,-23.279],[-61.62,-23.283],[-61.555,-23.338],[-61.517,-23.345],[-61.527,-23.375],[-61.502,-23.408],[-61.298,-23.481],[-61.273,-23.523],[-61.215,-23.557],[-61.181,-23.557],[-61.111,-23.607],[-61.12,-23.666],[-61.051,-23.735],[-61.016,-23.797],[-60.976,-23.824],[-60.937,-23.814],[-60.838,-23.872],[-60.73,-23.872],[-60.69,-23.894],[-60.633,-23.892],[-60.595,-23.907],[-60.578,-23.944],[-60.537,-23.947],[-60.486,-23.977],[-60.379,-23.988],[-60.338,-24.016],[-60.144,-24.025],[-60.034,-24.007],[-59.674,-24.225],[-59.611,-24.289],[-59.541,-24.309],[-59.467,-24.353],[-59.342,-24.487],[-59.296,-24.513],[-59.002,-24.644],[-58.81,-24.777],[-58.738,-24.783],[-58.695,-24.812],[-58.452,-24.862],[-58.337,-24.992],[-58.313,-24.994],[-58.225,-24.941],[-58.125,-25.013],[-58.043,-25.044],[-58.001,-25.044],[-57.984,-25.074],[-57.871,-25.085],[-57.767,-25.168],[-57.722,-25.246],[-57.672,-25.29]]]}},{"type":"Feature","properties":{"r":6,"n":"Lom"},"geometry":{"type":"MultiLineString","coordinates":[[[14.665,6.698],[14.701,6.697],[14.718,6.649],[14.645,6.569],[14.589,6.382],[14.542,6.356],[14.504,6.308],[14.43,6.272],[14.404,6.215],[14.437,6.162],[14.433,6.074],[14.418,6.047],[14.397,6.054],[14.387,6.039],[14.397,6.019],[14.363,5.999],[14.384,5.968],[14.37,5.944],[14.308,5.896],[14.192,5.862],[14.145,5.872],[14.158,5.848],[14.101,5.77],[14.117,5.72],[14.097,5.718],[14.102,5.662],[14.069,5.628],[14.048,5.65],[14.011,5.636],[13.999,5.587],[13.969,5.595],[13.98,5.568],[13.97,5.556],[13.925,5.546],[13.932,5.52],[13.893,5.54],[13.879,5.533],[13.883,5.513],[13.844,5.531],[13.84,5.475],[13.863,5.478],[13.863,5.403],[13.833,5.411],[13.822,5.378],[13.788,5.371],[13.787,5.341],[13.76,5.35],[13.706,5.318],[13.657,5.32],[13.617,5.28],[13.61,5.293],[13.575,5.28],[13.558,5.306],[13.562,5.334],[13.503,5.392],[13.429,5.38],[13.349,5.261],[13.369,5.129],[13.39,5.095],[13.31,5.041],[13.268,4.94],[13.214,4.912],[13.126,4.933]]]}},{"type":"Feature","properties":{"r":6,"n":"Tshuapa"},"geometry":{"type":"MultiLineString","coordinates":[[[24.594,-3.177],[24.635,-3.05],[24.625,-2.934],[24.457,-2.807],[24.388,-2.656],[24.362,-2.418],[24.228,-2.248],[24.191,-2.227],[24.143,-2.115],[24.098,-2.111],[24.033,-2.053],[23.996,-1.983],[23.973,-1.838],[23.95,-1.788],[23.964,-1.679],[23.927,-1.443],[23.895,-1.364],[23.861,-1.346],[23.727,-1.361],[23.663,-1.291],[23.649,-1.244],[23.44,-1.227],[23.371,-1.203],[23.344,-1.21],[23.196,-1.163],[23.15,-1.131],[23.135,-1.142],[23.106,-1.117],[23.005,-1.114],[23.003,-1.086],[22.917,-1.038],[22.912,-1.005],[22.826,-0.915],[22.745,-0.912],[22.739,-0.886],[22.703,-0.905],[22.668,-0.901],[22.662,-0.881],[22.606,-0.875],[22.525,-0.813],[22.495,-0.815],[22.435,-0.775],[22.408,-0.778],[22.402,-0.737],[22.367,-0.727],[22.364,-0.681],[22.333,-0.696],[22.319,-0.676],[22.282,-0.679],[22.274,-0.641],[22.182,-0.62],[22.126,-0.594],[22.11,-0.566],[22.091,-0.592],[22.045,-0.552],[21.891,-0.544],[21.868,-0.532],[21.864,-0.501],[21.832,-0.47],[21.803,-0.491],[21.752,-0.471],[21.758,-0.456],[21.74,-0.436],[21.713,-0.462],[21.71,-0.434],[21.612,-0.406],[21.595,-0.364],[21.558,-0.395],[21.516,-0.391],[21.507,-0.366],[21.476,-0.367],[21.463,-0.347],[21.426,-0.352],[21.401,-0.332],[21.367,-0.34],[21.352,-0.293],[21.25,-0.291],[21.243,-0.312],[21.181,-0.291],[21.155,-0.303],[21.134,-0.278],[21.114,-0.288],[21.099,-0.271],[21.08,-0.275],[21.045,-0.23],[21.024,-0.271],[20.966,-0.214],[20.962,-0.183],[20.874,-0.196],[20.857,-0.217],[20.839,-0.168],[20.814,-0.201],[20.798,-0.196],[20.805,-0.217],[20.749,-0.237],[20.754,-0.282]]]}},{"type":"Feature","properties":{"r":6,"n":"Omo"},"geometry":{"type":"MultiLineString","coordinates":[[[37.032,9.151],[37.043,9.125],[37.018,9.066],[37.03,9.019],[37.06,8.987],[37.107,8.983],[37.15,8.928],[37.177,8.93],[37.2,8.862],[37.2,8.767],[37.145,8.734],[37.141,8.709],[37.169,8.689],[37.174,8.641],[37.248,8.606],[37.319,8.493],[37.351,8.468],[37.386,8.387],[37.46,8.322],[37.489,8.272],[37.605,8.23],[37.592,8.06],[37.619,7.975],[37.585,7.76],[37.405,7.47],[37.395,7.404],[37.352,7.314],[37.369,7.263],[37.451,7.202],[37.512,7.219],[37.544,7.202],[37.462,7.129],[37.422,7.01],[37.419,6.901],[37.405,6.875],[37.326,6.869],[37.251,6.777],[37.221,6.676],[37.061,6.65],[36.998,6.609],[36.979,6.626],[36.966,6.685],[36.94,6.705],[36.887,6.709],[36.833,6.677],[36.802,6.698],[36.692,6.711],[36.472,6.525],[36.32,6.466],[36.243,6.405],[36.11,6.445],[36.011,6.341],[36.028,6.305],[35.98,6.264],[35.983,6.198],[35.946,6.164],[35.96,6.109],[35.99,6.095],[35.983,6.054],[36.005,5.994],[35.977,5.958],[35.949,5.821],[35.957,5.735],[35.936,5.581],[35.895,5.523],[35.918,5.433],[35.902,5.41],[35.936,5.382],[35.943,5.334],[35.977,5.348],[35.981,5.37],[36.029,5.377],[36.038,5.355],[36.106,5.375],[36.113,5.435],[36.135,5.451],[36.101,5.462],[36.135,5.516],[36.155,5.505],[36.127,5.497],[36.127,5.485],[36.161,5.478],[36.182,5.437],[36.216,5.455],[36.21,5.403],[36.175,5.372],[36.198,5.338],[36.197,5.307],[36.161,5.307],[36.203,5.218],[36.176,5.197],[36.182,5.183],[36.147,5.168],[36.059,5.177],[36.07,5.128],[36.087,5.129],[36.071,5.114],[36.045,5.123],[36.05,5.086],[36.028,5.069],[36.032,5.046],[36.045,5.06],[36.065,5.039],[36.045,5.016],[36.05,4.991],[36.065,4.978],[36.077,5.013],[36.079,4.972],[36.106,4.964],[36.082,4.93],[36.079,4.879],[36.059,4.875],[36.056,4.848],[35.977,4.762],[35.973,4.7],[36.011,4.667],[36.014,4.601],[36.045,4.539]]]}},{"type":"Feature","properties":{"r":6,"n":"Mananantanana"},"geometry":{"type":"MultiLineString","coordinates":[[[47.167,-22.011],[47.188,-21.99],[47.163,-21.96],[47.102,-21.956],[47.011,-21.919],[47.024,-21.905],[47.007,-21.892],[46.958,-21.896],[46.943,-21.872],[46.914,-21.874],[46.908,-21.805],[46.787,-21.731],[46.746,-21.72],[46.725,-21.755],[46.71,-21.753],[46.715,-21.733],[46.68,-21.72],[46.667,-21.597],[46.671,-21.559],[46.701,-21.528],[46.663,-21.497],[46.659,-21.453],[46.646,-21.445],[46.617,-21.479],[46.564,-21.473],[46.577,-21.426],[46.437,-21.376],[46.435,-21.35],[46.384,-21.328],[46.376,-21.3],[46.32,-21.3],[46.27,-21.263],[46.234,-21.28],[46.097,-21.26],[46.06,-21.302],[45.932,-21.313],[45.872,-21.411],[45.795,-21.45],[45.752,-21.442],[45.718,-21.46],[45.694,-21.432],[45.653,-21.428]]]}},{"type":"Feature","properties":{"r":6,"n":"Ouham"},"geometry":{"type":"MultiLineString","coordinates":[[[15.323,6.462],[15.35,6.382],[15.424,6.302],[15.48,6.328],[15.541,6.311],[15.631,6.369],[15.714,6.393],[15.837,6.492],[15.939,6.492],[15.98,6.451],[15.974,6.369],[16,6.291],[16.022,6.273],[16.041,6.286],[16.069,6.253],[16.164,6.271],[16.217,6.259],[16.277,6.279],[16.282,6.301],[16.392,6.431],[16.399,6.423],[16.419,6.483],[16.404,6.501],[16.419,6.522],[16.64,6.675],[16.677,6.679],[16.733,6.657],[16.785,6.613],[16.791,6.571],[16.84,6.536],[16.857,6.489],[16.899,6.466],[16.947,6.458],[16.961,6.492],[17.036,6.492],[17.11,6.441],[17.171,6.459],[17.221,6.423],[17.368,6.451],[17.461,6.522],[17.502,6.513],[17.554,6.533],[17.594,6.515],[17.624,6.527],[17.653,6.513],[17.666,6.554],[17.71,6.571],[17.798,6.665],[17.84,6.665],[17.85,6.688],[17.877,6.695],[17.893,6.76],[17.879,6.774],[17.886,6.79],[17.961,6.847],[17.933,6.883],[17.971,7.003],[17.989,7.027],[18.003,7.006],[18.093,7.082],[18.164,7.223],[18.231,7.312],[18.303,7.315],[18.258,7.424],[18.192,7.504],[18.112,7.445],[18.078,7.466],[18.004,7.445],[17.925,7.541],[17.886,7.554],[17.762,7.551],[17.735,7.568],[17.73,7.6],[17.792,7.742],[17.769,7.774],[17.773,7.805],[17.729,7.909],[17.694,8.079],[17.714,8.273],[17.776,8.406],[17.797,8.423],[17.797,8.452],[17.849,8.474],[17.937,8.656],[17.92,8.706],[17.955,8.785],[17.963,8.836],[17.938,8.86],[17.961,8.884],[17.967,9.007],[17.984,9.017],[17.999,8.997],[18.033,9.021],[18.064,9.021],[18.121,9.076],[18.146,9.145],[18.173,9.165],[18.197,9.162],[18.222,9.247],[18.242,9.254],[18.235,9.316]]]}},{"type":"Feature","properties":{"r":2,"n":"Ertis"},"geometry":{"type":"MultiLineString","coordinates":[[[79.073,50.617],[79.018,50.612],[78.98,50.631],[78.818,50.644],[78.744,50.672],[78.637,50.748],[78.563,50.757],[78.482,50.828],[78.282,50.888],[78.242,50.952],[78.213,50.964],[78.202,51.002],[78.135,51.028],[78.142,51.048],[78.107,51.09],[78.136,51.112],[78.066,51.124],[78.096,51.167],[78.035,51.189],[78.072,51.235],[78.021,51.291],[77.982,51.299],[77.963,51.323],[77.864,51.372],[77.796,51.454],[77.693,51.485],[77.683,51.515],[77.627,51.511],[77.539,51.556],[77.483,51.546],[77.469,51.577],[77.429,51.6],[77.421,51.668],[77.449,51.73],[77.438,51.76],[77.47,51.762],[77.456,51.831],[77.406,51.85],[77.334,51.909],[77.099,51.971],[77.069,51.988],[77.035,52.046],[76.966,52.053],[76.949,52.128],[76.984,52.138],[76.949,52.159],[76.962,52.179],[76.929,52.207],[76.956,52.227],[76.914,52.241],[76.942,52.275],[76.891,52.326],[76.772,52.389],[76.784,52.412],[76.758,52.424],[76.808,52.443],[76.804,52.477],[76.778,52.505],[76.765,52.577],[76.675,52.598],[76.709,52.611],[76.696,52.625],[76.643,52.623],[76.69,52.688],[76.649,52.752],[76.517,52.838],[76.462,52.817],[76.449,52.837],[76.497,52.878],[76.456,52.865],[76.449,52.906],[76.407,52.899],[76.384,52.872],[76.33,52.912],[76.27,52.905],[76.236,52.96],[76.233,53.005],[76.119,53.022],[76.079,53.056],[75.983,53.022],[75.866,53.05],[75.872,53.069],[75.791,53.111],[75.781,53.18],[75.702,53.203],[75.664,53.256],[75.565,53.269],[75.544,53.289],[75.578,53.324],[75.516,53.319],[75.479,53.335],[75.526,53.367],[75.467,53.389],[75.497,53.413],[75.435,53.485],[75.3,53.544],[75.261,53.583],[75.167,53.604],[75.188,53.618],[75.126,53.626],[75.142,53.647],[75.107,53.698],[75.025,53.738],[75.01,53.773],[75.046,53.815],[75.037,53.838],[75.085,53.942],[75.029,53.983],[74.994,53.986]],[[79.073,50.617],[79.059,50.617]],[[83.364,49.644],[83.364,49.678],[83.237,49.672],[83.05,49.695],[83.034,49.719],[82.975,49.735],[82.986,49.767],[82.961,49.781],[82.957,49.804],[82.813,49.909],[82.77,49.921],[82.705,49.911],[82.68,49.942],[82.607,49.957],[82.463,50.045],[82.345,50.058],[82.317,50.084],[82.311,50.124],[82.273,50.165],[82.248,50.227],[82.08,50.203],[81.978,50.22],[81.855,50.194],[81.821,50.206],[81.756,50.268],[81.684,50.247],[81.534,50.328],[81.434,50.336],[81.328,50.315],[81.215,50.346],[81.116,50.393],[81.041,50.391],[81.009,50.405],[80.938,50.373],[80.823,50.354],[80.759,50.358],[80.759,50.377],[80.68,50.371],[80.608,50.391],[80.465,50.356],[80.281,50.381],[80.217,50.459],[80.195,50.452],[80.111,50.478],[80.087,50.504],[80.019,50.48],[79.94,50.487],[79.868,50.464],[79.793,50.479],[79.746,50.515],[79.698,50.502],[79.669,50.535],[79.629,50.519],[79.619,50.556],[79.553,50.569],[79.491,50.603],[79.451,50.603],[79.367,50.654],[79.347,50.658],[79.327,50.638],[79.26,50.637],[79.242,50.675],[79.149,50.685],[79.126,50.677],[79.125,50.638],[79.052,50.624],[79.073,50.617]],[[85.267,47.994],[85.179,47.999],[85.139,47.968],[85.008,47.938],[84.994,47.917],[84.909,47.905],[84.809,47.83],[84.793,47.802],[84.597,47.76],[84.536,47.725],[84.357,47.732]]]}},{"type":"Feature","properties":{"r":1,"n":"Amazonas"},"geometry":{"type":"MultiLineString","coordinates":[[[-52.712,-1.584],[-52.928,-1.62],[-53.069,-1.741],[-53.217,-1.812],[-53.338,-1.821],[-53.438,-1.855],[-53.779,-1.918],[-53.912,-1.986],[-54.035,-2.078],[-54.066,-2.151],[-54.074,-2.33],[-54.192,-2.381],[-54.301,-2.39],[-54.575,-2.45],[-54.636,-2.445],[-54.677,-2.412],[-54.704,-2.299],[-54.671,-2.214],[-54.721,-2.152],[-54.912,-2.073],[-54.976,-2.098],[-55.043,-2.187],[-55.09,-2.198],[-55.315,-2.135],[-55.43,-1.997],[-55.603,-1.908],[-55.663,-1.917],[-55.769,-1.982],[-56.052,-2.014],[-56.192,-2.162],[-56.361,-2.278],[-56.473,-2.424],[-56.519,-2.512],[-56.637,-2.571],[-56.723,-2.589],[-56.796,-2.586],[-57.003,-2.509],[-57.13,-2.532],[-57.165,-2.561],[-57.203,-2.563],[-57.407,-2.409],[-57.514,-2.384],[-57.572,-2.417],[-57.681,-2.63],[-57.807,-2.752],[-58.054,-2.84],[-58.111,-2.88],[-58.147,-2.939],[-58.191,-3.155],[-58.208,-3.196],[-58.237,-3.216],[-58.316,-3.212],[-58.503,-3.16],[-58.592,-3.231],[-58.635,-3.324],[-58.66,-3.341],[-58.749,-3.334],[-58.844,-3.349],[-58.909,-3.327],[-58.985,-3.26],[-59.028,-3.245],[-59.147,-3.247],[-59.28,-3.222],[-59.375,-3.166],[-59.471,-3.151],[-59.55,-3.111],[-59.614,-3.108],[-59.674,-3.073],[-59.806,-3.076],[-59.897,-3.105],[-59.899,-3.191],[-59.983,-3.261],[-60.165,-3.337],[-60.212,-3.334],[-60.268,-3.297],[-60.317,-3.29],[-60.582,-3.343],[-60.691,-3.328],[-60.714,-3.345],[-60.747,-3.429],[-60.812,-3.485],[-60.851,-3.557],[-60.914,-3.609],[-60.951,-3.618],[-61.04,-3.595],[-61.189,-3.59],[-61.251,-3.611],[-61.402,-3.616],[-61.567,-3.73],[-61.663,-3.856],[-61.878,-3.963],[-61.969,-3.946],[-62.078,-3.851],[-62.325,-3.74],[-62.388,-3.695],[-62.431,-3.715],[-62.438,-3.795],[-62.462,-3.838],[-62.623,-3.889],[-62.785,-3.892],[-62.972,-4.018],[-63.117,-4.081],[-63.169,-4.058],[-63.2,-3.949],[-63.36,-3.916],[-63.533,-3.845],[-63.694,-3.881],[-63.809,-3.839],[-63.908,-3.831],[-63.979,-3.798],[-64.02,-3.747],[-64.106,-3.734],[-64.2,-3.696],[-64.286,-3.626],[-64.437,-3.554],[-64.511,-3.414],[-64.588,-3.394],[-64.738,-3.26],[-64.843,-3.141],[-65.015,-3.039],[-65.153,-2.887],[-65.186,-2.87],[-65.209,-2.797],[-65.234,-2.767],[-65.378,-2.728],[-65.448,-2.687],[-65.491,-2.591],[-65.711,-2.619],[-65.761,-2.603],[-65.8,-2.535],[-65.947,-2.456],[-66.027,-2.468],[-66.068,-2.495],[-66.141,-2.437],[-66.181,-2.424],[-66.212,-2.445],[-66.247,-2.533],[-66.314,-2.567],[-66.372,-2.531],[-66.425,-2.454],[-66.539,-2.419],[-66.59,-2.44],[-66.602,-2.464],[-66.608,-2.643],[-66.663,-2.69],[-66.759,-2.708],[-66.847,-2.689],[-66.986,-2.734],[-67.092,-2.656],[-67.21,-2.649],[-67.273,-2.586],[-67.348,-2.58],[-67.391,-2.612],[-67.428,-2.686],[-67.491,-2.75],[-67.619,-2.772],[-67.788,-2.844],[-67.847,-2.9],[-67.928,-3.055],[-67.925,-3.262],[-67.971,-3.336],[-68.009,-3.347],[-68.248,-3.327],[-68.351,-3.293],[-68.488,-3.35],[-68.537,-3.353],[-68.584,-3.329],[-68.833,-3.404],[-69.065,-3.409],[-69.328,-3.501],[-69.422,-3.707],[-69.398,-3.936],[-69.505,-4.087],[-69.494,-4.113],[-69.422,-4.148],[-69.41,-4.185],[-69.437,-4.221],[-69.605,-4.337],[-69.754,-4.37],[-69.927,-4.329],[-70.011,-4.155],[-70.061,-4.107],[-70.189,-4.029],[-70.218,-3.925],[-70.242,-3.891],[-70.312,-3.829],[-70.35,-3.816],[-70.378,-3.819],[-70.465,-3.879],[-70.626,-3.868],[-70.799,-3.936],[-71.079,-3.997],[-71.166,-3.971],[-71.198,-3.893],[-71.253,-3.861],[-71.471,-3.859],[-71.599,-3.748],[-71.682,-3.721],[-71.728,-3.632],[-71.742,-3.389],[-71.782,-3.351],[-71.836,-3.337],[-71.867,-3.341],[-72.056,-3.46],[-72.263,-3.516],[-72.648,-3.449],[-72.806,-3.445],[-73.051,-3.522],[-73.223,-3.683],[-73.249,-3.733],[-73.237,-3.769],[-73.197,-3.781],[-73.188,-3.8],[-73.214,-3.926],[-73.171,-3.996],[-73.185,-4.103],[-73.236,-4.145],[-73.287,-4.139],[-73.342,-4.099],[-73.367,-4.107],[-73.362,-4.208],[-73.454,-4.3],[-73.444,-4.405],[-73.489,-4.445]],[[-54.144,-2.245],[-54.129,-2.236],[-54.136,-2.183],[-54.088,-2.018],[-54.035,-1.996],[-54.003,-1.95],[-53.952,-1.929],[-53.851,-1.909],[-53.79,-1.923]]]}},{"type":"Feature","properties":{"r":6,"n":"Kadéï"},"geometry":{"type":"MultiLineString","coordinates":[[[14.617,5.865],[14.631,5.738],[14.59,5.608],[14.618,5.526],[14.597,5.412],[14.539,5.304],[14.48,5.273],[14.452,5.218],[14.487,5.177],[14.5,5.084],[14.424,4.98],[14.347,4.959],[14.308,4.903],[14.26,4.896],[14.213,4.566],[14.246,4.539],[14.235,4.514],[14.246,4.484],[14.284,4.47],[14.332,4.413],[14.322,4.347],[14.353,4.35],[14.37,4.334],[14.39,4.355],[14.397,4.321],[14.452,4.293],[14.477,4.223],[14.562,4.252],[14.576,4.196],[14.569,4.142],[14.625,4.154],[14.718,4.227],[14.801,4.234],[14.851,4.215],[14.863,4.231],[14.904,4.119],[14.933,4.108],[14.953,4.111],[14.959,4.132],[15.004,4.118],[15.028,4.132],[15.076,4.094],[15.117,4.114],[15.148,4.074],[15.189,4.063],[15.207,4.032],[15.306,4.005],[15.364,4.019],[15.392,4.061],[15.427,4.065],[15.446,4.021],[15.487,4.015],[15.542,3.976],[15.571,3.984],[15.603,3.915],[15.584,3.792],[15.6,3.772],[15.676,3.779],[15.756,3.722],[15.806,3.707],[15.984,3.547],[16.018,3.549],[16.107,3.477],[16.105,3.379],[16.09,3.337],[16.118,3.309],[16.111,3.265],[16.133,3.237],[16.111,3.169],[16.128,3.136],[16.224,3.07],[16.23,3.001],[16.247,2.98],[16.286,2.969],[16.299,2.905],[16.277,2.883],[16.255,2.88],[16.241,2.895],[16.202,2.878],[16.191,2.838],[16.142,2.794],[16.09,2.662],[16.111,2.586],[16.09,2.511],[16.112,2.411],[16.186,2.278],[16.179,2.247],[16.207,2.223],[16.159,2.182],[16.12,2.203],[16.085,2.149],[16.092,2.107],[16.076,2.086],[16.064,1.979],[16.101,1.933],[16.159,1.735],[16.144,1.714],[16.114,1.719],[16.069,1.655]]]}},{"type":"Feature","properties":{"r":6,"n":"Ruvuma"},"geometry":{"type":"MultiLineString","coordinates":[[[35.599,-10.807],[35.576,-10.805],[35.559,-10.77],[35.501,-10.731],[35.313,-10.674],[35.278,-10.68],[35.233,-10.713],[35.206,-10.741],[35.188,-10.797],[35.18,-10.867],[35.22,-10.901],[35.246,-10.996],[35.232,-11.031],[35.306,-11.105],[35.285,-11.263],[35.374,-11.359],[35.367,-11.424],[35.396,-11.487],[35.435,-11.516],[35.421,-11.571],[35.431,-11.588],[35.498,-11.582],[35.531,-11.612],[35.532,-11.595],[35.576,-11.605],[35.654,-11.578],[35.703,-11.516],[35.695,-11.494],[35.764,-11.475],[35.826,-11.413],[35.953,-11.44],[35.97,-11.461],[35.969,-11.502],[36.022,-11.506],[36.168,-11.579],[36.179,-11.675],[36.199,-11.701],[36.24,-11.695],[36.278,-11.709],[36.378,-11.681],[36.494,-11.681],[36.508,-11.71],[36.545,-11.729],[36.625,-11.721],[36.738,-11.675],[36.82,-11.573],[36.905,-11.593],[36.998,-11.584],[37.032,-11.565],[37.071,-11.629],[37.141,-11.675],[37.27,-11.698],[37.34,-11.681],[37.378,-11.709],[37.45,-11.722],[37.484,-11.709],[37.503,-11.673],[37.573,-11.644],[37.647,-11.636],[37.816,-11.533],[37.818,-11.46],[37.868,-11.328],[37.938,-11.284],[38.109,-11.249],[38.167,-11.284],[38.21,-11.27],[38.256,-11.277],[38.347,-11.359],[38.492,-11.413],[38.654,-11.276],[38.715,-11.256],[38.759,-11.263],[38.896,-11.167],[39.06,-11.16],[39.126,-11.14],[39.211,-11.174],[39.263,-11.167],[39.498,-10.99],[39.76,-10.943],[39.886,-10.864],[40.007,-10.811],[40.161,-10.704],[40.288,-10.583],[40.389,-10.535],[40.437,-10.475]]]}},{"type":"Feature","properties":{"r":6,"n":"Thames"},"geometry":{"type":"MultiLineString","coordinates":[[[-2.051,51.842],[-1.998,51.821],[-1.98,51.797],[-1.969,51.735],[-1.938,51.69],[-1.829,51.655],[-1.74,51.66],[-1.693,51.686],[-1.641,51.678],[-1.562,51.7],[-1.391,51.706],[-1.361,51.76],[-1.301,51.782],[-1.222,51.69],[-1.289,51.659],[-1.253,51.644],[-1.197,51.661],[-1.19,51.64],[-1.131,51.617],[-1.124,51.58],[-1.15,51.537],[-1.138,51.515],[-0.987,51.453],[-0.887,51.491],[-0.873,51.508],[-0.882,51.551],[-0.846,51.543],[-0.719,51.563],[-0.686,51.549],[-0.701,51.507],[-0.662,51.492],[-0.604,51.494],[-0.579,51.476],[-0.576,51.446],[-0.532,51.434],[-0.47,51.39],[-0.374,51.413],[-0.324,51.401],[-0.308,51.419],[-0.323,51.465],[-0.31,51.473],[-0.236,51.487],[-0.179,51.47],[-0.085,51.512],[0.048,51.491],[0.148,51.505],[0.275,51.46],[0.385,51.453]]]}},{"type":"Feature","properties":{"r":6,"n":"Drau"},"geometry":{"type":"MultiLineString","coordinates":[[[-18.173,64.914],[-18.21,64.896],[-18.237,64.818],[-18.372,64.767],[-18.433,64.695],[-18.683,64.585],[-18.713,64.558],[-18.861,64.518],[-18.911,64.473],[-19.154,64.367],[-19.252,64.344],[-19.361,64.255],[-19.514,64.211],[-19.551,64.186]]]}},{"type":"Feature","properties":{"r":6,"n":"Duero"},"geometry":{"type":"MultiLineString","coordinates":[[[-2.945,41.975],[-2.926,41.952],[-2.837,41.938],[-2.791,41.904],[-2.722,41.908],[-2.707,41.893],[-2.596,41.882],[-2.591,41.866],[-2.508,41.846],[-2.481,41.819],[-2.443,41.824],[-2.446,41.715],[-2.435,41.703],[-2.412,41.709],[-2.351,41.654],[-2.371,41.633],[-2.351,41.626],[-2.357,41.605],[-2.453,41.582],[-2.512,41.507],[-2.545,41.493],[-2.689,41.503],[-2.711,41.517],[-2.783,41.51],[-2.831,41.54],[-2.91,41.499],[-2.97,41.498],[-3.001,41.506],[-3.015,41.54],[-3.091,41.523],[-3.137,41.561],[-3.245,41.605],[-3.33,41.599],[-3.508,41.657],[-3.543,41.646],[-3.666,41.67],[-3.687,41.688],[-3.721,41.681],[-3.91,41.715],[-4.033,41.626],[-4.29,41.665],[-4.485,41.644],[-4.672,41.588],[-4.82,41.588],[-4.889,41.535],[-5.073,41.51],[-5.271,41.437],[-5.338,41.5],[-5.414,41.542],[-5.539,41.52],[-5.562,41.542],[-5.599,41.529],[-5.741,41.531],[-5.789,41.52],[-5.83,41.483],[-5.86,41.519],[-5.897,41.458],[-6.011,41.475],[-6.174,41.596],[-6.28,41.497],[-6.284,41.466],[-6.322,41.411],[-6.38,41.398],[-6.38,41.378],[-6.4,41.378],[-6.496,41.295],[-6.564,41.271],[-6.647,41.268],[-6.756,41.159],[-6.765,41.109],[-6.819,41.054],[-6.987,41.053],[-7.076,41.087],[-7.099,41.124],[-7.093,41.149],[-7.126,41.164],[-7.113,41.192],[-7.17,41.158],[-7.326,41.158],[-7.36,41.166],[-7.418,41.216],[-7.55,41.183],[-7.639,41.181]],[[-7.651,41.181],[-7.738,41.153],[-7.843,41.184],[-7.94,41.138],[-8.062,41.106],[-8.19,41.109],[-8.37,41.066],[-8.415,41.085],[-8.429,41.062],[-8.509,41.091],[-8.566,41.144],[-8.648,41.149]]]}},{"type":"Feature","properties":{"r":6,"n":"Helmand"},"geometry":{"type":"MultiLineString","coordinates":[[[68.489,34.572],[68.371,34.525],[68.338,34.486],[68.267,34.513],[68.036,34.497],[67.94,34.444],[67.739,34.41],[67.575,34.355],[67.431,34.253],[67.313,34.206],[67.266,34.157]],[[67.266,34.163],[67.216,34.091],[67.259,34.034],[67.238,33.954],[67.15,33.951],[67.091,33.893],[67.013,33.855],[66.896,33.739],[66.777,33.725],[66.731,33.692],[66.672,33.709],[66.616,33.658],[66.497,33.603],[66.423,33.547],[66.379,33.543],[66.307,33.492],[66.286,33.407],[66.162,33.389],[66.055,33.297],[66.053,33.244],[66.025,33.231],[65.968,33.139],[65.896,33.07],[65.813,33.064],[65.723,32.991],[65.546,32.93],[65.536,32.87],[65.483,32.833],[65.486,32.771],[65.449,32.691],[65.32,32.512],[65.314,32.416],[65.261,32.338],[65.224,32.32],[65.169,32.327],[65.107,32.3],[65.09,32.333],[64.998,32.273],[64.954,32.187],[64.849,32.102],[64.736,31.908],[64.625,31.833],[64.559,31.809],[64.354,31.663]],[[61.604,31.204],[61.667,31.066],[61.773,30.994],[61.804,30.95],[61.804,30.833],[61.784,30.813],[61.791,30.772],[61.825,30.734],[61.832,30.56],[61.812,30.432],[61.855,30.357],[61.932,30.309],[62.099,30.283],[62.216,30.23],[62.428,30.17],[62.559,30.169],[62.873,30.258],[62.997,30.272],[63.063,30.262],[63.134,30.301],[63.189,30.36],[63.255,30.374],[63.301,30.428],[63.415,30.506],[63.588,30.584],[63.887,30.529],[63.97,30.566],[64.028,30.674],[64.057,30.683],[64.097,30.771],[64.102,30.887],[64.183,31.032],[64.163,31.086],[64.185,31.123],[64.189,31.176],[64.271,31.299],[64.36,31.391],[64.374,31.429],[64.377,31.449],[64.347,31.495],[64.347,31.624],[64.361,31.663]]]}},{"type":"Feature","properties":{"r":6,"n":"Hong"},"geometry":{"type":"MultiLineString","coordinates":[[[106.501,20.3],[106.455,20.284],[106.349,20.365],[106.267,20.331],[106.279,20.393],[106.261,20.411],[106.219,20.414],[106.217,20.469],[106.184,20.491],[106.168,20.546],[106.13,20.589],[106.125,20.625],[106.059,20.617],[106.027,20.663],[106.03,20.708],[105.981,20.717],[105.956,20.787],[105.915,20.81],[105.925,20.887],[105.896,20.907],[105.899,20.934],[105.885,20.95],[105.901,21],[105.851,21.04],[105.834,21.079],[105.67,21.158],[105.494,21.174],[105.456,21.209],[105.414,21.307],[105.354,21.301],[105.329,21.26],[105.292,21.267],[105.264,21.291],[105.278,21.318],[105.258,21.377],[105.225,21.405],[105.199,21.34],[105.188,21.342],[105.137,21.432],[105.049,21.503],[104.962,21.603],[104.92,21.616],[104.932,21.665],[104.9,21.696],[104.874,21.694],[104.803,21.763],[104.799,21.792],[104.767,21.8],[104.646,21.905],[104.64,21.925],[104.621,21.918],[104.594,21.938],[104.592,21.959],[104.408,22.109],[104.36,22.171],[104.342,22.165],[104.25,22.268],[103.917,22.533],[103.894,22.569],[103.836,22.603],[103.658,22.793],[103.52,22.911],[103.288,23.062],[103.174,23.108],[103.084,23.125],[102.927,23.211],[102.863,23.224],[102.819,23.284],[102.726,23.306],[102.688,23.293],[102.507,23.38],[102.342,23.405],[102.25,23.45],[102.136,23.481],[102.104,23.538],[102.023,23.577],[101.986,23.612],[101.978,23.643],[101.94,23.652],[101.817,23.761],[101.717,23.914],[101.693,23.915],[101.577,24.082],[101.571,24.117],[101.529,24.145],[101.534,24.164],[101.503,24.203],[101.441,24.399],[101.401,24.418],[101.319,24.541],[101.308,24.545],[101.299,24.516],[101.274,24.507],[101.241,24.535],[101.211,24.538],[101.132,24.625],[101.115,24.669],[100.949,24.835],[100.894,24.917],[100.9,24.938],[100.819,25.025],[100.734,24.988],[100.714,25.015],[100.651,25.024],[100.579,25.073],[100.351,25.133],[100.235,25.385],[100.183,25.443]]]}},{"type":"Feature","properties":{"r":6,"n":"Yamuna"},"geometry":{"type":"MultiLineString","coordinates":[[[78.34,30.915],[78.217,30.82],[78.095,30.775],[78.054,30.666],[78.021,30.647],[77.958,30.511],[77.894,30.538],[77.665,30.446],[77.576,30.429],[77.565,30.415],[77.586,30.381],[77.585,30.325],[77.538,30.209],[77.484,30.153],[77.323,30.064],[77.318,30.04],[77.285,30.038],[77.221,29.961],[77.18,29.804],[77.162,29.771],[77.134,29.764],[77.137,29.723],[77.107,29.702],[77.114,29.682],[77.088,29.659],[77.1,29.589],[77.058,29.556],[77.072,29.528],[77.066,29.504],[77.12,29.484],[77.066,29.425],[77.148,29.415],[77.133,29.372],[77.15,29.313],[77.131,29.281],[77.134,29.116],[77.196,28.998],[77.176,28.963],[77.221,28.914],[77.202,28.877],[77.217,28.844],[77.196,28.807],[77.198,28.791],[77.217,28.788],[77.223,28.694]],[[77.223,28.694],[77.223,28.694]],[[77.223,28.694],[77.259,28.593],[77.29,28.579],[77.343,28.498],[77.377,28.484],[77.377,28.455],[77.408,28.469],[77.428,28.431],[77.466,28.434],[77.468,28.397],[77.497,28.393],[77.466,28.315],[77.488,28.299],[77.491,28.264],[77.539,28.243],[77.497,28.209],[77.539,28.181],[77.495,28.152],[77.504,28.093],[77.47,28.113],[77.468,28.047],[77.504,28.02],[77.526,27.974],[77.529,27.953],[77.504,27.941],[77.52,27.898],[77.593,27.846],[77.58,27.797],[77.65,27.812],[77.69,27.797],[77.665,27.758],[77.687,27.716],[77.675,27.663],[77.696,27.63],[77.655,27.605],[77.706,27.588],[77.685,27.515],[77.747,27.383],[77.792,27.392],[77.783,27.333],[77.861,27.266],[77.884,27.304],[77.909,27.251],[77.928,27.256],[77.937,27.293],[77.953,27.298],[77.977,27.249],[77.993,27.273],[78.018,27.256],[78.025,27.18],[78.075,27.202],[78.159,27.174],[78.2,27.191],[78.211,27.169],[78.197,27.112],[78.214,27.087],[78.236,27.084],[78.248,27.093],[78.237,27.112],[78.251,27.112],[78.272,27.084],[78.306,27.125],[78.349,27.127],[78.36,27.112],[78.323,27.098],[78.299,27.064],[78.343,27.078],[78.411,27.056],[78.44,27.015],[78.435,26.996],[78.479,26.981],[78.514,26.929],[78.532,26.935],[78.511,26.982],[78.556,26.976],[78.563,26.946],[78.591,26.927],[78.586,26.955],[78.605,26.954],[78.642,26.886],[78.676,26.914],[78.696,26.921],[78.704,26.9],[78.729,26.919],[78.858,26.803],[78.943,26.783],[78.929,26.762],[79.005,26.762],[78.983,26.735],[79.035,26.692],[79.046,26.641],[79.067,26.639],[79.052,26.626],[79.084,26.598],[79.128,26.605],[79.173,26.591],[79.204,26.545],[79.293,26.523],[79.245,26.502],[79.262,26.48],[79.211,26.444],[79.219,26.431],[79.286,26.441],[79.325,26.404],[79.463,26.438],[79.504,26.35],[79.555,26.36],[79.523,26.305],[79.532,26.288],[79.566,26.263],[79.627,26.251],[79.649,26.21],[79.724,26.187],[79.748,26.164],[79.74,26.137],[79.772,26.112],[79.847,26.115],[79.9,26.095],[79.927,26.162],[79.949,26.163],[79.959,26.072],[80.08,26.071],[80.093,26.037],[80.08,25.999],[80.17,25.955],[80.194,25.928],[80.277,25.926],[80.297,25.892],[80.407,25.915],[80.537,25.869],[80.54,25.843],[80.459,25.835],[80.492,25.791],[80.568,25.786],[80.567,25.734],[80.73,25.686],[80.78,25.69],[80.817,25.728],[80.839,25.718],[80.851,25.684],[80.923,25.685],[80.951,25.614],[81.023,25.626],[81.027,25.594],[80.999,25.571],[81.017,25.543],[81.087,25.511],[81.184,25.495],[81.192,25.474],[81.148,25.411],[81.173,25.378],[81.244,25.354],[81.261,25.329],[81.344,25.342],[81.385,25.32],[81.391,25.28],[81.472,25.266],[81.661,25.358],[81.726,25.357],[81.795,25.33],[81.812,25.349],[81.795,25.384],[81.828,25.416],[81.876,25.427],[81.903,25.415]]]}},{"type":"Feature","properties":{"r":6,"n":"Narmada"},"geometry":{"type":"MultiLineString","coordinates":[[[81.574,22.754],[81.462,22.765],[81.408,22.843],[81.28,22.877],[81.177,22.925],[81.162,22.948],[81.035,22.982],[81.016,22.977],[81.001,22.93],[80.889,22.953],[80.9,23.004],[80.842,23.055],[80.817,23.039],[80.802,22.995],[80.766,23.021],[80.666,22.994],[80.629,22.964],[80.591,22.973],[80.519,22.953],[80.532,22.906],[80.477,22.842],[80.499,22.796],[80.491,22.749],[80.51,22.726],[80.478,22.675],[80.505,22.623],[80.45,22.579],[80.408,22.576],[80.34,22.633],[80.327,22.726],[80.286,22.733],[80.269,22.796],[80.217,22.801],[80.165,22.766],[80.06,22.775],[80.026,22.788],[79.93,22.877],[79.944,22.942],[79.908,22.996],[79.944,23.049],[79.94,23.104],[79.887,23.113],[79.855,23.101],[79.789,23.132],[79.687,23.097],[79.591,23.113],[79.574,23.138],[79.516,23.137],[79.432,23.099],[79.348,23.107],[79.203,23.074],[79.126,23.076],[79.086,23.015],[79.039,23.016],[78.964,23.048],[78.731,23.049],[78.645,23.021],[78.475,23],[78.313,22.905],[78.286,22.864],[78.244,22.864],[78.22,22.89],[78.171,22.883],[78.135,22.843],[78.12,22.789],[77.994,22.823],[77.938,22.808],[77.922,22.861],[77.876,22.837],[77.86,22.874],[77.819,22.849],[77.761,22.775],[77.639,22.732],[77.58,22.681],[77.425,22.627],[77.313,22.56],[77.262,22.596],[77.14,22.563],[77.049,22.501],[76.922,22.494],[76.803,22.426],[76.763,22.31],[76.689,22.264],[76.636,22.264],[76.565,22.227],[76.477,22.281],[76.477,22.322],[76.423,22.336],[76.242,22.292],[76.188,22.242],[76.097,22.242],[75.954,22.188],[75.818,22.186],[75.739,22.158],[75.631,22.173],[75.34,22.14],[75.112,22.096],[75.047,22.099],[74.983,22.076],[74.77,22.076],[74.567,22.021],[74.531,22.05],[74.433,22.039],[74.352,21.987],[74.29,21.966],[74.284,21.945],[74.249,21.93],[74.205,21.925],[74.129,21.952],[74.061,21.94],[73.943,21.875],[73.792,21.837],[73.7,21.849],[73.678,21.886],[73.607,21.912],[73.543,21.98],[73.444,21.987],[73.413,21.918],[73.374,21.929],[73.337,21.886],[73.304,21.89],[73.268,21.936],[73.232,21.93],[73.245,21.844],[73.221,21.829],[73.153,21.856],[73.136,21.844],[73.159,21.777],[73.132,21.754]]]}},{"type":"Feature","properties":{"r":6,"n":"Dadu"},"geometry":{"type":"MultiLineString","coordinates":[[[100.07,33.006],[100.191,32.899],[100.197,32.859],[100.292,32.803],[100.371,32.779],[100.442,32.727],[100.488,32.683],[100.508,32.628],[100.554,32.577],[100.71,32.523],[100.8,32.455],[100.803,32.341],[100.848,32.356],[100.872,32.347],[100.863,32.331],[100.96,32.28],[101.006,32.205],[100.971,32.088],[100.977,32.024],[101.005,32],[101.009,31.971],[101.081,31.94],[101.192,31.814],[101.286,31.779],[101.344,31.786],[101.425,31.765],[101.478,31.803],[101.571,31.792],[101.647,31.82],[101.661,31.805],[101.726,31.847],[101.831,31.861],[101.865,31.82],[101.934,31.79],[102.026,31.711],[102.023,31.682],[102.072,31.601],[102.077,31.454],[101.989,31.368],[102.007,31.331],[102.049,31.298],[102.001,31.203],[101.924,31.168],[101.88,31.112],[101.88,30.908],[101.92,30.868],[101.944,30.803],[101.971,30.794],[101.98,30.763],[102.055,30.699],[102.069,30.524],[102.116,30.478],[102.123,30.398],[102.203,30.213],[102.179,30.167],[102.171,30.059],[102.228,29.952],[102.209,29.849],[102.216,29.775],[102.194,29.675],[102.166,29.629],[102.177,29.594],[102.158,29.543],[102.177,29.482],[102.222,29.47],[102.236,29.391],[102.284,29.285],[102.324,29.254],[102.479,29.278],[102.55,29.326],[102.625,29.35],[102.657,29.326],[102.777,29.316],[102.808,29.301],[102.804,29.271],[102.85,29.215],[102.902,29.231],[102.927,29.285],[102.958,29.303],[103.02,29.292],[103.043,29.243],[103.085,29.259],[103.114,29.304],[103.203,29.254],[103.262,29.246],[103.291,29.291],[103.325,29.308],[103.337,29.307],[103.333,29.291],[103.38,29.319],[103.421,29.305],[103.462,29.319],[103.509,29.272],[103.531,29.278],[103.582,29.213],[103.639,29.21],[103.64,29.278],[103.661,29.315],[103.652,29.337],[103.574,29.339],[103.554,29.374],[103.554,29.42],[103.643,29.522],[103.716,29.559]]]}},{"type":"Feature","properties":{"r":2,"n":"Ertix"},"geometry":{"type":"MultiLineString","coordinates":[[[90.325,47.65],[90.298,47.622],[90.27,47.438],[90.189,47.404],[90.11,47.399],[90.047,47.332],[89.983,47.3],[89.927,47.226],[89.709,47.174],[89.695,47.142],[89.628,47.121],[89.616,47.075],[89.551,47.047],[89.575,47.044],[89.561,47.006],[89.492,46.983],[89.147,47.013],[88.689,47.208],[88.16,47.286],[88.122,47.307],[87.991,47.309],[87.908,47.352],[87.831,47.355],[87.742,47.41],[87.634,47.441],[87.415,47.466],[87.355,47.492],[87.303,47.584],[87.181,47.588],[87.152,47.568],[86.995,47.613],[86.924,47.674],[86.796,47.725],[86.694,47.821],[86.495,47.89],[86.4,47.861],[86.382,47.836],[86.33,47.869],[86.27,47.863],[86.275,47.848],[86.248,47.841],[86.126,47.882],[86.074,47.919],[86.01,47.93],[85.954,47.965],[85.882,47.957],[85.871,47.979],[85.848,47.966],[85.755,47.981],[85.73,47.966],[85.656,48.007],[85.555,47.983],[85.509,48.027],[85.378,47.979],[85.344,48.001],[85.326,47.989],[85.267,47.994]]]}},{"type":"Feature","properties":{"r":6,"n":"Xar Moron"},"geometry":{"type":"MultiLineString","coordinates":[[[117.209,42.592],[117.178,42.598],[117.16,42.62],[117.193,42.654],[117.187,42.68],[117.235,42.721],[117.234,42.782],[117.18,42.905],[117.23,42.962],[117.22,43.006],[117.29,43.043],[117.382,43.051],[117.572,43.149],[117.682,43.182],[117.843,43.203],[117.938,43.195],[118.006,43.246],[118.147,43.26],[118.25,43.296],[118.549,43.274],[118.634,43.243],[118.685,43.251],[119.132,43.217],[119.268,43.257],[119.621,43.266],[120.164,43.38],[120.341,43.373],[120.758,43.423]]]}},{"type":"Feature","properties":{"r":6,"n":"Kapuas"},"geometry":{"type":"MultiLineString","coordinates":[[[113.465,1.201],[113.313,1.08],[113.278,1.017],[113.217,0.954],[113.132,0.943],[112.996,0.885],[112.953,0.886],[112.861,0.818],[112.834,0.832],[112.772,0.806],[112.738,0.849],[112.673,0.832],[112.593,0.84],[112.535,0.798],[112.514,0.805],[112.507,0.784],[112.454,0.788],[112.363,0.69],[112.261,0.688],[112.134,0.647],[112.104,0.62],[112.024,0.647],[111.997,0.633],[111.973,0.64],[111.953,0.606],[111.917,0.617],[111.918,0.594],[111.959,0.565],[111.955,0.523],[111.903,0.499],[111.865,0.444],[111.823,0.453],[111.801,0.442],[111.842,0.418],[111.835,0.397],[111.781,0.352],[111.747,0.352],[111.733,0.325],[111.713,0.352],[111.703,0.308],[111.678,0.346],[111.614,0.362],[111.634,0.232],[111.618,0.234],[111.617,0.27],[111.56,0.242],[111.542,0.158],[111.493,0.137],[111.5,0.109],[111.487,0.086],[111.398,0.136],[111.39,0.112],[111.405,0.079],[111.391,0.064],[111.353,0.061],[111.315,0.112],[111.308,0.071],[111.286,0.065],[111.271,0.071],[111.269,0.126],[111.239,0.139],[111.196,0.072],[111.137,0.099],[111.094,0.076],[111.038,0.099],[110.983,0.031],[110.947,0.046],[110.883,0.03],[110.85,0.041],[110.816,0.007],[110.783,0],[110.762,0.019],[110.757,0.109],[110.742,0.115],[110.693,0.024],[110.663,0.023],[110.657,-0.011],[110.627,0.023],[110.624,0.106],[110.589,0.119],[110.561,0.006],[110.534,0.011],[110.521,0.037],[110.502,0.028],[110.484,-0.014],[110.46,-0.024],[110.454,-0.075],[110.435,-0.091],[110.29,-0.095],[110.267,-0.066],[110.215,-0.045],[110.036,-0.049],[110,-0.065],[109.97,-0.104],[109.946,-0.194],[109.917,-0.23],[109.859,-0.263],[109.773,-0.258],[109.743,-0.318],[109.7,-0.312],[109.633,-0.36],[109.608,-0.36],[109.602,-0.34],[109.582,-0.334],[109.574,-0.36],[109.534,-0.347],[109.488,-0.385],[109.375,-0.277],[109.279,-0.273],[109.218,-0.237]]]}},{"type":"Feature","properties":{"r":6,"n":"Katherine"},"geometry":{"type":"MultiLineString","coordinates":[[[133.134,-13.298],[133.144,-13.342],[133.21,-13.422],[133.222,-13.462],[133.228,-13.64],[133.193,-13.711],[133.111,-13.75],[132.932,-13.695],[132.792,-13.853],[132.789,-13.934],[132.748,-13.993],[132.723,-14.137],[132.682,-14.195],[132.572,-14.285],[132.416,-14.319],[132.416,-14.353],[132.363,-14.368],[132.221,-14.508],[132.135,-14.533],[132.119,-14.557],[132.065,-14.579],[131.962,-14.696],[131.844,-14.706]]]}},{"type":"Feature","properties":{"r":6,"n":"Taritatu"},"geometry":{"type":"MultiLineString","coordinates":[[[140.295,-3.711],[140.283,-3.726],[140.243,-3.727],[140.195,-3.673],[140.172,-3.67],[140.07,-3.681],[139.923,-3.625],[139.907,-3.603],[139.877,-3.609],[139.8,-3.585],[139.738,-3.527],[139.599,-3.532],[139.57,-3.505],[139.521,-3.533],[139.523,-3.466],[139.487,-3.502],[139.439,-3.485],[139.443,-3.475],[139.373,-3.481],[139.376,-3.462],[139.408,-3.452],[139.398,-3.437],[139.374,-3.434],[139.333,-3.465],[139.267,-3.458],[139.22,-3.426],[139.148,-3.445],[139.125,-3.428],[139.116,-3.372],[139.08,-3.351],[139.097,-3.328],[139.056,-3.319],[139.044,-3.275],[138.997,-3.266],[138.967,-3.291],[138.893,-3.222],[138.861,-3.229],[138.818,-3.206],[138.805,-3.217],[138.789,-3.177],[138.702,-3.19]]]}},{"type":"Feature","properties":{"r":6,"n":"Mitchell"},"geometry":{"type":"MultiLineString","coordinates":[[[143.469,-16.484],[143.422,-16.501],[143.331,-16.45],[143.194,-16.427],[143.127,-16.372],[143.072,-16.35],[142.976,-16.236],[142.849,-16.176],[142.803,-16.129],[142.642,-16.046],[142.621,-16.011],[142.458,-15.957],[142.396,-15.971],[142.351,-15.915],[142.303,-15.919],[142.271,-15.874],[142.249,-15.799],[142.172,-15.703],[142.111,-15.659],[142.075,-15.558],[141.964,-15.405],[141.953,-15.385],[141.967,-15.34],[141.905,-15.286],[141.813,-15.281],[141.762,-15.23],[141.69,-15.244],[141.604,-15.203]]]}},{"type":"Feature","properties":{"r":6,"n":"Chenab"},"geometry":{"type":"MultiLineString","coordinates":[[[77.436,32.293],[77.356,32.317],[77.298,32.368],[77.079,32.5],[76.992,32.513],[76.955,32.595],[76.875,32.639],[76.73,32.673],[76.609,32.751],[76.477,32.754],[76.444,32.768],[76.428,32.823],[76.462,32.909],[76.428,32.971],[76.427,33.05],[76.355,33.116],[76.246,33.179],[76.199,33.242],[76.096,33.307],[75.833,33.377],[75.752,33.38],[75.725,33.335],[75.808,33.217],[75.8,33.162],[75.703,33.171],[75.6,33.141],[75.364,33.14],[75.325,33.156],[75.292,33.21],[75.143,33.274],[75.124,33.226],[75.084,33.201],[75.06,33.163],[74.998,33.178],[74.904,33.168],[74.818,33.193],[74.801,33.179],[74.792,33.057],[74.809,33.002],[74.78,32.912],[74.542,32.79],[74.469,32.701],[74.338,32.612],[74.22,32.565],[74.193,32.536],[74.146,32.522],[74.104,32.477],[74.043,32.464],[73.991,32.419],[73.921,32.417],[73.868,32.392],[73.791,32.383],[73.756,32.341],[73.677,32.347],[73.522,32.241],[73.4,32.227],[73.385,32.19],[73.291,32.107],[73.279,32.073],[73.214,32.035],[73.188,31.95],[73.139,31.902],[73.108,31.83],[72.993,31.787],[72.919,31.71],[72.656,31.666],[72.584,31.615],[72.543,31.608],[72.517,31.569],[72.361,31.488],[72.343,31.449],[72.251,31.365],[72.253,31.294],[72.234,31.22],[72.139,31.183]],[[72.139,31.183],[72.139,31.094],[72.091,31.052],[72.078,30.995],[72.018,30.953],[71.986,30.886],[71.942,30.861],[71.858,30.773],[71.837,30.662],[71.713,30.573],[71.648,30.572],[71.629,30.533],[71.569,30.505],[71.535,30.463],[71.494,30.454],[71.453,30.389],[71.405,30.36],[71.414,30.334],[71.364,30.316],[71.31,30.133],[71.252,30.044],[71.225,29.925],[71.184,29.902],[71.173,29.876],[71.206,29.793],[71.172,29.689],[71.141,29.64],[71.054,29.597],[71.045,29.549],[71.008,29.532],[71.046,29.425],[71.022,29.394],[71.004,29.293],[70.949,29.266],[70.939,29.219],[70.83,29.225],[70.812,29.159],[70.757,29.15],[70.754,29.119],[70.699,29.038],[70.639,29.037]]]}},{"type":"Feature","properties":{"r":6,"n":"Anadyr’"},"geometry":{"type":"MultiLineString","coordinates":[[[170.966,67.099],[170.974,67.068],[171,67.05],[171.323,66.995],[171.372,66.906],[171.46,66.837],[171.482,66.776],[171.56,66.765],[171.585,66.735],[171.402,66.701],[171.352,66.672],[171.225,66.66],[170.894,66.56],[170.754,66.538],[170.372,66.331],[170.166,66.272],[169.972,66.255],[169.857,66.214],[169.807,66.16],[169.84,66.065],[169.837,66.012],[169.804,65.976],[169.822,65.951],[169.794,65.896],[169.817,65.804],[169.689,65.758],[169.588,65.751],[168.96,65.61],[168.891,65.563],[168.858,65.498],[168.78,65.492],[168.76,65.471],[168.599,65.42],[168.55,65.385],[168.544,65.334],[168.584,65.268],[168.81,65.223],[168.845,65.211],[168.865,65.178],[168.849,65.127],[168.66,65.027],[168.593,64.947],[168.604,64.899],[168.666,64.875],[168.795,64.864],[169.001,64.768],[169.356,64.782],[169.435,64.807],[169.579,64.822],[169.928,64.798],[170.284,64.716],[170.495,64.707],[170.629,64.733],[170.749,64.734],[170.766,64.757],[170.722,64.816],[170.8,64.836],[170.851,64.824],[170.876,64.844],[170.742,64.864],[170.792,64.899],[170.803,64.928],[170.86,64.913],[170.92,64.925],[170.967,64.974],[171.049,65.01],[171.112,65.008],[171.147,65.06],[171.136,65.087],[171.057,65.123],[171.103,65.226],[171.1,65.279],[171.25,65.255],[171.273,65.256],[171.292,65.291],[171.318,65.303],[171.451,65.284],[171.744,65.285],[171.89,65.217],[171.907,65.165],[171.941,65.154],[172.068,65.186],[172.191,65.151],[172.266,65.146],[172.327,65.163],[172.38,65.237],[172.502,65.23],[172.667,65.31],[172.85,65.355],[173.008,65.504],[173.19,65.552],[173.365,65.522],[173.384,65.445],[173.552,65.403],[173.619,65.345],[173.671,65.324],[173.689,65.268],[173.596,65.152],[173.531,65.11],[173.579,65.028],[173.856,65],[173.994,64.915],[174.027,64.846],[174.071,64.806],[174.291,64.763],[174.442,64.692]]]}},{"type":"Feature","properties":{"r":6,"n":"Olenëk"},"geometry":{"type":"MultiLineString","coordinates":[[[120.573,72.889],[120.802,72.875],[121.022,72.774],[121.162,72.775],[121.296,72.806],[121.467,72.807],[121.873,72.628],[121.929,72.584],[122.168,72.528],[122.487,72.4],[122.632,72.371],[122.685,72.344],[122.898,72.316],[123.084,72.271],[123.378,72.162],[123.657,72.097],[123.737,72.062],[123.734,72.032],[123.678,71.999],[123.596,71.893],[123.657,71.865],[123.689,71.817],[123.787,71.783],[123.786,71.756],[123.613,71.709],[123.595,71.679],[123.611,71.655],[123.549,71.649],[123.365,71.586],[123.161,71.565],[122.921,71.46],[122.784,71.375],[122.598,71.317],[122.586,71.3],[122.655,71.269],[122.665,71.242],[122.565,71.213],[122.505,71.176],[122.497,71.149],[122.515,71.131],[122.497,71.098],[122.509,71.06],[122.489,71.036]],[[104.957,67.568],[105.006,67.551],[105.339,67.514],[105.367,67.541],[105.412,67.544],[105.416,67.568],[105.461,67.586],[105.645,67.566],[105.693,67.576],[105.717,67.568],[105.689,67.547],[105.699,67.503],[105.773,67.473],[105.936,67.486],[105.931,67.528],[106.039,67.561],[105.989,67.597],[106.033,67.619],[106.226,67.578],[106.354,67.52],[106.313,67.506],[106.25,67.514],[106.183,67.473],[106.277,67.433],[106.228,67.386],[106.319,67.342],[106.405,67.34],[106.479,67.363],[106.65,67.376],[106.861,67.328],[107.017,67.318],[107.087,67.285],[107.32,67.301],[107.341,67.287],[107.434,67.281],[107.538,67.234],[107.783,67.277],[107.861,67.276],[107.882,67.253],[108.043,67.209],[108.283,67.231],[108.34,67.2],[108.458,67.197],[108.532,67.159],[108.689,67.127],[108.806,67.139],[108.944,67.116],[109.122,67.151],[109.335,67.117],[109.367,67.134],[109.362,67.17],[109.383,67.184],[109.64,67.151],[109.794,67.171],[109.932,67.161],[110.036,67.209],[110.171,67.212],[110.123,67.261],[110.137,67.277],[110.263,67.281],[110.294,67.301],[110.225,67.336],[110.322,67.365],[110.351,67.41],[110.566,67.476],[110.735,67.477],[110.907,67.56],[111.007,67.587],[111.022,67.607],[110.912,67.624],[110.962,67.677],[110.835,67.756],[110.913,67.801],[110.97,67.794],[111.049,67.817],[111.126,67.879],[111.203,67.86],[111.336,67.923],[111.399,67.937],[111.45,67.892],[111.591,67.886],[111.549,67.838],[111.573,67.808],[111.843,67.875],[112.069,67.825],[112.222,67.811],[112.356,67.845],[112.37,67.872],[112.357,67.899],[112.29,67.92],[112.275,67.944],[112.309,67.992],[112.268,68.03],[111.996,68.081],[111.96,68.102],[112.042,68.181],[112.192,68.199],[112.309,68.256],[112.287,68.274],[112.117,68.283],[112.115,68.303],[112.299,68.36],[112.187,68.434],[112.159,68.469],[112.248,68.503],[112.213,68.538],[112.23,68.563],[112.301,68.574],[112.49,68.495],[112.66,68.516],[112.851,68.45],[113.048,68.447],[113.393,68.397],[113.503,68.432],[113.649,68.429],[113.693,68.441],[113.676,68.452],[113.683,68.462],[113.847,68.519],[113.919,68.514],[113.988,68.537],[114.069,68.527],[114.226,68.462],[114.483,68.463],[114.678,68.49],[114.721,68.479],[114.735,68.455],[114.572,68.402],[114.639,68.378],[114.854,68.357],[115.007,68.429],[115.243,68.435],[115.333,68.451],[115.5,68.525],[115.612,68.552],[115.693,68.549],[115.739,68.522],[115.704,68.473],[115.489,68.418],[115.446,68.381],[115.536,68.342],[115.763,68.315],[115.991,68.245],[115.942,68.219],[115.814,68.215],[115.839,68.17],[115.8,68.129],[115.898,68.112],[116.047,68.124],[116.088,68.108],[116.064,68.063],[116.119,68.03],[116.124,68.007],[116.102,67.985],[116.174,67.906],[116.181,67.865],[116.215,67.839],[116.145,67.754],[116.167,67.735],[116.378,67.728],[116.531,67.756],[116.558,67.787],[116.503,67.828],[116.496,67.84],[116.513,67.855],[116.737,67.831],[116.858,67.883],[117.012,67.884],[117.006,67.91],[116.941,67.937],[116.945,67.96],[117.036,68.023],[117.206,68.055],[117.377,68.057],[117.549,68.155],[117.632,68.169],[117.718,68.206],[117.683,68.229],[117.561,68.224],[117.339,68.269],[117.221,68.32],[117.204,68.348],[117.234,68.392],[117.11,68.437],[117.051,68.496],[117.063,68.526],[117.142,68.535],[117.258,68.576],[117.308,68.611],[117.368,68.619],[117.401,68.605],[117.448,68.541],[117.548,68.503],[117.564,68.443],[117.635,68.432],[117.709,68.472],[117.887,68.51],[118.062,68.582],[118.095,68.623],[118.113,68.682],[118.095,68.713],[117.945,68.691],[117.921,68.717],[118.073,68.779],[118.216,68.763],[118.318,68.77],[118.445,68.712],[118.554,68.706],[118.621,68.741],[118.622,68.773],[118.605,68.79],[118.628,68.809],[118.724,68.842],[118.857,68.85],[118.872,68.865],[118.792,68.914],[118.669,68.95],[118.59,68.954],[118.541,68.938],[118.506,68.878],[118.478,68.863],[118.36,68.92],[118.092,68.928],[118.057,68.981],[118.023,68.994],[117.862,69.012],[117.775,69.003],[117.739,69.02],[117.768,69.043],[117.929,69.063],[118.026,69.093],[118.103,69.085],[118.391,69.116],[118.392,69.129],[118.339,69.154],[118.302,69.267],[118.311,69.289],[118.415,69.365],[118.381,69.397],[118.257,69.432],[118.243,69.462],[118.277,69.503],[118.277,69.527],[118.069,69.588],[118.059,69.598],[118.078,69.623],[118.156,69.655],[118.467,69.632],[118.791,69.702],[118.962,69.72],[119.243,69.862],[119.265,69.918],[119.331,69.969],[119.34,69.993],[119.312,70.095],[119.246,70.154],[119.075,70.204],[118.896,70.299],[118.896,70.323],[118.93,70.35],[118.988,70.357],[119.107,70.3],[119.225,70.336],[119.51,70.349],[119.594,70.384],[119.655,70.476],[119.701,70.5],[119.785,70.531],[119.902,70.545],[120.075,70.541],[120.337,70.49],[120.447,70.503],[120.896,70.497],[120.972,70.518],[121.81,70.549],[122.005,70.517],[122.273,70.579],[122.484,70.587],[122.595,70.661],[122.491,70.689],[122.312,70.706],[122.304,70.719],[122.323,70.752],[122.293,70.818],[122.41,70.909],[122.314,70.963],[122.336,70.994],[122.485,71.038]]]}},{"type":"Feature","properties":{"r":6,"n":"Tom’"},"geometry":{"type":"MultiLineString","coordinates":[[[89.771,53.646],[89.731,53.639],[89.67,53.598],[89.65,53.563],[89.548,53.528],[89.522,53.492],[89.463,53.465],[89.462,53.447],[89.306,53.435],[89.25,53.413],[89.086,53.453],[89.03,53.533],[89.01,53.604],[88.945,53.653],[88.873,53.671],[88.791,53.667],[88.739,53.68],[88.585,53.653],[88.513,53.677],[88.358,53.695],[88.19,53.65],[87.893,53.761],[87.805,53.749],[87.74,53.777],[87.475,53.824],[87.276,53.753],[87.181,53.767],[87.146,53.839],[87.173,53.892],[87.256,53.913],[87.286,53.938],[87.306,53.994],[87.479,54.073],[87.488,54.139],[87.524,54.188],[87.525,54.227],[87.468,54.277],[87.459,54.316],[87.533,54.365],[87.561,54.427],[87.519,54.518],[87.488,54.524],[87.476,54.544],[87.488,54.609],[87.392,54.633],[87.365,54.66],[87.293,54.688],[87.128,54.688],[87.059,54.727],[87.057,54.763],[87.102,54.817],[87.035,54.835],[87.126,54.917],[87.1,54.971],[87.118,54.995],[87.108,55.03],[86.981,55.023],[86.94,55.036],[86.837,55.016],[86.823,55.03],[86.848,55.064],[86.844,55.084],[86.798,55.098],[86.748,55.14],[86.673,55.159],[86.573,55.16],[86.357,55.092],[86.331,55.121],[86.347,55.157],[86.375,55.167],[86.375,55.188],[86.289,55.247],[86.276,55.289],[86.234,55.325],[86.225,55.38],[86.098,55.373],[85.989,55.4],[85.933,55.448],[85.954,55.489],[85.902,55.537],[85.627,55.673],[85.537,55.698],[85.424,55.701],[85.324,55.661],[85.268,55.66],[85.133,55.702],[85.022,55.709],[84.971,55.738],[84.946,55.805],[84.955,55.85],[85.034,55.894],[85.042,55.935],[84.929,56.021],[84.933,56.065],[84.998,56.113],[85.001,56.13],[84.888,56.222],[84.947,56.255],[84.968,56.291],[84.878,56.367],[84.885,56.387],[84.965,56.414],[84.963,56.431],[84.915,56.472],[84.9,56.541],[84.854,56.596],[84.788,56.599],[84.706,56.652],[84.635,56.755],[84.634,56.802],[84.597,56.821],[84.486,56.825],[84.477,56.893],[84.436,56.911]]]}},{"type":"Feature","properties":{"r":6,"n":"Kamchatka"},"geometry":{"type":"MultiLineString","coordinates":[[[157.632,54.29],[157.647,54.166],[157.689,54.087],[157.821,54.076],[157.851,54.088],[157.9,54.166],[157.982,54.194],[158.072,54.25],[158.108,54.292],[158.105,54.332],[158.167,54.382],[158.171,54.42],[158.264,54.447],[158.304,54.475],[158.322,54.508],[158.291,54.53],[158.331,54.55],[158.321,54.578],[158.342,54.595],[158.798,54.784],[158.784,54.804],[158.804,54.814],[158.81,54.842],[158.856,54.898],[158.937,54.947],[158.953,54.974],[158.942,55.01],[159.038,55.092],[159.034,55.113],[159.089,55.123],[159.134,55.174],[159.188,55.161],[159.198,55.189],[159.3,55.241],[159.298,55.284],[159.321,55.289],[159.339,55.321],[159.3,55.348],[159.36,55.366],[159.335,55.382],[159.337,55.399],[159.53,55.474],[159.642,55.454],[159.668,55.468],[159.648,55.489],[159.655,55.526],[159.744,55.592],[159.709,55.613],[159.736,55.627],[159.709,55.658],[159.723,55.695],[159.708,55.702],[159.736,55.743],[159.73,55.79],[159.599,55.887],[159.655,55.887],[159.644,55.959],[159.763,56.031],[159.767,56.054],[159.839,56.069],[159.825,56.106],[159.887,56.154],[159.894,56.195],[159.947,56.198],[159.937,56.238],[159.955,56.255],[160.054,56.29],[160.223,56.32],[160.234,56.363],[160.285,56.373],[160.278,56.394],[160.319,56.424],[160.355,56.418],[160.389,56.434],[160.435,56.408],[160.518,56.414],[160.696,56.389],[160.861,56.332],[161.007,56.339],[161.083,56.317],[161.289,56.304],[161.388,56.34],[161.477,56.312],[161.549,56.312],[161.719,56.27],[161.835,56.261],[161.948,56.223],[162.244,56.271],[162.299,56.257],[162.397,56.27],[162.478,56.243]]]}},{"type":"Feature","properties":{"r":2,"n":"Maquan"},"geometry":{"type":"MultiLineString","coordinates":[[[82.4,30.411],[82.472,30.422],[82.589,30.36],[82.651,30.383],[82.769,30.359],[82.859,30.373],[82.907,30.328],[82.934,30.251],[82.965,30.224],[83.082,30.175],[83.095,30.151],[83.168,30.125],[83.192,30.134],[83.199,30.112],[83.252,30.073],[83.293,30.077],[83.382,30.042],[83.41,29.992],[83.537,29.939],[83.605,29.878],[83.727,29.856],[83.98,29.736],[83.952,29.702],[83.99,29.633],[84.087,29.57],[84.186,29.579],[84.238,29.541],[84.416,29.535],[84.493,29.511],[84.511,29.476],[84.48,29.349],[84.507,29.322],[84.499,29.297],[84.583,29.257],[84.618,29.289],[84.776,29.224],[84.838,29.229],[84.964,29.186],[85.001,29.199],[85.035,29.229],[85.041,29.254],[85.165,29.326],[85.251,29.315],[85.323,29.278],[85.392,29.281],[85.487,29.251],[85.555,29.256],[85.609,29.192],[85.653,29.181],[85.782,29.216],[85.946,29.182],[86.147,29.178],[86.275,29.213],[86.387,29.224],[86.454,29.207],[86.501,29.22],[86.51,29.239],[86.546,29.213],[86.607,29.202],[86.667,29.213],[87.006,29.185],[87.067,29.152],[87.121,29.177],[87.194,29.145],[87.219,29.157],[87.409,29.118],[87.66,29.152]]]}},{"type":"Feature","properties":{"r":6,"n":"Coco"},"geometry":{"type":"MultiLineString","coordinates":[[[-86.844,13.42],[-86.8,13.461],[-86.738,13.468],[-86.687,13.455],[-86.63,13.524],[-86.476,13.637],[-86.443,13.643],[-86.314,13.615],[-86.274,13.514],[-86.184,13.445],[-86.118,13.441],[-86.039,13.509],[-86.028,13.496],[-85.966,13.505],[-85.92,13.485],[-85.9,13.492],[-85.831,13.553],[-85.83,13.638],[-85.788,13.721],[-85.783,13.782],[-85.726,13.848],[-85.729,13.875],[-85.748,13.888],[-85.733,13.96],[-85.652,13.982],[-85.649,14],[-85.594,14.034],[-85.529,14.051],[-85.511,14.094],[-85.433,14.133],[-85.385,14.227],[-85.322,14.282],[-85.17,14.322],[-85.16,14.361],[-85.207,14.407],[-85.179,14.428],[-85.179,14.456],[-85.153,14.486],[-85.146,14.564],[-85.138,14.579],[-85.12,14.574],[-85.087,14.545],[-85.03,14.589],[-85.023,14.606],[-85.049,14.606],[-85.021,14.634],[-85.055,14.663],[-85.034,14.67],[-85.016,14.728],[-84.905,14.817],[-84.793,14.821],[-84.771,14.805],[-84.756,14.782],[-84.768,14.767],[-84.748,14.765],[-84.746,14.739],[-84.7,14.675],[-84.682,14.686],[-84.528,14.661],[-84.535,14.634],[-84.484,14.62],[-84.409,14.65],[-84.364,14.716],[-84.339,14.675],[-84.268,14.678],[-84.263,14.759],[-84.169,14.715],[-84.096,14.736],[-84.123,14.785],[-84.113,14.794],[-84.042,14.761],[-83.925,14.764],[-83.925,14.804],[-83.87,14.777],[-83.802,14.804],[-83.822,14.826],[-83.766,14.829],[-83.745,14.837],[-83.747,14.852],[-83.706,14.839],[-83.715,14.867],[-83.693,14.887],[-83.616,14.873],[-83.605,14.909],[-83.541,14.942],[-83.548,14.955],[-83.528,14.949],[-83.51,15.012],[-83.487,15.011],[-83.46,14.983],[-83.416,14.997],[-83.391,15.031],[-83.35,14.997],[-83.274,15.003],[-83.286,14.992],[-83.267,14.983],[-83.13,14.997]]]}},{"type":"Feature","properties":{"r":6,"n":"Double Mountain Fork Brazos"},"geometry":{"type":"MultiLineString","coordinates":[[[-101.659,33.533],[-101.452,33.441],[-101.3,33.228],[-101.177,33.197],[-101.144,33.14],[-101.032,33.156],[-100.948,33.108],[-100.834,33.107],[-100.778,33.091],[-100.789,33.068],[-100.772,33.053],[-100.701,33.037],[-100.702,33.008],[-100.666,32.999],[-100.639,32.964],[-100.568,32.947],[-100.501,32.905]]]}},{"type":"Feature","properties":{"r":6,"n":"Beaver"},"geometry":{"type":"MultiLineString","coordinates":[[[-112.598,54.619],[-112.598,54.619]],[[-112.598,54.619],[-112.329,54.612],[-112.337,54.598],[-112.23,54.568],[-112.159,54.516],[-112.123,54.466],[-112.1,54.461],[-112.008,54.482],[-111.864,54.473],[-111.753,54.461],[-111.719,54.441],[-111.625,54.445],[-111.51,54.404],[-111.46,54.438],[-111.404,54.421],[-111.35,54.453],[-111.279,54.46],[-111.176,54.419],[-111.123,54.365],[-111.075,54.365],[-110.932,54.406],[-110.808,54.379],[-110.764,54.392],[-110.662,54.388],[-110.578,54.425],[-110.507,54.42],[-110.459,54.447],[-110.373,54.446],[-110.325,54.434],[-110.263,54.362],[-110.19,54.343],[-110.044,54.255],[-109.978,54.265],[-109.878,54.251],[-109.523,54.321],[-109.441,54.3],[-109.39,54.249],[-109.315,54.265],[-109.246,54.242],[-109.144,54.29],[-109.1,54.27],[-109,54.304],[-108.778,54.276],[-108.702,54.249],[-108.584,54.288],[-108.465,54.29],[-108.388,54.319],[-108.303,54.297],[-108.17,54.297],[-108.047,54.338],[-107.963,54.338],[-107.915,54.356],[-107.834,54.338],[-107.824,54.355],[-107.872,54.429],[-107.877,54.47],[-107.871,54.509],[-107.834,54.516],[-107.795,54.555],[-107.775,54.656],[-107.776,54.7],[-107.806,54.756],[-107.8,54.883],[-107.713,54.997],[-107.7,55.051],[-107.615,55.15],[-107.622,55.219],[-107.643,55.242],[-107.635,55.284],[-107.703,55.387],[-107.74,55.408]],[[-112.741,54.4],[-112.735,54.419],[-112.763,54.451],[-112.763,54.477],[-112.737,54.492],[-112.727,54.53],[-112.689,54.54],[-112.652,54.591],[-112.598,54.619]]]}},{"type":"Feature","properties":{"r":6,"n":"Finlay"},"geometry":{"type":"MultiLineString","coordinates":[[[-127.235,56.815],[-126.912,56.928],[-126.884,57.005],[-126.918,57.129],[-126.825,57.21],[-126.79,57.217],[-126.674,57.293],[-126.602,57.308],[-126.568,57.331],[-126.55,57.363],[-126.574,57.428],[-126.576,57.563],[-126.481,57.663],[-126.431,57.675],[-126.355,57.645],[-126.239,57.674],[-126.126,57.603],[-126.074,57.538],[-125.988,57.507],[-125.95,57.464],[-125.816,57.422],[-125.631,57.422],[-125.577,57.38],[-125.529,57.366],[-125.472,57.305],[-125.451,57.302],[-125.459,57.267],[-125.404,57.257],[-125.425,57.243],[-125.384,57.23],[-125.342,57.182],[-125.274,57.161],[-125.249,57.114],[-125.178,57.086],[-125.154,57.059],[-125.159,57.04],[-125.136,57.035],[-125.12,57.007],[-124.983,56.943],[-124.925,56.846],[-124.836,56.757]]]}},{"type":"Feature","properties":{"r":6,"n":"Verde"},"geometry":{"type":"MultiLineString","coordinates":[[[-100.632,22.164],[-100.66,22.22],[-100.652,22.259],[-100.621,22.274],[-100.572,22.268],[-100.511,22.202],[-100.441,22.202],[-100.371,22.129],[-100.31,22.103],[-100.276,22.051],[-100.107,22.016],[-100.063,21.98],[-99.945,21.926],[-99.862,21.842],[-99.85,21.781],[-99.83,21.781],[-99.83,21.74],[-99.809,21.702],[-99.703,21.706],[-99.659,21.65],[-99.568,21.729],[-99.528,21.743],[-99.481,21.71],[-99.347,21.703],[-99.256,21.649],[-99.231,21.66],[-99.171,21.741],[-99.084,21.769],[-99.045,21.82],[-98.996,21.83],[-98.994,21.849],[-98.965,21.837],[-98.96,21.862],[-98.892,21.843],[-98.826,21.856],[-98.806,21.957],[-98.775,21.952],[-98.78,21.927],[-98.765,21.921],[-98.75,21.99],[-98.713,21.98],[-98.691,21.998],[-98.655,21.982],[-98.624,22.001],[-98.59,21.981]]]}},{"type":"Feature","properties":{"r":6,"n":"S. Branch Potomac"},"geometry":{"type":"MultiLineString","coordinates":[[[-79.342,38.625],[-79.287,38.747],[-79.278,38.864],[-79.23,38.926],[-79.209,38.99],[-79.025,39.026],[-78.973,39.077],[-78.935,39.165],[-78.868,39.201],[-78.766,39.334],[-78.74,39.427],[-78.684,39.431],[-78.639,39.481],[-78.595,39.498],[-78.575,39.533],[-78.469,39.534],[-78.438,39.552],[-78.455,39.586],[-78.406,39.594],[-78.434,39.624],[-78.325,39.639]],[[-79.621,38.441],[-79.552,38.497],[-79.507,38.484],[-79.391,38.597],[-79.342,38.625]]]}},{"type":"Feature","properties":{"r":6,"n":"Hudson"},"geometry":{"type":"MultiLineString","coordinates":[[[-74.075,44.1],[-74.06,43.987],[-74.139,43.967],[-74.189,43.87],[-74.185,43.843],[-74.071,43.806],[-74.052,43.759],[-74.02,43.73],[-73.913,43.703],[-73.872,43.594],[-73.812,43.523],[-73.815,43.494],[-73.861,43.46],[-73.878,43.423],[-73.878,43.373],[-73.839,43.266],[-73.766,43.251],[-73.735,43.278],[-73.669,43.283],[-73.651,43.307],[-73.616,43.309],[-73.593,43.222],[-73.584,43.086],[-73.629,42.967],[-73.689,42.897],[-73.68,42.784],[-73.764,42.619],[-73.796,42.397],[-73.776,42.318],[-73.848,42.255],[-73.942,42.105],[-73.956,41.975],[-73.94,41.873],[-73.955,41.801],[-73.941,41.737],[-73.947,41.648],[-73.996,41.51],[-73.958,41.409],[-73.972,41.321],[-73.949,41.309]]]}},{"type":"Feature","properties":{"r":6,"n":"Wabash"},"geometry":{"type":"MultiLineString","coordinates":[[[-84.755,40.359],[-84.648,40.327],[-84.606,40.367],[-84.678,40.415],[-84.796,40.427],[-84.782,40.478],[-84.732,40.532],[-84.747,40.557],[-84.933,40.599],[-84.959,40.639],[-85.04,40.657],[-85.089,40.708],[-85.231,40.803],[-85.419,40.835],[-85.576,40.895],[-85.693,40.845],[-85.978,40.77],[-86.17,40.748],[-86.264,40.766],[-86.326,40.745],[-86.43,40.756],[-86.517,40.743],[-86.648,40.659],[-86.712,40.577],[-86.879,40.482],[-86.918,40.41],[-87.066,40.416],[-87.145,40.358],[-87.269,40.31],[-87.35,40.229],[-87.432,40.197],[-87.449,40.182],[-87.42,40.123],[-87.434,39.964],[-87.375,39.894],[-87.373,39.872],[-87.392,39.831],[-87.372,39.799],[-87.391,39.752],[-87.393,39.618],[-87.471,39.416],[-87.537,39.357],[-87.615,39.32],[-87.625,39.3],[-87.598,39.249],[-87.599,39.206],[-87.663,39.156],[-87.667,39.118],[-87.609,39.074],[-87.584,39.002],[-87.537,38.957],[-87.537,38.917],[-87.557,38.878],[-87.511,38.763],[-87.548,38.683],[-87.6,38.668],[-87.626,38.597],[-87.662,38.571],[-87.653,38.497],[-87.674,38.502],[-87.763,38.461],[-87.752,38.421],[-87.783,38.385],[-87.818,38.372],[-87.849,38.294],[-87.865,38.293],[-87.875,38.317],[-87.905,38.279],[-87.926,38.303],[-87.946,38.299],[-87.992,38.233],[-87.993,38.21],[-87.934,38.16],[-88.03,38.098],[-87.968,38.084],[-88.046,38.052],[-88.032,38.027],[-88.044,38.015],[-88.035,37.974],[-88.049,37.961],[-88.041,37.898],[-88.112,37.899],[-88.04,37.833],[-88.099,37.823],[-88.045,37.807]]]}},{"type":"Feature","properties":{"r":6,"n":"Saint John"},"geometry":{"type":"MultiLineString","coordinates":[[[-70.264,46.183],[-70.286,46.192],[-70.282,46.212],[-70.237,46.289],[-70.203,46.306],[-70.189,46.359],[-70.038,46.449],[-70.023,46.495],[-69.993,46.519],[-69.911,46.485],[-69.86,46.498],[-69.845,46.516],[-69.878,46.568],[-69.869,46.578],[-69.808,46.594],[-69.787,46.651],[-69.599,46.786],[-69.569,46.841],[-69.532,46.837],[-69.523,46.862],[-69.484,46.889],[-69.442,46.969],[-69.401,46.977],[-69.377,47.026],[-69.198,47.102],[-69.157,47.095],[-69.119,47.129],[-69.053,47.104],[-68.984,47.115],[-68.952,47.132],[-68.933,47.172],[-68.763,47.237],[-68.645,47.246],[-68.519,47.305],[-68.436,47.292],[-68.386,47.302],[-68.383,47.328],[-68.349,47.359],[-68.247,47.361],[-67.994,47.223],[-67.871,47.108],[-67.746,47.054],[-67.689,46.979],[-67.684,46.954],[-67.712,46.927],[-67.705,46.865],[-67.725,46.807],[-67.705,46.766],[-67.739,46.701],[-67.725,46.67],[-67.739,46.611],[-67.697,46.567],[-67.59,46.506],[-67.624,46.447],[-67.52,46.287],[-67.575,46.136],[-67.553,46.049],[-67.478,46.005],[-67.331,45.974],[-67.175,45.988],[-66.968,45.889],[-66.912,45.9],[-66.869,45.935],[-66.849,45.976],[-66.778,45.995],[-66.684,45.985],[-66.47,45.87],[-66.376,45.889],[-66.24,45.862],[-66.164,45.822],[-66.144,45.771],[-66.083,45.692],[-66.087,45.655],[-66.032,45.563],[-66.227,45.392],[-66.223,45.352],[-66.191,45.339]]]}},{"type":"Feature","properties":{"r":6,"n":"Yadkin"},"geometry":{"type":"MultiLineString","coordinates":[[[-81.576,36.074],[-81.556,36.049],[-81.504,36.038],[-81.442,36.078],[-81.274,36.135],[-81.139,36.146],[-80.993,36.203],[-80.749,36.265],[-80.635,36.258],[-80.612,36.286],[-80.587,36.267],[-80.553,36.282],[-80.533,36.26],[-80.461,36.255],[-80.449,36.239]]]}},{"type":"Feature","properties":{"r":2,"n":"Angara"},"geometry":{"type":"MultiLineString","coordinates":[[[101.958,58.962],[101.948,58.973]],[[101.958,58.962],[101.057,58.952],[100.992,58.933],[100.964,58.913],[100.978,58.846],[100.941,58.796],[100.748,58.733],[100.612,58.713],[100.443,58.642],[100.418,58.583],[100.481,58.472],[100.433,58.438],[100.382,58.361],[100.322,58.337],[100.039,58.373],[100.004,58.386],[100.014,58.437],[99.829,58.528],[99.717,58.555],[99.528,58.562],[99.438,58.596],[99.305,58.692],[99.176,58.724],[99.049,58.726],[98.962,58.685],[98.701,58.627],[98.665,58.589],[98.66,58.52],[98.605,58.483],[98.533,58.462],[98.358,58.463],[98.277,58.44],[97.98,58.424],[97.876,58.436],[97.688,58.397],[97.392,58.415],[97.223,58.444],[97.137,58.438],[97.014,58.39],[96.893,58.402],[96.859,58.421],[96.858,58.457],[96.833,58.486],[96.722,58.521],[96.445,58.555],[96.164,58.508],[96.068,58.541],[95.998,58.532],[95.89,58.547],[95.841,58.53],[95.663,58.521],[95.518,58.449],[95.436,58.446],[95.403,58.431],[95.39,58.383],[95.365,58.36],[95.292,58.35],[95.141,58.29],[94.845,58.15],[94.614,58.155],[94.433,58.106],[94.348,58.109],[94.153,58.157],[93.862,58.109],[93.335,58.187],[93.179,58.149],[93.109,58.084],[92.991,58.093]],[[102.489,58.829],[102.311,58.851],[102.154,58.908],[101.995,58.94],[101.958,58.962]],[[102.674,57.943],[102.693,57.972],[102.687,57.992],[102.835,58.181],[102.845,58.414],[102.635,58.747],[102.55,58.815],[102.439,58.847],[102.211,58.953],[101.958,58.962]],[[101.803,56.291],[101.831,56.319],[101.796,56.421],[101.803,56.5],[101.824,56.541],[101.822,56.65],[101.786,56.684],[101.721,56.709],[101.701,56.744],[101.616,56.797],[101.571,56.812],[101.393,56.812],[101.372,56.846],[101.386,56.954],[101.427,56.975],[101.687,57.018],[101.8,56.956],[102.05,56.9],[102.177,56.908],[102.302,56.891],[102.331,56.9],[102.324,56.963],[102.358,57.004]]]}},{"type":"Feature","properties":{"r":6,"n":""},"geometry":{"type":"MultiLineString","coordinates":[[[24.256,48.322],[24.341,48.307],[24.365,48.285],[24.292,48.191],[24.252,48.101],[24.182,48.035],[24.188,47.959],[24.148,47.912]],[[21.346,48.026],[21.284,48.026],[21.237,48.047],[21.223,48.029],[21.138,48.007],[21.106,47.938],[21.056,47.891],[21.055,47.839],[21.03,47.823]],[[24.148,47.912],[24.008,47.961],[23.855,47.934],[23.78,47.988],[23.563,48.006],[23.221,48.179],[23.134,48.168],[23.07,48.129],[22.92,48.081],[22.84,48.089],[22.78,48.122],[22.765,48.108],[22.59,48.099],[22.553,48.07],[22.489,48.062],[22.42,48.074],[22.325,48.133],[22.326,48.163],[22.278,48.191],[22.285,48.232],[22.243,48.267],[22.271,48.404],[22.201,48.418],[22.137,48.387],[22.079,48.312],[22.011,48.307],[21.929,48.24],[21.846,48.232],[21.69,48.168],[21.476,48.177],[21.428,48.13],[21.443,48.082],[21.432,48.051],[21.339,48.026]],[[21.03,47.823],[21.03,47.823]],[[21.03,47.823],[21.034,47.78],[20.979,47.773],[20.942,47.719],[20.892,47.684],[20.774,47.672],[20.75,47.643],[20.71,47.628],[20.716,47.616],[20.689,47.578],[20.512,47.497],[20.485,47.459],[20.383,47.42],[20.375,47.402],[20.435,47.383],[20.441,47.328],[20.463,47.317],[20.451,47.268],[20.387,47.255],[20.352,47.273],[20.28,47.206],[20.168,47.146],[20.164,47.118],[20.194,47.109],[20.196,47.039],[20.257,47.052],[20.284,47.033],[20.226,47.024],[20.112,46.962],[20.112,46.946],[20.154,46.931],[20.109,46.889],[20.059,46.88],[20.037,46.854],[20.058,46.79],[20.089,46.757],[20.134,46.739],[20.134,46.717],[20.189,46.712],[20.209,46.68],[20.14,46.57],[20.178,46.492],[20.197,46.485],[20.189,46.41],[20.23,46.29],[20.179,46.261]],[[24.866,47.738],[24.669,47.804],[24.448,47.725],[24.351,47.738],[24.294,47.763],[24.183,47.892],[24.148,47.912]]]}},{"type":"Feature","properties":{"r":6,"n":"Fitzroy"},"geometry":{"type":"MultiLineString","coordinates":[[[127.152,-17.383],[127.073,-17.44],[126.946,-17.478],[126.796,-17.476],[126.657,-17.5],[126.452,-17.476],[126.317,-17.43],[126.274,-17.451],[126.227,-17.489],[126.213,-17.529],[126.124,-17.567],[126.138,-17.598],[126.124,-17.628],[126.069,-17.656],[126.031,-17.636],[126.018,-17.645],[126.001,-17.711],[125.947,-17.758],[125.885,-17.892],[125.853,-17.927],[125.781,-17.965],[125.739,-18.053],[125.693,-18.109],[125.624,-18.143],[125.511,-18.277],[125.422,-18.324],[125.319,-18.339],[125.28,-18.378],[125.216,-18.407],[125.139,-18.482],[124.993,-18.513],[124.802,-18.489],[124.678,-18.438],[124.643,-18.438],[124.554,-18.335],[124.47,-18.167],[124.385,-18.094],[124.224,-18.067],[124.108,-18.092],[124.061,-18.134],[123.962,-18.112],[123.918,-18.068],[123.877,-18.054],[123.754,-17.93],[123.729,-17.85],[123.664,-17.766],[123.639,-17.706],[123.57,-17.685],[123.558,-17.656],[123.568,-17.588]]]}},{"type":"Feature","properties":{"r":6,"n":"Digul"},"geometry":{"type":"MultiLineString","coordinates":[[[140.683,-4.856],[140.712,-4.878],[140.748,-4.945],[140.727,-4.989],[140.73,-5.061],[140.689,-5.183],[140.623,-5.208],[140.597,-5.253],[140.546,-5.28],[140.535,-5.339],[140.502,-5.331],[140.449,-5.37],[140.438,-5.442],[140.417,-5.462],[140.353,-5.47],[140.314,-5.546],[140.295,-5.569],[140.274,-5.557],[140.262,-5.596],[140.226,-5.63],[140.248,-5.659],[140.214,-5.666],[140.254,-5.732],[140.241,-5.787],[140.226,-5.781],[140.234,-5.808],[140.213,-5.801],[140.247,-5.842],[140.239,-5.867],[140.269,-5.872],[140.314,-5.91],[140.301,-5.948],[140.307,-6.065],[140.261,-6.096],[140.295,-6.116],[140.291,-6.138],[140.256,-6.149],[140.254,-6.165],[140.309,-6.329],[140.301,-6.371],[140.319,-6.382],[140.343,-6.37],[140.351,-6.386],[140.34,-6.419],[140.323,-6.425],[140.351,-6.473],[140.329,-6.535],[140.389,-6.617],[140.393,-6.658],[140.333,-6.689],[140.295,-6.788],[140.209,-6.814],[140.175,-6.845],[140.161,-6.929],[140.09,-6.98],[140.085,-7.024],[140.103,-7.08],[140.05,-7.124],[139.988,-7.14],[139.968,-7.172],[139.897,-7.155],[139.881,-7.104],[139.857,-7.082],[139.769,-7.066],[139.754,-7.165],[139.691,-7.223],[139.665,-7.275],[139.634,-7.25],[139.622,-7.158],[139.576,-7.174],[139.537,-7.256],[139.473,-7.24],[139.453,-7.138],[139.384,-7.121],[139.364,-7.138],[139.36,-7.175],[139.411,-7.193],[139.415,-7.207],[139.393,-7.219],[139.319,-7.195],[139.265,-7.196],[139.24,-7.159]]]}},{"type":"Feature","properties":{"r":6,"n":"Willamette"},"geometry":{"type":"MultiLineString","coordinates":[[[-122.095,43.422],[-122.16,43.443],[-122.265,43.511],[-122.422,43.525],[-122.452,43.57],[-122.46,43.614],[-122.428,43.698],[-122.439,43.741],[-122.517,43.769],[-122.546,43.819],[-122.698,43.908],[-122.802,43.934],[-122.928,44.034],[-122.999,44.039],[-123.085,44.081],[-123.103,44.103],[-123.087,44.113],[-123.15,44.272],[-123.212,44.352],[-123.204,44.374],[-123.218,44.381],[-123.19,44.452],[-123.189,44.496],[-123.232,44.576],[-123.178,44.598],[-123.163,44.642],[-123.06,44.666],[-123.061,44.683],[-123.129,44.72],[-123.115,44.753],[-123.081,44.771],[-123.122,44.783],[-123.078,44.81],[-123.077,44.829],[-123.161,44.856],[-123.081,44.937],[-123.013,44.977],[-123.061,45.025],[-123.057,45.063],[-123.041,45.094],[-122.972,45.135],[-122.992,45.166],[-122.985,45.19],[-123.034,45.224],[-122.974,45.242],[-122.963,45.281],[-122.85,45.27],[-122.668,45.308],[-122.588,45.389],[-122.628,45.439],[-122.65,45.539],[-122.734,45.591],[-122.76,45.624],[-122.734,45.657]]]}},{"type":"Feature","properties":{"r":6,"n":"Gila"},"geometry":{"type":"MultiLineString","coordinates":[[[-108.204,33.577],[-108.149,33.485],[-108.149,33.437],[-108.114,33.413],[-108.149,33.33],[-108.147,33.295],[-108.197,33.241],[-108.204,33.186],[-108.243,33.164],[-108.29,33.097],[-108.329,33.071],[-108.523,33.073],[-108.602,32.955],[-108.601,32.854],[-108.653,32.747],[-108.734,32.709],[-108.761,32.678],[-108.882,32.63],[-108.927,32.631],[-109.129,32.738],[-109.183,32.793],[-109.236,32.929],[-109.349,32.973],[-109.437,32.952],[-109.539,32.854],[-109.579,32.857],[-109.656,32.826],[-109.747,32.849],[-109.855,32.916],[-109.94,33.05],[-110.14,33.182],[-110.295,33.206],[-110.484,33.196],[-110.58,33.16],[-110.692,33.092],[-110.727,33.031],[-110.764,33.01],[-110.889,33.06],[-110.974,33.125],[-111.117,33.13],[-111.188,33.095],[-111.256,33.112]],[[-111.256,33.112],[-111.523,33.018],[-111.931,33.169],[-112.024,33.162],[-112.103,33.21],[-112.11,33.229],[-112.199,33.266],[-112.23,33.319],[-112.252,33.338],[-112.28,33.327],[-112.312,33.375],[-112.418,33.402],[-112.5,33.358],[-112.713,33.326],[-112.79,33.28],[-112.786,33.243],[-112.733,33.183],[-112.697,33.112],[-112.692,33.032],[-112.724,33.011],[-112.766,33.005],[-112.863,33.036],[-112.931,33.034],[-113.066,33.086],[-113.083,33.052],[-113.138,33.012],[-113.23,33.012],[-113.309,32.971],[-113.376,32.968],[-113.526,32.886],[-113.639,32.864],[-113.682,32.83],[-113.733,32.824],[-113.843,32.763],[-113.867,32.779],[-113.97,32.752],[-113.973,32.719],[-114.021,32.717],[-114.1,32.74],[-114.118,32.697],[-114.159,32.717],[-114.22,32.681],[-114.308,32.705],[-114.353,32.773],[-114.385,32.79],[-114.478,32.721],[-114.558,32.734]],[[-111.249,33.104],[-111.256,33.112]]]}},{"type":"Feature","properties":{"r":6,"n":"Tocantins"},"geometry":{"type":"MultiLineString","coordinates":[[[-48.723,-5.355],[-48.678,-5.308],[-48.641,-5.304],[-48.6,-5.322],[-48.543,-5.217],[-48.498,-5.187],[-48.338,-5.164],[-48.113,-5.266],[-48.065,-5.267],[-48,-5.232],[-47.9,-5.253],[-47.865,-5.281],[-47.858,-5.35],[-47.839,-5.383],[-47.74,-5.386],[-47.594,-5.47],[-47.537,-5.479],[-47.469,-5.589],[-47.483,-5.743],[-47.45,-5.776],[-47.414,-5.87],[-47.426,-6.104],[-47.409,-6.181],[-47.373,-6.234],[-47.41,-6.35],[-47.4,-6.384],[-47.42,-6.456],[-47.407,-6.479],[-47.45,-6.544],[-47.488,-6.698],[-47.476,-6.733],[-47.497,-6.853],[-47.483,-6.888],[-47.503,-6.983],[-47.585,-7.069],[-47.64,-7.159],[-47.686,-7.146],[-47.725,-7.162],[-47.741,-7.193],[-47.661,-7.264],[-47.645,-7.309],[-47.589,-7.268],[-47.513,-7.281],[-47.486,-7.302],[-47.476,-7.34],[-47.489,-7.382],[-47.56,-7.419],[-47.622,-7.485],[-47.626,-7.61],[-47.655,-7.674],[-47.799,-7.766],[-47.931,-7.814],[-47.961,-7.953],[-47.955,-8.042],[-47.973,-8.066],[-48.035,-8.089],[-48.125,-8.091],[-48.174,-8.159],[-48.139,-8.376],[-48.101,-8.404],[-48.092,-8.44],[-48.099,-8.486],[-48.143,-8.525],[-48.148,-8.549],[-48.14,-8.714],[-48.12,-8.78],[-48.174,-8.912],[-48.19,-9.015],[-48.279,-9.13],[-48.369,-9.327],[-48.38,-9.543],[-48.407,-9.628],[-48.368,-9.699],[-48.373,-9.796],[-48.326,-9.856],[-48.378,-9.925],[-48.334,-10.027],[-48.428,-10.178],[-48.429,-10.21],[-48.401,-10.263],[-48.421,-10.297],[-48.463,-10.514],[-48.417,-10.598],[-48.435,-10.691],[-48.402,-10.805],[-48.428,-10.887],[-48.514,-10.958],[-48.567,-11.037],[-48.538,-11.082],[-48.505,-11.203],[-48.462,-11.253],[-48.462,-11.331],[-48.493,-11.378],[-48.573,-11.393],[-48.596,-11.486],[-48.675,-11.544]],[[-49.179,-15.926],[-49.266,-15.751],[-49.307,-15.722],[-49.326,-15.731],[-49.319,-15.712],[-49.38,-15.711],[-49.384,-15.685],[-49.367,-15.683],[-49.442,-15.602],[-49.456,-15.546],[-49.524,-15.496],[-49.545,-15.443],[-49.57,-15.441],[-49.606,-15.402],[-49.586,-15.368],[-49.55,-15.188],[-49.495,-15.159],[-49.487,-15.133],[-49.511,-15.121],[-49.428,-15.101],[-49.422,-15.086],[-49.408,-15.094],[-49.316,-14.964],[-49.271,-14.834],[-49.244,-14.837],[-49.182,-14.792],[-49.2,-14.762],[-49.155,-14.73],[-49.018,-14.7],[-49.027,-14.601],[-49.01,-14.614],[-49.025,-14.559],[-49.003,-14.545],[-49.017,-14.525],[-49.017,-14.47],[-48.983,-14.415],[-48.993,-14.336],[-49.025,-14.302],[-48.956,-14.223],[-48.918,-14.203],[-48.864,-14.138],[-48.804,-14.138],[-48.743,-14.093],[-48.713,-14.116],[-48.709,-14.141],[-48.624,-14.166],[-48.548,-14.114],[-48.52,-14.117],[-48.46,-14.017],[-48.339,-13.955],[-48.325,-13.928],[-48.36,-13.85],[-48.352,-13.821],[-48.305,-13.819],[-48.246,-13.846],[-48.124,-13.741],[-48.131,-13.654],[-48.092,-13.582],[-48.092,-13.541],[-48.133,-13.538],[-48.214,-13.459],[-48.209,-13.422],[-48.202,-13.442],[-48.178,-13.428],[-48.187,-13.23],[-48.142,-13.086],[-48.147,-12.989],[-48.235,-12.778],[-48.226,-12.735],[-48.25,-12.729],[-48.242,-12.691],[-48.283,-12.68],[-48.29,-12.663],[-48.291,-12.613],[-48.264,-12.605],[-48.292,-12.559],[-48.252,-12.542],[-48.223,-12.476],[-48.231,-12.453],[-48.271,-12.435],[-48.246,-12.394],[-48.251,-12.349],[-48.305,-12.27],[-48.442,-12.222],[-48.476,-12.19],[-48.532,-11.934],[-48.557,-11.864],[-48.583,-11.851],[-48.627,-11.729],[-48.651,-11.705],[-48.668,-11.544]]]}},{"type":"Feature","properties":{"r":6,"n":"Limpopo"},"geometry":{"type":"MultiLineString","coordinates":[[[26.962,-23.737],[27.013,-23.638],[27.037,-23.666],[27.07,-23.656],[27.061,-23.604],[27.075,-23.611],[27.113,-23.564],[27.136,-23.57],[27.127,-23.525],[27.157,-23.537],[27.171,-23.515],[27.205,-23.523],[27.191,-23.504],[27.202,-23.492],[27.278,-23.464],[27.35,-23.391],[27.361,-23.422],[27.41,-23.389],[27.425,-23.413],[27.452,-23.385],[27.548,-23.361],[27.607,-23.217],[27.647,-23.227],[27.698,-23.193],[27.725,-23.222],[27.753,-23.221],[27.789,-23.164],[27.774,-23.125],[27.822,-23.123],[27.815,-23.105],[27.929,-23.057],[27.946,-23.029],[27.937,-22.964],[28.037,-22.911],[28.053,-22.869],[28.047,-22.837],[28.103,-22.817],[28.117,-22.789],[28.155,-22.772],[28.159,-22.718],[28.196,-22.672],[28.25,-22.656],[28.338,-22.584],[28.459,-22.57],[28.522,-22.585],[28.559,-22.563],[28.623,-22.563],[28.816,-22.493],[28.846,-22.45],[28.912,-22.454],[28.967,-22.38],[28.96,-22.31],[29.047,-22.22],[29.168,-22.214],[29.248,-22.179],[29.377,-22.193],[29.456,-22.159],[29.531,-22.172],[29.55,-22.146],[29.661,-22.126],[29.679,-22.138],[29.779,-22.136],[29.837,-22.172],[30.005,-22.222],[30.038,-22.254],[30.135,-22.293],[30.221,-22.291],[30.334,-22.345],[30.488,-22.31],[30.632,-22.331],[30.693,-22.303],[30.837,-22.282],[31.087,-22.337],[31.152,-22.316],[31.213,-22.362],[31.255,-22.358],[31.297,-22.413],[31.333,-22.431],[31.392,-22.426],[31.571,-22.458],[31.742,-22.639],[31.808,-22.648],[31.824,-22.685],[31.902,-22.759],[31.947,-22.864],[32.084,-23.016],[32.164,-23.045],[32.223,-23.097],[32.256,-23.241],[32.389,-23.434],[32.443,-23.485],[32.5,-23.651],[32.496,-23.748],[32.544,-23.827],[32.591,-23.865],[32.597,-23.91],[32.578,-23.968],[32.612,-24.022],[32.622,-24.088],[32.762,-24.216],[32.825,-24.297],[32.887,-24.439],[32.906,-24.452],[32.961,-24.441],[33.064,-24.55],[33.091,-24.546],[33.099,-24.571],[33.113,-24.564],[33.157,-24.616],[33.214,-24.624],[33.26,-24.607],[33.283,-24.633],[33.278,-24.673],[33.308,-24.653],[33.352,-24.671],[33.482,-24.777],[33.511,-24.753],[33.53,-24.784],[33.544,-24.777],[33.531,-24.727],[33.585,-24.766],[33.585,-24.831],[33.62,-24.855],[33.616,-24.909],[33.658,-24.923],[33.618,-24.966],[33.648,-25.012],[33.633,-25.033],[33.604,-25.022],[33.593,-25.065],[33.55,-25.092],[33.537,-25.119],[33.51,-25.126],[33.529,-25.191]]]}},{"type":"Feature","properties":{"r":6,"n":"Glomma"},"geometry":{"type":"MultiLineString","coordinates":[[[11.484,62.687],[11.415,62.681],[11.404,62.65],[11.312,62.598],[11.305,62.564],[11.267,62.526],[11.161,62.494],[11.089,62.432],[10.908,62.387],[10.811,62.302],[10.667,62.267],[10.624,62.191],[10.613,62.132],[10.638,62.09],[10.692,62.077],[10.73,62.038],[10.882,61.978],[10.885,61.934],[10.863,61.903],[10.907,61.865],[10.842,61.82],[10.811,61.746],[10.893,61.692],[10.879,61.654],[10.891,61.634],[10.983,61.594],[11.021,61.56],[11.036,61.538],[11.017,61.482],[11.029,61.448],[11.215,61.372],[11.305,61.282],[11.364,61.147],[11.357,61.084],[11.401,61.033],[11.489,60.98],[11.538,60.864],[11.606,60.816],[11.702,60.803],[11.779,60.712],[11.833,60.679],[11.84,60.646],[12.003,60.597],[12.028,60.525]]]}},{"type":"Feature","properties":{"r":6,"n":"San Juan"},"geometry":{"type":"MultiLineString","coordinates":[[[-69.43,-31.278],[-69.309,-31.256],[-69.218,-31.271],[-69.139,-31.256],[-69.103,-31.266],[-69.057,-31.34],[-69.004,-31.382],[-69.012,-31.504],[-68.987,-31.516],[-68.88,-31.504],[-68.749,-31.531],[-68.664,-31.478],[-68.62,-31.492],[-68.547,-31.464],[-68.462,-31.458],[-68.351,-31.593],[-68.343,-31.673],[-68.377,-31.835],[-68.35,-31.912],[-68.272,-32.01],[-68.267,-32.041],[-68.301,-32.067],[-68.294,-32.088],[-68.22,-32.105],[-68.021,-32.069],[-67.96,-32.112],[-67.94,-32.159],[-67.875,-32.194],[-67.832,-32.239],[-67.715,-32.245],[-67.688,-32.26],[-67.585,-32.253],[-67.537,-32.28],[-67.479,-32.28],[-67.362,-32.389]]]}},{"type":"Feature","properties":{"r":6,"n":"Mangoky"},"geometry":{"type":"MultiLineString","coordinates":[[[45.653,-21.428],[45.604,-21.411],[45.53,-21.463],[45.468,-21.443],[45.41,-21.57],[45.293,-21.672],[45.172,-21.689],[45.135,-21.669],[45.093,-21.667],[44.898,-21.72],[44.643,-21.741],[44.557,-21.799],[44.331,-21.858],[44.306,-21.818],[44.264,-21.852],[44.215,-21.805],[44.178,-21.807],[44.111,-21.838],[44.069,-21.885],[43.996,-21.903],[43.895,-21.861],[43.822,-21.724],[43.789,-21.698],[43.748,-21.563],[43.67,-21.464],[43.617,-21.428],[43.604,-21.364],[43.542,-21.316]]]}},{"type":"Feature","properties":{"r":2,"n":"Peace"},"geometry":{"type":"MultiLineString","coordinates":[[[-113.713,58.669],[-113.65,58.693],[-113.56,58.683],[-113.498,58.71],[-113.39,58.716],[-113.412,58.765],[-113.329,58.766],[-113.207,58.806],[-113.123,58.816],[-113.098,58.849],[-113.138,58.882],[-112.989,58.911],[-112.881,59.002],[-112.808,59.101],[-112.654,59.169],[-112.54,59.164],[-112.442,59.112],[-112.288,59.114],[-112.2,59.094],[-112.152,59.066],[-111.951,59.114],[-111.926,59.094],[-111.925,59.055],[-112.012,59.027],[-112.074,58.974],[-112.07,58.954],[-112.015,58.93],[-111.919,58.936],[-111.819,58.971],[-111.774,58.95],[-111.674,58.949],[-111.582,58.9],[-111.562,58.908],[-111.574,58.928],[-111.536,58.962],[-111.411,59.005]],[[-122.222,56.021],[-122.235,56.009],[-122.229,55.991],[-122.153,55.956],[-122.013,55.98],[-121.764,56.128],[-121.621,56.154],[-121.557,56.193],[-121.411,56.241],[-121.304,56.241],[-121.232,56.278],[-121.197,56.274],[-121.155,56.243],[-121.08,56.243],[-121.061,56.225],[-120.976,56.245],[-120.899,56.201],[-120.815,56.209],[-120.719,56.159],[-120.587,56.156],[-120.461,56.12],[-120.171,56.122],[-120.041,56.156],[-119.908,56.149],[-119.788,56.191],[-119.589,56.199],[-119.565,56.221],[-119.494,56.243],[-119.413,56.244],[-119.201,56.326],[-119.096,56.285],[-118.975,56.286],[-118.954,56.268],[-118.986,56.211],[-118.894,56.117],[-118.946,56.083],[-118.946,56.048],[-118.858,56.041],[-118.788,55.972],[-118.639,55.926],[-118.405,55.915],[-118.31,55.938]],[[-118.31,55.938],[-118.012,55.928],[-117.877,55.957],[-117.804,56.007],[-117.809,56.026],[-117.793,56.037],[-117.707,56.055],[-117.324,56.219],[-117.284,56.332],[-117.209,56.366],[-117.129,56.478],[-117.113,56.59],[-117.161,56.613],[-117.151,56.655],[-117.256,56.709],[-117.181,56.744],[-117.277,56.759],[-117.28,56.835],[-117.333,56.871],[-117.277,56.894],[-117.228,57.066],[-117.181,57.086],[-117.264,57.111],[-117.279,57.129],[-117.134,57.155],[-117.12,57.222],[-117.085,57.254],[-117.095,57.284],[-117.145,57.29],[-117.167,57.312],[-117.131,57.39],[-117.049,57.468],[-117.071,57.498],[-117.14,57.518],[-117.086,57.545],[-116.986,57.545],[-116.958,57.568],[-116.969,57.6],[-117.106,57.624],[-117.115,57.64],[-117.076,57.683],[-117.079,57.71],[-117.137,57.747],[-117.097,57.768],[-117.038,57.747],[-117.015,57.764],[-117.053,57.794],[-117.12,57.792],[-117.138,57.806],[-117.041,57.852],[-117.164,57.944],[-117.101,58.051],[-116.996,58.071],[-116.908,58.115],[-116.712,58.112],[-116.667,58.094],[-116.603,58.104],[-116.557,58.148],[-116.62,58.203],[-116.588,58.227],[-116.59,58.254],[-116.69,58.247],[-116.71,58.265],[-116.693,58.282],[-116.599,58.285],[-116.495,58.32],[-116.479,58.303],[-116.496,58.265],[-116.441,58.258],[-116.383,58.327],[-116.256,58.362],[-116.214,58.399],[-115.961,58.426],[-115.954,58.456],[-115.932,58.468],[-115.818,58.465],[-115.737,58.412],[-115.663,58.395],[-115.558,58.44],[-115.27,58.354],[-115.054,58.388],[-114.868,58.376],[-114.735,58.429],[-114.649,58.442],[-114.478,58.549],[-114.401,58.553],[-114.287,58.589],[-114.173,58.648],[-113.981,58.662],[-113.823,58.71]],[[-118.31,55.938],[-118.31,55.938]]]}},{"type":"Feature","properties":{"r":6,"n":"Setit"},"geometry":{"type":"MultiLineString","coordinates":[[[37.817,13.875],[37.764,13.872],[37.726,13.903],[37.661,13.921],[37.579,14.097],[37.525,14.129],[37.516,14.181],[37.475,14.2],[37.452,14.261],[37.397,14.302],[37.39,14.358],[37.293,14.458],[37.149,14.442],[37.105,14.399],[37.083,14.298],[37.005,14.263],[36.947,14.305],[36.748,14.332],[36.565,14.293],[36.545,14.263],[36.491,14.236],[36.415,14.243],[36.362,14.28],[36.288,14.298],[36.148,14.222],[36.038,14.221],[35.935,14.268],[35.903,14.326],[35.854,14.36],[35.882,14.39],[35.898,14.469],[35.881,14.514],[35.905,14.555],[35.895,14.62]]]}},{"type":"Feature","properties":{"r":6,"n":"Daly"},"geometry":{"type":"MultiLineString","coordinates":[[[131.844,-14.706],[131.718,-14.656],[131.67,-14.492],[131.668,-14.435],[131.65,-14.413],[131.589,-14.405],[131.575,-14.357],[131.445,-14.269],[131.4,-14.182],[131.302,-14.14],[131.257,-14.073],[131.212,-14.049],[131.207,-14.035],[131.236,-13.997],[131.181,-13.951],[131.212,-13.864],[131.154,-13.86],[131.133,-13.832],[131.098,-13.83],[131.042,-13.851],[131.022,-13.898],[130.856,-13.929],[130.755,-13.876],[130.657,-13.673],[130.578,-13.668],[130.554,-13.609],[130.45,-13.465],[130.386,-13.486],[130.287,-13.429],[130.324,-13.353]]]}},{"type":"Feature","properties":{"r":6,"n":"Mamberamo"},"geometry":{"type":"MultiLineString","coordinates":[[[138.702,-3.19],[138.678,-3.19],[138.677,-3.226],[138.602,-3.224],[138.59,-3.085],[138.61,-3.061],[138.586,-2.953],[138.565,-2.923],[138.507,-2.943],[138.463,-2.913],[138.459,-2.827],[138.419,-2.787],[138.435,-2.762],[138.416,-2.658],[138.202,-2.387],[138.03,-2.284],[137.966,-2.279],[137.906,-2.154],[137.848,-2.132],[137.796,-2.053],[137.799,-2.004],[137.815,-1.998],[137.825,-2.028],[137.843,-2.028],[137.838,-1.987],[137.87,-1.952],[137.867,-1.898],[137.834,-1.844],[137.856,-1.799],[137.822,-1.779],[137.873,-1.762],[137.885,-1.74],[137.839,-1.732],[137.829,-1.704],[137.891,-1.624],[137.88,-1.573],[137.91,-1.484]]]}},{"type":"Feature","properties":{"r":6,"n":"Kheta"},"geometry":{"type":"MultiLineString","coordinates":[[[102.078,71.952],[101.98,71.904],[101.672,71.848],[101.59,71.848],[101.531,71.808],[101.419,71.771],[100.875,71.767],[100.067,71.693],[99.671,71.586],[99.44,71.557],[99.43,71.544],[99.456,71.518],[99.568,71.484],[99.577,71.469],[99.558,71.45]],[[92.22,69.987],[92.436,69.993],[92.504,69.976],[93.564,69.906],[93.742,69.88],[93.789,69.835],[94.276,69.838],[94.427,69.862],[94.656,69.871],[94.754,69.896],[94.82,69.94],[95.168,70.047],[95.309,70.118],[95.594,70.12],[95.695,70.168],[95.893,70.341],[95.898,70.363],[95.848,70.375],[95.827,70.4],[95.861,70.525],[95.852,70.557],[95.793,70.59],[95.656,70.562],[95.391,70.559],[95.36,70.571],[95.362,70.583],[95.467,70.648],[95.374,70.68],[95.216,70.669],[95.149,70.644],[94.867,70.652],[94.765,70.632],[94.657,70.654],[94.509,70.642],[94.299,70.735],[94.033,70.752],[94.023,70.782],[94.206,70.875],[94.389,70.927],[94.487,70.979],[94.547,70.963],[95.071,70.928],[95.163,70.887],[95.285,70.909],[95.396,70.871],[95.512,70.873],[95.717,70.847],[96.095,70.844],[96.212,70.824],[96.465,70.856],[97.305,70.851],[97.534,70.791],[97.818,70.802],[97.86,70.822],[97.856,70.873],[97.887,70.892],[98.098,70.931],[98.13,70.954],[98.135,70.973],[98.103,70.983],[98.175,71.048],[98.175,71.069],[98.017,71.086],[98.103,71.123],[98.082,71.192],[98.105,71.208],[98.245,71.178],[98.35,71.192],[98.456,71.177],[98.769,71.181],[98.904,71.141],[99.013,71.169],[99.168,71.182],[99.317,71.281],[99.44,71.326],[99.474,71.367],[99.46,71.401],[99.556,71.449]]]}},{"type":"Feature","properties":{"r":6,"n":"Chulyshman"},"geometry":{"type":"MultiLineString","coordinates":[[[89.656,50.505],[89.536,50.532],[89.428,50.576],[89.39,50.617],[89.318,50.629],[89.072,50.608],[88.975,50.581],[88.822,50.601],[88.633,50.732],[88.612,50.788],[88.574,50.818],[88.427,50.829],[88.325,50.87],[88.263,50.918],[88.063,51.013],[87.999,51.09],[87.905,51.107],[87.773,51.21],[87.728,51.282],[87.756,51.364]]]}},{"type":"Feature","properties":{"r":6,"n":"Brazos"},"geometry":{"type":"MultiLineString","coordinates":[[[-99.681,33.54],[-99.614,33.543],[-99.572,33.581],[-99.536,33.582],[-99.508,33.56],[-99.47,33.582],[-99.259,33.585],[-99.214,33.468],[-99.097,33.465],[-99.095,33.435],[-99.035,33.356],[-98.983,33.378],[-98.943,33.33],[-98.943,33.283],[-98.867,33.225],[-98.758,33.191],[-98.71,33.149],[-98.692,33.129],[-98.722,33.081],[-98.717,33.064],[-98.659,33.032],[-98.623,32.965],[-98.59,32.973],[-98.581,33.036],[-98.561,33.054],[-98.484,32.982],[-98.452,32.973],[-98.418,32.985],[-98.39,32.971],[-98.433,32.94],[-98.453,32.896],[-98.399,32.863],[-98.381,32.829],[-98.35,32.828],[-98.276,32.869],[-98.217,32.861],[-98.198,32.809],[-98.159,32.787],[-98.152,32.759],[-98.257,32.742],[-98.247,32.731],[-98.129,32.696],[-98.087,32.654],[-98.031,32.69],[-97.976,32.62],[-97.882,32.621],[-97.805,32.571],[-97.815,32.492],[-97.767,32.482],[-97.756,32.431],[-97.641,32.398],[-97.597,32.368],[-97.666,32.354],[-97.702,32.326],[-97.675,32.235],[-97.599,32.213],[-97.503,32.145],[-97.487,32.18],[-97.459,32.184],[-97.469,32.058],[-97.394,32.013],[-97.384,31.981],[-97.397,31.951],[-97.367,31.899],[-97.264,31.837],[-97.295,31.8],[-97.292,31.776],[-97.254,31.744],[-97.26,31.724],[-97.137,31.652],[-97.123,31.596],[-96.993,31.479],[-96.981,31.415],[-96.945,31.375],[-96.966,31.333],[-96.955,31.306],[-96.767,31.046],[-96.735,30.935],[-96.658,30.861],[-96.577,30.709],[-96.571,30.64],[-96.454,30.608],[-96.39,30.538],[-96.334,30.522],[-96.32,30.486],[-96.266,30.442],[-96.281,30.404],[-96.272,30.375],[-96.151,30.381],[-96.129,30.36],[-96.129,30.327],[-96.073,30.306],[-96.082,30.244],[-96.152,30.198],[-96.145,30.15],[-96.175,30.116],[-96.088,30.018],[-96.109,29.939],[-96.104,29.84],[-96.088,29.811],[-96.046,29.789],[-96.02,29.73],[-96.019,29.706],[-96.047,29.672],[-96.04,29.656],[-96,29.646],[-95.918,29.657],[-95.903,29.627],[-95.819,29.586],[-95.79,29.614],[-95.764,29.614],[-95.736,29.583],[-95.677,29.581],[-95.602,29.518],[-95.56,29.453],[-95.6,29.357],[-95.602,29.295],[-95.574,29.238],[-95.615,29.196],[-95.634,29.109],[-95.554,29.047],[-95.488,29.034],[-95.465,29.004],[-95.376,28.969],[-95.383,28.881]],[[-99.681,33.54],[-99.681,33.54]],[[-100.501,32.905],[-100.421,32.974],[-100.32,32.98],[-100.299,33.002],[-100.108,33.006],[-100.012,33.054],[-99.966,33.114],[-99.953,33.201],[-99.96,33.246],[-99.994,33.273],[-99.998,33.386],[-99.978,33.408],[-99.926,33.414],[-99.849,33.473],[-99.727,33.505],[-99.681,33.54]]]}},{"type":"Feature","properties":{"r":6,"n":""},"geometry":{"type":"MultiLineString","coordinates":[[[-123.472,65.152],[-123.593,65.131],[-123.756,65.044],[-123.825,65.033],[-123.986,65.022],[-124.281,65.035],[-124.363,65.021],[-124.632,65.056],[-124.75,65.017],[-124.885,64.997],[-124.995,65.026],[-125.346,65.008],[-125.601,64.904]]]}},{"type":"Feature","properties":{"r":6,"n":"Pnuco"},"geometry":{"type":"MultiLineString","coordinates":[[[-98.59,21.981],[-98.487,21.974],[-98.466,21.987],[-98.431,21.96],[-98.405,21.994],[-98.408,22.038],[-98.385,22.04],[-98.37,22.021],[-98.348,22.062],[-98.278,22.048],[-98.257,22.079],[-98.227,22.068],[-98.197,22.12],[-98.186,22.089],[-98.151,22.103],[-98.165,22.048],[-98.149,22.066],[-98.12,22.035],[-98.11,22.045],[-98.124,22.062],[-98.107,22.08],[-98.028,22.082],[-98.068,22.096],[-98.035,22.117],[-98.055,22.144],[-98.044,22.157],[-98.013,22.15],[-97.997,22.206],[-97.852,22.22],[-97.781,22.274]]]}},{"type":"Feature","properties":{"r":6,"n":"Konqi"},"geometry":{"type":"MultiLineString","coordinates":[[[89.387,40.633],[89.299,40.649],[89.26,40.632],[89.142,40.638],[89.078,40.667],[88.92,40.657],[88.746,40.708],[88.58,40.696],[88.49,40.709],[88.324,40.776],[88.218,40.851],[87.886,40.901],[87.851,40.886],[87.595,40.982],[87.496,40.982],[87.375,40.945],[87.331,40.949],[87.278,40.982],[87.236,40.977],[87.146,41.02],[87.042,41.039],[87.003,41.095],[86.988,41.149],[86.927,41.175],[86.808,41.269],[86.741,41.27],[86.673,41.338],[86.598,41.284],[86.419,41.256],[86.412,41.235],[86.372,41.243]]]}},{"type":"Feature","properties":{"r":6,"n":"Tarim"},"geometry":{"type":"MultiLineString","coordinates":[[[80.888,40.467],[80.978,40.512],[81.072,40.536],[81.299,40.532],[81.379,40.616],[81.404,40.622],[81.417,40.674],[81.473,40.701],[81.571,40.725],[81.766,40.725],[81.831,40.787],[81.883,40.798],[81.939,40.836],[81.975,40.827],[82.063,40.861],[82.16,40.869],[82.274,40.92],[82.308,40.914],[82.356,40.93],[82.376,40.955],[82.443,40.949],[82.465,40.975],[82.548,40.99],[82.656,41.035],[82.713,41.016],[82.73,41.034],[82.794,40.979],[82.849,40.975],[82.886,40.946],[82.969,40.93],[82.993,40.906],[83.047,40.932],[83.082,40.906],[83.153,40.958],[83.247,40.962],[83.35,40.993],[83.358,40.979],[83.407,40.996],[83.517,40.999],[83.567,40.983],[83.603,40.995],[83.617,40.982],[83.685,41.009],[83.699,41],[83.727,41.016],[83.772,41.014],[83.775,40.982],[83.857,40.962],[83.866,40.984],[83.959,41.009],[83.938,41.016],[83.99,41.04],[84.014,41.106],[84.073,41.111],[84.124,41.147],[84.143,41.136],[84.323,41.208],[84.336,41.193],[84.413,41.179],[84.487,41.195],[84.713,41.188],[84.938,41.156],[85.124,41.05],[85.501,40.962],[85.706,41.05],[85.727,41.036],[85.74,41.057],[85.964,41.085],[86.015,41.078],[86.056,41.092],[86.123,41.066],[86.142,41.043],[86.259,41.027],[86.45,41.051],[86.509,41.043],[86.562,41.068],[86.557,41.092],[86.355,41.179],[86.323,41.216],[86.368,41.238],[86.385,41.29],[86.317,41.27],[86.317,41.309],[86.246,41.32],[86.221,41.338],[86.198,41.331],[86.112,41.379],[86.052,41.387],[86.056,41.373],[86.015,41.386],[86.015,41.352],[85.96,41.407],[85.908,41.392],[85.897,41.435],[85.84,41.469],[85.782,41.531],[85.782,41.659],[85.827,41.713],[85.918,41.753],[85.96,41.742],[86.02,41.756],[86.141,41.751],[86.189,41.781],[86.207,41.824],[86.235,41.836],[86.365,41.797],[86.396,41.803],[86.465,41.77],[86.512,41.769],[86.558,41.796],[86.612,41.784],[86.753,41.826]]]}},{"type":"Feature","properties":{"r":2,"n":"Mackenzie"},"geometry":{"type":"MultiLineString","coordinates":[[[-134.313,69.154],[-134.372,69.122],[-134.529,69.112],[-134.566,69.097],[-134.638,69.028],[-134.645,68.99],[-134.615,68.956],[-134.473,68.877],[-134.417,68.806],[-134.304,68.764],[-134.244,68.706]],[[-134.836,68.964],[-134.88,69.006],[-134.953,69.022],[-135.105,69.095],[-135.011,69.123],[-134.991,69.154],[-135.007,69.18],[-135.042,69.192],[-135.122,69.195],[-135.094,69.222],[-135.183,69.263]],[[-134.836,68.964],[-134.948,68.901],[-135.1,68.889],[-135.176,68.909],[-135.227,68.944],[-135.606,68.911]],[[-134.244,68.706],[-134.361,68.692],[-134.44,68.706],[-134.507,68.777],[-134.599,68.825],[-134.676,68.896],[-134.836,68.964]],[[-117.668,61.308],[-117.682,61.351],[-117.718,61.387],[-118.048,61.456],[-118.126,61.5],[-118.284,61.498],[-118.325,61.469],[-118.363,61.37],[-118.441,61.326],[-118.694,61.298],[-118.818,61.258],[-118.958,61.239],[-119.153,61.228],[-119.367,61.24],[-119.479,61.222],[-119.61,61.274],[-119.941,61.333],[-120.146,61.404],[-120.256,61.461],[-120.432,61.456],[-120.653,61.55],[-120.734,61.62],[-120.696,61.663],[-120.67,61.732],[-120.684,61.791],[-120.727,61.812],[-120.904,61.844],[-121.078,61.838],[-121.154,61.859],[-121.288,61.848],[-121.366,61.888],[-121.549,61.93],[-121.601,61.977],[-121.767,61.991],[-121.917,62.04],[-121.978,62.077],[-122.19,62.094],[-122.451,62.166],[-122.687,62.177],[-122.892,62.151],[-123.058,62.171],[-123.25,62.235],[-123.381,62.303],[-123.409,62.334],[-123.395,62.357],[-123.353,62.374],[-123.321,62.447],[-123.276,62.477],[-123.271,62.564],[-123.209,62.601],[-123.192,62.643],[-123.188,62.75],[-123.252,62.849],[-123.254,62.876],[-123.218,62.941],[-123.232,62.959],[-123.226,62.979],[-123.261,63.008],[-123.267,63.051],[-123.307,63.123],[-123.381,63.181],[-123.624,63.285],[-123.695,63.394],[-123.718,63.48],[-123.762,63.551],[-123.901,63.72],[-123.99,63.772],[-124.049,63.883],[-124.149,63.917],[-124.232,63.979],[-124.335,63.964],[-124.366,63.976],[-124.451,64.057],[-124.466,64.113],[-124.411,64.192],[-124.478,64.27],[-124.589,64.32],[-124.731,64.344],[-124.815,64.467],[-124.915,64.513],[-124.964,64.586],[-124.966,64.613],[-124.898,64.659],[-124.89,64.687],[-124.906,64.709],[-125.018,64.713],[-125.088,64.732],[-125.149,64.839],[-125.208,64.868],[-125.418,64.904],[-125.709,64.896],[-125.848,64.935],[-125.989,64.928],[-126.059,64.985],[-126.147,65.018],[-126.241,65.104],[-126.552,65.22],[-126.929,65.291],[-127.105,65.297],[-127.486,65.422],[-127.722,65.541],[-127.916,65.568],[-128.03,65.608],[-128.524,65.624],[-128.598,65.65],[-128.695,65.659],[-128.778,65.7],[-128.736,65.727],[-128.741,65.753],[-128.84,65.812],[-129.032,65.89],[-129.06,65.94],[-129.06,66.013],[-129.12,66.086],[-129.01,66.178],[-128.713,66.248],[-128.66,66.275],[-128.66,66.321],[-128.717,66.358],[-128.928,66.398],[-129.07,66.511],[-129.572,66.726],[-129.806,66.749],[-130.082,66.82],[-130.134,66.863],[-130.224,66.981],[-130.249,67.079],[-130.261,67.223],[-130.387,67.309],[-130.567,67.345],[-130.733,67.349],[-130.8,67.365],[-130.852,67.397],[-130.909,67.46],[-131.021,67.496],[-131.16,67.463],[-131.576,67.466],[-131.682,67.413],[-131.796,67.408],[-132.03,67.359],[-132.458,67.306],[-132.565,67.286],[-132.652,67.248],[-132.9,67.216],[-133.076,67.242],[-133.142,67.275],[-133.38,67.334],[-133.487,67.376],[-133.592,67.48],[-133.644,67.492],[-133.716,67.469],[-133.785,67.476],[-133.934,67.579],[-134.193,67.675],[-134.212,67.707],[-134.203,67.803],[-134.219,67.845],[-134.252,67.875],[-134.329,67.895],[-134.374,67.961],[-134.452,68.02],[-134.457,68.039],[-134.422,68.107],[-134.444,68.187],[-134.436,68.23],[-134.408,68.244],[-134.33,68.235],[-134.387,68.293],[-134.379,68.31],[-134.236,68.321],[-134.179,68.384],[-134.088,68.416],[-134.13,68.45],[-134.133,68.47],[-134.055,68.533],[-134.143,68.572],[-134.206,68.684],[-134.244,68.706]]]}},{"type":"Feature","properties":{"r":6,"n":"Trinity"},"geometry":{"type":"MultiLineString","coordinates":[[[-122.755,40.821],[-122.786,40.733],[-122.903,40.664],[-123.012,40.693],[-123.058,40.769],[-123.098,40.792],[-123.232,40.754],[-123.366,40.817],[-123.432,40.815],[-123.48,40.881],[-123.598,40.915],[-123.613,40.932],[-123.64,41.043],[-123.694,41.117],[-123.69,41.203]]]}},{"type":"Feature","properties":{"r":6,"n":"Soroksari Duna"},"geometry":{"type":"MultiLineString","coordinates":[[[19.063,47.473],[19.085,47.458],[19.104,47.405],[18.993,47.282],[18.954,47.211],[18.958,47.149],[19.002,47.102],[18.957,47.073],[18.975,47.054],[18.968,47.033]]]}},{"type":"Feature","properties":{"r":6,"n":"Ferenc Csatorna"},"geometry":{"type":"MultiLineString","coordinates":[[[18.915,46.195],[18.939,46.157],[18.888,46.105],[18.917,46.036],[18.884,45.97],[18.907,45.944],[18.907,45.916],[18.872,45.896],[18.907,45.868],[18.855,45.858]]]}},{"type":"Feature","properties":{"r":6,"n":"Desaguadero"},"geometry":{"type":"MultiLineString","coordinates":[[[-67.362,-32.397],[-67.321,-32.431],[-67.258,-32.654],[-67.214,-32.705],[-67.192,-32.761],[-67.218,-32.828],[-67.206,-32.894],[-67.227,-32.916],[-67.198,-32.987],[-67.19,-33.229],[-67.15,-33.366],[-67.152,-33.429],[-67.02,-33.617],[-66.93,-33.838],[-66.844,-33.896],[-66.822,-33.96],[-66.779,-33.993],[-66.747,-34.064],[-66.759,-34.185],[-66.773,-34.199],[-66.8,-34.192],[-66.822,-34.229],[-66.8,-34.363],[-66.813,-34.385],[-66.779,-34.428],[-66.773,-34.514],[-66.738,-34.616],[-66.691,-34.658],[-66.572,-34.853],[-66.546,-34.925],[-66.55,-35.011],[-66.505,-35.124],[-66.526,-35.199],[-66.505,-35.227],[-66.519,-35.264],[-66.505,-35.343],[-66.521,-35.494],[-66.556,-35.571],[-66.608,-35.83],[-66.629,-35.949],[-66.621,-36.012],[-66.648,-36.054],[-66.701,-36.085],[-66.85,-36.274],[-66.834,-36.327],[-66.846,-36.433],[-66.802,-36.5],[-66.814,-36.618],[-66.779,-36.755],[-66.794,-36.863],[-66.844,-36.933],[-66.812,-37.054],[-66.823,-37.131],[-66.778,-37.159],[-66.792,-37.17],[-66.836,-37.164],[-66.851,-37.215],[-66.79,-37.225],[-66.715,-37.275],[-66.705,-37.29],[-66.734,-37.304],[-66.716,-37.319],[-66.584,-37.362],[-66.416,-37.543],[-66.331,-37.556],[-66.273,-37.535],[-66.233,-37.548],[-66.213,-37.589],[-66.213,-37.649],[-66.146,-37.78],[-66.047,-37.786],[-65.911,-37.867],[-65.832,-37.857],[-65.852,-37.877],[-65.834,-37.992],[-65.793,-38.086],[-65.845,-38.125],[-65.895,-38.127],[-65.903,-38.152],[-65.984,-38.228],[-65.963,-38.262],[-65.759,-38.344],[-65.72,-38.383],[-65.697,-38.447],[-65.611,-38.486],[-65.546,-38.544],[-65.427,-38.612],[-65.079,-38.779],[-64.97,-38.804]]]}},{"type":"Feature","properties":{"r":6,"n":"Bahr el  Zeraf"},"geometry":{"type":"MultiLineString","coordinates":[[[30.536,7.767],[30.56,7.77],[30.594,7.999],[30.649,8.119],[30.645,8.263],[30.672,8.369],[30.638,8.493],[30.652,8.537],[30.762,8.583],[30.824,8.734],[30.834,8.809],[30.851,8.816],[30.837,8.863],[30.849,8.908],[30.79,8.98],[30.808,9.042],[30.892,9.096],[30.896,9.168],[30.96,9.233],[31.053,9.289],[31.104,9.343],[31.114,9.406],[31.139,9.426]]]}},{"type":"Feature","properties":{"r":6,"n":"Sanaga"},"geometry":{"type":"MultiLineString","coordinates":[[[13.126,4.933],[13.082,4.928],[12.95,5.001],[12.933,4.986],[12.87,4.992],[12.832,4.972],[12.752,4.972],[12.668,4.92],[12.602,4.93],[12.513,4.862],[12.42,4.735],[12.268,4.722],[12.269,4.694],[12.208,4.665],[12.199,4.618],[12.081,4.525],[11.99,4.602],[11.921,4.523],[11.832,4.456],[11.771,4.439],[11.66,4.364],[11.56,4.388],[11.472,4.489],[11.43,4.505],[11.384,4.498],[11.239,4.36],[11.209,4.297],[11.067,4.177],[10.971,4.135],[10.779,4.086],[10.713,4.053],[10.69,4.08],[10.669,4.067],[10.625,4.074],[10.524,4.026],[10.474,4.046],[10.437,4.108],[10.354,3.954],[10.259,3.856],[10.245,3.861],[10.237,3.84],[10.219,3.854],[10.181,3.848],[10.162,3.868],[10.1,3.792],[10.034,3.758],[9.977,3.648],[9.82,3.628]]]}},{"type":"Feature","properties":{"r":6,"n":"Busira"},"geometry":{"type":"MultiLineString","coordinates":[[[20.754,-0.282],[20.672,-0.295],[20.661,-0.278],[20.609,-0.271],[20.565,-0.299],[20.495,-0.246],[20.452,-0.271],[20.394,-0.25],[20.342,-0.258],[20.319,-0.223],[20.291,-0.258],[20.253,-0.23],[20.233,-0.264],[20.188,-0.196],[20.202,-0.151],[20.184,-0.117],[20.068,-0.13],[20.09,-0.164],[20.073,-0.168],[19.986,-0.099],[19.928,-0.107],[19.892,-0.084],[19.834,-0.122],[19.832,-0.145],[19.781,-0.169],[19.745,-0.167],[19.729,-0.14],[19.702,-0.148],[19.674,-0.127],[19.662,-0.156],[19.63,-0.14],[19.565,-0.145],[19.509,-0.093],[19.47,-0.121],[19.438,-0.107],[19.116,-0.175],[19.126,-0.217],[19.068,-0.203],[19.063,-0.261],[19.047,-0.271],[19.011,-0.267],[18.951,-0.219]]]}},{"type":"Feature","properties":{"r":6,"n":"Jubba"},"geometry":{"type":"MultiLineString","coordinates":[[[41.966,4.324],[42.029,4.304],[42.05,4.28],[42.052,4.236],[42.032,4.228],[42.077,4.178],[42.161,4.149],[42.177,4.153],[42.171,4.177],[42.187,4.179],[42.236,4.136],[42.268,4.146],[42.305,4.111],[42.318,4.072],[42.398,4.053],[42.456,3.936],[42.517,3.916],[42.533,3.895],[42.549,3.902],[42.572,3.833],[42.568,3.8],[42.549,3.799],[42.562,3.81],[42.538,3.825],[42.528,3.806],[42.547,3.762],[42.527,3.696],[42.504,3.676],[42.507,3.601],[42.478,3.555],[42.528,3.522],[42.514,3.481],[42.556,3.422],[42.521,3.408],[42.491,3.344],[42.466,3.326],[42.499,3.25],[42.494,3.142],[42.538,3.106],[42.582,3.096],[42.562,3.08],[42.556,2.994],[42.465,2.885],[42.371,2.831],[42.339,2.785],[42.345,2.699],[42.367,2.641],[42.302,2.6],[42.281,2.532],[42.336,2.415],[42.281,2.374],[42.254,2.305],[42.231,2.296],[42.212,2.346],[42.154,2.362],[42.116,2.295],[42.201,2.267],[42.228,2.237],[42.227,2.212],[42.179,2.237],[42.133,2.188],[42.149,2.144],[42.174,2.137],[42.179,2.086],[42.198,2.093],[42.216,2.066],[42.224,2.075],[42.308,2.025],[42.263,1.974],[42.264,1.898],[42.303,1.868],[42.306,1.801],[42.393,1.736],[42.378,1.702],[42.43,1.649],[42.446,1.565],[42.417,1.547],[42.412,1.521],[42.439,1.524],[42.46,1.488],[42.416,1.478],[42.413,1.453],[42.447,1.415],[42.466,1.332],[42.484,1.341],[42.515,1.286],[42.559,1.267],[42.556,1.174],[42.611,1.141],[42.589,1.116],[42.586,1.079],[42.611,0.99],[42.59,0.936],[42.609,0.903],[42.589,0.875],[42.6,0.822],[42.616,0.815],[42.634,0.835],[42.652,0.825],[42.658,0.754],[42.696,0.726],[42.712,0.667],[42.738,0.636],[42.726,0.588],[42.75,0.563],[42.76,0.483],[42.722,0.458],[42.761,0.338],[42.744,0.284],[42.766,0.242],[42.754,0.164],[42.728,0.16],[42.716,0.13],[42.723,0.058],[42.671,0.017],[42.655,-0.017],[42.59,-0.038],[42.599,-0.1],[42.57,-0.116],[42.611,-0.175],[42.604,-0.241],[42.631,-0.245]]]}},{"type":"Feature","properties":{"r":6,"n":"Gta lv"},"geometry":{"type":"MultiLineString","coordinates":[[[12.335,58.374],[12.35,58.359],[12.336,58.346],[12.116,58.195],[12.088,58.113],[12.115,58.055],[12.096,58.008],[12.101,57.977],[12.042,57.941],[11.979,57.86],[11.906,57.846],[11.81,57.781]]]}},{"type":"Feature","properties":{"r":2,"n":"Za"},"geometry":{"type":"MultiLineString","coordinates":[[[94.084,33.156],[94.177,33.184],[94.348,33.15],[94.448,33.163],[94.484,33.208],[94.526,33.218],[94.579,33.212],[94.628,33.186],[94.705,33.177],[94.766,33.191],[94.861,33.168],[94.958,33.088],[94.965,33.1],[95.081,33.054],[95.09,32.957],[95.104,32.942],[95.136,32.944],[95.218,32.896],[95.252,32.907],[95.398,32.854],[95.558,32.848],[95.614,32.806],[95.65,32.715],[95.807,32.662],[95.872,32.6],[95.96,32.545],[96.181,32.571],[96.26,32.498],[96.311,32.488],[96.338,32.451],[96.362,32.434],[96.376,32.444],[96.428,32.402],[96.416,32.384],[96.425,32.359],[96.533,32.166],[96.647,32.122],[96.743,32.122],[96.759,32.112],[96.781,32.047],[96.847,32.037],[96.851,31.976],[96.918,31.957],[96.941,31.966]]]}},{"type":"Feature","properties":{"r":6,"n":"Xiliao"},"geometry":{"type":"MultiLineString","coordinates":[[[120.758,43.423],[120.82,43.468],[120.975,43.517],[121.159,43.538],[121.36,43.534],[121.522,43.47],[121.773,43.442],[121.919,43.453],[122.176,43.569],[122.362,43.724],[122.632,43.784],[122.711,43.819],[122.759,43.806],[122.797,43.819],[122.944,43.804],[123.004,43.775],[123.025,43.731],[123.232,43.668],[123.235,43.649],[123.373,43.641],[123.5,43.587],[123.511,43.537],[123.554,43.483]]]}},{"type":"Feature","properties":{"r":6,"n":"Kokemenjoki"},"geometry":{"type":"MultiLineString","coordinates":[[[21.716,61.519],[21.839,61.474],[21.846,61.437],[21.899,61.392],[22.165,61.286],[22.347,61.246],[22.333,61.266],[22.367,61.266],[22.334,61.306],[22.34,61.321],[22.402,61.273],[22.579,61.211]]]}},{"type":"Feature","properties":{"r":6,"n":"Great Pee Dee"},"geometry":{"type":"MultiLineString","coordinates":[[[-80.449,36.239],[-80.44,36.133],[-80.501,36.086],[-80.488,36.039],[-80.465,36.048],[-80.43,36.027],[-80.361,35.929],[-80.369,35.89],[-80.402,35.878],[-80.384,35.855],[-80.401,35.843]],[[-80.401,35.843],[-80.436,35.83],[-80.468,35.839],[-80.468,35.799],[-80.443,35.768],[-80.458,35.751],[-80.392,35.723],[-80.319,35.715],[-80.327,35.692],[-80.276,35.637],[-80.243,35.624],[-80.158,35.48],[-80.122,35.466],[-80.054,35.38],[-80.054,35.343],[-80.093,35.275],[-80.054,35.185],[-80.06,35.108],[-79.988,35.089],[-79.944,35.116]],[[-80.401,35.843],[-80.401,35.843]],[[-79.944,35.116],[-79.944,35.116]],[[-79.944,35.116],[-79.918,35.105],[-79.868,35.042],[-79.889,35.01],[-79.862,34.955],[-79.862,34.914],[-79.93,34.814],[-79.93,34.781],[-79.846,34.668],[-79.798,34.646],[-79.772,34.609],[-79.81,34.587],[-79.809,34.494],[-79.793,34.486],[-79.744,34.518],[-79.722,34.487],[-79.744,34.438],[-79.713,34.409],[-79.68,34.403],[-79.685,34.355],[-79.653,34.307],[-79.577,34.282],[-79.554,34.213],[-79.571,34.179],[-79.512,34.109],[-79.532,34.075],[-79.512,33.99],[-79.471,33.934],[-79.32,33.819],[-79.306,33.801],[-79.313,33.773],[-79.288,33.736],[-79.21,33.692],[-79.17,33.702],[-79.12,33.652],[-79.135,33.643],[-79.101,33.56],[-79.19,33.437]]]}},{"type":"Feature","properties":{"r":6,"n":"Tisa"},"geometry":{"type":"MultiLineString","coordinates":[[[20.179,46.261],[20.143,46.252],[20.063,46.159],[20.063,46.123],[20.037,46.095],[20.086,46.057],[20.069,46.03],[20.037,46.025],[20.094,45.993],[20.099,45.947],[20.134,45.899],[20.086,45.864],[20.14,45.827],[20.162,45.742],[20.092,45.717],[20.102,45.653],[20.063,45.603],[20.122,45.598],[20.103,45.538],[20.23,45.443],[20.202,45.395],[20.264,45.341],[20.236,45.306],[20.301,45.259],[20.319,45.209],[20.289,45.184],[20.278,45.142]]]}},{"type":"Feature","properties":{"r":6,"n":"Sangha"},"geometry":{"type":"MultiLineString","coordinates":[[[16.069,1.661],[16.07,1.625],[16.169,1.48],[16.177,1.429],[16.316,1.416],[16.375,1.359],[16.41,1.268],[16.457,1.254],[16.479,1.218],[16.57,1.23],[16.548,1.201],[16.549,1.171],[16.587,1.111],[16.585,0.963],[16.642,0.861],[16.665,0.719],[16.658,0.672],[16.696,0.545],[16.83,0.462],[16.867,0.499],[16.948,0.513],[16.959,0.488],[16.916,0.427],[16.915,0.403],[16.98,0.392],[17.017,0.41],[17.049,0.366],[17.092,0.346],[17.106,0.226],[17.205,0.206],[17.172,0.174],[17.191,0.1],[17.146,0.058],[17.187,-0.173],[17.153,-0.202],[17.152,-0.28],[17.171,-0.297],[17.135,-0.339],[17.18,-0.367],[17.147,-0.414],[17.152,-0.464],[17.163,-0.443],[17.182,-0.445],[17.225,-0.492],[17.201,-0.56],[17.215,-0.621],[17.203,-0.652],[17.208,-0.688],[17.24,-0.709],[17.241,-0.745],[17.231,-0.757],[17.188,-0.738],[17.172,-0.757],[17.18,-0.826],[17.159,-0.876],[17.046,-0.919],[16.934,-1.053],[16.862,-1.152],[16.849,-1.251]]]}},{"type":"Feature","properties":{"r":6,"n":"Ruki"},"geometry":{"type":"MultiLineString","coordinates":[[[18.951,-0.219],[18.881,-0.199],[18.81,-0.121],[18.755,-0.088],[18.719,-0.08],[18.694,-0.093],[18.495,-0.03],[18.475,-0.038],[18.425,-0.005],[18.381,-0.012],[18.337,0.064],[18.297,0.086],[18.229,0.086],[18.194,0.069]]]}},{"type":"Feature","properties":{"r":6,"n":"Songhua"},"geometry":{"type":"MultiLineString","coordinates":[[[132.518,47.707],[132.507,47.683],[132.46,47.674],[132.462,47.618],[132.379,47.52],[132.313,47.467],[132.063,47.36],[131.989,47.254],[131.792,47.262],[131.624,47.234],[131.467,47.245],[131.3,47.185],[131.15,47.206],[131.054,47.188],[130.972,47.213],[130.853,47.189],[130.785,47.153],[130.679,47.036],[130.545,47.002],[130.527,46.935],[130.488,46.877],[130.33,46.837]],[[124.675,45.45],[124.722,45.45],[124.767,45.471],[124.78,45.45],[124.861,45.444],[124.88,45.456],[124.898,45.527],[124.915,45.533],[124.951,45.495],[125.041,45.493],[125.043,45.451],[125.08,45.417],[125.083,45.386],[125.233,45.414],[125.285,45.4],[125.307,45.417],[125.375,45.398],[125.397,45.409],[125.432,45.477],[125.451,45.485],[125.521,45.471],[125.619,45.508],[125.723,45.518],[125.842,45.498],[125.887,45.557],[125.923,45.57],[125.931,45.622],[125.994,45.635],[125.959,45.669],[125.997,45.676],[126.024,45.704],[126.109,45.679],[126.356,45.696],[126.385,45.723],[126.484,45.75],[126.494,45.769],[126.593,45.757],[126.685,45.801],[126.683,45.858],[126.743,45.899],[126.741,45.916],[126.786,45.925],[126.891,45.998],[126.983,46.024],[127.076,46.018],[127.189,45.977],[127.327,45.969],[127.353,45.96],[127.384,45.918],[127.511,45.934],[127.528,45.951],[127.539,46.03],[127.575,46.041],[127.692,46.008],[127.728,45.957],[127.754,45.969],[127.77,45.945],[127.837,45.923],[127.968,45.917],[128.038,45.937],[128.128,45.916],[128.288,45.976],[128.361,45.978],[128.591,45.902],[128.758,45.967],[128.819,45.973],[128.858,45.964],[128.904,45.891],[128.982,45.875],[129.016,45.896],[129.091,45.902],[129.199,45.971],[129.299,46.071],[129.39,46.254],[129.557,46.344],[129.569,46.42],[129.638,46.496],[129.783,46.544],[129.896,46.611],[129.921,46.675],[129.969,46.717],[129.972,46.762],[130.011,46.775],[130.095,46.769],[130.107,46.825],[130.128,46.832],[130.217,46.819],[130.291,46.849],[130.332,46.835]]]}},{"type":"Feature","properties":{"r":6,"n":"Min"},"geometry":{"type":"MultiLineString","coordinates":[[[103.716,29.559],[103.755,29.556],[103.812,29.372],[103.87,29.328],[103.853,29.278],[103.903,29.263],[103.952,29.226],[104.005,29.122],[104.044,29.127],[104.084,29.084],[104.235,29.023],[104.286,28.974],[104.274,28.902],[104.308,28.87],[104.454,28.797],[104.511,28.798],[104.548,28.827],[104.599,28.784]]]}},{"type":"Feature","properties":{"r":6,"n":"Khatanga"},"geometry":{"type":"MultiLineString","coordinates":[[[105.07,72.774],[104.989,72.778],[104.785,72.746],[104.618,72.662],[104.483,72.629],[104.215,72.603],[104.186,72.576],[104.2,72.531],[104.187,72.506],[104.155,72.493],[103.859,72.457],[103.75,72.428],[103.412,72.427],[103.095,72.37],[103.028,72.286],[102.9,72.241],[102.808,72.187],[102.674,72.146],[102.607,72.075],[102.46,71.999],[102.078,71.952]]]}},{"type":"Feature","properties":{"r":6,"n":"Pend Orielle"},"geometry":{"type":"MultiLineString","coordinates":[[[-117.626,49.018],[-117.471,49.055],[-117.399,49.053],[-117.343,49.03],[-117.317,48.937],[-117.406,48.808],[-117.389,48.703],[-117.348,48.627],[-117.348,48.59],[-117.255,48.506],[-117.285,48.472],[-117.276,48.369],[-117.233,48.271],[-117.075,48.241],[-117,48.19],[-116.855,48.183],[-116.79,48.152],[-116.746,48.169],[-116.677,48.256],[-116.569,48.25]]]}},{"type":"Feature","properties":{"r":2,"n":"Paraná"},"geometry":{"type":"MultiLineString","coordinates":[[[-55.075,-14.319],[-55.13,-14.294],[-55.174,-14.293],[-55.259,-14.324],[-55.49,-14.367],[-55.556,-14.424],[-55.732,-14.472],[-55.824,-14.52],[-55.923,-14.613],[-56.032,-14.637],[-56.068,-14.659],[-56.222,-14.685],[-56.256,-14.703],[-56.274,-14.737],[-56.26,-14.76],[-56.326,-14.793],[-56.309,-14.812],[-56.395,-14.833],[-56.404,-14.844],[-56.391,-14.916],[-56.446,-14.917],[-56.464,-14.952],[-56.446,-14.977],[-56.497,-15.003],[-56.497,-15.047],[-56.514,-15.063],[-56.498,-15.137],[-56.422,-15.152],[-56.374,-15.213],[-56.33,-15.23],[-56.283,-15.273],[-56.274,-15.296],[-56.289,-15.328],[-56.248,-15.389],[-56.25,-15.492],[-56.226,-15.484],[-56.208,-15.497],[-56.175,-15.554],[-56.141,-15.569],[-56.111,-15.621],[-56.073,-15.647],[-56.074,-15.68],[-56.138,-15.779],[-56.117,-15.867],[-56.038,-15.912],[-56.032,-15.954],[-56.007,-15.964],[-55.973,-15.951],[-55.931,-15.98],[-55.879,-16.079],[-55.887,-16.118],[-55.992,-16.227],[-55.963,-16.29],[-55.937,-16.301],[-55.932,-16.337],[-56.015,-16.414],[-56.064,-16.438],[-56.186,-16.464],[-56.255,-16.45],[-56.287,-16.481],[-56.371,-16.519],[-56.441,-16.625],[-56.453,-16.687],[-56.5,-16.766],[-56.622,-16.856],[-56.639,-16.968],[-56.595,-17.031],[-56.59,-17.067],[-56.612,-17.135],[-56.673,-17.175],[-56.791,-17.37],[-56.844,-17.404],[-56.857,-17.492],[-56.971,-17.58],[-56.986,-17.66],[-57.113,-17.781],[-57.2,-17.793],[-57.414,-17.862],[-57.456,-17.907],[-57.474,-17.952],[-57.46,-17.97],[-57.455,-18.077],[-57.402,-18.133],[-57.39,-18.219],[-57.41,-18.285],[-57.388,-18.302],[-57.385,-18.362],[-57.366,-18.385],[-57.391,-18.42],[-57.388,-18.441],[-57.363,-18.458],[-57.391,-18.493],[-57.466,-18.524],[-57.457,-18.561],[-57.495,-18.567],[-57.534,-18.603],[-57.554,-18.678],[-57.529,-18.709],[-57.601,-18.79],[-57.597,-18.815],[-57.576,-18.821],[-57.642,-18.855],[-57.648,-18.889],[-57.686,-18.876],[-57.699,-18.911],[-57.693,-18.955],[-57.655,-18.973],[-57.659,-19.007],[-57.617,-18.999],[-57.532,-19.034],[-57.377,-19.054],[-57.377,-19.109],[-57.33,-19.119],[-57.309,-19.174],[-57.296,-19.27],[-57.322,-19.356],[-57.314,-19.378],[-57.41,-19.464],[-57.44,-19.521],[-57.385,-19.541],[-57.426,-19.603],[-57.487,-19.65],[-57.48,-19.685],[-57.533,-19.678],[-57.576,-19.719],[-57.648,-19.733],[-57.63,-19.759],[-57.638,-19.794],[-57.734,-19.853],[-57.768,-19.918],[-57.804,-19.935],[-57.896,-20.024],[-57.96,-20.026],[-58.104,-20.144],[-58.159,-20.165],[-58.119,-20.214],[-58.156,-20.226],[-58.157,-20.262],[-58.096,-20.272],[-58.084,-20.376],[-57.99,-20.433],[-58.011,-20.5],[-57.992,-20.621],[-57.974,-20.651],[-57.981,-20.693],[-57.957,-20.71],[-57.948,-20.675],[-57.919,-20.67],[-57.861,-20.73],[-57.866,-20.747],[-57.941,-20.793],[-57.888,-20.806],[-57.86,-20.832],[-57.858,-20.85],[-57.909,-20.882],[-57.916,-20.906],[-57.848,-20.956],[-57.837,-20.938],[-57.818,-20.954],[-57.826,-20.998],[-57.853,-21.038],[-57.831,-21.127],[-57.835,-21.174],[-57.849,-21.216],[-57.905,-21.275],[-57.883,-21.316],[-57.856,-21.331],[-57.95,-21.508],[-57.94,-21.548],[-57.913,-21.564],[-57.936,-21.641],[-57.896,-21.688],[-57.94,-21.755],[-57.936,-21.812],[-57.957,-21.851],[-57.926,-21.905],[-57.963,-21.967],[-57.989,-22.064],[-57.967,-22.148],[-57.977,-22.211],[-57.966,-22.257],[-57.897,-22.279],[-57.831,-22.377],[-57.852,-22.412],[-57.831,-22.559],[-57.775,-22.656],[-57.896,-22.665],[-57.929,-22.686],[-57.94,-22.716],[-57.919,-22.747],[-57.878,-22.762],[-57.861,-22.806],[-57.82,-22.813],[-57.792,-22.857],[-57.79,-22.878],[-57.821,-22.906],[-57.773,-22.961],[-57.768,-22.982],[-57.79,-23.021],[-57.73,-23.055],[-57.714,-23.085],[-57.64,-23.099],[-57.625,-23.165],[-57.545,-23.213],[-57.48,-23.279],[-57.504,-23.344],[-57.454,-23.409],[-57.442,-23.465],[-57.46,-23.515],[-57.451,-23.574],[-57.398,-23.646],[-57.326,-23.683],[-57.276,-23.732],[-57.303,-23.765],[-57.281,-23.793],[-57.291,-23.862],[-57.344,-23.923],[-57.285,-23.954],[-57.268,-24.03],[-57.232,-24.033],[-57.234,-24.095],[-57.179,-24.098],[-57.163,-24.118],[-57.199,-24.176],[-57.119,-24.262],[-57.083,-24.365],[-57.097,-24.444],[-57.069,-24.516],[-57.104,-24.541],[-57.096,-24.58],[-57.13,-24.64],[-57.091,-24.678],[-57.122,-24.752],[-57.179,-24.763],[-57.197,-24.827],[-57.249,-24.891],[-57.24,-24.906],[-57.216,-24.901],[-57.219,-24.947],[-57.2,-24.984],[-57.286,-24.982],[-57.344,-25.065],[-57.422,-25.112],[-57.524,-25.109],[-57.57,-25.222],[-57.639,-25.256],[-57.672,-25.29],[-57.642,-25.373],[-57.559,-25.444],[-57.576,-25.564],[-57.612,-25.586],[-57.624,-25.615],[-57.669,-25.612],[-57.68,-25.647],[-57.742,-25.662],[-57.775,-25.702],[-57.741,-25.722],[-57.821,-25.778],[-57.803,-25.831],[-57.876,-25.876],[-57.852,-25.908],[-57.907,-25.969],[-57.86,-25.981],[-57.873,-26.01],[-57.989,-26.088],[-58.087,-26.127],[-58.125,-26.202],[-58.152,-26.181],[-58.107,-26.239],[-58.171,-26.27],[-58.168,-26.335],[-58.214,-26.419],[-58.186,-26.452],[-58.218,-26.528],[-58.166,-26.592],[-58.193,-26.613],[-58.179,-26.651],[-58.236,-26.65],[-58.249,-26.758],[-58.289,-26.768],[-58.276,-26.798],[-58.289,-26.811],[-58.341,-26.809],[-58.353,-26.83],[-58.317,-26.874],[-58.476,-26.938],[-58.482,-26.964],[-58.467,-26.976],[-58.512,-27.06],[-58.546,-27.041],[-58.566,-27.116],[-58.617,-27.124],[-58.654,-27.156],[-58.653,-27.198],[-58.602,-27.246],[-58.605,-27.316]],[[-58.605,-27.314],[-58.656,-27.331],[-58.887,-27.479],[-58.885,-27.551],[-58.834,-27.644],[-58.816,-27.717],[-58.818,-27.773],[-58.844,-27.842],[-58.842,-27.916],[-58.895,-28.071],[-58.951,-28.112],[-59.06,-28.13],[-59.088,-28.175],[-59.091,-28.322],[-59.066,-28.401],[-59.091,-28.531],[-59.087,-28.627],[-59.143,-28.746],[-59.153,-28.849],[-59.194,-28.921],[-59.198,-29.022],[-59.213,-29.049],[-59.359,-29.144],[-59.485,-29.189],[-59.548,-29.26],[-59.589,-29.411],[-59.591,-29.615],[-59.627,-29.751],[-59.673,-29.847],[-59.63,-29.93],[-59.595,-30.049],[-59.639,-30.15],[-59.669,-30.294],[-59.653,-30.384],[-59.615,-30.463],[-59.625,-30.593],[-59.661,-30.736],[-60.001,-31.212],[-60.064,-31.27],[-60.094,-31.354],[-60.164,-31.442],[-60.255,-31.505],[-60.414,-31.674],[-60.474,-31.697],[-60.605,-31.7],[-60.648,-31.716],[-60.674,-31.853],[-60.72,-31.922],[-60.718,-31.972],[-60.662,-32.069],[-60.707,-32.156],[-60.702,-32.255],[-60.731,-32.355],[-60.729,-32.455],[-60.767,-32.578],[-60.706,-32.68],[-60.676,-32.847],[-60.587,-32.977],[-60.552,-33.061],[-60.496,-33.122],[-60.415,-33.165]],[[-60.415,-33.165],[-60.274,-33.201],[-60.221,-33.242],[-60.202,-33.232],[-60.181,-33.249],[-60.143,-33.226],[-60.081,-33.253],[-60.058,-33.239],[-60.01,-33.277],[-59.989,-33.248],[-59.971,-33.277],[-59.948,-33.273],[-59.927,-33.232],[-59.898,-33.278],[-59.813,-33.242],[-59.761,-33.242],[-59.744,-33.289],[-59.698,-33.276],[-59.626,-33.33],[-59.642,-33.353],[-59.63,-33.373],[-59.566,-33.383],[-59.543,-33.438],[-59.447,-33.473],[-59.375,-33.537],[-59.36,-33.597],[-59.31,-33.63],[-59.202,-33.743],[-59.186,-33.807]],[[-60.415,-33.165],[-60.325,-33.242],[-60.246,-33.278],[-60.118,-33.394],[-59.948,-33.495],[-59.844,-33.534],[-59.773,-33.611],[-59.641,-33.671],[-59.603,-33.678],[-59.521,-33.655],[-59.393,-33.739],[-59.307,-33.739],[-59.269,-33.721],[-59.249,-33.787],[-59.186,-33.807]],[[-59.186,-33.807],[-59.163,-33.829],[-59.032,-33.83],[-58.849,-33.937],[-58.782,-33.952],[-58.639,-34.049],[-58.591,-34.049],[-58.447,-34.007]]]}},{"type":"Feature","properties":{"r":6,"n":"Potomac"},"geometry":{"type":"MultiLineString","coordinates":[[[-78.325,39.639],[-78.28,39.635],[-78.196,39.701],[-78.133,39.701],[-77.992,39.608],[-77.847,39.612],[-77.838,39.581],[-77.881,39.564],[-77.86,39.515],[-77.839,39.543],[-77.821,39.497],[-77.771,39.502],[-77.791,39.484],[-77.785,39.461],[-77.806,39.448],[-77.748,39.423],[-77.751,39.351],[-77.736,39.331],[-77.558,39.299],[-77.528,39.266],[-77.467,39.244],[-77.46,39.208],[-77.515,39.152],[-77.496,39.124],[-77.422,39.074],[-77.272,39.048],[-77.234,38.987],[-77.147,38.965],[-77.097,38.908],[-77.068,38.902]]]}},{"type":"Feature","properties":{"r":7,"n":"Jhelum"},"geometry":{"type":"MultiLineString","coordinates":[[[74.532,34.302],[74.408,34.269],[74.269,34.178],[74.119,34.15],[74.02,34.099],[73.975,34.112],[73.913,34.102],[73.819,34.156],[73.708,34.171],[73.627,34.203],[73.513,34.324],[73.454,34.335],[73.516,34.007],[73.577,33.91],[73.565,33.803],[73.598,33.708],[73.571,33.633],[73.63,33.556],[73.612,33.519],[73.625,33.451],[73.602,33.441],[73.571,33.387],[73.598,33.321]],[[75.366,33.444],[75.353,33.485],[75.189,33.583],[75.105,33.705],[75.119,33.742],[75.102,33.8],[75.02,33.88],[74.983,33.951],[74.916,33.965],[74.89,34.026],[74.717,34.14],[74.625,34.252],[74.63,34.333],[74.594,34.38]],[[73.643,33.142],[73.62,33.124],[73.638,33.102],[73.761,33.045],[73.778,33.018],[73.77,32.978],[73.612,32.841],[73.59,32.771],[73.533,32.707],[73.419,32.648],[73.33,32.628],[73.269,32.635],[73.267,32.607],[73.066,32.581],[72.976,32.544],[72.933,32.543],[72.733,32.442],[72.611,32.436],[72.584,32.413],[72.536,32.402],[72.463,32.336],[72.4,32.316],[72.373,32.289],[72.337,32.232],[72.294,32.078],[72.24,32.006],[72.267,31.885],[72.247,31.816],[72.167,31.697],[72.125,31.467],[72.139,31.409],[72.111,31.381],[72.129,31.266],[72.158,31.229],[72.139,31.183]]]}},{"type":"Feature","properties":{"r":7,"n":""},"geometry":{"type":"MultiLineString","coordinates":[[[70.72,66.762],[70.878,66.817],[71.071,66.822],[71.151,66.848],[71.197,66.882],[71.284,66.877],[71.391,66.906]]]}},{"type":"Feature","properties":{"r":7,"n":"Guaporé"},"geometry":{"type":"MultiLineString","coordinates":[[[-58.778,-14.65],[-58.783,-14.717],[-58.85,-14.85],[-58.863,-14.965],[-58.836,-15.08],[-58.836,-15.189],[-58.904,-15.246],[-58.941,-15.3],[-59.129,-15.257],[-59.222,-15.194],[-59.449,-15.218],[-59.617,-15.194],[-59.678,-15.147],[-59.782,-15.113],[-59.817,-15.078],[-59.937,-15.024],[-59.956,-15.006],[-60,-14.861]],[[-60,-14.861],[-60.023,-14.83],[-60.016,-14.748],[-60.034,-14.661],[-60.138,-14.403],[-60.218,-14.264],[-60.222,-14.228],[-60.278,-14.15],[-60.289,-14.104],[-60.333,-14.04],[-60.397,-14.008],[-60.39,-13.982],[-60.444,-13.907],[-60.482,-13.795],[-60.555,-13.774],[-60.644,-13.723],[-60.825,-13.594],[-60.927,-13.547],[-61.024,-13.532],[-61.039,-13.518],[-61.042,-13.474],[-61.065,-13.47],[-61.13,-13.491],[-61.152,-13.52],[-61.235,-13.523],[-61.335,-13.496],[-61.442,-13.538],[-61.519,-13.545],[-61.587,-13.509],[-61.652,-13.507],[-61.824,-13.543],[-61.849,-13.529],[-61.873,-13.456],[-61.995,-13.366],[-62.103,-13.256],[-62.118,-13.149],[-62.156,-13.128],[-62.175,-13.141],[-62.215,-13.123],[-62.336,-13.145],[-62.418,-13.126],[-62.469,-13.071],[-62.609,-13.048],[-62.646,-13.021],[-62.662,-12.981],[-62.7,-12.966],[-62.765,-12.989],[-62.771,-13.01],[-62.869,-12.929],[-62.925,-12.855],[-62.985,-12.846],[-63.088,-12.649],[-63.14,-12.635],[-63.25,-12.701],[-63.319,-12.702],[-63.432,-12.637],[-63.486,-12.557],[-63.543,-12.548],[-63.658,-12.475],[-63.802,-12.455],[-63.864,-12.469],[-63.922,-12.544],[-63.973,-12.524],[-64.024,-12.538],[-64.045,-12.509],[-64.105,-12.507],[-64.121,-12.49],[-64.145,-12.52],[-64.216,-12.474],[-64.279,-12.499],[-64.298,-12.466],[-64.378,-12.466],[-64.453,-12.39],[-64.491,-12.373],[-64.474,-12.253],[-64.666,-12.181],[-64.69,-12.154],[-64.691,-12.104],[-64.711,-12.112],[-64.717,-12.146],[-64.74,-12.144],[-64.738,-12.12],[-64.793,-12.032],[-64.998,-11.996],[-65.017,-11.968],[-64.999,-11.909],[-65.019,-11.893]]]}},{"type":"Feature","properties":{"r":7,"n":"Kabalebo"},"geometry":{"type":"MultiLineString","coordinates":[[[-57.225,4.663],[-57.156,4.613],[-57.132,4.514],[-57.146,4.473],[-57.223,4.41]],[[-57.641,3.484],[-57.653,3.488]]]}},{"type":"Feature","properties":{"r":7,"n":"Katanga"},"geometry":{"type":"MultiLineString","coordinates":[[[104.346,57.655],[104.302,57.7],[104.164,57.744],[104.182,57.798],[104.23,57.867],[104.244,57.967],[104.176,57.998],[104.092,58.089],[104.109,58.122],[104.365,58.123],[104.4,58.174],[104.37,58.227],[104.327,58.261],[104.314,58.314],[104.38,58.362],[104.584,58.397],[104.545,58.415],[104.531,58.477],[104.497,58.505],[104.489,58.571],[104.421,58.587],[104.45,58.608],[104.394,58.666],[104.393,58.704],[104.299,58.713],[104.236,58.751],[104.269,58.793],[104.382,58.824],[104.401,58.854],[104.383,58.878],[104.405,58.925],[104.387,58.95],[104.409,58.959],[104.404,58.985],[104.361,59.009],[104.267,59.026],[104.225,59.06],[104.108,59.081],[104.092,59.101],[104.171,59.094],[104.188,59.108],[104.184,59.124],[104.127,59.135],[104.14,59.148],[104.099,59.175],[104.154,59.224],[104.134,59.224],[104.127,59.258],[104.075,59.307],[103.981,59.344],[103.873,59.358],[103.819,59.389],[103.708,59.4],[103.655,59.427],[103.592,59.43],[103.532,59.453],[103.482,59.444],[103.352,59.457],[103.433,59.557],[103.424,59.589],[103.403,59.611],[103.377,59.612],[103.35,59.572],[103.276,59.613],[103.284,59.683],[103.263,59.706],[103.161,59.683],[103.136,59.697],[103.127,59.748],[103.079,59.767],[103.03,59.834],[102.725,59.881],[102.701,59.893],[102.733,59.913],[102.707,59.937],[102.637,59.916],[102.592,59.944],[102.546,59.946],[102.437,59.921],[102.426,59.962],[102.393,59.964],[102.393,60],[102.316,60.003],[102.309,60.015],[102.331,60.047],[102.283,60.054],[102.272,60.08],[102.236,60.101]]]}},{"type":"Feature","properties":{"r":7,"n":"Kaduna"},"geometry":{"type":"MultiLineString","coordinates":[[[6.086,10.491],[6.043,10.442],[6.049,10.301],[6.024,10.2],[6.018,10.111],[6.028,10.094],[5.998,10.04],[6.005,9.998],[5.991,9.923],[5.906,9.862],[5.906,9.649],[5.941,9.642],[5.948,9.608],[5.877,9.414],[5.813,9.018],[5.815,8.992],[5.863,8.948],[5.874,8.907],[5.763,8.786]]]}},{"type":"Feature","properties":{"r":7,"n":"Atshan"},"geometry":{"type":"MultiLineString","coordinates":[[[44.786,31.464],[44.824,31.457],[44.853,31.402],[45.012,31.369],[45.069,31.323],[45.125,31.306],[45.138,31.316],[45.178,31.284],[45.199,31.317],[45.235,31.327]]]}},{"type":"Feature","properties":{"r":7,"n":"Severn"},"geometry":{"type":"MultiLineString","coordinates":[[[-88.707,55.18],[-88.558,55.143],[-88.456,55.165],[-88.454,55.298],[-88.345,55.384],[-88.14,55.448],[-88.077,55.496],[-88.029,55.511],[-88.03,55.599],[-88.051,55.655],[-88.085,55.687],[-88.084,55.73],[-87.756,55.953],[-87.636,55.982],[-87.571,56.024],[-87.488,56.017]],[[-88.707,55.18],[-88.707,55.18]],[[-90.753,53.954],[-90.648,54.105],[-90.537,54.155],[-90.374,54.197],[-90.347,54.231],[-90.248,54.273],[-90.187,54.283],[-90.14,54.31],[-90.067,54.303],[-90.005,54.338],[-89.77,54.4],[-89.722,54.4],[-89.606,54.482],[-89.209,54.543],[-89.079,54.586],[-89.001,54.661],[-88.989,54.756],[-89.003,54.797],[-88.982,54.835],[-88.986,54.866],[-88.955,54.914],[-88.989,55.003],[-88.975,55.075],[-88.828,55.158],[-88.707,55.18]],[[-91.867,53.344],[-91.562,53.489],[-91.439,53.507],[-91.338,53.603],[-91.343,53.646],[-91.292,53.655],[-91.134,53.728],[-91.062,53.8],[-91.039,53.848],[-90.937,53.927],[-90.825,53.927]],[[-95.67,53.174],[-95.582,53.13],[-95.499,53.118],[-95.427,53.129],[-95.382,53.105],[-95.252,53.084],[-95.06,53.111],[-95.033,53.134],[-95.054,53.163],[-95.036,53.174],[-94.967,53.19],[-94.743,53.195],[-94.656,53.242],[-94.615,53.228],[-94.482,53.232],[-94.451,53.187],[-94.399,53.18],[-94.321,53.221],[-94.228,53.207],[-94.08,53.228],[-94.053,53.248],[-93.738,53.283],[-93.597,53.257],[-93.588,53.242],[-93.615,53.228],[-93.609,53.204]],[[-92.552,53.097],[-92.337,53.18],[-92.265,53.262],[-92.121,53.271],[-91.999,53.32],[-91.956,53.317]],[[-93.343,53.095],[-93.341,53.06]]]}},{"type":"Feature","properties":{"r":7,"n":""},"geometry":{"type":"MultiLineString","coordinates":[[[-76.956,42.873],[-76.903,42.905],[-76.806,42.914],[-76.749,42.953],[-76.736,42.945],[-76.721,43.046],[-76.671,43.087],[-76.532,43.083],[-76.398,43.174],[-76.261,43.138],[-76.277,43.21],[-76.391,43.297],[-76.517,43.477]],[[-77.065,42.651],[-76.936,42.697]]]}},{"type":"Feature","properties":{"r":2,"n":"Lualaba"},"geometry":{"type":"MultiLineString","coordinates":[[[26.249,-11.743],[26.209,-11.725],[26.147,-11.651],[26.123,-11.648],[26.061,-11.688],[26.026,-11.667],[25.957,-11.661],[25.903,-11.636],[25.876,-11.605],[25.869,-11.612],[25.855,-11.54],[25.812,-11.484],[25.821,-11.461],[25.759,-11.386],[25.753,-11.351],[25.725,-11.359],[25.732,-11.351],[25.677,-11.303],[25.662,-11.31],[25.653,-11.28],[25.622,-11.256],[25.608,-11.272],[25.597,-11.262],[25.605,-11.177],[25.595,-11.167],[25.589,-11.181],[25.575,-11.16],[25.553,-11.174],[25.545,-11.145],[25.559,-11.04],[25.721,-10.952],[25.727,-10.86],[25.745,-10.845],[25.735,-10.77],[25.766,-10.722],[25.734,-10.65],[25.677,-10.619],[25.691,-10.612],[25.677,-10.606],[25.691,-10.564],[25.657,-10.544],[25.636,-10.502],[25.589,-10.502],[25.566,-10.457],[25.542,-10.48],[25.465,-10.496],[25.401,-10.451],[25.403,-10.426],[25.443,-10.403],[25.416,-10.365],[25.416,-10.324],[25.454,-10.276],[25.431,-10.228],[25.403,-10.214],[25.417,-10.152],[25.395,-10.112],[25.428,-10.008],[25.567,-9.872],[25.543,-9.797],[25.547,-9.741],[25.519,-9.707],[25.538,-9.695],[25.485,-9.631],[25.519,-9.631],[25.495,-9.584],[25.493,-9.505],[25.547,-9.338],[25.532,-9.323],[25.553,-9.299],[25.536,-9.272],[25.584,-9.203],[25.609,-9.228],[25.629,-9.22],[25.671,-9.248],[25.677,-9.283],[25.7,-9.303],[25.774,-9.252],[25.814,-9.193],[25.93,-9.207],[25.958,-9.139],[25.944,-9.124],[26.005,-9.068],[25.998,-9.049],[26.072,-8.925],[26.014,-8.822],[26.017,-8.747],[26.191,-8.645],[26.198,-8.615],[26.292,-8.579],[26.294,-8.545],[26.314,-8.521],[26.246,-8.474],[26.26,-8.439],[26.348,-8.364],[26.339,-8.296],[26.441,-8.272]]]}},{"type":"Feature","properties":{"r":7,"n":"Ouémé"},"geometry":{"type":"MultiLineString","coordinates":[[[2.566,10.11],[2.519,10.101],[2.49,10.048],[2.425,9.837],[2.433,9.806],[2.374,9.691],[2.291,9.398],[2.282,9.312],[2.248,9.226],[2.302,9.226],[2.268,9.213],[2.282,9.138],[2.269,9.091],[2.275,9.076],[2.297,9.085],[2.301,9.068],[2.29,9.05],[2.239,9.048],[2.221,9.018]],[[2.22,9.021],[2.221,9.018]],[[2.221,9.018],[2.228,8.994],[2.203,8.975],[2.193,8.939],[2.22,8.925],[2.206,8.898],[2.248,8.912],[2.187,8.746],[2.22,8.631],[2.207,8.545],[2.219,8.515],[2.337,8.418],[2.329,8.287],[2.369,8.182],[2.344,8.116],[2.371,8.068],[2.358,8.045],[2.392,7.854],[2.468,7.774],[2.474,7.726],[2.502,7.691],[2.485,7.552],[2.461,7.541],[2.417,7.475],[2.446,7.337],[2.42,7.266],[2.474,7.229],[2.481,7.206],[2.457,7.203],[2.435,7.175],[2.425,7.14],[2.44,7.11],[2.423,7.103],[2.424,7.087],[2.447,7.061],[2.421,7.05],[2.412,7.023],[2.426,6.972],[2.42,6.918],[2.44,6.924],[2.457,6.895],[2.48,6.79],[2.488,6.626],[2.535,6.569],[2.563,6.472],[2.552,6.432]],[[2.221,9.018],[2.22,9.014]],[[2.552,6.431],[2.551,6.365]],[[2.551,6.365],[2.545,6.404]],[[2.551,6.365],[2.55,6.354]],[[2.554,6.355],[2.551,6.365]]]}},{"type":"Feature","properties":{"r":7,"n":"Komoé"},"geometry":{"type":"MultiLineString","coordinates":[[[-5.407,10.693],[-5.471,10.636],[-5.469,10.588],[-5.523,10.426],[-5.488,10.393],[-5.475,10.351],[-5.438,10.34],[-5.417,10.308],[-5.386,10.297],[-5.316,10.305],[-5.297,10.323],[-5.218,10.32],[-5.169,10.292],[-5.153,10.306],[-5.12,10.294],[-5.118,10.208],[-5.085,10.228],[-5.091,10.178],[-5.065,10.179],[-5.071,10.161],[-5.04,10.135],[-5.071,10.11],[-5.043,10.103],[-5.057,10.097],[-5.049,10.086],[-5.016,10.097],[-4.964,10.04],[-4.961,10.009],[-4.982,10.008],[-4.954,9.954],[-4.967,9.901],[-4.937,9.874],[-4.899,9.889],[-4.839,9.87],[-4.818,9.837],[-4.799,9.843],[-4.777,9.788],[-4.811,9.782],[-4.797,9.755],[-4.784,9.759],[-4.77,9.738],[-4.739,9.753],[-4.682,9.682],[-4.605,9.727],[-4.579,9.697],[-4.553,9.697],[-4.54,9.745],[-4.51,9.745],[-4.516,9.676],[-4.502,9.655],[-4.41,9.648],[-4.372,9.583],[-4.366,9.624],[-4.31,9.604],[-4.197,9.445],[-4.18,9.388],[-4.194,9.336],[-4.18,9.316],[-4.177,9.237],[-4.162,9.229],[-4.153,9.247],[-4.091,9.267],[-4.037,9.226],[-3.957,9.201],[-3.947,9.172],[-3.894,9.165],[-3.899,9.11],[-3.851,9.119],[-3.844,9.104],[-3.852,9.076],[-3.872,9.104],[-3.878,9.042],[-3.803,9.007],[-3.805,8.994],[-3.89,8.964],[-3.898,8.946],[-3.817,8.857],[-3.837,8.836],[-3.794,8.812],[-3.791,8.776],[-3.82,8.781],[-3.871,8.719],[-3.866,8.697],[-3.937,8.673],[-3.947,8.637],[-3.923,8.573],[-3.981,8.528],[-3.933,8.47],[-3.944,8.438],[-3.988,8.419],[-3.961,8.391],[-3.975,8.361],[-3.96,8.319],[-4.043,8.305],[-4.037,8.271],[-4.002,8.24],[-4.02,8.184],[-3.992,8.175],[-3.94,8.116],[-3.955,8.096],[-3.977,8.103],[-3.994,8.09],[-4.016,7.983],[-4.01,7.967],[-3.934,7.978],[-3.929,7.949],[-3.977,7.913],[-3.88,7.885],[-3.86,7.793],[-3.872,7.774],[-3.834,7.77],[-3.817,7.74],[-3.727,7.722],[-3.726,7.666],[-3.678,7.644],[-3.67,7.609],[-3.638,7.582],[-3.579,7.587],[-3.571,7.557],[-3.594,7.517],[-3.542,7.496],[-3.509,7.449],[-3.506,7.392],[-3.522,7.384],[-3.545,7.323],[-3.543,7.301],[-3.522,7.301],[-3.528,7.286],[-3.583,7.275],[-3.593,7.187],[-3.611,7.178],[-3.625,7.198],[-3.646,7.178],[-3.623,7.113],[-3.564,7.106],[-3.577,7.088],[-3.57,7.072],[-3.619,7.082],[-3.635,7.051],[-3.684,7.04],[-3.715,7.006],[-3.775,6.979],[-3.771,6.937],[-3.755,6.959],[-3.73,6.912],[-3.773,6.865],[-3.775,6.849],[-3.74,6.815],[-3.796,6.76],[-3.771,6.706],[-3.772,6.684],[-3.803,6.671],[-3.769,6.616],[-3.715,6.623],[-3.691,6.645],[-3.68,6.636],[-3.687,6.582],[-3.666,6.561],[-3.646,6.475],[-3.656,6.441],[-3.622,6.404],[-3.611,6.356],[-3.555,6.353],[-3.543,6.376],[-3.501,6.33],[-3.457,6.246],[-3.484,6.235],[-3.461,6.191],[-3.433,6.212],[-3.42,6.205],[-3.396,6.163],[-3.392,6.112],[-3.427,6.061],[-3.405,6.068],[-3.413,6.047],[-3.385,6.002],[-3.424,5.971],[-3.467,5.858],[-3.465,5.807],[-3.433,5.779],[-3.583,5.637],[-3.584,5.608],[-3.66,5.513],[-3.624,5.257],[-3.646,5.266],[-3.717,5.212]]]}},{"type":"Feature","properties":{"r":7,"n":"Chulym"},"geometry":{"type":"MultiLineString","coordinates":[[[85.022,57.839],[84.971,57.864],[84.923,57.84],[84.843,57.874],[84.747,57.833],[84.654,57.831],[84.631,57.839],[84.617,57.874],[84.543,57.827],[84.517,57.83],[84.493,57.854],[84.429,57.807],[84.401,57.816],[84.351,57.868],[84.323,57.86],[84.282,57.813],[84.194,57.833],[84.103,57.819],[84.083,57.798],[83.981,57.802],[83.959,57.778],[83.973,57.751],[83.898,57.763],[83.877,57.744]],[[89.771,54.769],[89.763,54.79],[89.808,54.878],[89.852,54.904],[89.894,55.092],[89.932,55.115],[90.055,55.127],[90.417,55.077],[90.518,55.092],[90.651,55.147],[90.758,55.156],[90.879,55.103],[90.908,55.105],[90.949,55.133],[91.023,55.143],[91.211,55.244],[91.468,55.281],[91.59,55.355],[91.599,55.375],[91.593,55.441],[91.607,55.455],[91.552,55.527],[91.363,55.572],[91.323,55.598],[91.138,55.605],[91.086,55.627],[91.086,55.654],[91.052,55.682],[91.077,55.694],[91.063,55.74],[91.012,55.75],[91.032,55.769],[91.031,55.825],[91.081,55.912],[91.059,55.948],[91.086,55.962],[91.01,56.023],[90.93,56.017],[90.873,56.046],[90.685,56.026],[90.544,56.058],[90.421,56.043],[90.324,56.072],[90.264,56.058],[90.217,56.095],[90.106,56.085],[90.104,56.101],[90.068,56.092],[90.043,56.107],[89.921,56.085],[89.773,56.084],[89.713,56.042],[89.613,56.038],[89.461,55.981],[89.344,55.957],[89.287,55.979],[89.243,56.044],[89.284,56.058],[89.318,56.092],[89.384,56.058],[89.397,56.078],[89.516,56.11],[89.599,56.175],[89.598,56.152],[89.619,56.161],[89.725,56.135],[89.932,56.181],[90.003,56.182],[90.066,56.212],[90.072,56.236],[90.14,56.255],[90.294,56.256],[90.312,56.291],[90.405,56.277],[90.49,56.289],[90.498,56.303],[90.472,56.339],[90.466,56.386],[90.402,56.449],[90.422,56.47],[90.439,56.445],[90.464,56.447],[90.466,56.524],[90.497,56.555],[90.441,56.589],[90.51,56.612],[90.538,56.64],[90.518,56.661],[90.573,56.668],[90.544,56.689],[90.61,56.712],[90.613,56.725],[90.559,56.744],[90.661,56.798],[90.659,56.85],[90.599,56.873],[90.664,56.893],[90.675,56.903],[90.647,56.928],[90.682,56.942],[90.633,56.949],[90.678,56.991],[90.62,57.065],[90.654,57.093],[90.579,57.079],[90.526,57.135],[90.538,57.188],[90.524,57.237],[90.469,57.257],[90.5,57.275],[90.49,57.291],[90.329,57.348],[90.261,57.351],[90.222,57.374],[90.222,57.401],[90.112,57.399],[90.092,57.415],[90.112,57.435],[90.058,57.483],[90.031,57.466],[89.834,57.471],[89.809,57.483],[89.818,57.497],[89.792,57.505],[89.679,57.495],[89.637,57.519],[89.586,57.496],[89.489,57.509],[89.497,57.476],[89.421,57.469],[89.195,57.504],[89.204,57.482],[89.136,57.474],[89.123,57.504],[89.065,57.462],[89.047,57.501],[89.011,57.509],[88.927,57.495],[88.928,57.476],[88.908,57.469],[88.848,57.481],[88.846,57.449],[88.763,57.483],[88.702,57.448],[88.578,57.469],[88.557,57.449],[88.296,57.408],[88.287,57.376],[88.208,57.373],[88.188,57.321],[88.074,57.34],[88.037,57.319],[87.967,57.312],[87.989,57.291],[87.818,57.271],[87.808,57.25],[87.724,57.207],[87.613,57.202],[87.516,57.127],[87.475,57.141],[87.408,57.117],[87.399,57.101],[87.434,57.093],[87.398,57.067],[87.266,57.076],[87.215,57.065],[87.178,57.02],[87.132,57.001],[86.988,56.983],[86.947,57.004],[86.921,56.967],[86.852,56.984],[86.79,56.958],[86.735,56.955],[86.72,56.942],[86.736,56.93],[86.663,56.903],[86.66,56.873],[86.629,56.855],[86.598,56.867],[86.583,56.891],[86.517,56.896],[86.439,56.955],[86.252,56.999],[86.234,57.01],[86.246,57.044],[86.21,57.062],[86.189,57.096],[86.046,57.158],[86.051,57.181],[86.01,57.249],[86.077,57.261],[85.934,57.323],[85.98,57.376],[85.968,57.415],[86.009,57.429],[85.984,57.446],[85.899,57.432],[85.869,57.463],[85.885,57.504],[85.85,57.506],[85.775,57.563],[85.715,57.574],[85.69,57.615],[85.611,57.641],[85.598,57.683],[85.561,57.697],[85.522,57.685],[85.508,57.73],[85.48,57.749],[85.303,57.755],[85.313,57.792],[85.289,57.805],[85.188,57.786],[85.125,57.816],[85.015,57.839]],[[89.613,54.598],[89.795,54.667],[89.881,54.744],[89.861,54.768],[89.771,54.763]],[[89.112,54.098],[89.092,54.084],[89.081,54.043],[89.117,54.001],[89.144,53.994],[89.353,54.002],[89.407,54.021],[89.435,54.064],[89.43,54.083],[89.512,54.155],[89.527,54.204],[89.577,54.228],[89.564,54.269],[89.454,54.385],[89.469,54.447],[89.439,54.468],[89.438,54.498],[89.483,54.55],[89.613,54.606]]]}},{"type":"Feature","properties":{"r":7,"n":"Verkhnyaya Taymyra"},"geometry":{"type":"MultiLineString","coordinates":[[[94.122,73.814],[94.136,73.749],[94.191,73.694],[94.225,73.683],[94.204,73.669],[94.094,73.64],[93.969,73.653],[93.856,73.645],[93.735,73.586],[93.542,73.581],[93.36,73.553],[93.307,73.525],[93.341,73.505],[93.286,73.484],[93.341,73.45],[93.351,73.406],[93.443,73.334],[93.542,73.341],[93.637,73.283],[93.83,73.25],[94.225,73.238],[94.329,73.184],[94.427,73.176],[94.523,73.148],[94.906,73.116],[95.709,73.181],[95.881,73.218],[95.86,73.261],[95.866,73.289],[95.904,73.313],[95.999,73.327],[96.059,73.354],[96.041,73.395],[96.083,73.457],[96.023,73.489],[95.911,73.497],[95.89,73.512],[95.91,73.524],[96.088,73.553],[96.252,73.615],[96.51,73.623],[96.658,73.654],[96.733,73.72],[96.963,73.773],[97.099,73.827],[97.123,73.855],[97.122,73.889],[97.149,73.914],[97.304,73.942],[97.598,73.925],[97.72,73.957],[97.71,73.995],[97.672,74.019],[97.733,74.066],[97.869,74.097],[97.983,74.098],[98.173,74.159],[98.396,74.171],[98.626,74.111],[98.761,74.101],[98.91,74.14],[99.244,74.16],[99.337,74.149],[99.464,74.185],[99.621,74.264],[99.782,74.306]]]}},{"type":"Feature","properties":{"r":7,"n":"Vitim"},"geometry":{"type":"MultiLineString","coordinates":[[[112.592,59.463],[112.776,59.4]],[[111.323,53.976],[111.487,54.067],[111.658,54.106],[111.739,54.151],[111.751,54.174],[111.828,54.189],[111.847,54.243],[111.891,54.243],[112.016,54.29],[112.076,54.284],[112.423,54.361],[112.452,54.326],[112.44,54.272],[112.369,54.242],[112.227,54.226],[112.072,54.117],[111.942,53.986],[111.931,53.97],[111.941,53.93],[111.897,53.914],[111.863,53.808],[111.9,53.771],[111.877,53.743],[111.925,53.723],[111.921,53.692],[111.942,53.685],[111.953,53.657],[111.852,53.611],[111.825,53.538],[111.719,53.52],[111.729,53.485],[111.64,53.433],[111.617,53.364],[111.647,53.29],[111.716,53.231],[111.756,53.217],[111.792,53.249],[111.926,53.258],[111.951,53.268],[111.953,53.284],[112.007,53.284],[112.089,53.315],[112.155,53.304],[112.279,53.314],[112.304,53.326],[112.329,53.366],[112.297,53.404],[112.398,53.421],[112.448,53.381],[112.486,53.373],[112.509,53.342],[112.629,53.281],[112.802,53.236],[112.824,53.24],[112.802,53.29],[112.83,53.314],[113.075,53.427],[113.157,53.439],[113.233,53.479],[113.31,53.462],[113.412,53.496],[113.447,53.482],[113.426,53.517],[113.448,53.524],[113.484,53.497],[113.517,53.529],[113.65,53.541],[113.798,53.61],[113.793,53.63],[113.827,53.655],[113.982,53.681],[113.995,53.701],[113.977,53.714],[113.983,53.744],[114.094,53.756],[114.146,53.791],[114.2,53.767],[114.326,53.79],[114.378,53.844],[114.501,53.845],[114.606,53.939],[114.733,53.957],[114.767,53.982],[114.86,53.981],[114.958,54.019],[115.027,54.068],[115.031,54.106],[115.164,54.162],[115.179,54.211],[115.242,54.229],[115.269,54.257],[115.491,54.329],[115.518,54.365],[115.514,54.397],[115.584,54.414],[115.618,54.439],[115.909,54.5],[116.011,54.502],[116.19,54.539],[116.458,54.517],[116.492,54.497],[116.517,54.5],[116.538,54.542],[116.704,54.554],[116.723,54.565],[116.733,54.603],[116.777,54.627],[116.763,54.64],[116.774,54.69],[116.884,54.738],[116.866,54.791],[116.927,54.826],[116.923,54.886],[116.885,54.905],[116.893,54.977],[116.875,54.976],[116.872,55.004],[116.824,55.014],[116.842,55.055],[116.811,55.079],[116.818,55.1],[116.782,55.144],[116.716,55.145],[116.469,55.258],[116.458,55.34],[116.427,55.354],[116.393,55.402],[116.178,55.391],[116.131,55.374],[116.072,55.415],[115.972,55.394],[115.945,55.414],[115.934,55.437],[115.968,55.476],[115.91,55.51],[115.887,55.545],[115.907,55.607],[115.892,55.642],[115.913,55.675],[115.845,55.705],[115.865,55.771],[115.844,55.857],[115.891,55.906],[115.897,55.948],[115.876,55.979],[115.797,56.019],[115.763,56.076],[115.79,56.107],[115.77,56.137],[115.778,56.154],[115.838,56.179],[115.76,56.219],[115.688,56.327],[115.681,56.398],[115.694,56.439],[115.79,56.437],[115.801,56.466],[115.681,56.525],[115.688,56.595],[115.49,56.62],[115.436,56.641],[115.434,56.69],[115.551,56.721],[115.599,56.765],[115.605,56.844],[115.589,56.902],[115.622,56.934],[115.711,56.964],[115.805,57.031],[116.048,57.082],[116.17,57.141],[116.325,57.17],[116.419,57.221],[116.458,57.285],[116.509,57.33],[116.497,57.375],[116.451,57.434],[116.456,57.459],[116.574,57.561],[116.575,57.581],[116.472,57.622],[116.352,57.717],[116.107,57.806],[116.034,57.773],[115.994,57.649],[115.94,57.612],[115.872,57.591],[115.326,57.517],[115.252,57.573],[115.235,57.745],[115.219,57.767],[115.087,57.766],[115.042,57.826],[114.879,57.885],[114.848,57.875],[114.807,57.827],[114.701,57.819],[114.557,57.858],[114.468,57.918],[114.337,57.926],[114.163,57.854],[113.94,57.842],[113.875,57.82],[113.694,57.877],[113.585,57.952],[113.482,57.977],[113.252,58.113],[113.336,58.181],[113.323,58.221],[112.959,58.298],[112.83,58.372],[112.812,58.424],[112.828,58.47],[112.911,58.578],[112.899,58.665],[112.946,58.735],[112.884,58.807],[112.881,58.944],[112.861,58.978],[112.827,58.995],[112.693,58.996],[112.627,59.013],[112.576,59.051],[112.558,59.099],[112.566,59.123],[112.72,59.194],[112.822,59.326],[112.824,59.393],[112.774,59.402]]]}},{"type":"Feature","properties":{"r":7,"n":"Fuchun"},"geometry":{"type":"MultiLineString","coordinates":[[[117.785,29.707],[117.831,29.757],[117.848,29.755],[117.977,29.675],[118.048,29.699],[118.081,29.646],[118.16,29.634],[118.275,29.683],[118.377,29.761],[118.405,29.764],[118.462,29.709],[118.53,29.684],[118.666,29.726],[118.718,29.726]],[[119.196,29.504],[119.239,29.48],[119.308,29.51],[119.347,29.518],[119.366,29.504],[119.535,29.556],[119.621,29.647],[119.675,29.805],[119.751,29.87],[119.806,29.88],[119.945,30.038],[120.045,30.052],[120.14,30.093],[120.16,30.125],[120.121,30.169],[120.149,30.196]]]}},{"type":"Feature","properties":{"r":7,"n":"Mae Klong"},"geometry":{"type":"MultiLineString","coordinates":[[[98.892,16.176],[98.888,16.104],[98.856,16.071],[98.857,16.031],[98.818,15.994],[98.824,15.906],[98.858,15.841],[98.809,15.764],[98.829,15.677],[98.897,15.573],[98.817,15.516],[98.833,15.448],[98.9,15.363],[98.886,15.344],[98.913,15.284],[98.902,15.274],[98.922,15.177],[98.966,15.154],[98.985,15.097],[99.039,15.044]],[[99.149,14.411],[99.165,14.366],[99.225,14.305],[99.248,14.229],[99.238,14.214],[99.259,14.186],[99.416,14.109],[99.445,14.064],[99.502,14.072],[99.502,14.051],[99.554,13.999],[99.638,13.969],[99.669,13.941],[99.762,13.962],[99.797,13.896],[99.868,13.847],[99.88,13.811],[99.851,13.749],[99.865,13.708],[99.832,13.684],[99.81,13.606],[99.831,13.589],[99.831,13.558],[99.91,13.526],[99.977,13.421],[100.001,13.42],[100.001,13.372]]]}},{"type":"Feature","properties":{"r":7,"n":"Yom"},"geometry":{"type":"MultiLineString","coordinates":[[[101.181,19.328],[101.152,19.446],[101.112,19.513],[101.064,19.554],[101.006,19.516],[100.922,19.526],[100.88,19.486],[100.884,19.421],[100.854,19.405],[100.846,19.377],[100.85,19.264],[100.816,19.225],[100.837,19.191],[100.815,19.173],[100.777,18.96],[100.789,18.909],[100.837,18.868],[100.81,18.848],[100.796,18.779],[100.769,18.737],[100.776,18.724],[100.762,18.717],[100.776,18.67],[100.762,18.663],[100.776,18.657],[100.763,18.641],[100.762,18.573],[100.796,18.509],[100.831,18.495],[100.861,18.389],[100.9,18.328],[100.863,18.294],[100.807,18.138],[100.703,18.05],[100.613,18.04]],[[100.552,17.777],[100.567,17.759],[100.505,17.719],[100.431,17.706],[100.419,17.724],[100.397,17.711],[100.385,17.724],[100.351,17.68],[100.238,17.642],[100.22,17.666],[100.193,17.669],[100.126,17.646],[100.104,17.614],[100.139,17.58],[100.113,17.55],[100.139,17.43],[100.111,17.416],[100.118,17.391],[100.072,17.37],[100.09,17.269],[100.063,17.203],[100.177,17.07],[100.165,17.046],[100.2,17.025],[100.186,17.011],[100.22,16.956],[100.207,16.956],[100.22,16.909],[100.241,16.901],[100.241,16.854],[100.272,16.831],[100.269,16.813],[100.227,16.799],[100.217,16.778],[100.282,16.683],[100.275,16.669],[100.255,16.677],[100.262,16.538],[100.275,16.545],[100.287,16.51],[100.314,16.526],[100.337,16.518],[100.337,16.477],[100.39,16.403],[100.385,16.353],[100.403,16.348],[100.417,16.308],[100.427,16.23],[100.406,16.093],[100.356,16.01],[100.323,15.99],[100.296,15.897],[100.248,15.864],[100.241,15.806],[100.227,15.798],[100.214,15.812],[100.233,15.782],[100.141,15.707]]]}},{"type":"Feature","properties":{"r":7,"n":"Cunene"},"geometry":{"type":"MultiLineString","coordinates":[[[16.022,-13.72],[15.977,-13.831],[15.889,-13.915],[15.803,-14.096],[15.714,-14.161],[15.666,-14.237],[15.573,-14.288],[15.541,-14.335],[15.446,-14.388],[15.371,-14.422],[15.295,-14.422],[15.26,-14.449],[15.233,-14.449],[15.238,-14.489],[15.213,-14.516],[15.11,-14.559],[15.108,-14.613],[15.049,-14.689],[15.042,-14.798],[15.088,-14.89],[15.143,-14.929],[15.251,-14.943],[15.254,-14.984],[15.295,-15.035],[15.316,-15.108],[15.304,-15.169],[15.277,-15.184],[15.296,-15.271],[15.283,-15.297],[15.309,-15.319],[15.309,-15.342],[15.282,-15.377],[15.255,-15.474],[15.251,-15.515],[15.268,-15.546],[15.195,-15.616],[15.227,-15.683],[15.207,-15.717],[15.222,-15.78],[15.193,-16.019],[15.22,-16.147],[15.213,-16.176],[15.268,-16.348],[15.267,-16.445],[15.204,-16.506],[15.131,-16.522],[15.074,-16.575],[14.955,-16.773],[14.891,-16.828],[14.81,-16.868],[14.734,-17.081]],[[14.507,-17.273],[14.234,-17.354],[14.197,-17.413],[13.957,-17.419],[13.884,-17.338],[13.521,-17.122],[13.53,-17.093],[13.479,-17.01],[13.363,-16.964],[13.267,-16.985],[13.166,-16.951],[13.014,-16.978],[12.887,-17.03],[12.876,-17.06],[12.818,-17.105],[12.636,-17.185],[12.567,-17.235],[12.46,-17.223],[12.417,-17.203],[12.379,-17.22],[12.242,-17.225],[12.17,-17.149],[12.139,-17.156],[12.088,-17.139],[11.942,-17.181],[11.822,-17.264],[11.766,-17.253]]]}},{"type":"Feature","properties":{"r":7,"n":"Negro"},"geometry":{"type":"MultiLineString","coordinates":[[[-54.061,-31.379],[-54.13,-31.462],[-54.294,-31.54],[-54.473,-31.67],[-54.52,-31.732],[-54.504,-31.842],[-54.589,-31.985],[-54.544,-32.003],[-54.54,-32.02],[-54.582,-32.061],[-54.575,-32.095],[-54.59,-32.11],[-54.691,-32.129],[-54.756,-32.102],[-54.809,-32.186],[-54.8,-32.238],[-54.84,-32.31],[-54.921,-32.38],[-54.957,-32.389],[-55.014,-32.452],[-55.106,-32.485],[-55.24,-32.459],[-55.36,-32.499],[-55.43,-32.471],[-55.445,-32.438]],[[-56.816,-32.911],[-56.815,-32.934],[-56.864,-32.938],[-56.868,-32.987],[-56.926,-32.959],[-56.932,-32.987],[-56.985,-32.994],[-56.969,-33.026],[-57.083,-33.006],[-57.174,-33.05],[-57.172,-33.071],[-57.13,-33.075],[-57.127,-33.123],[-57.217,-33.157],[-57.24,-33.116],[-57.282,-33.147],[-57.293,-33.108],[-57.323,-33.088],[-57.374,-33.075],[-57.44,-33.091],[-57.45,-33.05],[-57.503,-33.024],[-57.607,-33.047],[-57.631,-33.082],[-57.651,-33.085],[-57.745,-33.054],[-57.79,-33.061],[-57.869,-33.044],[-57.96,-33.095],[-57.965,-33.131],[-58.06,-33.137],[-58.05,-33.188],[-58.029,-33.205],[-58.039,-33.247],[-58.084,-33.219],[-58.117,-33.234],[-58.136,-33.308],[-58.224,-33.308],[-58.296,-33.377],[-58.392,-33.425]]]}},{"type":"Feature","properties":{"r":2,"n":"Donau"},"geometry":{"type":"MultiLineString","coordinates":[[[12.509,48.928],[12.507,48.931]],[[12.509,48.928],[12.507,48.924]],[[8.179,48.094],[8.231,48.047],[8.292,48.047],[8.329,48.002],[8.435,47.973],[8.47,47.929],[8.531,47.949],[8.614,47.917],[8.764,47.938],[8.764,47.958],[8.895,48.041],[8.927,48.03],[8.915,48.013],[8.942,48.019],[8.967,48.05],[9.05,48.091],[9.377,48.073],[9.463,48.142],[9.553,48.245],[9.697,48.24],[9.758,48.281],[9.82,48.287],[9.916,48.328],[10.046,48.438],[10.176,48.451],[10.37,48.498],[10.43,48.57],[10.571,48.601],[10.806,48.716],[10.884,48.733],[11.38,48.747],[11.441,48.774],[11.648,48.782],[11.749,48.835],[11.793,48.897],[12.021,48.934],[12.033,48.945],[11.998,48.96],[12.04,48.994],[12.033,49.028],[12.191,49.006],[12.22,49.019],[12.312,49.015],[12.349,49],[12.329,48.972],[12.465,48.965],[12.527,48.945],[12.509,48.928]],[[17.206,48.061],[17.158,48.086],[17.152,48.136],[17.056,48.144],[16.988,48.177],[16.865,48.137],[16.75,48.129],[16.55,48.155],[16.419,48.227],[16.321,48.375],[16.297,48.385],[16.094,48.359],[15.946,48.363],[15.834,48.409],[15.763,48.403],[15.608,48.427],[15.467,48.413],[15.412,48.366],[15.384,48.281],[15.324,48.244],[15.155,48.218],[15.088,48.183],[14.988,48.209],[14.94,48.242],[14.88,48.242],[14.819,48.206],[14.675,48.182],[14.582,48.24],[14.459,48.245],[14.396,48.266],[14.308,48.328],[14.278,48.311],[14.168,48.335],[14.049,48.329],[14,48.422],[13.801,48.468],[13.624,48.566],[13.52,48.585],[13.425,48.582],[13.38,48.602],[13.235,48.618],[13.115,48.674],[13.083,48.719],[13.011,48.725],[13.005,48.735],[13.03,48.743],[13.027,48.767],[12.955,48.836],[12.862,48.849],[12.821,48.828],[12.77,48.836],[12.748,48.88],[12.678,48.905],[12.626,48.911],[12.575,48.89],[12.541,48.904],[12.554,48.918],[12.509,48.928]]]}},{"type":"Feature","properties":{"r":7,"n":"Lempa"},"geometry":{"type":"MultiLineString","coordinates":[[[-89.27,14.571],[-89.194,14.473],[-89.208,14.379],[-89.25,14.338],[-89.272,14.257],[-89.34,14.217],[-89.376,14.236],[-89.424,14.214],[-89.406,14.155],[-89.424,14.05],[-89.383,14.037],[-89.325,14.072],[-89.26,14.051],[-89.235,14.065],[-89.201,14.056],[-89.194,14.068],[-89.156,14.059]],[[-88.763,13.993],[-88.635,14.015],[-88.496,13.975],[-88.503,13.917],[-88.489,13.866],[-88.532,13.76],[-88.53,13.736],[-88.487,13.688],[-88.55,13.644],[-88.571,13.606],[-88.613,13.599],[-88.659,13.555],[-88.676,13.487],[-88.726,13.392],[-88.732,13.341],[-88.817,13.262]],[[-88.962,13.95],[-88.874,13.946],[-88.852,13.962]]]}},{"type":"Feature","properties":{"r":7,"n":"Grijalva"},"geometry":{"type":"MultiLineString","coordinates":[[[-93.601,17.189],[-93.536,17.246],[-93.546,17.313],[-93.533,17.333],[-93.546,17.354],[-93.513,17.37],[-93.436,17.331],[-93.409,17.367],[-93.426,17.376],[-93.446,17.434],[-93.501,17.514],[-93.383,17.651],[-93.421,17.713],[-93.407,17.731],[-93.418,17.802],[-93.381,17.828],[-93.383,17.867],[-93.36,17.886],[-93.353,17.928],[-93.265,17.969],[-93.195,17.951],[-93.129,17.899],[-93.055,17.895],[-92.967,17.951],[-92.923,17.958],[-92.894,18.011],[-92.779,18.042],[-92.719,18.1],[-92.716,18.172],[-92.667,18.248],[-92.67,18.401]],[[-93.34,17.025],[-93.282,17.01],[-93.204,17.032],[-93.132,16.987],[-93.11,16.952],[-93.107,16.865],[-93.07,16.847],[-93.053,16.765],[-92.898,16.584],[-92.774,16.527],[-92.759,16.422]]]}},{"type":"Feature","properties":{"r":7,"n":"Conchos"},"geometry":{"type":"MultiLineString","coordinates":[[[-107.133,27.914],[-107.099,27.842],[-107.112,27.801],[-107.102,27.671],[-107.004,27.604],[-106.796,27.547],[-106.77,27.515],[-106.737,27.519],[-106.684,27.559],[-106.627,27.536],[-106.558,27.55],[-106.411,27.458],[-106.3,27.408],[-106.198,27.447],[-106.158,27.417],[-106.107,27.419],[-106.018,27.346],[-105.959,27.338],[-105.933,27.342],[-105.935,27.363],[-105.894,27.366],[-105.875,27.421],[-105.853,27.406],[-105.781,27.541],[-105.727,27.572],[-105.712,27.564],[-105.711,27.537],[-105.689,27.537]],[[-105.381,27.585],[-105.308,27.605],[-105.224,27.658],[-105.182,27.698],[-105.174,27.733],[-105.194,27.925],[-105.257,28.003],[-105.254,28.038],[-105.267,28.041],[-105.305,28.143],[-105.283,28.263],[-105.415,28.36],[-105.431,28.411],[-105.436,28.469],[-105.401,28.538],[-105.421,28.544],[-105.394,28.609],[-105.46,28.634],[-105.457,28.682],[-105.477,28.709],[-105.463,28.753],[-105.488,28.805],[-105.448,28.862],[-105.333,28.885],[-105.281,29.013],[-105.23,29.011],[-105.22,29.045],[-105.174,29.049],[-105.152,29.092],[-105.124,29.092],[-105.131,29.1],[-105.071,29.176],[-105.072,29.246],[-105.053,29.264],[-105.004,29.266],[-104.975,29.323],[-104.93,29.342],[-104.921,29.42],[-104.891,29.429],[-104.891,29.503],[-104.914,29.554],[-104.83,29.548],[-104.795,29.507],[-104.735,29.503],[-104.72,29.524],[-104.593,29.572],[-104.585,29.552],[-104.545,29.566],[-104.476,29.533],[-104.445,29.589]]]}},{"type":"Feature","properties":{"r":7,"n":"Caniapiscau"},"geometry":{"type":"MultiLineString","coordinates":[[[-69.117,56.668],[-69.044,56.717],[-69.029,56.747],[-69.119,56.81],[-69.096,56.87],[-69.119,57.032],[-69.262,57.125],[-69.337,57.221],[-69.326,57.281],[-69.273,57.298],[-69.244,57.327],[-69.263,57.384],[-69.26,57.442],[-69.513,57.603],[-69.5,57.668],[-69.475,57.683]],[[-69.912,54.735],[-69.894,54.771],[-69.828,54.81],[-69.855,54.857],[-69.83,54.907],[-69.849,54.961],[-69.831,54.985],[-69.665,55.023],[-69.524,55.015],[-69.441,55.074],[-69.347,55.093],[-69.183,55.227],[-69.074,55.236],[-69.004,55.267],[-68.918,55.277],[-68.726,55.366],[-68.657,55.42],[-68.485,55.512],[-68.398,55.536],[-68.329,55.518],[-68.177,55.585],[-68.151,55.62],[-68.181,55.698],[-68.418,55.825],[-68.527,55.941],[-68.63,55.962],[-68.729,56.037],[-68.794,56.058]],[[-69.919,54.42],[-69.903,54.404]],[[-69.178,54.044],[-69.254,54.05]]]}},{"type":"Feature","properties":{"r":7,"n":"Péribonka"},"geometry":{"type":"MultiLineString","coordinates":[[[-70.905,52.248],[-70.938,52.207],[-71.09,52.127],[-71.114,52.066],[-71.275,51.844],[-71.299,51.762],[-71.419,51.614],[-71.419,51.532],[-71.44,51.505],[-71.443,51.438],[-71.46,51.405],[-71.453,51.302],[-71.509,51.224],[-71.45,51.175],[-71.344,51.044],[-71.358,50.953],[-71.295,50.878],[-71.281,50.836],[-71.29,50.79]],[[-71.282,50.72],[-71.274,50.649],[-71.248,50.6],[-71.282,50.569],[-71.275,50.501],[-71.343,50.459],[-71.34,50.444],[-71.362,50.427],[-71.344,50.332],[-71.275,50.287]],[[-71.262,49.918],[-71.172,49.826],[-71.207,49.695],[-71.193,49.623],[-71.213,49.538],[-71.2,49.466],[-71.207,49.387],[-71.272,49.271],[-71.286,49.112],[-71.345,49.027],[-71.336,49],[-71.453,48.883],[-71.507,48.781],[-71.583,48.78],[-71.644,48.757],[-71.706,48.791],[-71.727,48.828],[-71.752,48.817],[-71.754,48.836],[-71.776,48.837],[-71.806,48.814],[-71.833,48.76],[-71.871,48.74],[-71.967,48.726],[-72.055,48.767]]]}},{"type":"Feature","properties":{"r":7,"n":"Guadiana"},"geometry":{"type":"MultiLineString","coordinates":[[[-3.165,39.317],[-3.283,39.324],[-3.361,39.311],[-3.405,39.262],[-3.671,39.185],[-3.738,39.136],[-3.844,39.091],[-4.009,39.063],[-4.036,39.037],[-4.019,38.942],[-4.122,38.906],[-4.152,38.94],[-4.227,38.949],[-4.331,39.001],[-4.434,38.988],[-4.424,39.006],[-4.489,39.029],[-4.557,39.083],[-4.571,39.07],[-4.582,39.104],[-4.66,39.146],[-4.653,39.166],[-4.699,39.218],[-4.77,39.249]],[[-5.181,39.159],[-5.312,39.094],[-5.356,39.049],[-5.471,39.016],[-5.559,39.014]],[[-5.557,39.015],[-5.789,39.035],[-5.95,38.995],[-6.024,38.947],[-6.174,38.954],[-6.202,38.907],[-6.264,38.851],[-6.303,38.86],[-6.387,38.947],[-6.424,38.955],[-6.518,38.892],[-6.63,38.871],[-6.728,38.894],[-6.806,38.933],[-6.88,38.925],[-6.972,38.907],[-7.089,38.834],[-7.152,38.82],[-7.271,38.738],[-7.294,38.657],[-7.271,38.618],[-7.346,38.494],[-7.336,38.47],[-7.393,38.415],[-7.404,38.364],[-7.435,38.354],[-7.446,38.247],[-7.491,38.222],[-7.515,38.17],[-7.603,38.164],[-7.668,38.09],[-7.65,38.059],[-7.681,37.953],[-7.641,37.881],[-7.634,37.802],[-7.661,37.665],[-7.654,37.624],[-7.565,37.563],[-7.524,37.556],[-7.477,37.494],[-7.414,37.193]]]}},{"type":"Feature","properties":{"r":7,"n":"Yellowstone"},"geometry":{"type":"MultiLineString","coordinates":[[[-110.34,44.571],[-110.353,44.609],[-110.47,44.709],[-110.396,44.776],[-110.342,44.802],[-110.382,44.945],[-110.517,45.017],[-110.709,45.05],[-110.772,45.149],[-110.851,45.183],[-110.89,45.225],[-110.849,45.259],[-110.822,45.316],[-110.781,45.333],[-110.61,45.468],[-110.576,45.528],[-110.56,45.616],[-110.495,45.705],[-110.385,45.735],[-110.28,45.72],[-110.193,45.775],[-110.086,45.789],[-109.962,45.859],[-109.872,45.861],[-109.81,45.837],[-109.722,45.759],[-109.45,45.724],[-109.339,45.688],[-109.286,45.649],[-109.173,45.635],[-109.112,45.611],[-109.007,45.605],[-108.84,45.623],[-108.479,45.747],[-108.411,45.834],[-108.316,45.889],[-108.179,45.998],[-107.96,46.007],[-107.696,46.083],[-107.527,46.156],[-107.425,46.181],[-107.397,46.247],[-107.355,46.279],[-107.236,46.318],[-107.142,46.326],[-106.897,46.31],[-106.765,46.279],[-106.649,46.281],[-106.513,46.307],[-106.432,46.286],[-106.217,46.285],[-106.034,46.367],[-105.936,46.358],[-105.794,46.445],[-105.696,46.533],[-105.584,46.585],[-105.531,46.648],[-105.479,46.671],[-105.363,46.813],[-105.196,46.823],[-105.099,46.862],[-104.956,46.882],[-104.757,46.979],[-104.706,47.125],[-104.632,47.17],[-104.601,47.245],[-104.462,47.303],[-104.319,47.408],[-104.298,47.451],[-104.24,47.496],[-104.227,47.546],[-104.195,47.567],[-104.182,47.609],[-104.067,47.713],[-104.048,47.756],[-103.983,47.794],[-104.024,47.814],[-103.942,47.84],[-103.92,47.911],[-103.947,47.998]],[[-109.993,44.055],[-110.047,44.091],[-110.09,44.151],[-110.101,44.234],[-110.136,44.305],[-110.192,44.326]]]}},{"type":"Feature","properties":{"r":7,"n":"Wisconsin"},"geometry":{"type":"MultiLineString","coordinates":[[[-89.235,45.944],[-89.29,45.918],[-89.484,45.886]],[[-89.548,45.848],[-89.564,45.83],[-89.568,45.773],[-89.519,45.723],[-89.458,45.697],[-89.427,45.655],[-89.433,45.636],[-89.49,45.587],[-89.485,45.569],[-89.572,45.555],[-89.649,45.502],[-89.758,45.478],[-89.749,45.443],[-89.714,45.419],[-89.749,45.358],[-89.797,45.318],[-89.812,45.255],[-89.797,45.213],[-89.667,45.169],[-89.647,45.135],[-89.639,45.094],[-89.681,45.039],[-89.649,45.017],[-89.638,44.902],[-89.736,44.771],[-89.725,44.727],[-89.686,44.715],[-89.657,44.644],[-89.653,44.548],[-89.607,44.53],[-89.565,44.477],[-89.794,44.439],[-89.899,44.301],[-89.913,44.245]],[[-89.944,43.855],[-89.879,43.792],[-89.791,43.65],[-89.787,43.617],[-89.716,43.573],[-89.676,43.581],[-89.578,43.551],[-89.472,43.542],[-89.458,43.499],[-89.575,43.405],[-89.726,43.353],[-89.741,43.278],[-89.762,43.254],[-89.893,43.209],[-90.028,43.2],[-90.073,43.166],[-90.189,43.176],[-90.315,43.213],[-90.613,43.21],[-90.872,43.082],[-91.097,43.006],[-91.154,43.004]]]}},{"type":"Feature","properties":{"r":7,"n":"North Platte"},"geometry":{"type":"MultiLineString","coordinates":[[[-106.854,42.476],[-106.775,42.51],[-106.738,42.555],[-106.63,42.606],[-106.6,42.702],[-106.523,42.735],[-106.511,42.776],[-106.481,42.807],[-106.424,42.81],[-106.319,42.868],[-106.199,42.881],[-106.149,42.867],[-106.035,42.885],[-105.963,42.867],[-105.853,42.88],[-105.743,42.859],[-105.614,42.873],[-105.426,42.854],[-105.374,42.826],[-105.387,42.799],[-105.345,42.677],[-105.231,42.654],[-105.118,42.66],[-105.039,42.632],[-105.004,42.6]],[[-106.888,42.179],[-106.882,42.256]],[[-102.009,41.297],[-102.122,41.319],[-102.186,41.363],[-102.396,41.414],[-102.438,41.451],[-102.503,41.462],[-102.698,41.556],[-102.782,41.572],[-103.061,41.684],[-103.259,41.719],[-103.387,41.762],[-103.672,41.872],[-103.754,41.932],[-103.868,41.956],[-103.907,41.948],[-104.01,42.003],[-104.041,42],[-104.116,42.059],[-104.326,42.126],[-104.398,42.175],[-104.71,42.267],[-104.738,42.321],[-104.789,42.336],[-104.812,42.36],[-104.826,42.333],[-104.864,42.358],[-104.925,42.448],[-104.933,42.485]],[[-101.639,41.236],[-101.493,41.203],[-101.374,41.192],[-101.343,41.201],[-101.307,41.188],[-101.135,41.203],[-101.101,41.22],[-100.786,41.208],[-100.459,41.055],[-100.31,41.006]],[[-106.43,40.427],[-106.44,40.487],[-106.397,40.524],[-106.372,40.599],[-106.383,40.634],[-106.427,40.672],[-106.395,40.708],[-106.328,40.897],[-106.34,41.024],[-106.395,41.117],[-106.461,41.189],[-106.512,41.199],[-106.573,41.277],[-106.676,41.297],[-106.699,41.337],[-106.703,41.41],[-106.806,41.512],[-106.858,41.534],[-106.872,41.561],[-106.929,41.578],[-106.94,41.643],[-106.888,41.706],[-106.923,41.756],[-106.935,41.81],[-107.023,41.858],[-107.046,41.89],[-106.921,41.935]]]}},{"type":"Feature","properties":{"r":7,"n":"Balsas"},"geometry":{"type":"MultiLineString","coordinates":[[[-98.109,19.405],[-98.145,19.372],[-98.28,19.329],[-98.291,19.269],[-98.231,19.169],[-98.224,19.093],[-98.236,19.052],[-98.279,19.006],[-98.28,18.98]],[[-98.102,18.939],[-98.064,18.921],[-98,18.853],[-97.924,18.833],[-97.917,18.776],[-97.991,18.72],[-98.201,18.611],[-98.259,18.534],[-98.274,18.446],[-98.4,18.354],[-98.493,18.193],[-98.538,18.17],[-98.566,18.179],[-98.592,18.134],[-98.634,18.134],[-98.643,18.123],[-98.632,18.108],[-98.647,18.103],[-98.678,18.127],[-98.76,18.145],[-98.843,18.062],[-98.938,18.051],[-98.936,18.006],[-99.027,17.919],[-99.289,17.936],[-99.399,17.977],[-99.418,17.966],[-99.446,17.98],[-99.538,17.946],[-99.768,18.021],[-99.785,18.001],[-99.808,18.015],[-99.874,17.997],[-99.893,17.978],[-100.049,17.999],[-100.076,18.042],[-100.149,18.091],[-100.253,18.123],[-100.284,18.149],[-100.343,18.136],[-100.335,18.199],[-100.5,18.172],[-100.504,18.227],[-100.551,18.239],[-100.569,18.288],[-100.63,18.357],[-100.655,18.357],[-100.689,18.326],[-100.71,18.348],[-100.72,18.378],[-100.693,18.416]],[[-100.693,18.416],[-100.703,18.445],[-100.72,18.452],[-100.727,18.432],[-100.741,18.436],[-100.818,18.498],[-100.925,18.501],[-100.912,18.486],[-100.953,18.466],[-100.964,18.502],[-100.994,18.501],[-101.001,18.529],[-101.024,18.539],[-101.096,18.529],[-101.297,18.539]],[[-100.693,18.416],[-100.692,18.425]],[[-100.692,18.412],[-100.693,18.416]],[[-101.901,18.263],[-101.933,18.231],[-101.989,18.231],[-101.99,18.212],[-102.016,18.2],[-102.147,18.174],[-102.174,18.096],[-102.181,17.923]]]}},{"type":"Feature","properties":{"r":2,"n":"Slave"},"geometry":{"type":"MultiLineString","coordinates":[[[-111.411,59.005],[-111.425,59.028],[-111.397,59.077],[-111.422,59.133],[-111.376,59.203],[-111.507,59.245],[-111.37,59.313],[-111.432,59.348],[-111.467,59.444],[-111.432,59.518],[-111.411,59.628],[-111.429,59.657],[-111.514,59.71],[-111.52,59.765],[-111.565,59.821],[-111.584,59.886],[-111.635,59.907],[-111.637,59.937],[-111.699,59.957],[-111.708,59.975],[-111.761,59.978],[-111.898,60.04],[-112.144,60.03],[-112.177,60.053],[-112.293,60.218],[-112.391,60.3],[-112.494,60.334],[-112.588,60.332],[-112.686,60.368],[-112.66,60.382],[-112.46,60.367],[-112.445,60.424],[-112.511,60.48],[-112.453,60.519],[-112.51,60.541],[-112.714,60.56],[-112.828,60.615],[-112.871,60.67],[-112.866,60.729],[-112.994,60.767],[-112.989,60.782],[-112.938,60.793],[-112.926,60.81],[-112.94,60.824],[-113.006,60.823],[-113.055,60.777],[-113.101,60.761],[-113.15,60.759],[-113.215,60.792],[-113.248,60.835],[-113.258,60.951],[-113.103,61.043],[-113.112,61.065],[-113.208,61.101],[-113.144,61.177],[-113.234,61.191],[-113.233,61.215],[-113.166,61.232],[-113.191,61.255],[-113.282,61.228],[-113.325,61.25],[-113.383,61.255],[-113.399,61.273],[-113.468,61.266],[-113.563,61.28],[-113.621,61.253],[-113.704,61.246]]]}},{"type":"Feature","properties":{"r":1,"n":"Mississippi"},"geometry":{"type":"MultiLineString","coordinates":[[[-90.132,38.819],[-90.198,38.744],[-90.197,38.638],[-90.378,38.338],[-90.368,38.239],[-90.243,38.113],[-90.111,38.017],[-90.005,37.962],[-89.923,37.953],[-89.832,37.884],[-89.722,37.837],[-89.647,37.733],[-89.523,37.679],[-89.523,37.542],[-89.451,37.44],[-89.442,37.398],[-89.459,37.362],[-89.523,37.307],[-89.523,37.268],[-89.474,37.244],[-89.472,37.214],[-89.402,37.12],[-89.387,37.091],[-89.394,37.063],[-89.377,37.047],[-89.275,37],[-89.273,37.026],[-89.309,37.071],[-89.26,37.083],[-89.246,37.045],[-89.209,37.022],[-89.188,36.981],[-89.124,36.98],[-89.126,36.877],[-89.153,36.839],[-89.133,36.761],[-89.226,36.58],[-89.253,36.569],[-89.285,36.578],[-89.359,36.638],[-89.37,36.633],[-89.427,36.493],[-89.466,36.458],[-89.505,36.458],[-89.49,36.514],[-89.503,36.554],[-89.537,36.568],[-89.57,36.556],[-89.578,36.521],[-89.548,36.481],[-89.556,36.447],[-89.531,36.383],[-89.56,36.352],[-89.629,36.341],[-89.611,36.303],[-89.557,36.275],[-89.561,36.264],[-89.695,36.247],[-89.614,36.142],[-89.623,36.123],[-89.674,36.102],[-89.716,36.035],[-89.726,35.993],[-89.681,35.946],[-89.674,35.896],[-89.719,35.919],[-89.76,35.909],[-89.784,35.878],[-89.722,35.833],[-89.785,35.791],[-89.952,35.723],[-89.91,35.652],[-89.951,35.602],[-89.918,35.548],[-90.012,35.512],[-90.022,35.453],[-90.115,35.369],[-90.118,35.301],[-90.085,35.148],[-90.106,35.123],[-90.178,35.13],[-90.222,35.048],[-90.313,35.012],[-90.271,34.965],[-90.272,34.923],[-90.352,34.864],[-90.464,34.828],[-90.476,34.815],[-90.455,34.759],[-90.478,34.737],[-90.554,34.74],[-90.594,34.642],[-90.576,34.573],[-90.594,34.425],[-90.686,34.372],[-90.759,34.381],[-90.761,34.352]],[[-90.761,34.352],[-90.764,34.362]],[[-90.761,34.352],[-90.751,34.321],[-90.771,34.284],[-90.821,34.286],[-90.864,34.206],[-90.956,34.157],[-90.955,34.129],[-90.883,34.099],[-90.893,34.043],[-91.093,33.989],[-91.036,33.93],[-91.069,33.884],[-91.046,33.814],[-91.058,33.793],[-91.117,33.78],[-91.229,33.681],[-91.152,33.633],[-91.157,33.587],[-91.236,33.567],[-91.216,33.534],[-91.127,33.478],[-91.134,33.382],[-91.182,33.32],[-91.113,33.28],[-91.093,33.167],[-91.099,33.15],[-91.161,33.119],[-91.168,32.981],[-91.072,32.923],[-91.133,32.858],[-91.157,32.771],[-91.142,32.748],[-91.075,32.728],[-91.07,32.711],[-91.086,32.69],[-91.157,32.68],[-91.166,32.644],[-91.141,32.595],[-91.099,32.567],[-91.105,32.465],[-91.006,32.404],[-90.991,32.357],[-90.917,32.34],[-90.913,32.31],[-90.967,32.262],[-91.032,32.147],[-91.096,32.141],[-91.099,32.114],[-91.069,32.085],[-91.069,32.048],[-91.092,32.014],[-91.168,31.978],[-91.238,31.894],[-91.319,31.867],[-91.351,31.841],[-91.404,31.738],[-91.436,31.573],[-91.529,31.501],[-91.525,31.457],[-91.496,31.411],[-91.529,31.293],[-91.648,31.271],[-91.639,31.235],[-91.605,31.205],[-91.628,31.142],[-91.579,31.056],[-91.662,30.997],[-91.652,30.948],[-91.546,30.915],[-91.521,30.882],[-91.525,30.817],[-91.579,30.785],[-91.582,30.757],[-91.495,30.737],[-91.369,30.752],[-91.245,30.569],[-91.282,30.511],[-91.209,30.518],[-91.192,30.445],[-91.204,30.405],[-91.244,30.364],[-91.233,30.35],[-91.157,30.344],[-91.148,30.326],[-91.213,30.312],[-91.223,30.291],[-91.161,30.289],[-91.117,30.267],[-91.151,30.224],[-91.148,30.196],[-91.046,30.21],[-91.014,30.179],[-91.025,30.137],[-91.013,30.126],[-90.921,30.127],[-90.813,30.009],[-90.735,30.022],[-90.668,30.059],[-90.623,30.045],[-90.589,30.066],[-90.501,30.06],[-90.483,30.055],[-90.466,30.009],[-90.408,29.997],[-90.354,29.948],[-90.246,29.972],[-90.194,29.938],[-90.14,29.949],[-90.106,29.922],[-90.048,29.956],[-89.937,29.927],[-89.918,29.876],[-89.974,29.884],[-90.024,29.786],[-89.956,29.656],[-89.79,29.579],[-89.689,29.49],[-89.61,29.464],[-89.603,29.408],[-89.507,29.36],[-89.408,29.349],[-89.272,29.202],[-89.261,29.155],[-89.281,29.1],[-89.414,28.935]],[[-89.27,29.202],[-89.257,29.234],[-89.188,29.319]],[[-89.257,29.155],[-89.031,29.196]]]}},{"type":"Feature","properties":{"r":7,"n":"Paranapanema"},"geometry":{"type":"MultiLineString","coordinates":[[[-51.464,-22.672],[-51.547,-22.685],[-51.64,-22.653],[-51.695,-22.663],[-51.745,-22.618],[-51.856,-22.616],[-52.067,-22.522],[-52.14,-22.542],[-52.175,-22.625],[-52.217,-22.644],[-52.242,-22.611],[-52.276,-22.598],[-52.314,-22.618],[-52.446,-22.603],[-52.521,-22.615],[-52.58,-22.574],[-52.615,-22.57],[-52.694,-22.604],[-52.947,-22.571],[-53.115,-22.686],[-53.171,-22.704]],[[-49.802,-23.083],[-49.909,-23.036],[-49.914,-22.986],[-49.96,-22.964],[-49.97,-22.912],[-49.989,-22.9],[-49.997,-22.92],[-50.028,-22.912],[-50.208,-22.949],[-50.262,-22.936],[-50.307,-22.952],[-50.385,-22.912],[-50.429,-22.947],[-50.523,-22.938]],[[-49.23,-23.207],[-49.237,-23.191],[-49.326,-23.181],[-49.319,-23.165],[-49.346,-23.165],[-49.374,-23.139],[-49.353,-23.193],[-49.39,-23.178],[-49.402,-23.146],[-49.441,-23.131],[-49.467,-23.138]],[[-48.209,-24.139],[-48.172,-24.012],[-48.181,-23.976],[-48.232,-23.95],[-48.247,-23.923],[-48.243,-23.858],[-48.283,-23.84],[-48.323,-23.852],[-48.333,-23.838],[-48.351,-23.841],[-48.364,-23.804],[-48.387,-23.797],[-48.375,-23.78],[-48.4,-23.76],[-48.387,-23.748],[-48.475,-23.664],[-48.481,-23.599],[-48.517,-23.563],[-48.566,-23.563],[-48.603,-23.604],[-48.627,-23.563],[-48.668,-23.557],[-48.654,-23.537]]]}},{"type":"Feature","properties":{"r":7,"n":"Tana"},"geometry":{"type":"MultiLineString","coordinates":[[[36.704,-0.35],[36.812,-0.306],[36.851,-0.319],[36.929,-0.306],[36.978,-0.323],[36.999,-0.404],[37.046,-0.442],[37.05,-0.475],[37.086,-0.529],[37.136,-0.554],[37.185,-0.653],[37.242,-0.677],[37.258,-0.768],[37.292,-0.791]],[[37.811,-0.799],[37.839,-0.806],[37.867,-0.787],[37.909,-0.723],[37.896,-0.662],[37.916,-0.649],[37.888,-0.596],[37.892,-0.554],[37.978,-0.401],[38.002,-0.282],[38.094,-0.287],[38.133,-0.268],[38.163,-0.236],[38.227,-0.101],[38.314,-0.053],[38.391,-0.076],[38.403,-0.065],[38.466,-0.075],[38.546,-0.024],[38.573,-0.024],[38.934,-0.093],[38.979,-0.049],[39.057,-0.038],[39.143,-0.127],[39.307,-0.134],[39.459,-0.205],[39.512,-0.278],[39.547,-0.285],[39.581,-0.322],[39.633,-0.49],[39.664,-0.542],[39.698,-0.579],[39.774,-0.612],[39.811,-0.69],[39.815,-0.766],[39.834,-0.841],[39.849,-0.839],[39.842,-0.867],[39.862,-0.949],[39.937,-1.101],[39.917,-1.135],[39.956,-1.151],[39.994,-1.219],[40.033,-1.48],[40.113,-1.626],[40.123,-1.717],[40.109,-1.738],[40.109,-1.826],[40.129,-1.854],[40.143,-1.916],[40.129,-1.929],[40.168,-2.043],[40.177,-2.139],[40.164,-2.18],[40.177,-2.224],[40.127,-2.261],[40.157,-2.305],[40.137,-2.347],[40.198,-2.399],[40.191,-2.436],[40.212,-2.473],[40.315,-2.512],[40.441,-2.477],[40.513,-2.525]]]}},{"type":"Feature","properties":{"r":7,"n":"Rusizi"},"geometry":{"type":"MultiLineString","coordinates":[[[28.874,-2.477],[28.857,-2.518],[28.898,-2.576],[28.891,-2.653],[29.015,-2.721],[29.028,-2.745],[28.995,-2.758],[28.994,-2.813],[29.049,-2.827],[29.089,-2.926],[29.138,-2.95],[29.156,-3.005],[29.211,-3.021],[29.234,-3.046],[29.242,-3.111],[29.214,-3.166],[29.216,-3.233],[29.24,-3.266],[29.213,-3.292],[29.206,-3.334]]]}},{"type":"Feature","properties":{"r":7,"n":"Cauvery"},"geometry":{"type":"MultiLineString","coordinates":[[[76.572,12.427],[76.613,12.42],[76.658,12.44],[76.779,12.4],[76.914,12.226],[77.016,12.238],[77.011,12.183],[77.052,12.17],[77.062,12.187],[77.12,12.201],[77.12,12.236],[77.196,12.317],[77.299,12.306],[77.346,12.283],[77.425,12.293],[77.492,12.206],[77.698,12.198],[77.733,12.175],[77.729,12.079],[77.675,11.971]],[[75.66,12.338],[75.744,12.284],[75.811,12.317],[75.87,12.321],[75.921,12.434],[75.955,12.444],[75.978,12.537],[76.055,12.619],[76.166,12.582],[76.233,12.515],[76.343,12.508],[76.39,12.486],[76.408,12.526],[76.432,12.516]],[[77.817,11.817],[77.771,11.666],[77.741,11.62],[77.73,11.522],[77.71,11.502],[77.69,11.42],[77.851,11.244],[77.888,11.098],[77.917,11.072],[78.032,11.09],[78.123,11.062],[78.202,10.951],[78.363,10.961],[78.487,10.909],[78.678,10.869]],[[78.6,10.878],[78.731,10.824],[78.886,10.82]],[[78.886,10.82],[78.92,10.842],[79.109,10.867],[79.263,10.934],[79.434,10.94],[79.461,10.919],[79.632,10.934],[79.684,10.901],[79.755,10.905],[79.8,10.891],[79.841,10.905]],[[78.886,10.82],[78.959,10.794],[79.059,10.817],[79.145,10.796],[79.3,10.809],[79.368,10.789],[79.43,10.724],[79.494,10.559],[79.495,10.491],[79.469,10.416],[79.49,10.368],[79.529,10.338]],[[78.882,10.817],[78.886,10.82]]]}},{"type":"Feature","properties":{"r":7,"n":"Chambal"},"geometry":{"type":"MultiLineString","coordinates":[[[75.572,24.919],[75.554,24.947],[75.574,24.971],[75.719,25.083],[75.743,25.111],[75.733,25.122],[75.744,25.139],[75.807,25.155],[75.904,25.273],[75.931,25.284],[75.969,25.235],[75.986,25.237],[76.018,25.266],[76.032,25.333],[76.072,25.358],[76.093,25.345],[76.141,25.355],[76.128,25.39],[76.178,25.498],[76.223,25.502],[76.271,25.529],[76.284,25.627],[76.312,25.659],[76.285,25.708],[76.322,25.714],[76.363,25.757],[76.446,25.793],[76.469,25.844],[76.555,25.852],[76.621,25.885],[76.641,25.92],[76.74,25.923],[76.796,25.965],[76.815,26.019],[76.887,26.064],[76.908,26.099],[76.992,26.136],[77.019,26.172],[77.082,26.185],[77.125,26.238],[77.21,26.242],[77.288,26.3],[77.336,26.361],[77.415,26.365],[77.442,26.413],[77.514,26.416],[77.617,26.483],[77.715,26.506],[77.744,26.536],[77.831,26.576],[77.819,26.605],[77.881,26.626],[77.903,26.664],[78.013,26.696],[78.079,26.683],[78.101,26.795],[78.151,26.783],[78.169,26.822],[78.255,26.817],[78.28,26.852],[78.326,26.86],[78.563,26.759],[78.71,26.799],[78.724,26.776],[78.745,26.789],[78.762,26.765],[78.792,26.762],[78.861,26.701],[78.919,26.708],[78.941,26.67],[78.997,26.674],[78.994,26.634],[79.026,26.591],[79.115,26.536],[79.185,26.525],[79.196,26.509],[79.183,26.48],[79.207,26.478],[79.245,26.502]],[[75.581,24.648],[75.569,24.668],[75.507,24.744]],[[75.667,22.473],[75.584,22.523],[75.507,22.611],[75.503,22.726],[75.469,22.812],[75.525,23.097],[75.504,23.208],[75.393,23.39],[75.395,23.468],[75.355,23.544],[75.355,23.695],[75.328,23.726],[75.293,23.716],[75.272,23.756],[75.279,23.797],[75.35,23.802],[75.373,23.851],[75.454,23.908],[75.513,24.036],[75.512,24.076],[75.486,24.114],[75.44,24.148],[75.386,24.223]]]}},{"type":"Feature","properties":{"r":7,"n":"Zeya"},"geometry":{"type":"MultiLineString","coordinates":[[[130.668,55.569],[130.629,55.531],[130.592,55.425],[130.493,55.373],[130.416,55.356],[130.382,55.312],[130.388,55.27],[130.434,55.195],[130.544,55.138],[130.531,55.079],[130.557,55.033],[130.544,54.994],[130.592,54.954],[130.55,54.941],[130.696,54.886],[130.668,54.873],[130.688,54.852],[130.61,54.83],[130.524,54.735],[130.318,54.715],[130.304,54.68],[130.252,54.651],[130.054,54.581],[129.956,54.515],[129.872,54.5],[129.779,54.513],[129.702,54.55],[129.242,54.633]],[[127.323,53.755],[127.315,53.731],[127.213,53.671],[127.092,53.648],[127.039,53.608],[127.015,53.57],[127.021,53.529],[126.998,53.489],[126.946,53.44],[126.926,53.44],[126.929,53.391],[126.96,53.379],[127.001,53.33],[127.049,53.317],[127.052,53.272],[127.145,53.242],[127.171,53.181],[127.21,53.17],[127.24,53.129],[127.287,53.112],[127.418,53.115],[127.442,53.026],[127.773,52.842],[127.782,52.752],[127.824,52.701],[127.823,52.637],[127.859,52.61],[127.858,52.577],[127.877,52.564],[127.983,52.566],[128.122,52.503],[128.124,52.416],[128.083,52.373],[128.142,52.368],[128.142,52.296],[128.171,52.273],[128.258,52.089],[128.358,52.035],[128.404,52.037],[128.444,52.018],[128.467,51.967],[128.529,51.909],[128.529,51.844],[128.569,51.838],[128.611,51.876],[128.712,51.874],[128.858,51.788],[128.879,51.753],[128.879,51.71],[128.905,51.691],[128.771,51.599],[128.646,51.593],[128.594,51.537],[128.536,51.556],[128.495,51.522],[128.44,51.523],[128.425,51.469],[128.33,51.426],[128.252,51.431],[128.173,51.374],[128.187,51.323],[128.136,51.281],[128.142,51.264],[128.197,51.248],[128.152,51.22],[128.145,51.199],[128.105,51.191],[128.028,51.233],[128.015,51.227],[128.008,51.156],[128.034,51.105],[128.015,51.076],[127.957,51.071],[127.891,51.098],[127.869,51.083],[127.855,50.902],[127.789,50.827],[127.768,50.786],[127.776,50.727],[127.748,50.693],[127.713,50.582],[127.666,50.523],[127.668,50.489],[127.734,50.346],[127.703,50.321],[127.593,50.3],[127.596,50.225],[127.584,50.206]]]}},{"type":"Feature","properties":{"r":7,"n":"Pangani"},"geometry":{"type":"MultiLineString","coordinates":[[[37.194,-3.44],[37.245,-3.481],[37.294,-3.493],[37.342,-3.608]],[[37.45,-3.772],[37.467,-3.817],[37.473,-3.979],[37.525,-4.066],[37.545,-4.205],[37.587,-4.301],[37.579,-4.459],[37.785,-4.596],[37.867,-4.566],[37.982,-4.588],[38.172,-4.771],[38.214,-4.848],[38.254,-4.883],[38.317,-5.066],[38.383,-5.122],[38.505,-5.148],[38.57,-5.259],[38.657,-5.28],[38.679,-5.373],[38.703,-5.396],[38.884,-5.387],[38.924,-5.398],[38.935,-5.381],[38.982,-5.422]]]}},{"type":"Feature","properties":{"r":7,"n":"Bell"},"geometry":{"type":"MultiLineString","coordinates":[[[-77.107,48.836],[-77.122,48.894],[-77.113,48.918],[-77.032,48.977],[-77.044,49.006],[-77.089,49.024],[-77.154,49.008],[-77.175,49.028],[-77.141,49.062],[-77.195,49.082],[-77.139,49.156],[-77.166,49.33],[-77.206,49.376],[-77.326,49.417],[-77.363,49.445],[-77.418,49.452],[-77.486,49.432],[-77.569,49.455],[-77.574,49.48],[-77.554,49.506],[-77.467,49.557],[-77.452,49.611],[-77.529,49.622],[-77.64,49.819]],[[-76.088,48.576],[-75.958,48.611]],[[-76.188,48.568],[-76.277,48.558],[-76.306,48.532],[-76.432,48.519],[-76.469,48.466],[-76.61,48.369],[-76.722,48.331],[-76.887,48.218],[-76.915,48.245],[-76.963,48.26],[-76.979,48.287],[-77.035,48.281],[-77.066,48.294],[-77.094,48.35],[-77.124,48.371],[-77.134,48.492]],[[-75.688,48.479],[-75.763,48.438]],[[-75.735,48.026],[-75.696,48.065],[-75.69,48.17],[-75.712,48.188],[-75.695,48.209],[-75.695,48.254],[-75.668,48.304],[-75.643,48.421],[-75.551,48.492],[-75.559,48.509],[-75.633,48.514]]]}},{"type":"Feature","properties":{"r":7,"n":"Nottaway"},"geometry":{"type":"MultiLineString","coordinates":[[[-78.83,51.165],[-78.847,51.164]],[[-77.655,50.328],[-77.71,50.372],[-77.698,50.413],[-77.716,50.439],[-77.758,50.474],[-77.798,50.479],[-77.765,50.512],[-77.839,50.583],[-77.84,50.634],[-77.877,50.644],[-77.854,50.699],[-77.868,50.744],[-77.959,50.774],[-78.233,50.962],[-78.44,50.967],[-78.539,51.035]]]}},{"type":"Feature","properties":{"r":7,"n":"Red"},"geometry":{"type":"MultiLineString","coordinates":[[[-96.602,45.82],[-96.556,45.942],[-96.576,46.016],[-96.557,46.09],[-96.565,46.171],[-96.596,46.218],[-96.602,46.324],[-96.715,46.445],[-96.718,46.471],[-96.746,46.499],[-96.753,46.597],[-96.795,46.642],[-96.781,46.721],[-96.802,46.794],[-96.784,46.882],[-96.759,46.921],[-96.808,46.944],[-96.828,47.002],[-96.828,47.167],[-96.85,47.259],[-96.843,47.386],[-96.869,47.417],[-96.853,47.488],[-96.856,47.602],[-96.877,47.616],[-96.895,47.679],[-96.952,47.78],[-96.99,47.811],[-97.015,47.9],[-97,47.924],[-97.035,47.952],[-97.122,48.133],[-97.13,48.212],[-97.115,48.281],[-97.144,48.376],[-97.123,48.428],[-97.157,48.534],[-97.148,48.576],[-97.101,48.65],[-97.109,48.699],[-97.229,48.969],[-97.189,49.058],[-97.315,49.241],[-97.32,49.305],[-97.35,49.356],[-97.265,49.406],[-97.24,49.473],[-97.116,49.61],[-97.088,49.719],[-97.114,49.755],[-97.103,49.808],[-97.126,49.833],[-97.103,49.931],[-97.055,49.959],[-97.014,50.017],[-96.918,50.103],[-96.851,50.145],[-96.815,50.22],[-96.837,50.263],[-96.836,50.309],[-96.815,50.319],[-96.786,50.391]]]}},{"type":"Feature","properties":{"r":2,"n":"Lancang"},"geometry":{"type":"MultiLineString","coordinates":[[[96.941,31.966],[96.995,31.914],[96.993,31.855],[97.021,31.827],[97.018,31.767],[97.081,31.695],[97.093,31.601],[97.123,31.594],[97.203,31.504],[97.191,31.45],[97.219,31.34],[97.157,31.282],[97.2,31.196],[97.198,31.085],[97.215,31.048],[97.289,31.019],[97.377,30.943],[97.356,30.857],[97.379,30.732],[97.427,30.677],[97.558,30.582],[97.664,30.406],[97.723,30.384],[97.828,30.284],[97.873,30.262],[97.879,30.24],[97.937,30.206],[97.952,30.165],[98.002,30.124],[98.005,30.063],[98.043,30.021],[98.062,29.956],[98.104,29.906],[98.144,29.812],[98.21,29.804],[98.339,29.639],[98.346,29.555],[98.416,29.417],[98.435,29.408],[98.435,29.356],[98.473,29.343],[98.632,29.16],[98.583,29.024],[98.634,28.944],[98.685,28.709],[98.775,28.572],[98.851,28.401],[98.864,28.336],[98.843,28.27],[98.85,28.225],[98.913,28.12],[98.901,28.011],[99.035,27.852],[99.055,27.759],[99.049,27.708],[98.999,27.67],[99.035,27.585],[99.007,27.558],[99.042,27.469],[99.09,27.397],[99.108,27.33],[99.103,27.277],[99.083,27.263],[99.089,27.243],[99.147,27.198],[99.172,27.133],[99.15,27.017],[99.186,26.922],[99.186,26.886],[99.141,26.772],[99.16,26.719],[99.137,26.607],[99.104,26.547],[99.145,26.482],[99.13,26.447],[99.145,26.34],[99.13,26.297],[99.131,26.073],[99.165,25.866],[99.255,25.735],[99.281,25.63],[99.358,25.57],[99.337,25.505],[99.351,25.439],[99.33,25.42],[99.297,25.433],[99.292,25.374],[99.414,25.212],[99.489,25.139],[99.549,25.138],[99.635,25.099],[99.731,24.978],[99.755,24.892],[99.827,24.858],[99.893,24.771],[100.077,24.733],[100.101,24.719],[100.116,24.671],[100.21,24.746],[100.323,24.769],[100.372,24.751],[100.427,24.707],[100.433,24.656],[100.501,24.588],[100.515,24.523],[100.546,24.511],[100.557,24.476],[100.517,24.42],[100.531,24.163],[100.52,24.123],[100.494,24.092],[100.382,24.063],[100.407,23.916],[100.323,23.844],[100.289,23.765],[100.255,23.741],[100.179,23.631],[100.139,23.473],[100.07,23.347],[100.083,23.271],[100.043,23.212],[100.114,23.165],[100.147,23.065],[100.227,23.003],[100.248,23.008],[100.269,22.95],[100.296,22.959],[100.301,22.879],[100.362,22.777],[100.365,22.672],[100.513,22.552],[100.568,22.527],[100.575,22.438],[100.564,22.425],[100.659,22.315],[100.609,22.279],[100.699,22.237],[100.734,22.14],[100.721,22.109],[100.778,22.088],[100.763,22.072],[100.796,22.014],[100.867,21.983],[100.918,21.861],[100.947,21.846],[101.03,21.849],[101.067,21.829],[101.081,21.788],[101.174,21.815],[101.181,21.797],[101.119,21.767],[101.127,21.695],[101.161,21.659],[101.174,21.612],[101.154,21.568],[101.157,21.52],[101.003,21.406],[100.814,21.3],[100.725,21.312],[100.689,21.16],[100.625,21.054],[100.543,21.028],[100.557,20.992],[100.529,20.969],[100.517,20.907],[100.515,20.887],[100.534,20.874],[100.623,20.889],[100.652,20.877],[100.536,20.808],[100.365,20.828],[100.211,20.698],[100.173,20.622],[100.121,20.389],[100.099,20.362],[100.103,20.264],[100.152,20.239],[100.167,20.254],[100.167,20.293],[100.209,20.313],[100.24,20.373],[100.306,20.4],[100.344,20.39],[100.461,20.191],[100.529,20.15],[100.555,20.17],[100.584,20.164],[100.602,19.803],[100.678,19.819],[100.806,19.892],[100.928,19.873],[101.009,19.834],[101.022,19.856],[101.06,19.846],[101.119,19.889],[101.258,19.821],[101.56,19.824],[101.597,19.831],[101.619,19.874],[101.708,19.931],[101.865,19.958],[101.992,20.06],[102.047,20.054],[102.158,20.092],[102.191,20.081],[102.236,20.026],[102.247,19.988],[102.222,19.936],[102.118,19.864],[102.039,19.849],[101.886,19.687],[101.824,19.65],[101.821,19.467],[101.906,19.403],[101.824,19.279],[101.831,19.201],[101.803,19.011],[101.817,18.964],[101.803,18.886],[101.851,18.827],[101.854,18.763],[101.824,18.704],[101.811,18.622],[101.743,18.502],[101.708,18.471],[101.645,18.458],[101.615,18.406],[101.578,18.385],[101.547,18.325],[101.481,18.294],[101.403,18.182],[101.399,18.141],[101.427,18.084],[101.433,18.012],[101.424,17.929],[101.456,17.877],[101.495,17.879],[101.509,17.861],[101.551,17.875],[101.537,17.821],[101.564,17.821]]]}},{"type":"Feature","properties":{"r":7,"n":"Manicouagan"},"geometry":{"type":"MultiLineString","coordinates":[[[-69.421,52.982],[-69.508,52.857],[-69.606,52.779],[-69.615,52.73],[-69.668,52.7],[-69.68,52.633],[-69.74,52.604],[-69.783,52.533],[-69.697,52.394],[-69.706,52.33],[-69.679,52.261],[-69.517,52.152],[-69.466,52.039],[-69.378,51.981],[-69.383,51.922],[-69.363,51.796]],[[-68.743,50.693],[-68.715,50.644],[-68.623,50.622],[-68.633,50.525],[-68.671,50.463],[-68.595,50.419],[-68.602,50.412],[-68.58,50.399],[-68.542,50.329],[-68.552,50.269],[-68.641,50.177],[-68.675,50.056],[-68.653,50.006],[-68.66,49.937],[-68.602,49.815],[-68.616,49.756],[-68.602,49.733],[-68.558,49.716],[-68.548,49.685]],[[-68.362,49.335],[-68.388,49.29],[-68.387,49.244],[-68.368,49.218],[-68.301,49.192]]]}},{"type":"Feature","properties":{"r":7,"n":"Suda"},"geometry":{"type":"MultiLineString","coordinates":[[[35.213,60.346],[35.365,60.288],[35.343,60.262],[35.292,60.257],[35.255,60.233],[35.243,60.198],[35.256,60.186],[35.448,60.175],[35.48,60.158],[35.492,60.099],[35.549,60.064],[35.724,60.049],[35.801,60.004],[35.919,59.993],[36.079,59.866],[36.109,59.804],[36.198,59.743],[36.248,59.673],[36.298,59.649],[36.46,59.618],[36.532,59.581],[36.629,59.471],[36.842,59.342],[37.181,59.224],[37.246,59.224],[37.405,59.184],[37.539,59.189]]]}},{"type":"Feature","properties":{"r":7,"n":""},"geometry":{"type":"MultiLineString","coordinates":[[[-117.256,63.143],[-117.24,63.129],[-117.167,63.123],[-117.134,63.098],[-117.082,63.098],[-117.038,63.117],[-116.865,63.117],[-116.873,63.136],[-116.856,63.168],[-116.776,63.179],[-116.708,63.22],[-116.684,63.253],[-116.517,63.281],[-116.53,63.261],[-116.51,63.247],[-116.545,63.239],[-116.537,63.226],[-116.562,63.207],[-116.557,63.187],[-116.506,63.168],[-116.481,63.14],[-116.427,63.13],[-116.435,63.123],[-116.36,63.117],[-116.297,63.061]],[[-116.007,62.796],[-115.992,62.783]]]}},{"type":"Feature","properties":{"r":7,"n":"Green"},"geometry":{"type":"MultiLineString","coordinates":[[[-109.908,43.369],[-109.986,43.386],[-109.999,43.37],[-110.01,43.205],[-110.052,43.156],[-110.061,43.098],[-110.101,43.049],[-110.13,42.939],[-110.082,42.908],[-109.955,42.885],[-109.959,42.819],[-109.943,42.758],[-109.945,42.726],[-109.964,42.708],[-109.926,42.616],[-109.94,42.583],[-109.972,42.559],[-110.056,42.53],[-110.058,42.471],[-110.169,42.293],[-110.136,42.215],[-110.164,42.195],[-110.164,42.161],[-110.155,42.143],[-110.109,42.126],[-110.116,42.091],[-110.051,42.062],[-110.023,41.994],[-109.827,41.927],[-109.766,41.859],[-109.777,41.831],[-109.722,41.794],[-109.708,41.753],[-109.626,41.667],[-109.588,41.656],[-109.503,41.568],[-109.369,41.476],[-109.394,41.42],[-109.431,41.414],[-109.414,41.371],[-109.434,41.366],[-109.464,41.318],[-109.492,41.328],[-109.513,41.304]],[[-109.602,40.927],[-109.554,40.915],[-109.418,40.941],[-109.351,40.923],[-109.14,40.914],[-109.088,40.859],[-108.948,40.832],[-108.862,40.762],[-108.967,40.553],[-109.121,40.549],[-109.156,40.503],[-109.229,40.471],[-109.229,40.416],[-109.291,40.436],[-109.35,40.32],[-109.451,40.317],[-109.489,40.262],[-109.533,40.291],[-109.554,40.276],[-109.564,40.206],[-109.544,40.18],[-109.578,40.164],[-109.654,40.081],[-109.704,40.067],[-109.799,39.988],[-109.812,39.947],[-109.843,39.93],[-109.843,39.895],[-109.881,39.872],[-109.86,39.83],[-109.906,39.804],[-109.93,39.743],[-109.967,39.741],[-109.975,39.651],[-110.003,39.631],[-110.028,39.56],[-109.994,39.438],[-109.997,39.368],[-110.045,39.299],[-110.046,39.215],[-110.088,39.176],[-110.116,39.019],[-110.105,38.954],[-110.143,38.892],[-110.132,38.859],[-110.058,38.772],[-110.083,38.72],[-110.022,38.618],[-109.983,38.608],[-110.041,38.584],[-109.972,38.563],[-109.966,38.544],[-110.017,38.516],[-109.986,38.471],[-109.999,38.399],[-109.935,38.343],[-109.879,38.25],[-109.892,38.2],[-109.87,38.186]]]}},{"type":"Feature","properties":{"r":7,"n":"Red"},"geometry":{"type":"MultiLineString","coordinates":[[[-100.899,34.637],[-100.823,34.626],[-100.736,34.571],[-100.606,34.562],[-100.534,34.598],[-100.465,34.595],[-100.34,34.534],[-100.224,34.581],[-99.986,34.576]],[[-96.987,33.903],[-97.018,33.859],[-97.075,33.862],[-97.055,33.824],[-97.078,33.808],[-97.094,33.742],[-97.113,33.726],[-97.144,33.725],[-97.187,33.76],[-97.206,33.811],[-97.178,33.869],[-97.212,33.91],[-97.267,33.855],[-97.306,33.878],[-97.361,33.834],[-97.437,33.827],[-97.453,33.835],[-97.469,33.892],[-97.586,33.906],[-97.603,33.979],[-97.641,33.994],[-97.68,33.983],[-97.801,33.888],[-97.884,33.862],[-97.959,33.893],[-97.946,33.945],[-97.956,33.995],[-98.088,34.028],[-98.091,34.138],[-98.107,34.15],[-98.21,34.129],[-98.343,34.143],[-98.369,34.137],[-98.417,34.079],[-98.491,34.075],[-98.586,34.157],[-98.631,34.163],[-98.72,34.137],[-98.878,34.171],[-98.953,34.212],[-99.029,34.204],[-99.176,34.221],[-99.197,34.248],[-99.192,34.322],[-99.24,34.362],[-99.266,34.411],[-99.323,34.424],[-99.362,34.462],[-99.387,34.451],[-99.393,34.402],[-99.417,34.38],[-99.547,34.412],[-99.602,34.385],[-99.662,34.39],[-99.882,34.565],[-99.938,34.582],[-99.983,34.577]],[[-96.541,33.828],[-96.496,33.786],[-96.411,33.786],[-96.329,33.702],[-96.301,33.718],[-96.29,33.763],[-96.203,33.764],[-96.147,33.828],[-96.04,33.843],[-95.938,33.895],[-95.861,33.854],[-95.801,33.869],[-95.783,33.855],[-95.77,33.896],[-95.712,33.896],[-95.647,33.93],[-95.623,33.924],[-95.598,33.952],[-95.548,33.925],[-95.55,33.896],[-95.506,33.89],[-95.497,33.875],[-95.357,33.868],[-95.332,33.895],[-95.269,33.904],[-95.256,33.948],[-95.22,33.963],[-95.154,33.944],[-95.032,33.867],[-94.967,33.855],[-94.873,33.756],[-94.756,33.733],[-94.708,33.692],[-94.669,33.695],[-94.636,33.677],[-94.589,33.679],[-94.595,33.67],[-94.533,33.65],[-94.467,33.644],[-94.432,33.591],[-94.382,33.588],[-94.388,33.562],[-94.328,33.558],[-94.3,33.595],[-94.235,33.574],[-94.193,33.594],[-93.985,33.547],[-93.961,33.574],[-93.923,33.567],[-93.861,33.602],[-93.824,33.602],[-93.797,33.542],[-93.732,33.49],[-93.74,33.432],[-93.684,33.382],[-93.699,33.336],[-93.662,33.327],[-93.694,33.293],[-93.745,33.273],[-93.717,33.224],[-93.744,33.208],[-93.739,33.191],[-93.791,33.144],[-93.807,33.156],[-93.82,33.136],[-93.857,33.131],[-93.862,33.096],[-93.813,32.944],[-93.82,32.896],[-93.792,32.859],[-93.805,32.829],[-93.8,32.783],[-93.827,32.718],[-93.802,32.727],[-93.807,32.68],[-93.759,32.608],[-93.751,32.543],[-93.684,32.472],[-93.67,32.415],[-93.472,32.232],[-93.449,32.161],[-93.478,32.132],[-93.466,32.107],[-93.414,32.079],[-93.315,31.956],[-93.211,31.896],[-93.176,31.909],[-93.114,31.88],[-93.128,31.868],[-93.018,31.787],[-93.008,31.749],[-92.984,31.759],[-92.959,31.703],[-92.923,31.691],[-92.902,31.641],[-92.796,31.594],[-92.717,31.515],[-92.708,31.453],[-92.683,31.416],[-92.484,31.34],[-92.463,31.347],[-92.371,31.228],[-92.299,31.187],[-92.271,31.148],[-92.251,31.162],[-92.241,31.138],[-92.208,31.129],[-92.199,31.166],[-92.119,31.232],[-92.057,31.209],[-91.972,31.25],[-91.922,31.244],[-91.948,31.298],[-91.911,31.304],[-91.692,31.201],[-91.747,31.032],[-91.684,31.018],[-91.662,30.997]]]}},{"type":"Feature","properties":{"r":7,"n":"Pecos"},"geometry":{"type":"MultiLineString","coordinates":[[[-105.635,35.85],[-105.688,35.814],[-105.719,35.681],[-105.664,35.638],[-105.664,35.559],[-105.631,35.516],[-105.481,35.429],[-105.473,35.352],[-105.379,35.311],[-105.338,35.271],[-105.283,35.279],[-105.154,35.251],[-105.138,35.243],[-105.138,35.215],[-105.046,35.182],[-104.971,35.203],[-104.929,35.198],[-104.915,35.178],[-104.887,35.178],[-104.833,35.134],[-104.703,35.071],[-104.643,35.085],[-104.668,35.02],[-104.668,34.955],[-104.604,34.882],[-104.592,34.819],[-104.531,34.794],[-104.473,34.702],[-104.435,34.691],[-104.404,34.643],[-104.374,34.629],[-104.394,34.575],[-104.382,34.559],[-104.315,34.554],[-104.262,34.523],[-104.177,34.417],[-104.156,34.355],[-104.192,34.267],[-104.223,34.253],[-104.222,34.231],[-104.285,34.171],[-104.278,34.143],[-104.298,34.137],[-104.298,34.03],[-104.257,33.989],[-104.264,33.876],[-104.283,33.828],[-104.271,33.812],[-104.346,33.633],[-104.339,33.567],[-104.38,33.382],[-104.337,33.348],[-104.327,33.239],[-104.285,33.184],[-104.299,33.176],[-104.3,33.15],[-104.264,33.115],[-104.285,33.081],[-104.259,33.04],[-104.27,33.019],[-104.339,32.988],[-104.329,32.889],[-104.297,32.868],[-104.294,32.754]],[[-104.333,32.607],[-104.36,32.561],[-104.326,32.512],[-104.281,32.526],[-104.229,32.505],[-104.249,32.481],[-104.244,32.457],[-104.178,32.454],[-104.149,32.409],[-104.078,32.368],[-104.091,32.333],[-104.031,32.341],[-104.006,32.279],[-104.015,32.244],[-103.99,32.224],[-103.975,32.232],[-103.955,32.197],[-104.003,32.158],[-103.99,32.142],[-104.021,32.106],[-103.99,32.081],[-103.983,32.047]],[[-103.88,31.916],[-103.853,31.882],[-103.815,31.902],[-103.789,31.809],[-103.736,31.762],[-103.665,31.75],[-103.606,31.714],[-103.601,31.678],[-103.528,31.64],[-103.511,31.621],[-103.496,31.541],[-103.433,31.447],[-103.24,31.437],[-103.222,31.402],[-103.144,31.373],[-103.007,31.394],[-102.878,31.334],[-102.811,31.278],[-102.749,31.296],[-102.735,31.285],[-102.682,31.328],[-102.637,31.328],[-102.565,31.277],[-102.459,31.245],[-102.427,31.217],[-102.4,31.11],[-102.366,31.086],[-102.267,31.046],[-102.201,31.046],[-102.159,31.015],[-102.09,31],[-101.991,31.005],[-101.951,30.962],[-101.897,30.943],[-101.831,30.808],[-101.821,30.717],[-101.699,30.677],[-101.661,30.607],[-101.661,30.544],[-101.703,30.523],[-101.723,30.492],[-101.716,30.432],[-101.673,30.359],[-101.725,30.339],[-101.72,30.292],[-101.631,30.213],[-101.584,30.199],[-101.546,30.137],[-101.492,30.121],[-101.488,30.073],[-101.463,30.053],[-101.511,30.032],[-101.459,29.971],[-101.468,29.949],[-101.522,29.915],[-101.519,29.898],[-101.441,29.894],[-101.372,29.857],[-101.406,29.813],[-101.339,29.796],[-101.33,29.763],[-101.345,29.699],[-101.372,29.689]]]}},{"type":"Feature","properties":{"r":7,"n":"Caroní"},"geometry":{"type":"MultiLineString","coordinates":[[[-62.997,7.774],[-63.022,7.885],[-63.013,7.982],[-62.956,8.053],[-62.843,8.14],[-62.775,8.168],[-62.746,8.232],[-62.692,8.26],[-62.651,8.307],[-62.696,8.376]],[[-60.811,5.084],[-60.804,5.041],[-60.86,4.785],[-61.003,4.731],[-61.047,4.727],[-61.135,4.8],[-61.137,4.828],[-61.175,4.847],[-61.187,4.884],[-61.234,4.927],[-61.27,4.93],[-61.342,4.972],[-61.381,4.943],[-61.397,4.847],[-61.415,4.833],[-61.445,4.846],[-61.469,4.793],[-61.486,4.79],[-61.485,4.763],[-61.544,4.708],[-61.598,4.727],[-61.616,4.803],[-61.647,4.8],[-61.737,4.845],[-61.744,4.898],[-61.76,4.903],[-61.834,4.831],[-61.927,4.8],[-61.954,4.736],[-62.007,4.728],[-62.034,4.677],[-62.141,4.704],[-62.205,4.684],[-62.264,4.711],[-62.349,4.711],[-62.38,4.779],[-62.483,4.896],[-62.52,4.992],[-62.503,5.06],[-62.51,5.101],[-62.465,5.178],[-62.468,5.201],[-62.533,5.247],[-62.558,5.307],[-62.7,5.354],[-62.729,5.341],[-62.774,5.351],[-62.842,5.386],[-62.901,5.472],[-62.92,5.59],[-62.904,5.599],[-62.894,5.663],[-62.915,5.694],[-62.906,5.748],[-62.92,5.813],[-62.853,5.996],[-62.873,6.12],[-62.937,6.285],[-62.983,6.349],[-62.948,6.463],[-62.886,6.518],[-62.822,6.643],[-62.846,6.708],[-62.856,6.814]]]}},{"type":"Feature","properties":{"r":7,"n":"Bandama"},"geometry":{"type":"MultiLineString","coordinates":[[[-5.486,7.013],[-5.538,6.896],[-5.496,6.825],[-5.437,6.767],[-5.41,6.691],[-5.409,6.614],[-5.309,6.589],[-5.337,6.519],[-5.306,6.507],[-5.325,6.461],[-5.304,6.383],[-5.27,6.361],[-5.215,6.369]],[[-5.08,6.214],[-5.024,6.213],[-4.961,6.129],[-4.906,6.001],[-4.865,5.993],[-4.846,5.947],[-4.82,5.936],[-4.845,5.834],[-4.824,5.79],[-4.824,5.711],[-4.795,5.657],[-4.838,5.608],[-4.877,5.614],[-4.894,5.553],[-4.818,5.417],[-4.914,5.341],[-4.961,5.28],[-4.951,5.187],[-4.969,5.142]]]}},{"type":"Feature","properties":{"r":7,"n":"Narva"},"geometry":{"type":"MultiLineString","coordinates":[[[28.181,59.356],[28.186,59.375],[28.137,59.401],[28.104,59.44],[28.02,59.48]],[[27.734,58.994],[27.795,59.102],[27.871,59.173]]]}},{"type":"Feature","properties":{"r":7,"n":"Hudi"},"geometry":{"type":"MultiLineString","coordinates":[[[118.744,33.095],[118.846,33.095]],[[116.521,32.501],[116.558,32.533],[116.635,32.542],[116.731,32.609],[116.73,32.639],[116.691,32.67],[116.726,32.685],[116.726,32.735],[116.748,32.736],[116.76,32.708],[116.883,32.633],[116.918,32.658],[117.011,32.668],[117.078,32.699],[117.104,32.822],[117.17,32.851],[117.168,32.916],[117.195,32.94],[117.527,32.971],[117.647,32.903],[117.688,32.985],[117.74,33.016],[117.764,33.054]],[[119.616,32.354],[119.514,32.355],[119.51,32.411],[119.47,32.475],[119.472,32.532],[119.424,32.628],[119.389,32.653],[119.307,32.662],[119.284,32.718]]]}},{"type":"Feature","properties":{"r":2,"n":"Congo"},"geometry":{"type":"MultiLineString","coordinates":[[[26.441,-8.272],[26.465,-8.261],[26.56,-8.272],[26.615,-8.233],[26.641,-8.246],[26.725,-8.207],[26.763,-8.163],[26.794,-8.152],[26.774,-8.114],[26.786,-8.083],[26.774,-8.07],[26.801,-8.055],[26.794,-8.042],[26.833,-8.01],[26.849,-8.015],[26.911,-7.946],[26.959,-7.937],[26.972,-7.918],[26.945,-7.892],[26.966,-7.885],[26.974,-7.846],[26.912,-7.814],[26.879,-7.752],[26.828,-7.735],[26.794,-7.679],[26.812,-7.613],[26.855,-7.569],[26.864,-7.461],[26.945,-7.446],[26.959,-7.348],[27.027,-7.247],[27.04,-7.194],[27.027,-7.162],[27.068,-7.145],[27.075,-7.11],[27.061,-7.09],[27.081,-7.079],[27.034,-6.949],[27.013,-6.928],[27.012,-6.836],[26.961,-6.774],[26.952,-6.727],[26.99,-6.473],[26.977,-6.347],[26.912,-6.268],[26.935,-6.199],[26.89,-5.887],[26.93,-5.61]]]}},{"type":"Feature","properties":{"r":7,"n":"Ping"},"geometry":{"type":"MultiLineString","coordinates":[[[98.864,19.78],[98.893,19.753],[98.919,19.629],[98.996,19.434],[98.96,19.288],[99.004,19.13],[98.95,19.088],[99,18.787],[98.984,18.68],[98.965,18.662],[98.966,18.601],[98.926,18.529],[98.775,18.443],[98.7,18.423],[98.708,18.401],[98.691,18.366],[98.707,18.337],[98.658,18.292],[98.638,18.13],[98.619,18.126],[98.631,18.1],[98.597,18.074],[98.617,18.074],[98.624,18.026],[98.604,18.012],[98.631,17.992],[98.645,18.005],[98.674,17.971],[98.633,17.93],[98.648,17.916],[98.645,17.885],[98.658,17.882],[98.745,17.698],[98.737,17.674],[98.699,17.652],[98.713,17.564],[98.7,17.43],[98.729,17.424],[98.818,17.474],[98.854,17.469],[98.9,17.431],[98.896,17.387]],[[98.959,17.238],[99.014,17.238],[99.061,17.206],[99.09,17.134],[99.053,17.09],[99.117,16.984],[99.12,16.961],[99.09,16.919],[99.128,16.881],[99.157,16.814],[99.354,16.647],[99.445,16.625],[99.549,16.436],[99.541,16.414],[99.591,16.371],[99.667,16.346],[99.705,16.27],[99.754,16.208],[99.791,16.194],[99.803,16.138],[99.874,16.058],[99.872,16.004],[100.063,15.881],[100.09,15.768],[100.159,15.716]]]}},{"type":"Feature","properties":{"r":7,"n":"Ile"},"geometry":{"type":"MultiLineString","coordinates":[[[77.134,43.908],[77.052,43.953],[77.039,43.973],[77.057,44.007],[77.004,44.059],[77,44.137],[76.973,44.165],[76.935,44.176],[76.911,44.235],[76.785,44.248],[76.744,44.273],[76.725,44.311],[76.672,44.338],[76.66,44.361],[76.688,44.395],[76.725,44.395],[76.728,44.43],[76.634,44.539],[76.638,44.57],[76.606,44.606],[76.503,44.662],[76.411,44.679],[76.371,44.714],[76.367,44.744],[76.257,44.811],[76.113,44.813],[76.076,44.84],[76.031,44.84],[75.951,44.899],[75.879,44.908],[75.832,44.95],[75.746,44.974],[75.716,45.005],[75.503,45.038],[75.448,45.073],[75.256,45.084],[75.232,45.118],[75.174,45.121],[75.15,45.166],[75.072,45.167],[75.037,45.179],[75.03,45.196],[74.997,45.2],[75.003,45.227],[74.991,45.238],[74.924,45.216],[74.763,45.238],[74.763,45.258],[74.708,45.265],[74.653,45.313],[74.647,45.3],[74.632,45.341],[74.568,45.344],[74.503,45.421],[74.17,45.423],[74.112,45.354],[74.075,45.345]],[[81.752,43.621],[81.636,43.682],[81.585,43.754],[81.402,43.864],[81.236,43.915],[81.031,43.911],[80.886,43.948],[80.842,43.942],[80.789,43.901],[80.725,43.88],[80.67,43.828],[80.635,43.846],[80.481,43.786],[80.425,43.797],[80.246,43.758],[80.212,43.762],[80.184,43.801],[80.152,43.786],[80.048,43.816],[80.008,43.806],[79.982,43.823],[79.943,43.808],[79.857,43.83],[79.731,43.908],[79.724,43.929],[79.575,43.973],[79.312,43.903],[79.174,43.845],[79.046,43.826],[78.998,43.843],[78.872,43.843],[78.604,43.823],[78.441,43.863],[78.255,43.882],[78.176,43.867]]]}},{"type":"Feature","properties":{"r":7,"n":"Sanggan"},"geometry":{"type":"MultiLineString","coordinates":[[[112.59,39.344],[112.714,39.377],[112.806,39.466],[112.917,39.498],[112.951,39.532],[113.023,39.558],[113.028,39.576],[113.076,39.61],[113.121,39.612],[113.13,39.661],[113.188,39.704],[113.233,39.78],[113.272,39.804],[113.459,39.866],[113.668,39.98],[113.93,40.005],[114.062,40.003],[114.575,40.213],[114.692,40.278],[114.814,40.277],[114.943,40.321],[114.994,40.355],[115.055,40.348],[115.136,40.367],[115.434,40.351],[115.497,40.361],[115.53,40.347],[115.574,40.296]],[[112.337,39.166],[112.38,39.275],[112.463,39.314],[112.59,39.338]]]}},{"type":"Feature","properties":{"r":7,"n":"Roanoke"},"geometry":{"type":"MultiLineString","coordinates":[[[-80.204,37.086],[-80.266,37.129],[-80.249,37.218],[-80.106,37.282],[-79.965,37.289],[-79.869,37.264],[-79.841,37.247],[-79.848,37.234],[-79.772,37.234]],[[-79.512,37.049],[-79.456,37.014],[-79.447,37.036],[-79.464,37.063],[-79.388,37.083],[-79.342,37.142],[-79.311,37.14],[-79.272,37.11],[-79.245,37.14],[-79.218,37.11],[-79.203,37.124],[-79.183,37.11],[-79.197,37.083],[-79.175,37.07],[-79.101,37.09],[-79.042,37.042],[-78.94,37.045],[-78.896,37.02],[-78.888,36.997],[-78.806,36.994],[-78.778,36.967],[-78.742,37.009],[-78.724,36.939],[-78.742,36.922],[-78.663,36.85],[-78.684,36.808],[-78.675,36.799]],[[-78.285,36.604],[-78.178,36.616],[-78.144,36.587]],[[-77.655,36.487],[-77.55,36.386],[-77.576,36.352],[-77.566,36.315],[-77.446,36.315],[-77.373,36.24],[-77.378,36.211],[-77.254,36.132],[-77.236,36.11],[-77.309,36.079],[-77.316,36.061],[-77.191,35.998],[-77.166,35.946],[-77.038,35.938],[-77.017,35.863],[-76.947,35.906],[-76.926,35.897],[-76.894,35.87],[-76.899,35.839],[-76.88,35.821],[-76.847,35.836],[-76.82,35.883],[-76.75,35.871],[-76.698,35.926],[-76.696,35.945]]]}},{"type":"Feature","properties":{"r":7,"n":"ngermanlven"},"geometry":{"type":"MultiLineString","coordinates":[[[15.439,64.967],[15.483,64.918],[15.566,64.899],[15.829,64.949],[15.898,64.939]],[[16.769,64.48],[16.786,64.435],[16.94,64.354],[17.252,64.293],[17.288,64.226],[17.37,64.165],[17.316,64.158],[17.289,64.099],[17.232,64.099],[17.276,64.048],[17.257,63.956],[17.202,63.931],[17.193,63.877],[17.157,63.857],[17.129,63.815],[17.036,63.768],[17.017,63.684],[16.816,63.699],[16.773,63.69],[16.787,63.645],[16.83,63.61],[16.851,63.504],[16.83,63.473],[16.923,63.428],[16.979,63.38],[17.106,63.359],[17.177,63.319],[17.21,63.282],[17.226,63.189],[17.489,63.178],[17.571,63.194],[17.647,63.178],[17.782,63.094],[17.802,63.041],[17.799,62.994]]]}},{"type":"Feature","properties":{"r":7,"n":"Lotta"},"geometry":{"type":"MultiLineString","coordinates":[[[27.563,68.378],[27.792,68.393],[27.849,68.454],[28.004,68.528],[28.305,68.469],[28.928,68.569],[29.079,68.537],[29.272,68.562],[29.398,68.598],[29.789,68.66],[29.905,68.653],[30.309,68.701],[30.465,68.676],[30.541,68.7]]]}},{"type":"Feature","properties":{"r":7,"n":"Wujia"},"geometry":{"type":"MultiLineString","coordinates":[[[108.192,41.204],[108.355,41.175],[108.471,41.185],[108.552,41.162],[108.566,41.136],[108.615,41.14],[108.597,41.124],[108.637,41.085],[108.691,41.071],[108.694,41.058],[108.746,41.057],[108.784,41]],[[107.953,41.172],[108.098,41.225],[108.094,41.243],[108.192,41.204]],[[107.953,41.172],[107.953,41.171]],[[108.784,41],[108.804,40.972],[108.862,40.949]],[[108.863,40.914],[108.845,40.903]],[[107.841,40.9],[107.879,40.916],[108.071,40.934],[108.154,41.023],[108.161,41.06],[108.142,41.123],[108.17,41.195],[108.192,41.204]],[[107.841,40.9],[107.972,40.875],[108.16,40.917],[108.235,40.918],[108.338,40.999],[108.384,41.063],[108.41,41.071],[108.526,41.071],[108.747,41.021],[108.784,41]],[[107.683,40.859],[107.691,40.908],[107.759,41.009],[107.75,41.118],[107.787,41.14],[107.953,41.172]],[[108.711,40.804],[108.664,40.748],[108.65,40.699],[108.677,40.639]],[[107.302,40.682],[107.441,40.863],[107.448,40.911],[107.484,40.968],[107.512,41.091],[107.556,41.18],[107.547,41.217],[107.683,41.247],[107.79,41.195],[107.872,41.181],[107.935,41.191],[107.953,41.172]],[[107.302,40.682],[107.758,40.893],[107.841,40.9]],[[107.3,40.68],[107.302,40.682]],[[107.119,40.522],[107.075,40.647],[107.029,40.683],[106.962,40.8],[106.964,40.9],[106.935,40.964],[106.936,41.001],[107.059,41.047],[107.105,41.085],[107.135,41.139],[107.208,41.15],[107.204,41.183],[107.459,41.255],[107.666,41.271],[107.796,41.195]],[[107.119,40.522],[107.164,40.602],[107.302,40.682]],[[107.142,40.454],[107.122,40.517],[107.119,40.522]],[[107.032,40.31],[107.046,40.382],[107.119,40.522]]]}},{"type":"Feature","properties":{"r":7,"n":"Trombetas"},"geometry":{"type":"MultiLineString","coordinates":[[[-58.409,1.436],[-58.351,1.462],[-58.211,1.434],[-58.032,1.461],[-57.93,1.546],[-57.854,1.537],[-57.838,1.502],[-57.803,1.524],[-57.782,1.503],[-57.679,1.524],[-57.569,1.454],[-57.561,1.479],[-57.542,1.483],[-57.518,1.456],[-57.44,1.511],[-57.34,1.418],[-57.316,1.374],[-57.244,1.339],[-57.193,1.27],[-57.159,1.258],[-57.172,1.188],[-57.22,1.147],[-57.234,1.106],[-57.124,0.976],[-57.038,0.927],[-56.998,0.853],[-56.968,0.836],[-56.926,0.763],[-56.922,0.719],[-56.895,0.695],[-56.898,0.647],[-56.839,0.577],[-56.828,0.494],[-56.91,0.274],[-56.893,0.242],[-56.898,0.144],[-56.919,0.078],[-56.947,-0.139],[-56.944,-0.164],[-56.873,-0.241],[-56.874,-0.398],[-56.898,-0.48],[-56.853,-0.575],[-56.848,-0.64],[-56.943,-0.803],[-57.01,-0.845],[-57.008,-0.918],[-57.062,-1.004],[-57.058,-1.06],[-56.987,-1.124],[-56.977,-1.176],[-56.791,-1.295],[-56.765,-1.35],[-56.728,-1.383],[-56.679,-1.395],[-56.592,-1.386],[-56.576,-1.402]],[[-55.877,-1.779],[-55.809,-1.844],[-55.66,-1.872],[-55.636,-1.908]]]}},{"type":"Feature","properties":{"r":7,"n":"Nizhnyaya Taymyra"},"geometry":{"type":"MultiLineString","coordinates":[[[99.424,75.793],[99.347,75.791],[99.255,75.756],[99.3,75.716],[99.22,75.684],[99.178,75.649],[99.153,75.565],[99.548,75.491],[99.774,75.471],[99.784,75.461],[99.749,75.424],[99.786,75.371],[100.027,75.302],[100.057,75.277],[100.064,75.24],[100.169,75.207],[100.196,75.169]]]}},{"type":"Feature","properties":{"r":7,"n":"Pripyat"},"geometry":{"type":"MultiLineString","coordinates":[[[25.547,52.029],[25.704,52.069],[25.891,52.069],[25.998,52.1],[26.067,52.097],[26.162,52.118],[26.285,52.119],[26.361,52.096],[26.437,52.122],[26.729,52.118],[26.801,52.145],[26.887,52.131],[26.979,52.161],[27.071,52.145],[27.181,52.15],[27.201,52.165],[27.267,52.145],[27.355,52.156],[27.368,52.139],[27.562,52.125],[27.873,52.059],[27.921,52.077],[28.076,52.07],[28.195,52.114],[28.291,52.104],[28.356,52.069],[28.566,52.131],[28.686,52.146],[28.694,52.116],[28.754,52.104],[28.862,52.135],[28.922,52.118],[29.122,52.115],[29.333,52.014],[29.405,51.96],[29.482,51.938],[29.494,51.922],[29.48,51.867],[29.508,51.844],[29.494,51.83],[29.523,51.789],[29.573,51.796],[29.582,51.782],[29.57,51.766],[29.597,51.755],[29.654,51.764],[29.693,51.734],[29.666,51.706],[29.708,51.659],[29.758,51.638],[29.771,51.61],[29.824,51.591],[29.823,51.563],[29.843,51.545],[29.919,51.543],[29.911,51.514],[29.948,51.491],[29.939,51.474],[29.98,51.474],[30.035,51.433],[30.104,51.446],[30.083,51.425],[30.144,51.396],[30.15,51.369],[30.174,51.359],[30.159,51.33],[30.2,51.317],[30.23,51.275],[30.315,51.246],[30.328,51.223],[30.413,51.207],[30.46,51.179]]]}},{"type":"Feature","properties":{"r":2,"n":"Yarlung"},"geometry":{"type":"MultiLineString","coordinates":[[[87.66,29.152],[87.688,29.166],[87.668,29.218],[87.776,29.334],[87.985,29.399],[88.09,29.384],[88.169,29.337],[88.234,29.378],[88.26,29.364],[88.301,29.371],[88.343,29.336],[88.403,29.33],[88.496,29.364],[88.852,29.334],[88.873,29.344],[88.912,29.329],[88.979,29.381],[89.016,29.385],[89.056,29.349],[89.123,29.343],[89.167,29.371],[89.246,29.357],[89.281,29.378],[89.431,29.348],[89.661,29.371],[89.764,29.326],[89.812,29.323],[90.014,29.368],[90.286,29.336],[90.397,29.289],[90.427,29.253],[90.582,29.285],[90.7,29.349],[90.74,29.355],[90.765,29.296],[90.85,29.344],[90.891,29.344],[90.96,29.316],[90.99,29.331],[91.038,29.316],[91.115,29.335],[91.139,29.318],[91.303,29.285],[91.57,29.305],[91.663,29.287],[91.769,29.289],[91.866,29.308],[91.95,29.293],[91.993,29.261],[92.025,29.268],[92.059,29.3],[92.129,29.305],[92.357,29.237],[92.398,29.271],[92.422,29.269],[92.474,29.254],[92.525,29.159],[92.593,29.161],[92.581,29.131],[92.594,29.117],[92.664,29.14],[92.736,29.096],[92.87,29.097],[92.939,29.06],[92.995,29.054],[93.043,29.065],[93.106,29.129],[93.149,29.038],[93.283,29.004],[93.348,29.03],[93.475,29.186],[93.621,29.182],[93.632,29.161],[93.687,29.17],[93.731,29.156],[93.778,29.17],[93.849,29.156],[93.912,29.196],[94.026,29.226],[94.18,29.217],[94.356,29.31]]]}},{"type":"Feature","properties":{"r":7,"n":"Stora Lule lv"},"geometry":{"type":"MultiLineString","coordinates":[[[17.18,67.564],[17.304,67.611],[17.366,67.616],[17.378,67.639]],[[19.797,67.001],[19.832,66.974],[19.818,66.96],[19.832,66.864],[19.862,66.827],[19.996,66.769],[20.227,66.729],[20.338,66.687],[20.496,66.577],[20.52,66.528],[20.641,66.465],[20.663,66.422],[20.764,66.384],[20.774,66.339],[20.914,66.241],[20.912,66.139],[20.982,66.065]]]}},{"type":"Feature","properties":{"r":7,"n":"Gambia"},"geometry":{"type":"MultiLineString","coordinates":[[[-13.623,13.243],[-13.646,13.244],[-13.658,13.279],[-13.692,13.294],[-13.685,13.321],[-13.707,13.35],[-13.697,13.379],[-13.762,13.374],[-13.764,13.419],[-13.726,13.468],[-13.775,13.482],[-13.807,13.469],[-13.815,13.482],[-13.795,13.523],[-13.821,13.545],[-13.904,13.482],[-13.891,13.421],[-13.915,13.413],[-13.956,13.469],[-14.012,13.459],[-14.02,13.407],[-14.043,13.388],[-14.075,13.448],[-14.115,13.426],[-14.116,13.386],[-14.151,13.379],[-14.155,13.426],[-14.171,13.42],[-14.205,13.372],[-14.194,13.365],[-14.216,13.347],[-14.212,13.331],[-14.283,13.358],[-14.324,13.331],[-14.371,13.331],[-14.457,13.412],[-14.48,13.393],[-14.495,13.402],[-14.524,13.465],[-14.582,13.496],[-14.583,13.558],[-14.627,13.545],[-14.631,13.468],[-14.651,13.446],[-14.74,13.53],[-14.782,13.523],[-14.838,13.57],[-14.891,13.549],[-14.98,13.589],[-14.987,13.627],[-14.909,13.672],[-14.938,13.702],[-15.015,13.708],[-15.045,13.695],[-15.131,13.695],[-15.233,13.654],[-15.309,13.695],[-15.356,13.666],[-15.373,13.566],[-15.361,13.538],[-15.3,13.495]],[[-12.315,11.433],[-12.307,11.447],[-12.294,11.426],[-12.263,11.431],[-12.238,11.413],[-12.153,11.474],[-12.073,11.502],[-12.042,11.554],[-11.964,11.625],[-11.951,11.661],[-11.882,11.684],[-11.89,11.701],[-11.849,11.732],[-11.855,11.755],[-11.837,11.769],[-11.83,11.863],[-11.758,11.948],[-11.814,12.003],[-11.865,11.995],[-11.953,12.041],[-12.082,12.194],[-12.054,12.242],[-12.095,12.236],[-12.096,12.274],[-12.14,12.306],[-12.164,12.379],[-12.204,12.388],[-12.225,12.43],[-12.248,12.44],[-12.228,12.536],[-12.215,12.555],[-12.194,12.547],[-12.122,12.584],[-12.129,12.646],[-12.109,12.646],[-12.102,12.666],[-12.13,12.68],[-12.143,12.708],[-12.184,12.701],[-12.17,12.681],[-12.213,12.704],[-12.194,12.745],[-12.235,12.732],[-12.218,12.758],[-12.263,12.811],[-12.284,12.806],[-12.356,12.845],[-12.473,12.807],[-12.481,12.753],[-12.508,12.711],[-12.558,12.706],[-12.608,12.712],[-12.641,12.748],[-12.739,12.701],[-12.758,12.706],[-12.844,12.76],[-12.862,12.756],[-12.874,12.792],[-12.942,12.77],[-12.994,12.83],[-13.027,12.821],[-13.04,12.797],[-13.089,12.797],[-13.106,12.822],[-13.148,12.835],[-13.174,12.889],[-13.153,12.915],[-13.171,12.962],[-13.213,12.981],[-13.246,13.029],[-13.29,13.017],[-13.328,13.044],[-13.335,13.124],[-13.356,13.139],[-13.315,13.154],[-13.328,13.164],[-13.328,13.229],[-13.366,13.249],[-13.377,13.276],[-13.356,13.325],[-13.365,13.341],[-13.476,13.338],[-13.494,13.309],[-13.506,13.304],[-13.5,13.326],[-13.513,13.33],[-13.568,13.298],[-13.586,13.308],[-13.582,13.325],[-13.599,13.313],[-13.6,13.26],[-13.623,13.249]]]}},{"type":"Feature","properties":{"r":7,"n":"Apure"},"geometry":{"type":"MultiLineString","coordinates":[[[-72.176,7.887],[-72.237,7.801],[-72.243,7.69],[-72.162,7.599],[-72.053,7.553],[-72.008,7.511],[-71.809,7.497],[-71.749,7.478],[-71.716,7.442],[-71.661,7.432],[-71.64,7.432],[-71.628,7.453],[-71.607,7.438],[-71.563,7.453],[-71.521,7.438],[-71.455,7.464],[-71.268,7.445],[-71.249,7.454],[-71.189,7.404],[-71.062,7.379],[-70.947,7.308],[-70.874,7.287],[-70.795,7.315],[-70.667,7.287],[-70.631,7.294],[-70.604,7.328],[-70.548,7.334],[-70.501,7.384],[-70.48,7.376],[-70.46,7.423],[-70.368,7.45],[-70.321,7.517],[-70.289,7.604],[-70.157,7.615],[-70.134,7.629],[-70.087,7.711],[-70.014,7.754],[-69.936,7.758],[-69.863,7.812],[-69.835,7.808],[-69.734,7.844],[-69.577,7.951],[-69.441,8.072],[-69.189,8.071],[-69.134,8.042],[-69.113,8.007],[-69.054,7.98],[-68.97,7.999],[-68.945,7.932],[-68.824,7.902],[-68.73,7.916],[-68.634,7.969],[-68.485,7.939],[-68.426,7.979],[-68.375,7.991],[-68.342,7.966],[-68.276,7.971],[-68.257,7.956],[-68.055,8.048],[-67.955,8.055],[-67.885,8.027],[-67.721,8.018],[-67.629,7.993]]]}},{"type":"Feature","properties":{"r":7,"n":"Jari"},"geometry":{"type":"MultiLineString","coordinates":[[[-54.733,2.237],[-54.792,2.153],[-54.754,2.093],[-54.796,2.019],[-54.76,1.98],[-54.767,1.894],[-54.747,1.786],[-54.714,1.771],[-54.577,1.78],[-54.489,1.75],[-54.448,1.764],[-54.335,1.752],[-54.213,1.676],[-54.198,1.648],[-54.176,1.666],[-54.127,1.611],[-54.109,1.621],[-54.116,1.586],[-54.082,1.545],[-54.095,1.531],[-54.084,1.509],[-53.995,1.523],[-53.972,1.49],[-53.957,1.496],[-53.924,1.463],[-53.924,1.442],[-53.899,1.44],[-53.897,1.408],[-53.856,1.4],[-53.862,1.387],[-53.832,1.39],[-53.828,1.418],[-53.758,1.401],[-53.732,1.442],[-53.717,1.441],[-53.725,1.421],[-53.695,1.413],[-53.668,1.438],[-53.66,1.374],[-53.602,1.38],[-53.553,1.362],[-53.561,1.305],[-53.54,1.27],[-53.553,1.248],[-53.437,1.263],[-53.407,1.192],[-53.458,1.175],[-53.467,1.131],[-53.417,0.94],[-53.369,0.907],[-53.28,0.791],[-53.115,0.743],[-53.129,0.572],[-53.143,0.544],[-53.129,0.414],[-53.095,0.306],[-53.047,0.257],[-53.008,0.141],[-53.009,0.013],[-52.978,-0.005],[-52.939,-0.153],[-52.914,-0.189],[-52.876,-0.202],[-52.81,-0.176],[-52.784,-0.221],[-52.717,-0.278],[-52.677,-0.353],[-52.634,-0.376],[-52.639,-0.538],[-52.61,-0.608],[-52.55,-0.621],[-52.528,-0.646],[-52.506,-0.757],[-52.519,-0.785],[-52.518,-0.865],[-52.485,-0.875],[-52.414,-0.855],[-52.38,-0.886],[-52.373,-0.925],[-52.396,-0.97],[-52.375,-0.994],[-52.372,-1.038],[-52.252,-1.14],[-52.118,-1.154],[-52.071,-1.215],[-52.043,-1.169],[-51.977,-1.14],[-51.919,-1.144],[-51.908,-1.158]]]}},{"type":"Feature","properties":{"r":7,"n":"Napo"},"geometry":{"type":"MultiLineString","coordinates":[[[-78.088,-0.745],[-78.041,-0.79],[-78.019,-1.02],[-77.949,-1.076],[-77.835,-1.066],[-77.809,-1.034],[-77.759,-1.017],[-77.641,-1.042],[-77.594,-1.026],[-77.558,-1.048],[-77.511,-1.012],[-77.494,-0.963],[-77.45,-0.922],[-77.247,-0.83],[-77.21,-0.765],[-77.139,-0.707],[-77.148,-0.641],[-77.109,-0.554],[-77.045,-0.525],[-77.02,-0.48],[-76.991,-0.46],[-76.949,-0.47],[-76.903,-0.44],[-76.882,-0.451],[-76.812,-0.428],[-76.681,-0.443],[-76.576,-0.405],[-76.502,-0.474],[-76.427,-0.486],[-76.41,-0.51],[-76.275,-0.443],[-76.103,-0.442],[-76.078,-0.502],[-75.994,-0.553],[-75.93,-0.564],[-75.716,-0.653],[-75.611,-0.72],[-75.548,-0.814],[-75.407,-0.915],[-75.349,-0.975],[-75.237,-0.97],[-75.153,-1.001],[-75.041,-1.101],[-74.939,-1.243],[-74.824,-1.332],[-74.655,-1.429],[-74.635,-1.483],[-74.63,-1.571],[-74.649,-1.678],[-74.701,-1.78],[-74.699,-1.828],[-74.678,-1.868],[-74.548,-2.03],[-74.485,-2.07],[-74.448,-2.116],[-74.312,-2.189],[-74.112,-2.252],[-74.041,-2.449],[-74.004,-2.462],[-73.855,-2.43],[-73.744,-2.508],[-73.639,-2.512],[-73.601,-2.538],[-73.564,-2.621],[-73.551,-2.71],[-73.497,-2.734],[-73.528,-2.813],[-73.493,-2.894],[-73.404,-2.968],[-73.353,-2.986],[-73.279,-2.963],[-73.232,-3.008],[-73.169,-3.028],[-73.139,-3.06],[-73.151,-3.095],[-73.204,-3.102],[-73.187,-3.163],[-73.226,-3.227],[-73.201,-3.334],[-73.161,-3.376],[-73.096,-3.418],[-73.036,-3.43],[-72.978,-3.323],[-72.99,-3.277],[-72.943,-3.247],[-72.921,-3.209],[-72.882,-3.191],[-72.776,-3.27],[-72.721,-3.239],[-72.649,-3.274],[-72.709,-3.326],[-72.666,-3.449]]]}},{"type":"Feature","properties":{"r":7,"n":"Juruá"},"geometry":{"type":"MultiLineString","coordinates":[[[-72.402,-10.088],[-72.51,-10.064],[-72.522,-9.999],[-72.55,-9.971],[-72.55,-9.927],[-72.645,-9.903],[-72.68,-9.837],[-72.7,-9.83],[-72.708,-9.777],[-72.748,-9.752],[-72.755,-9.707],[-72.798,-9.658],[-72.817,-9.55],[-72.779,-9.522],[-72.794,-9.486],[-72.741,-9.461],[-72.714,-9.396],[-72.723,-9.364],[-72.673,-9.323],[-72.694,-9.238],[-72.721,-9.21],[-72.7,-9.179],[-72.7,-9.145],[-72.673,-9.121],[-72.688,-9.104],[-72.678,-9.071],[-72.717,-9.02],[-72.721,-8.978],[-72.79,-8.947],[-72.817,-8.802],[-72.859,-8.778],[-72.86,-8.735],[-72.838,-8.679],[-72.878,-8.594],[-72.843,-8.552],[-72.883,-8.505],[-72.85,-8.403],[-72.764,-8.324],[-72.755,-8.289],[-72.834,-8.139],[-72.762,-8.021],[-72.79,-7.956],[-72.777,-7.865],[-72.666,-7.816],[-72.645,-7.789],[-72.666,-7.768],[-72.65,-7.748],[-72.653,-7.709],[-72.701,-7.648],[-72.584,-7.5],[-72.543,-7.535],[-72.527,-7.521],[-72.497,-7.45],[-72.466,-7.441],[-72.457,-7.408],[-72.419,-7.368],[-72.418,-7.32],[-72.376,-7.301],[-72.369,-7.24],[-72.179,-7.198],[-72.124,-7.159],[-72.102,-7.182],[-72.05,-7.164],[-71.988,-7.185],[-71.867,-7.152],[-71.761,-7.073],[-71.651,-7.051],[-71.488,-6.973],[-71.474,-6.952],[-71.384,-6.959],[-71.329,-6.946],[-71.303,-6.902],[-71.146,-6.848],[-71.069,-6.758],[-70.893,-6.769],[-70.867,-6.819],[-70.825,-6.796],[-70.789,-6.83],[-70.745,-6.796],[-70.706,-6.822],[-70.671,-6.817],[-70.633,-6.755],[-70.605,-6.757],[-70.597,-6.782],[-70.561,-6.802],[-70.491,-6.763],[-70.471,-6.725],[-70.404,-6.724],[-70.374,-6.699],[-70.354,-6.738],[-70.329,-6.733],[-70.325,-6.776],[-70.264,-6.733],[-70.233,-6.747],[-70.185,-6.727],[-70.162,-6.74],[-70.158,-6.703],[-70.131,-6.699],[-70.075,-6.737],[-70.055,-6.696],[-70.012,-6.746],[-69.956,-6.747],[-69.89,-6.679],[-69.829,-6.716],[-69.809,-6.699],[-69.822,-6.616],[-69.794,-6.594],[-69.798,-6.556],[-69.685,-6.555],[-69.693,-6.533],[-69.67,-6.515],[-69.597,-6.513],[-69.605,-6.564],[-69.573,-6.586],[-69.527,-6.583],[-69.45,-6.524],[-69.442,-6.569],[-69.391,-6.574],[-69.37,-6.603],[-69.352,-6.6],[-69.326,-6.538],[-69.309,-6.535],[-69.258,-6.594],[-69.171,-6.584],[-69.137,-6.604],[-69.117,-6.533],[-69.048,-6.506],[-69.014,-6.518],[-69.033,-6.568],[-69.02,-6.576],[-68.983,-6.538],[-68.945,-6.544],[-68.932,-6.514],[-68.843,-6.496],[-68.779,-6.454],[-68.737,-6.459],[-68.694,-6.486],[-68.63,-6.466],[-68.582,-6.49],[-68.485,-6.459],[-68.373,-6.507],[-68.32,-6.47],[-68.265,-6.462],[-68.253,-6.433],[-68.198,-6.445],[-68.19,-6.425],[-68.225,-6.38],[-68.226,-6.356],[-68.176,-6.326],[-68.186,-6.237],[-68.146,-6.228],[-68.116,-6.268],[-68.1,-6.239],[-68.107,-6.159],[-68.068,-6.15],[-68.018,-6.212],[-67.973,-6.158],[-67.982,-6.146],[-68.008,-6.153],[-68.004,-6.124],[-67.878,-6.076],[-67.863,-5.998],[-67.817,-5.96],[-67.814,-5.935],[-67.822,-5.893],[-67.863,-5.884],[-67.867,-5.849],[-67.685,-5.557],[-67.663,-5.482],[-67.604,-5.47],[-67.571,-5.436],[-67.492,-5.414],[-67.449,-5.377],[-67.356,-5.377],[-67.305,-5.36],[-67.267,-5.323],[-67.234,-5.216],[-67.238,-5.167],[-67.163,-5.144],[-67.149,-5.125],[-67.167,-5.077],[-66.973,-5.107],[-66.872,-5.042],[-66.84,-4.909],[-66.814,-4.871],[-66.82,-4.834],[-66.764,-4.794],[-66.739,-4.711],[-66.68,-4.657],[-66.64,-4.55],[-66.555,-4.45],[-66.557,-4.425],[-66.6,-4.407],[-66.608,-4.376],[-66.565,-4.263],[-66.57,-4.185],[-66.486,-4.004],[-66.429,-3.945],[-66.362,-3.827],[-66.359,-3.762],[-66.328,-3.69],[-66.273,-3.642],[-66.246,-3.518],[-66.297,-3.482],[-66.295,-3.469],[-66.248,-3.451],[-66.25,-3.427],[-66.231,-3.412],[-66.146,-3.409],[-66.116,-3.364],[-66.09,-3.271],[-66.022,-3.262],[-66.031,-3.221],[-65.992,-3.188],[-65.983,-3.147],[-66.012,-3.091],[-66.011,-3.047],[-65.98,-3.011],[-65.872,-2.945],[-65.868,-2.927],[-65.913,-2.907],[-65.916,-2.879],[-65.869,-2.842],[-65.851,-2.786],[-65.792,-2.76],[-65.787,-2.654],[-65.74,-2.61]]]}},{"type":"Feature","properties":{"r":7,"n":"Parnaíba"},"geometry":{"type":"MultiLineString","coordinates":[[[-45.954,-10.18],[-45.9,-10.084],[-45.901,-10.024],[-45.86,-10.001],[-45.858,-9.832],[-45.831,-9.775],[-45.845,-9.738],[-45.837,-9.534],[-45.797,-9.461],[-45.806,-9.408],[-45.896,-9.328],[-45.907,-9.295],[-45.906,-9.179],[-45.931,-9.14],[-45.933,-9.049],[-45.982,-8.93],[-45.978,-8.905],[-45.941,-8.844],[-45.928,-8.789],[-45.821,-8.699],[-45.798,-8.638],[-45.766,-8.606],[-45.783,-8.583],[-45.751,-8.561],[-45.735,-8.433],[-45.659,-8.309],[-45.655,-8.256],[-45.614,-8.223],[-45.578,-8.152],[-45.564,-8.028],[-45.543,-8.008],[-45.557,-7.988],[-45.543,-7.864],[-45.473,-7.674],[-45.299,-7.558],[-45.025,-7.493],[-44.908,-7.445],[-44.894,-7.414],[-44.87,-7.415],[-44.817,-7.364],[-44.79,-7.377],[-44.754,-7.366],[-44.714,-7.398],[-44.697,-7.391],[-44.669,-7.333],[-44.618,-7.309],[-44.577,-7.247],[-44.5,-7.179],[-44.4,-7.126],[-44.297,-7.103],[-44.258,-7.006],[-44.207,-6.975],[-44.168,-6.924],[-44.162,-6.887],[-44.111,-6.849],[-44.094,-6.856],[-44.108,-6.82],[-44.09,-6.809],[-44.063,-6.83],[-44.049,-6.775],[-43.994,-6.761],[-43.974,-6.74],[-43.938,-6.762],[-43.83,-6.727],[-43.81,-6.706],[-43.675,-6.701],[-43.594,-6.751],[-43.566,-6.747],[-43.549,-6.782],[-43.482,-6.834],[-43.422,-6.844],[-43.369,-6.807],[-43.281,-6.797],[-43.199,-6.755],[-43.135,-6.78],[-43.074,-6.761],[-42.997,-6.761],[-42.916,-6.669],[-42.912,-6.615],[-42.879,-6.561],[-42.878,-6.504],[-42.857,-6.483],[-42.871,-6.438],[-42.858,-6.379],[-42.83,-6.352],[-42.85,-6.329],[-42.85,-6.254],[-42.964,-6.187],[-43.001,-6.124],[-43.053,-6.098],[-43.076,-6.055],[-43.064,-6.001],[-43.104,-5.924],[-43.09,-5.877],[-43.108,-5.771],[-43.083,-5.712],[-43.102,-5.623],[-43.049,-5.596],[-42.92,-5.401],[-42.849,-5.34],[-42.832,-5.313],[-42.83,-5.225],[-42.802,-5.181],[-42.834,-5.098],[-42.857,-4.924],[-42.884,-4.9],[-42.905,-4.828],[-42.953,-4.777],[-42.929,-4.732],[-42.949,-4.659],[-42.898,-4.615],[-42.863,-4.499],[-42.898,-4.404],[-42.924,-4.385],[-42.953,-4.39],[-42.966,-4.373],[-42.991,-4.24],[-42.944,-4.177],[-42.891,-4.143],[-42.838,-4.022],[-42.725,-3.911],[-42.701,-3.834],[-42.665,-3.787],[-42.675,-3.699],[-42.663,-3.672],[-42.629,-3.617],[-42.557,-3.55],[-42.501,-3.451],[-42.456,-3.478],[-42.37,-3.451],[-42.217,-3.434],[-42.1,-3.303],[-42.117,-3.269],[-42.005,-3.233],[-41.976,-3.187],[-41.95,-3.176],[-41.923,-3.108],[-41.893,-3.095],[-41.843,-3.034],[-41.813,-2.955],[-41.856,-2.9],[-41.868,-2.854],[-41.843,-2.765]]]}},{"type":"Feature","properties":{"r":7,"n":"Ivanhoe"},"geometry":{"type":"MultiLineString","coordinates":[[[-83,47.821],[-82.813,47.91],[-82.8,47.967],[-82.782,47.983],[-82.656,48.07],[-82.571,48.104],[-82.517,48.208],[-82.434,48.26],[-82.433,48.293],[-82.458,48.341],[-82.427,48.481],[-82.406,48.505],[-82.402,48.587],[-82.33,48.629],[-82.308,48.63],[-82.287,48.602],[-82.259,48.606],[-82.213,48.656]]]}},{"type":"Feature","properties":{"r":7,"n":"Colville"},"geometry":{"type":"MultiLineString","coordinates":[[[-160.114,68.773],[-160.107,68.8],[-160.139,68.83],[-160.294,68.827],[-160.333,68.841],[-160.361,68.878],[-160.345,68.916],[-160.265,68.962],[-159.986,68.991],[-159.921,69.02],[-159.781,69.006],[-159.635,69.028],[-159.319,69.017],[-159.239,69.047],[-159.141,69.059],[-158.798,69.005],[-158.695,69.037],[-158.367,69.039],[-158.14,68.982],[-158.078,68.996],[-158.003,68.982],[-157.941,69.003],[-157.833,68.98],[-157.568,68.968],[-157.487,68.922],[-157.287,68.922],[-157.146,68.886],[-156.965,68.893],[-156.92,68.878],[-156.851,68.899],[-156.569,68.876],[-156.399,68.934],[-156.344,68.929],[-156.29,68.952],[-156.146,68.948],[-155.977,68.975],[-155.852,68.96],[-155.778,68.984],[-155.735,68.96],[-155.714,68.979],[-155.72,68.996],[-155.621,68.989],[-155.522,69.009],[-155.598,69.017],[-155.577,69.041],[-155.481,69.044],[-155.454,69.067],[-155.344,69.078],[-155.229,69.052],[-154.901,69.089],[-154.397,69.099],[-154.083,69.019],[-154.024,68.989],[-153.982,68.99],[-153.943,69],[-153.908,69.043],[-153.868,69.056],[-153.405,69.119],[-152.939,69.243],[-152.555,69.277],[-152.49,69.309],[-152.176,69.353],[-152.04,69.399],[-151.934,69.396],[-151.879,69.415],[-151.645,69.43],[-151.515,69.464],[-151.534,69.476],[-151.479,69.517],[-151.507,69.558],[-151.475,69.623],[-151.52,69.664],[-151.508,69.685],[-151.558,69.737],[-151.539,69.769],[-151.594,69.81],[-151.595,69.822],[-151.54,69.839],[-151.582,69.86],[-151.554,69.911],[-151.637,69.935],[-151.609,69.982],[-151.637,70.011],[-151.595,70.03],[-151.586,70.076],[-151.532,70.098],[-151.428,70.086],[-151.341,70.044],[-151.131,70.068],[-150.993,70.113],[-151.04,70.14],[-150.912,70.179],[-150.877,70.202],[-150.845,70.253],[-150.706,70.347],[-150.417,70.415]]]}},{"type":"Feature","properties":{"r":7,"n":"Susquehanna"},"geometry":{"type":"MultiLineString","coordinates":[[[-74.882,42.818],[-74.921,42.773],[-74.965,42.677],[-74.94,42.591],[-74.984,42.489],[-75.146,42.435],[-75.195,42.393],[-75.262,42.377],[-75.281,42.349],[-75.49,42.301],[-75.482,42.271],[-75.51,42.243],[-75.586,42.215],[-75.606,42.181],[-75.599,42.159],[-75.647,42.13],[-75.603,41.984],[-75.608,41.961],[-75.757,41.983],[-75.752,42.006],[-75.804,42.044],[-75.847,42.116],[-75.873,42.106],[-75.995,42.12],[-76.123,42.079],[-76.166,42.111],[-76.275,42.109],[-76.353,42.052],[-76.455,42.049],[-76.505,41.97],[-76.511,41.904],[-76.494,41.839],[-76.442,41.797],[-76.43,41.767],[-76.388,41.78],[-76.356,41.753],[-76.325,41.75],[-76.319,41.709],[-76.277,41.698],[-76.268,41.678],[-76.21,41.674],[-76.188,41.646],[-76.103,41.62],[-76.058,41.633],[-76.065,41.599],[-76.034,41.553],[-75.996,41.571],[-75.911,41.515],[-75.902,41.477],[-75.858,41.465],[-75.839,41.421],[-75.804,41.394],[-75.784,41.331],[-75.86,41.294],[-75.886,41.256],[-76.121,41.171],[-76.141,41.153],[-76.127,41.095],[-76.145,41.077],[-76.339,41.046],[-76.473,40.956],[-76.552,40.927],[-76.646,40.955],[-76.783,40.89],[-76.795,40.851],[-76.849,40.798],[-76.847,40.713],[-76.924,40.647],[-76.942,40.599],[-76.97,40.578],[-76.97,40.523],[-76.935,40.471],[-77.017,40.389],[-76.994,40.369],[-76.912,40.345],[-76.88,40.259],[-76.744,40.187],[-76.724,40.144],[-76.658,40.088],[-76.588,40.063],[-76.53,40.062],[-76.521,40.035],[-76.466,39.988],[-76.457,39.939],[-76.383,39.905],[-76.325,39.81],[-76.236,39.761],[-76.188,39.671],[-76.077,39.56]]]}},{"type":"Feature","properties":{"r":2,"n":"Lualaba"},"geometry":{"type":"MultiLineString","coordinates":[[[25.876,-2.752],[25.817,-2.65],[25.814,-2.58],[25.759,-2.358],[25.771,-2.229],[25.761,-2.053],[25.801,-1.95],[25.812,-1.852],[25.842,-1.799],[25.842,-1.714],[25.863,-1.628],[25.858,-1.354],[25.711,-1.135],[25.663,-0.977],[25.581,-0.854],[25.485,-0.751],[25.403,-0.477],[25.406,-0.406],[25.54,-0.237],[25.561,-0.16],[25.561,-0.073],[25.519,0.014],[25.516,0.199],[25.433,0.325],[25.352,0.373],[25.333,0.414],[25.204,0.497],[25.137,0.509],[25.033,0.559],[24.934,0.539],[24.773,0.578],[24.631,0.654],[24.531,0.743],[24.321,0.744],[24.292,0.782]],[[26.93,-5.61],[26.966,-5.555],[26.966,-5.465],[27.013,-5.376],[27.027,-5.301],[26.975,-5.241],[26.994,-5.153],[26.938,-5.026],[26.959,-4.983],[26.925,-4.924],[26.927,-4.802],[26.912,-4.766],[26.85,-4.734],[26.808,-4.65],[26.781,-4.627],[26.575,-4.527],[26.438,-4.396],[26.303,-4.349],[26.266,-4.321],[26.235,-4.249],[26.059,-4.122],[25.998,-4.04],[25.993,-4.006],[26.054,-3.715],[25.998,-3.601],[25.933,-3.533],[25.889,-3.454],[25.883,-3.321],[25.938,-3.17],[25.927,-3.122],[25.95,-3.089],[25.926,-3.027],[25.944,-2.824],[25.876,-2.745]]]}},{"type":"Feature","properties":{"r":7,"n":"Prairie Dog Town Fork Red"},"geometry":{"type":"MultiLineString","coordinates":[[[-102.55,34.808],[-102.458,34.801],[-102.136,34.863],[-102.085,34.924],[-102.012,34.966],[-101.88,34.968],[-101.851,35.05],[-101.75,35.082],[-101.68,35.048],[-101.622,34.947],[-101.554,34.897],[-101.405,34.882],[-101.33,34.79],[-101.289,34.776],[-101.141,34.645],[-101.084,34.63],[-100.899,34.637]]]}},{"type":"Feature","properties":{"r":7,"n":"Morava"},"geometry":{"type":"MultiLineString","coordinates":[[[21.346,42.242],[21.366,42.382],[21.437,42.401],[21.494,42.439],[21.6,42.465],[21.583,42.492],[21.6,42.514],[21.668,42.52],[21.717,42.474],[21.792,42.475],[21.922,42.542],[22.032,42.637],[22.128,42.861],[22.041,42.954],[22.03,43.022],[21.982,43.053],[21.95,43.12],[21.849,43.216],[21.826,43.284],[21.792,43.312],[21.764,43.394],[21.777,43.41],[21.758,43.435],[21.751,43.507],[21.716,43.531],[21.641,43.545],[21.641,43.579],[21.623,43.587],[21.545,43.618],[21.49,43.614],[21.503,43.628],[21.482,43.634],[21.476,43.668],[21.455,43.651],[21.42,43.659],[21.405,43.719],[21.378,43.729],[21.374,43.798],[21.339,43.806],[21.36,43.84],[21.339,43.894],[21.352,43.897],[21.346,43.929],[21.374,43.956],[21.355,43.959],[21.36,43.976],[21.336,43.989],[21.339,44.018],[21.305,44.018],[21.278,44.052],[21.195,44.079],[21.179,44.147],[21.143,44.153],[21.139,44.185],[21.155,44.195],[21.134,44.21],[21.155,44.21],[21.147,44.244],[21.168,44.258],[21.12,44.292],[21.12,44.313],[21.145,44.317],[21.11,44.371],[21.131,44.426],[21.174,44.436],[21.147,44.456],[21.155,44.477],[21.174,44.477],[21.155,44.484],[21.161,44.505],[21.12,44.525],[21.14,44.564],[21.118,44.599],[21.085,44.601],[21.088,44.62],[21.066,44.644],[21.079,44.655],[21.051,44.675],[21.058,44.696],[21.037,44.722]]]}},{"type":"Feature","properties":{"r":7,"n":"Evros"},"geometry":{"type":"MultiLineString","coordinates":[[[23.676,42.278],[23.741,42.322],[23.858,42.32],[23.909,42.29],[23.924,42.259],[24.003,42.225],[24.094,42.243],[24.231,42.225],[24.405,42.15],[24.947,42.167],[25.03,42.149],[25.115,42.181],[25.153,42.16],[25.149,42.147],[25.214,42.12],[25.242,42.138],[25.309,42.131],[25.45,42.099],[25.502,42.069],[25.634,42.067],[25.739,42.024],[25.811,42.024],[25.852,42.044],[25.89,42.017],[25.905,41.962],[25.972,41.901],[26.062,41.888],[26.102,41.846],[26.157,41.819],[26.16,41.794],[26.211,41.751],[26.273,41.715],[26.359,41.715],[26.561,41.655],[26.602,41.585],[26.595,41.538],[26.636,41.4],[26.622,41.341],[26.591,41.33],[26.54,41.352],[26.412,41.266],[26.32,41.246],[26.335,41.229],[26.321,41.188],[26.335,41.153],[26.317,41.123],[26.339,41.115],[26.325,41.074],[26.347,41.041],[26.374,41.031],[26.368,41.008],[26.333,40.991],[26.358,40.965],[26.294,40.927],[26.303,40.909],[26.26,40.921],[26.239,40.886],[26.226,40.9],[26.205,40.865],[26.211,40.848],[26.158,40.812],[26.112,40.747],[26.044,40.738]]]}},{"type":"Feature","properties":{"r":7,"n":"Tevere"},"geometry":{"type":"MultiLineString","coordinates":[[[12.052,43.765],[12.031,43.739],[12.066,43.614],[12.047,43.587],[12.139,43.554],[12.172,43.507],[12.222,43.479],[12.253,43.367],[12.314,43.346],[12.31,43.325],[12.363,43.292],[12.458,43.164],[12.445,43.117],[12.465,43.103],[12.424,43.059],[12.417,43.031],[12.431,43.024],[12.397,42.976],[12.39,42.896],[12.369,42.867],[12.404,42.839],[12.369,42.832],[12.404,42.791],[12.273,42.736],[12.232,42.702],[12.197,42.702],[12.203,42.684],[12.24,42.639],[12.245,42.585],[12.271,42.566],[12.28,42.51],[12.3,42.49],[12.343,42.492],[12.393,42.462],[12.417,42.428],[12.451,42.421],[12.431,42.393],[12.465,42.393],[12.455,42.353],[12.486,42.325],[12.472,42.318],[12.491,42.298],[12.547,42.294],[12.561,42.271],[12.574,42.291],[12.585,42.272],[12.602,42.278],[12.63,42.241],[12.629,42.222],[12.611,42.238],[12.606,42.192],[12.638,42.156],[12.619,42.11],[12.543,42.069],[12.554,42.052],[12.515,42.039],[12.492,41.944],[12.458,41.934],[12.475,41.892],[12.459,41.836],[12.417,41.832],[12.41,41.805],[12.297,41.799],[12.273,41.777],[12.279,41.761],[12.232,41.742]]]}},{"type":"Feature","properties":{"r":7,"n":"Bandama Blanc"},"geometry":{"type":"MultiLineString","coordinates":[[[-6.105,9.436],[-6.085,9.484],[-6.085,9.535],[-6.013,9.627],[-5.919,9.64],[-5.783,9.731],[-5.722,9.796],[-5.677,9.744],[-5.66,9.768],[-5.565,9.727],[-5.469,9.755],[-5.461,9.714],[-5.372,9.673],[-5.299,9.578],[-5.308,9.513],[-5.318,9.5],[-5.338,9.514],[-5.338,9.495],[-5.299,9.487],[-5.351,9.403],[-5.338,9.385],[-5.387,9.318],[-5.405,9.23],[-5.424,9.212],[-5.455,9.213],[-5.435,9.166],[-5.458,9.1],[-5.496,9.09],[-5.497,9.063],[-5.437,9.024],[-5.421,8.994],[-5.461,9.001],[-5.441,8.98],[-5.465,8.965],[-5.46,8.926],[-5.492,8.913],[-5.459,8.878],[-5.503,8.857],[-5.447,8.829],[-5.472,8.798],[-5.51,8.817],[-5.469,8.78],[-5.475,8.768],[-5.518,8.771],[-5.51,8.734],[-5.526,8.733],[-5.528,8.711],[-5.496,8.699],[-5.502,8.677],[-5.523,8.671],[-5.511,8.628],[-5.525,8.618],[-5.555,8.64],[-5.565,8.631],[-5.551,8.624],[-5.584,8.609],[-5.551,8.569],[-5.585,8.555],[-5.571,8.531],[-5.619,8.521],[-5.523,8.466],[-5.543,8.45],[-5.596,8.459],[-5.619,8.448],[-5.579,8.405],[-5.416,8.33],[-5.346,8.26],[-5.366,8.26],[-5.348,8.211],[-5.359,8.164],[-5.403,8.159],[-5.391,8.136],[-5.401,8.113],[-5.467,8.111],[-5.475,8.096]]]}},{"type":"Feature","properties":{"r":7,"n":"Bomu"},"geometry":{"type":"MultiLineString","coordinates":[[[22.422,4.135],[22.492,4.174],[22.546,4.237],[22.539,4.278],[22.613,4.375],[22.589,4.422],[22.592,4.474],[22.689,4.492],[22.696,4.536],[22.73,4.587],[22.723,4.629],[22.757,4.661],[22.786,4.725],[22.853,4.711],[22.895,4.766],[22.882,4.801],[22.898,4.824],[22.977,4.834],[23.017,4.751],[23.099,4.712],[23.168,4.738],[23.264,4.635],[23.316,4.608],[23.414,4.591],[23.448,4.66],[23.506,4.677],[23.588,4.734],[23.76,4.788],[23.816,4.821],[23.948,4.818],[23.95,4.868],[23.978,4.854],[24.089,4.92],[24.152,4.903],[24.209,4.956],[24.246,4.954],[24.259,4.93],[24.296,5.003],[24.368,5.013],[24.398,5.036],[24.361,5.063],[24.396,5.123],[24.43,5.068],[24.436,5.101],[24.459,5.108],[24.513,5.087],[24.553,5.039],[24.601,5.026],[24.615,4.985],[24.67,4.957],[24.654,4.93],[24.73,4.918],[24.766,4.93],[24.789,4.92],[24.819,4.945],[24.848,4.937],[24.958,4.992],[25.076,4.952],[25.129,5.019],[25.227,5.01],[25.307,5.032],[25.349,5.142],[25.314,5.163],[25.307,5.185],[25.343,5.272],[25.376,5.293],[25.363,5.311],[25.395,5.334],[25.435,5.329],[25.482,5.357],[25.504,5.342],[25.54,5.355],[25.532,5.372],[25.543,5.375],[25.581,5.375],[25.6,5.341],[25.622,5.341],[25.609,5.32],[25.691,5.3],[25.743,5.251],[25.771,5.246],[25.781,5.259],[25.769,5.265],[25.792,5.263],[25.794,5.239],[25.814,5.245],[25.826,5.195],[25.849,5.218],[25.872,5.217],[25.91,5.17],[25.912,5.191],[25.958,5.198],[25.971,5.228],[26.026,5.19],[26.077,5.216],[26.095,5.211],[26.088,5.245],[26.112,5.239],[26.129,5.259],[26.157,5.233],[26.184,5.225],[26.198,5.239],[26.226,5.183],[26.246,5.19],[26.272,5.159],[26.362,5.136],[26.39,5.149],[26.441,5.104],[26.462,5.06],[26.502,5.048],[26.568,5.06],[26.598,5.081],[26.629,5.067],[26.691,5.095],[26.739,5.095],[26.808,5.039],[26.832,5.054],[26.866,5.038],[26.961,5.151],[27.073,5.203],[27.301,5.132],[27.361,5.096]]]}},{"type":"Feature","properties":{"r":7,"n":"Mbam"},"geometry":{"type":"MultiLineString","coordinates":[[[11.985,7.102],[11.986,6.884],[12.005,6.725],[12.026,6.647],[12.102,6.564],[12.145,6.541],[12.12,6.456],[12.066,6.405],[12.061,6.344],[12.018,6.32],[11.995,6.266],[11.937,6.253],[11.937,6.232],[11.914,6.239],[11.849,6.198],[11.788,6.193],[11.616,6.07],[11.334,5.996],[11.308,6.001],[11.275,5.981],[11.266,5.971],[11.28,5.949],[11.259,5.924],[11.278,5.865],[11.274,5.819],[11.314,5.79],[11.273,5.732],[11.211,5.684],[11.219,5.67],[11.19,5.622],[11.211,5.564],[11.204,5.495],[11.178,5.449],[11.198,5.43],[11.134,5.348],[11.081,5.32],[11.076,5.216],[11.136,5.064],[11.102,5.014],[11.129,4.988],[11.108,4.916],[11.141,4.859],[11.202,4.875],[11.191,4.824],[11.232,4.821],[11.225,4.793],[11.252,4.807],[11.32,4.793],[11.386,4.731],[11.382,4.673],[11.407,4.631],[11.298,4.47],[11.28,4.402]]]}},{"type":"Feature","properties":{"r":7,"n":"Aïna"},"geometry":{"type":"MultiLineString","coordinates":[[[12.534,2.045],[12.499,2.196],[12.512,2.245],[12.544,2.271],[12.574,2.278],[12.614,2.257],[12.749,2.237],[12.808,2.264],[12.867,2.245],[12.924,2.264],[13.04,2.244],[13.092,2.254],[13.133,2.285],[13.163,2.283],[13.212,2.264],[13.242,2.272],[13.294,2.231],[13.291,2.069],[13.281,2.045],[13.206,1.994],[13.21,1.956],[13.162,1.9],[13.191,1.829],[13.15,1.756],[13.149,1.636],[13.129,1.593],[13.164,1.538],[13.182,1.537],[13.184,1.497],[13.239,1.428],[13.251,1.338],[13.233,1.309],[13.15,1.257],[13.184,1.223],[13.129,1.178]]]}},{"type":"Feature","properties":{"r":7,"n":"Cuanza"},"geometry":{"type":"MultiLineString","coordinates":[[[17.442,-13.205],[17.458,-13.098],[17.55,-12.973],[17.615,-12.837],[17.642,-12.822],[17.666,-12.778],[17.642,-12.705],[17.642,-12.456],[17.696,-12.291],[17.61,-12.158],[17.626,-12.103],[17.614,-12.041],[17.678,-11.934],[17.652,-11.867],[17.665,-11.83],[17.599,-11.789],[17.572,-11.719],[17.5,-11.684],[17.511,-11.633],[17.478,-11.539],[17.488,-11.516],[17.53,-11.495],[17.516,-11.476],[17.488,-11.489],[17.488,-11.452],[17.513,-11.43],[17.519,-11.396],[17.458,-11.289],[17.453,-11.239],[17.398,-11.226],[17.392,-11.209],[17.446,-11.171],[17.449,-11.103],[17.378,-10.996],[17.372,-10.927],[17.29,-10.862],[17.172,-10.852],[17.15,-10.809],[17.114,-10.811],[17.092,-10.833],[17.031,-10.796],[16.888,-10.75],[16.786,-10.769],[16.715,-10.695],[16.665,-10.688],[16.613,-10.633],[16.614,-10.611],[16.638,-10.591],[16.596,-10.562],[16.495,-10.434],[16.442,-10.403],[16.446,-10.345],[16.402,-10.29],[16.355,-10.274],[16.336,-10.249],[16.336,-10.169],[16.378,-10.139],[16.34,-9.989],[16.317,-9.963],[16.305,-9.893],[16.232,-9.843],[16.2,-9.762],[16.163,-9.743],[16.068,-9.731],[16.056,-9.741],[16.028,-9.721],[15.984,-9.727],[15.966,-9.712],[15.918,-9.735],[15.82,-9.714],[15.786,-9.768],[15.758,-9.783],[15.611,-9.781],[15.581,-9.797],[15.521,-9.79],[15.508,-9.803],[15.303,-9.817],[15.203,-9.796],[15.109,-9.724],[14.956,-9.673],[14.932,-9.721],[14.853,-9.714],[14.768,-9.727],[14.74,-9.759],[14.634,-9.775],[14.559,-9.769],[14.538,-9.782],[14.411,-9.688],[14.325,-9.69],[14.285,-9.68],[14.268,-9.643],[14.24,-9.625],[14.161,-9.628],[14.124,-9.55],[14.092,-9.523],[14.011,-9.538],[13.973,-9.522],[13.959,-9.488],[13.925,-9.471],[13.799,-9.302],[13.728,-9.282],[13.714,-9.269],[13.719,-9.248],[13.647,-9.234],[13.638,-9.212],[13.579,-9.186],[13.411,-9.156],[13.305,-9.162],[13.245,-9.203],[13.184,-9.31],[13.143,-9.33]],[[17.442,-13.205],[17.442,-13.205]],[[17.351,-13.538],[17.425,-13.468],[17.44,-13.35],[17.468,-13.329],[17.465,-13.252],[17.442,-13.205]]]}},{"type":"Feature","properties":{"r":7,"n":"Cuando"},"geometry":{"type":"MultiLineString","coordinates":[[[19.205,-13.044],[19.365,-13.103],[19.469,-13.225],[19.475,-13.291],[19.536,-13.394],[19.509,-13.459],[19.537,-13.501],[19.516,-13.549],[19.53,-13.558],[19.522,-13.581],[19.607,-13.741],[19.668,-13.902],[19.743,-14.233],[19.79,-14.298],[19.93,-14.414],[20.082,-14.488],[20.188,-14.655],[20.195,-14.751],[20.216,-14.795],[20.308,-14.926],[20.355,-14.96],[20.386,-14.962],[20.394,-14.991]],[[20.4,-14.991],[20.549,-14.988],[20.59,-14.966],[20.637,-14.97],[20.667,-14.956],[20.787,-15.003],[20.837,-14.982],[20.891,-15.016],[20.928,-15.005],[21.106,-15.216],[21.138,-15.213],[21.167,-15.261],[21.211,-15.25],[21.264,-15.333],[21.264,-15.361],[21.323,-15.395],[21.339,-15.426],[21.377,-15.423],[21.391,-15.436],[21.422,-15.559],[21.436,-15.58],[21.48,-15.594],[21.572,-15.751],[21.596,-15.82],[21.622,-15.845],[21.709,-15.854],[21.723,-15.892],[21.755,-15.904],[21.841,-16.073],[21.939,-16.123],[22.01,-16.198],[22.045,-16.252],[22.011,-16.252],[22.052,-16.327],[22.055,-16.365],[22.105,-16.379],[22.079,-16.458],[22.107,-16.512],[22.104,-16.537],[22.138,-16.553],[22.151,-16.598],[22.237,-16.665],[22.29,-16.656],[22.333,-16.674],[22.377,-16.735],[22.416,-16.754],[22.508,-16.906],[22.567,-16.937],[22.573,-16.971],[22.651,-16.999],[22.71,-17.055],[22.765,-17.17],[22.876,-17.248],[22.998,-17.294],[23.097,-17.432],[23.176,-17.478],[23.189,-17.536],[23.305,-17.539],[23.382,-17.601],[23.365,-17.74],[23.33,-17.816],[23.333,-17.89],[23.306,-17.91],[23.312,-17.958],[23.292,-17.999],[23.333,-18.043],[23.333,-18.074],[23.395,-18.163],[23.395,-18.191],[23.429,-18.188],[23.464,-18.225],[23.501,-18.237],[23.521,-18.268],[23.518,-18.294],[23.56,-18.348],[23.546,-18.369],[23.592,-18.478]]]}},{"type":"Feature","properties":{"r":2,"n":"Irtysh"},"geometry":{"type":"MultiLineString","coordinates":[[[68.861,61.124],[68.951,61.094],[68.986,61.029],[69.06,60.984],[69.158,60.98],[69.238,60.954],[69.321,60.961],[69.387,60.937],[69.462,60.951],[69.501,60.882],[69.563,60.848],[69.597,60.793],[69.639,60.766],[69.676,60.69],[69.87,60.661],[69.866,60.641],[69.822,60.614],[69.813,60.585],[69.753,60.536],[69.817,60.439],[69.765,60.36],[69.845,60.336],[69.884,60.233],[69.8,60.238],[69.781,60.205],[69.694,60.155],[69.68,60.114],[69.71,60.092],[69.789,60.114],[69.913,60.039],[69.91,59.973],[69.85,59.911],[69.922,59.837],[69.895,59.823],[69.787,59.842],[69.748,59.741],[69.553,59.753],[69.465,59.673],[69.312,59.643],[69.268,59.552],[69.219,59.541],[69.089,59.564],[69.086,59.502],[69.033,59.453],[68.889,59.451],[68.939,59.407],[68.942,59.385],[68.879,59.343],[68.855,59.288],[68.794,59.261],[68.821,59.237],[68.816,59.177],[68.908,59.176],[68.923,59.161],[68.857,59.13],[68.842,59.106],[68.892,59.019],[68.877,59.006],[68.767,59.035],[68.746,59.027],[68.765,59.002],[68.859,58.958],[68.863,58.935],[68.729,58.923],[68.757,58.862],[68.677,58.85],[68.749,58.791],[68.727,58.758],[68.671,58.748],[68.614,58.789],[68.575,58.791],[68.593,58.721],[68.549,58.641],[68.591,58.608],[68.587,58.567],[68.622,58.525],[68.609,58.504],[68.422,58.515],[68.332,58.454],[68.344,58.398],[68.327,58.36],[68.302,58.344],[68.178,58.354],[68.151,58.341],[68.164,58.303],[68.236,58.273],[68.222,58.166]],[[73.722,54.694],[73.608,54.732],[73.564,54.797],[73.478,54.843],[73.357,54.838],[73.303,54.852],[73.333,54.925],[73.358,54.948],[73.36,54.995],[73.187,55.023],[73.151,55.05],[73.141,55.115],[73.195,55.207],[73.177,55.241],[73.134,55.259],[73.01,55.237],[72.98,55.247],[73.033,55.324],[73.155,55.355],[73.272,55.439],[73.439,55.486],[73.474,55.545],[73.554,55.583],[73.824,55.65],[73.986,55.724],[74.225,55.723],[74.367,55.744],[74.412,55.779],[74.447,55.839],[74.617,55.931],[74.773,56.099],[74.757,56.122],[74.65,56.11],[74.617,56.135],[74.714,56.172],[74.704,56.21],[74.663,56.22],[74.682,56.257],[74.653,56.298],[74.677,56.316],[74.732,56.267],[74.782,56.269],[74.796,56.291],[74.787,56.315],[74.701,56.36],[74.791,56.401],[74.714,56.41],[74.677,56.435],[74.705,56.529],[74.649,56.552],[74.681,56.606],[74.581,56.609],[74.571,56.632],[74.619,56.681],[74.523,56.729],[74.545,56.748],[74.584,56.73],[74.605,56.736],[74.557,56.795],[74.572,56.821],[74.491,56.917],[74.369,56.925],[74.352,56.942],[74.407,56.949],[74.41,56.974],[74.331,56.969],[74.297,56.99],[74.229,56.978],[74.206,57.017],[74.105,57.031],[74.093,57.051],[74.154,57.118],[74.014,57.178],[73.821,57.163],[73.738,57.221],[73.618,57.23],[73.635,57.243],[73.689,57.242],[73.701,57.254],[73.686,57.266],[73.484,57.284],[73.428,57.269],[73.422,57.287],[73.445,57.303],[73.433,57.319],[73.347,57.301],[73.276,57.36],[73.185,57.35],[73.167,57.401],[73.125,57.382],[73.105,57.412],[73.018,57.439],[72.954,57.429],[72.94,57.436],[72.954,57.466],[72.934,57.478],[72.857,57.427],[72.762,57.474],[72.587,57.497],[72.548,57.486],[72.471,57.55],[72.42,57.545],[72.446,57.518],[72.394,57.521],[72.372,57.535],[72.371,57.578],[72.197,57.573],[72.159,57.552],[72.064,57.559],[72.007,57.579],[71.811,57.581],[71.795,57.588],[71.829,57.624],[71.823,57.647],[71.698,57.615],[71.685,57.631],[71.696,57.659],[71.679,57.662],[71.533,57.631],[71.507,57.648],[71.509,57.688],[71.412,57.703],[71.364,57.73],[71.228,57.697],[71.158,57.696],[71.093,57.75],[71.018,57.734],[70.957,57.754],[70.996,57.788],[70.984,57.792],[70.892,57.793],[70.872,57.786],[70.855,57.751],[70.836,57.75],[70.723,57.792],[70.694,57.827],[70.629,57.858],[70.611,57.809],[70.592,57.81],[70.555,57.865],[70.485,57.87],[70.439,57.841],[70.384,57.922],[70.436,57.934],[70.431,57.945],[70.377,57.957],[70.293,57.942],[70.272,57.984],[70.249,57.988],[70.151,57.943],[70.138,57.949],[70.141,57.98],[70.093,58.005],[70.035,58.011],[69.993,57.99],[69.935,58.019],[69.85,57.984],[69.731,57.983],[69.733,57.957],[69.705,57.95],[69.479,57.99],[69.482,58.029],[69.38,58.03],[69.363,58.018],[69.375,58.004],[69.363,57.99],[69.312,58.004],[69.261,57.984],[69.176,58.049],[69.115,58.034],[69.034,57.984],[68.969,58.007],[68.907,58.004],[68.924,58.039],[68.897,58.049],[68.792,58.002],[68.753,58.025],[68.763,58.055],[68.719,58.081],[68.543,58.143],[68.503,58.148],[68.441,58.121],[68.361,58.168],[68.278,58.149],[68.226,58.168]],[[73.722,54.694],[73.728,54.694]],[[74.994,53.986],[74.893,54.008],[74.931,54.019],[74.914,54.036],[74.935,54.085],[74.901,54.115],[74.813,54.142],[74.682,54.257],[74.634,54.363],[74.595,54.395],[74.447,54.414],[74.341,54.512],[74.257,54.551],[74.073,54.563],[73.874,54.663],[73.722,54.694]]]}},{"type":"Feature","properties":{"r":7,"n":"Marico"},"geometry":{"type":"MultiLineString","coordinates":[[[26.431,-24.982],[26.457,-24.832],[26.41,-24.742],[26.404,-24.633],[26.469,-24.571],[26.531,-24.459],[26.623,-24.399],[26.692,-24.327],[26.839,-24.266],[26.962,-23.737]]]}},{"type":"Feature","properties":{"r":7,"n":"Luwegu"},"geometry":{"type":"MultiLineString","coordinates":[[[36.018,-10.444],[36.052,-10.396],[36.059,-10.331],[36.104,-10.221],[36.153,-10.144],[36.144,-10.125],[36.188,-10.092],[36.182,-10.026],[36.23,-9.846],[36.285,-9.769],[36.396,-9.696],[36.44,-9.634],[36.46,-9.541],[36.558,-9.493],[36.688,-9.47],[36.733,-9.436],[36.798,-9.425],[36.937,-9.308],[37.022,-9.259],[37.028,-9.22],[37.191,-9.155],[37.237,-9.118],[37.232,-9.098],[37.272,-9.09]]]}},{"type":"Feature","properties":{"r":7,"n":"Akobo"},"geometry":{"type":"MultiLineString","coordinates":[[[35.853,6.739],[35.795,6.679],[35.648,6.623],[35.62,6.636],[35.572,6.705],[35.579,6.731],[35.563,6.75],[35.483,6.749],[35.4,6.713],[35.364,6.636],[35.306,6.582],[35.331,6.558],[35.323,6.544],[35.278,6.52],[35.13,6.507],[35.092,6.466],[35.048,6.492],[34.976,6.507],[34.936,6.549],[34.898,6.559],[34.863,6.605],[34.774,6.616],[34.726,6.642],[34.703,6.685],[34.635,6.73],[34.524,6.753],[34.511,6.814],[34.523,6.844],[34.503,6.89],[34.439,6.935],[34.28,6.98],[34.198,7.065],[34.181,7.167],[34.132,7.164],[34.033,7.25],[34.03,7.349],[34.006,7.41],[33.882,7.536],[33.811,7.561],[33.761,7.598],[33.715,7.657],[33.637,7.691],[33.55,7.691],[33.516,7.726],[33.462,7.75],[33.347,7.719],[33.291,7.733],[33.233,7.783],[33.164,7.801],[33.12,7.783],[33.058,7.798],[33.023,7.835],[32.989,7.917]]]}},{"type":"Feature","properties":{"r":7,"n":"Ghäghara"},"geometry":{"type":"MultiLineString","coordinates":[[[80.923,30.552],[81.025,30.542],[81.09,30.477],[81.109,30.383],[81.17,30.319],[81.198,30.224],[81.326,30.156],[81.461,30.169],[81.541,30.071],[81.636,30.045],[81.746,30.037],[81.78,29.977],[81.86,29.927],[81.857,29.889],[81.876,29.847],[81.863,29.807],[82.014,29.747],[81.986,29.704],[81.879,29.656],[81.859,29.626],[81.777,29.613],[81.781,29.534],[81.725,29.498],[81.708,29.468],[81.709,29.402],[81.739,29.353],[81.743,29.312],[81.724,29.281],[81.616,29.223],[81.606,29.182],[81.41,29.024],[81.415,28.981],[81.528,28.853],[81.572,28.77],[81.513,28.75],[81.525,28.765],[81.516,28.808],[81.426,28.904],[81.338,28.894],[81.294,28.915],[81.208,28.908],[81.054,28.976],[80.992,28.935],[81.078,28.863],[81.136,28.866],[81.161,28.83],[81.211,28.812],[81.19,28.859],[81.205,28.852],[81.228,28.826],[81.277,28.697],[81.264,28.586],[81.218,28.407],[81.194,28.367],[81.198,28.339],[81.163,28.311],[81.099,28.339],[81.065,28.254],[81.127,28.172],[81.134,28.111],[81.171,28.095],[81.184,28.071],[81.156,28.027],[81.214,28],[81.239,27.948],[81.3,27.92],[81.273,27.876],[81.286,27.846],[81.273,27.821],[81.28,27.77],[81.252,27.715],[81.308,27.666],[81.307,27.539],[81.355,27.446],[81.396,27.414],[81.414,27.31],[81.455,27.283],[81.458,27.256],[81.43,27.222],[81.458,27.184],[81.449,27.142],[81.479,27.099],[81.475,27.077],[81.501,27.059],[81.568,27.064],[81.607,27.047],[81.719,26.948],[81.738,26.91],[81.787,26.897],[81.844,26.808],[81.969,26.789],[82.094,26.853],[82.23,26.816],[82.247,26.797],[82.225,26.77],[82.325,26.717],[82.355,26.674],[82.419,26.648],[82.476,26.659],[82.572,26.614],[82.649,26.614],[82.703,26.561],[82.814,26.578],[83.004,26.476],[83.077,26.4],[83.323,26.352],[83.429,26.271],[83.466,26.263],[83.507,26.276],[83.708,26.268],[83.775,26.249],[83.862,26.185],[83.897,26.125],[84.108,26.087],[84.15,26.066],[84.176,26.023],[84.206,26.015],[84.226,25.964],[84.261,25.931],[84.374,25.94],[84.457,25.87],[84.532,25.862],[84.605,25.8],[84.642,25.734],[84.713,25.742]]]}},{"type":"Feature","properties":{"r":7,"n":"Chindwin"},"geometry":{"type":"MultiLineString","coordinates":[[[96.903,25.632],[96.877,25.704],[96.897,25.732],[96.901,25.814],[96.955,25.929],[96.987,25.951],[97.017,26.012],[97.013,26.05],[97.061,26.14],[97.053,26.191],[96.945,26.303],[96.858,26.33],[96.804,26.379],[96.773,26.364],[96.739,26.393],[96.699,26.372],[96.568,26.42],[96.487,26.51],[96.452,26.496],[96.404,26.512],[96.414,26.551],[96.368,26.546],[96.335,26.584],[96.286,26.583],[96.301,26.637],[96.266,26.639],[96.28,26.619],[96.251,26.588],[96.226,26.591],[96.255,26.512],[96.246,26.482],[96.232,26.502],[96.224,26.382],[96.205,26.359],[96.157,26.359],[96.144,26.34],[96.186,26.3],[96.157,26.283],[96.091,26.29],[96.044,26.275],[96.009,26.195],[95.954,26.165],[95.883,26.077],[95.884,26.037],[95.862,26.015],[95.822,26.024],[95.808,26.069],[95.759,26.022],[95.708,26.026],[95.704,25.981],[95.675,26.02],[95.642,26],[95.636,25.954],[95.589,25.934],[95.596,25.899],[95.568,25.879],[95.578,25.853],[95.523,25.816],[95.516,25.785],[95.437,25.732],[95.416,25.681],[95.444,25.608],[95.421,25.544],[95.382,25.525],[95.362,25.385],[95.287,25.355],[95.284,25.322],[95.218,25.283],[95.201,25.248],[95.136,25.255],[95.077,25.22],[95.04,25.132],[95.043,25.102],[94.987,25.061],[94.972,24.981],[94.949,24.986],[94.922,24.939],[94.861,24.901],[94.936,24.844],[94.934,24.827],[94.879,24.806],[94.876,24.775],[94.846,24.759],[94.738,24.727],[94.698,24.65],[94.684,24.57],[94.732,24.523],[94.718,24.513],[94.729,24.457],[94.709,24.432],[94.767,24.413],[94.823,24.325],[94.823,24.29],[94.807,24.275],[94.734,24.272],[94.699,24.254],[94.698,24.193],[94.665,24.159],[94.645,24.151],[94.626,24.18],[94.591,24.172],[94.615,24.117],[94.607,24.066],[94.553,24.028],[94.561,24.002],[94.624,23.961],[94.622,23.933],[94.509,23.888],[94.54,23.823],[94.426,23.724],[94.428,23.543],[94.328,23.431],[94.321,23.391],[94.34,23.337],[94.37,23.314],[94.307,23.212],[94.335,23.194],[94.347,23.115],[94.437,23.049],[94.441,23.029],[94.418,22.998],[94.396,22.987],[94.376,23.001],[94.363,22.989],[94.385,22.948],[94.496,22.937],[94.528,22.888],[94.55,22.885],[94.661,22.911],[94.678,22.983],[94.705,22.987],[94.74,22.966],[94.738,22.907],[94.76,22.881],[94.757,22.858],[94.69,22.795],[94.729,22.726],[94.776,22.701],[94.761,22.621],[94.807,22.541],[94.819,22.47],[94.93,22.397],[94.982,22.394],[95.119,22.111],[95.135,22.073],[95.129,21.948],[95.147,21.84],[95.243,21.712],[95.269,21.622],[95.259,21.527],[95.273,21.445]]]}},{"type":"Feature","properties":{"r":7,"n":"Krong"},"geometry":{"type":"MultiLineString","coordinates":[[[108.066,11.885],[108.092,11.922],[108.088,11.94],[108.023,12.008],[108.014,12.046],[107.985,12.065],[107.987,12.091],[107.998,12.126],[108.053,12.146],[108.114,12.143],[108.129,12.201],[108.046,12.291],[107.979,12.307],[107.941,12.354],[107.935,12.425],[107.978,12.434],[108.006,12.487],[107.91,12.538],[107.912,12.566],[107.947,12.585],[107.948,12.602],[107.914,12.744],[107.868,12.764],[107.869,12.807],[107.833,12.815],[107.821,12.865],[107.777,12.876],[107.791,12.913],[107.773,12.907],[107.693,12.937],[107.646,12.985],[107.553,12.978],[107.539,13.003],[107.426,13.068],[107.377,13.237]]]}},{"type":"Feature","properties":{"r":7,"n":"Wu"},"geometry":{"type":"MultiLineString","coordinates":[[[106.731,27.318],[106.837,27.324],[106.907,27.269],[106.991,27.359],[107.018,27.359],[107.077,27.324],[107.149,27.359],[107.19,27.354],[107.183,27.325],[107.122,27.249],[107.143,27.236],[107.238,27.252],[107.36,27.3],[107.389,27.324],[107.426,27.403],[107.505,27.455],[107.562,27.396],[107.615,27.372],[107.667,27.383],[107.745,27.49],[107.77,27.479],[107.814,27.54],[107.882,27.558],[107.888,27.637],[108.041,27.725],[108.088,27.736],[108.139,27.794],[108.162,27.805],[108.211,27.791],[108.247,27.953],[108.187,28.052],[108.245,28.188],[108.211,28.236],[108.251,28.306],[108.304,28.339],[108.302,28.362],[108.266,28.38],[108.273,28.393],[108.338,28.411],[108.404,28.452],[108.41,28.49],[108.458,28.503],[108.503,28.613],[108.505,28.64],[108.33,28.689],[108.32,28.74],[108.376,28.794],[108.342,28.859],[108.34,28.92],[108.301,29.006],[108.291,29.137],[108.185,29.224],[108.108,29.387],[108.073,29.397],[107.952,29.385],[107.938,29.326],[107.882,29.257],[107.816,29.321],[107.729,29.346],[107.646,29.397],[107.562,29.409],[107.516,29.442],[107.471,29.518],[107.475,29.584],[107.412,29.607],[107.389,29.641],[107.402,29.73]],[[106.731,27.318],[106.724,27.318]],[[104.592,26.808],[104.757,26.699],[104.788,26.706],[104.823,26.685],[104.86,26.706],[104.931,26.687],[104.957,26.638],[105,26.646],[105.052,26.692],[105.128,26.642],[105.185,26.664],[105.196,26.598],[105.216,26.591],[105.231,26.552],[105.288,26.536],[105.326,26.557],[105.347,26.546],[105.376,26.43],[105.472,26.341],[105.564,26.34],[105.61,26.376],[105.675,26.393],[105.717,26.386],[105.737,26.4],[105.787,26.388],[106.11,26.499],[106.162,26.626],[106.132,26.657],[106.162,26.674],[106.172,26.708],[106.163,26.778],[106.127,26.817],[106.13,26.838],[106.22,26.893],[106.271,26.869],[106.319,26.899],[106.35,26.89],[106.378,26.966],[106.437,26.996],[106.402,27.129],[106.45,27.194],[106.491,27.194],[106.643,27.299],[106.731,27.318]]]}},{"type":"Feature","properties":{"r":7,"n":"Xiang"},"geometry":{"type":"MultiLineString","coordinates":[[[110.617,25.488],[110.688,25.536],[110.706,25.578],[110.679,25.628],[110.739,25.714],[110.827,25.755],[110.893,25.844],[110.955,25.887],[110.973,25.879],[111.007,25.907],[111.041,25.899],[111.048,25.92],[111.089,25.94],[111.096,25.989],[111.161,26.021],[111.261,26.265],[111.283,26.273],[111.274,26.303],[111.39,26.331],[111.438,26.31],[111.487,26.324],[111.514,26.29],[111.527,26.303],[111.591,26.271],[111.607,26.308],[111.59,26.351],[111.604,26.408],[111.582,26.434],[111.637,26.516],[111.713,26.578],[111.706,26.611],[111.74,26.572],[111.74,26.55],[111.765,26.596],[111.798,26.598],[111.811,26.578],[111.863,26.598],[111.869,26.506],[111.901,26.526],[111.952,26.465],[111.985,26.455],[112.049,26.468],[112.035,26.482],[112.049,26.497],[112.133,26.501],[112.189,26.549],[112.229,26.541],[112.181,26.489],[112.22,26.472],[112.277,26.48],[112.3,26.509],[112.303,26.564],[112.317,26.577],[112.36,26.557],[112.411,26.598],[112.432,26.57],[112.463,26.564],[112.483,26.585],[112.521,26.578],[112.628,26.623],[112.63,26.66],[112.677,26.751],[112.611,26.756],[112.584,26.79],[112.592,26.809],[112.649,26.828],[112.666,26.858],[112.616,26.885],[112.611,26.903],[112.652,26.976],[112.653,27.016],[112.682,27.03],[112.717,26.99],[112.757,27.002],[112.728,27.083],[112.808,27.102],[112.804,27.133],[112.848,27.16],[112.844,27.202],[112.861,27.235],[112.921,27.286],[112.932,27.324],[112.909,27.385],[112.914,27.423],[112.974,27.449],[113.001,27.399],[113.045,27.4],[113.035,27.455],[113.138,27.517],[113.103,27.637],[113.124,27.715],[113.111,27.766],[113.138,27.821],[113.131,27.841],[113.083,27.86],[113.017,27.851],[112.945,27.803],[112.891,27.811],[112.884,27.849],[112.991,27.958],[112.932,28.045],[112.959,28.202],[112.954,28.279],[112.844,28.386],[112.766,28.508],[112.763,28.545],[112.81,28.589],[112.805,28.626],[112.777,28.65],[112.714,28.64],[112.711,28.674],[112.794,28.717],[112.827,28.767],[112.874,28.777],[112.884,28.794],[112.884,28.956],[113.011,29.069],[113.013,29.111],[112.994,29.147]]]}},{"type":"Feature","properties":{"r":7,"n":"Huai"},"geometry":{"type":"MultiLineString","coordinates":[[[113.72,32.416],[113.765,32.423],[113.796,32.41],[113.805,32.426],[113.851,32.41],[113.883,32.319],[113.906,32.303],[113.899,32.277],[113.954,32.241],[114.021,32.25],[114.062,32.31],[114.085,32.397],[114.13,32.45],[114.182,32.411],[114.214,32.41],[114.31,32.361],[114.365,32.286],[114.44,32.279],[114.49,32.3],[114.522,32.288],[114.623,32.313],[114.659,32.314],[114.66,32.287],[114.717,32.32],[114.948,32.273],[114.982,32.3],[115.033,32.293],[115.077,32.307],[115.109,32.369],[115.225,32.334],[115.349,32.382],[115.367,32.398],[115.351,32.41],[115.361,32.422],[115.393,32.41],[115.426,32.434],[115.53,32.401],[115.564,32.41]],[[115.564,32.402],[115.609,32.416],[115.646,32.402],[115.694,32.492],[115.742,32.479],[115.754,32.498],[115.79,32.471],[115.843,32.542],[115.884,32.572],[115.989,32.611],[116.107,32.524],[116.137,32.458],[116.174,32.43],[116.243,32.461],[116.257,32.496],[116.289,32.519],[116.441,32.436],[116.481,32.445],[116.521,32.501]]]}},{"type":"Feature","properties":{"r":7,"n":"Ingoda"},"geometry":{"type":"MultiLineString","coordinates":[[[111.028,49.796],[111.039,49.838],[111.181,49.949],[111.182,50.01],[111.144,50.135],[111.186,50.271],[111.213,50.299],[111.312,50.317],[111.397,50.395],[111.41,50.427],[111.455,50.453],[111.488,50.503],[111.48,50.576],[111.26,50.676],[111.232,50.714],[111.227,50.736],[111.28,50.772],[111.308,50.855],[111.349,50.862],[111.369,50.834],[111.446,50.855],[111.487,50.841],[111.554,50.848],[111.586,50.884],[111.676,50.919],[111.758,50.928],[111.816,51],[112.124,51.076],[112.15,51.112],[112.246,51.149],[112.323,51.211],[112.42,51.252],[112.439,51.314],[112.535,51.396],[112.769,51.472],[112.844,51.546],[112.94,51.588],[113.08,51.735],[113.083,51.804],[113.138,51.879],[113.218,51.944],[113.36,52.005],[113.446,52.004],[113.496,52.02],[113.533,52.011],[113.593,51.978],[113.658,51.887],[113.739,51.845],[113.741,51.787],[113.859,51.747],[113.927,51.753],[113.96,51.728],[113.983,51.672],[114.042,51.643],[114.104,51.635],[114.128,51.608],[114.327,51.604],[114.368,51.624],[114.496,51.643],[114.575,51.639],[114.637,51.676],[114.747,51.704],[114.821,51.76],[115.046,51.746],[115.375,51.792],[115.464,51.764],[115.514,51.775],[115.677,51.759],[115.829,51.722]]]}},{"type":"Feature","properties":{"r":2,"n":"Congo"},"geometry":{"type":"MultiLineString","coordinates":[[[24.292,0.782],[24.226,0.868],[24.211,0.913],[24.14,0.971],[23.91,1.075],[23.772,1.086],[23.741,1.11],[23.677,1.122],[23.599,1.173],[23.438,1.391],[23.323,1.488],[23.184,1.643],[23.045,1.848],[22.953,1.905],[22.842,1.915],[22.715,1.959],[22.601,2.082],[22.498,2.152],[22.283,2.182],[22.234,2.171],[22.093,2.187],[21.597,2.148],[21.518,2.117],[21.344,2.091],[21.207,2.006],[21.101,1.995],[20.907,2.017],[20.643,1.991],[20.447,1.993],[20.303,1.954],[20.155,1.961],[19.918,1.893],[19.756,1.83],[19.695,1.789],[19.47,1.721],[19.123,1.563],[18.91,1.376],[18.778,1.291],[18.64,1.149],[18.571,1.106],[18.468,1.005],[18.391,0.889],[18.349,0.769],[18.252,0.197],[18.195,0.089],[18.149,-0.089],[18.078,-0.199],[17.664,-0.613],[17.65,-0.646],[17.364,-0.967],[17.297,-1.021],[17.022,-1.097],[16.833,-1.269],[16.636,-1.621],[16.604,-1.754],[16.513,-1.887],[16.469,-1.913],[16.206,-2.161],[16.174,-2.303],[16.191,-2.347],[16.225,-2.635],[16.177,-2.882],[16.193,-3.238],[16.227,-3.29],[16.225,-3.313],[16.115,-3.544],[16.053,-3.62],[15.991,-3.739],[15.912,-3.917],[15.844,-3.965],[15.711,-3.992],[15.533,-4.058],[15.49,-4.175],[15.458,-4.214],[15.203,-4.339],[15.097,-4.5],[15.022,-4.547],[14.93,-4.647],[14.815,-4.828],[14.672,-4.9],[14.634,-4.903],[14.562,-4.856],[14.501,-4.841],[14.372,-4.908],[14.173,-4.922],[14.054,-5.028],[14.031,-5.032],[14.014,-5.013],[13.98,-5.065],[13.976,-5.168],[13.958,-5.196],[13.876,-5.234],[13.853,-5.3],[13.825,-5.315],[13.76,-5.267],[13.725,-5.281],[13.726,-5.315],[13.623,-5.28],[13.589,-5.295],[13.534,-5.346],[13.528,-5.38],[13.562,-5.411],[13.617,-5.515],[13.548,-5.537],[13.582,-5.643],[13.569,-5.694],[13.488,-5.783],[13.425,-5.804],[13.414,-5.846],[13.342,-5.89],[13.269,-5.863],[13.184,-5.856]]]}},{"type":"Feature","properties":{"r":7,"n":"Olëkma"},"geometry":{"type":"MultiLineString","coordinates":[[[120.654,60.407],[120.656,60.336],[120.701,60.282],[120.768,60.279],[120.848,60.347],[120.907,60.36],[121.032,60.341],[121.135,60.274],[121.211,60.192],[121.138,60.079]],[[117.39,53.886],[117.62,53.906],[117.758,53.941],[117.806,53.998],[117.87,54.033],[117.921,54.105],[118.013,54.145],[118.014,54.179],[118.042,54.223],[118.102,54.224],[118.131,54.265],[118.33,54.285],[118.63,54.358],[118.721,54.355],[118.771,54.372],[118.809,54.359],[118.889,54.386],[118.933,54.417],[118.942,54.461],[118.982,54.454],[119.048,54.487],[119.053,54.527],[119.086,54.537],[119.059,54.578],[119.113,54.578],[119.12,54.647],[119.196,54.646],[119.182,54.66],[119.249,54.686],[119.305,54.749],[119.286,54.759],[119.292,54.811],[119.268,54.828],[119.333,54.845],[119.278,54.866],[119.359,54.869],[119.367,54.852],[119.483,54.866],[119.449,54.893],[119.449,54.916],[119.429,54.92],[119.477,54.924],[119.47,54.935],[119.513,54.954],[119.552,54.954],[119.587,54.982],[119.587,55.003],[119.622,54.982],[119.633,55.003],[119.682,55.003],[119.694,55.017],[119.66,55.05],[119.661,55.079],[119.817,55.139],[119.832,55.158],[119.813,55.174],[119.854,55.215],[119.97,55.249],[119.968,55.261],[119.915,55.277],[120.013,55.311],[120.166,55.424],[120.351,55.441],[120.365,55.407],[120.499,55.387],[120.546,55.409],[120.541,55.438],[120.594,55.448],[120.607,55.472],[120.677,55.465],[120.691,55.502],[120.751,55.517],[120.792,55.572],[120.858,55.563],[120.861,55.578],[120.827,55.606],[120.831,55.621],[120.902,55.592],[121.005,55.599],[121.032,55.628],[121.113,55.639],[121.122,55.657],[121.203,55.695],[121.282,55.695],[121.301,55.659],[121.321,55.655],[121.368,55.668],[121.341,55.688],[121.36,55.694],[121.529,55.701],[121.574,55.726],[121.532,55.76],[121.607,55.83],[121.518,55.861],[121.523,55.906],[121.498,55.935],[121.539,55.95],[121.547,55.991],[121.629,56.01],[121.566,56.044],[121.608,56.078],[121.606,56.121],[121.636,56.175],[121.674,56.197],[121.652,56.221],[121.569,56.229],[121.588,56.294],[121.505,56.312],[121.547,56.326],[121.558,56.336],[121.547,56.353],[121.462,56.366],[121.45,56.39],[121.567,56.442],[121.532,56.483],[121.591,56.517],[121.588,56.569],[121.486,56.571],[121.409,56.592],[121.39,56.602],[121.376,56.639],[121.337,56.65],[121.334,56.671],[121.264,56.702],[121.197,56.798],[121.136,56.826],[121.161,56.865],[121.135,56.887],[121.108,56.969],[121.053,56.99],[121.019,57.031],[120.967,57.038],[120.964,57.052],[121.005,57.093],[120.971,57.106],[120.98,57.125],[120.942,57.17],[120.946,57.192],[121.015,57.247],[121.173,57.291],[121.266,57.365],[121.303,57.354],[121.326,57.271],[121.378,57.29],[121.419,57.27],[121.484,57.283],[121.504,57.319],[121.538,57.334],[121.513,57.354],[121.514,57.372],[121.544,57.414],[121.572,57.512],[121.704,57.617],[121.744,57.768],[121.717,57.84],[121.72,57.874],[121.686,57.927],[121.69,58.008],[121.67,58.093],[121.629,58.135],[121.63,58.17],[121.585,58.224],[121.588,58.258],[121.566,58.299],[121.59,58.365],[121.642,58.437],[121.636,58.459],[121.541,58.549],[121.476,58.66],[121.463,58.736],[121.549,58.843],[121.625,58.905],[121.675,58.923],[121.707,58.992],[121.757,59.032],[121.81,59.05],[121.818,59.079],[121.767,59.191],[121.596,59.296],[121.558,59.339],[121.466,59.308],[121.356,59.31],[121.129,59.22],[121.061,59.222],[121.04,59.249],[121.056,59.307],[121.281,59.432],[121.44,59.564],[121.478,59.638],[121.49,59.772],[121.346,59.834],[121.327,59.854],[121.315,59.912],[121.186,59.981],[121.15,60.016],[121.135,60.074]]]}},{"type":"Feature","properties":{"r":7,"n":"Künes"},"geometry":{"type":"MultiLineString","coordinates":[[[84.96,43.367],[84.926,43.372],[84.871,43.299],[84.739,43.244],[84.461,43.271],[84.361,43.257],[84.146,43.311],[84.028,43.321],[83.844,43.382],[83.726,43.456],[83.556,43.467],[83.416,43.512],[83.297,43.513],[83.16,43.537],[82.832,43.521],[82.651,43.554],[82.536,43.598],[82.368,43.614],[82.219,43.593],[81.987,43.657],[81.752,43.621]]]}},{"type":"Feature","properties":{"r":7,"n":"Sartang"},"geometry":{"type":"MultiLineString","coordinates":[[[133.429,64.37],[133.364,64.467],[133.37,64.514],[133.333,64.583],[133.292,64.61],[133.24,64.685],[133.186,64.734],[133.131,64.754],[133.008,64.874],[132.914,64.929],[132.908,64.974],[132.937,64.992],[132.949,65.037],[132.993,65.096],[132.974,65.134],[132.996,65.21],[132.878,65.283],[132.862,65.334],[132.769,65.393],[132.682,65.59],[132.716,65.676],[132.668,65.755],[132.707,65.844],[132.696,65.878],[132.734,65.996],[132.778,66.03],[132.783,66.061],[132.967,66.181],[133.011,66.225],[133.033,66.277],[133.011,66.332],[132.949,66.365],[132.942,66.411],[132.957,66.454],[132.888,66.564],[132.884,66.63],[132.833,66.672],[132.847,66.68],[132.743,66.68],[132.735,66.706],[132.668,66.714],[132.521,66.796],[132.26,66.84],[132.234,66.861],[132.228,66.899],[132.33,66.963],[132.297,66.979],[132.328,67.001],[132.691,66.984],[132.969,67.011],[132.982,67.031],[132.966,67.049],[132.858,67.054],[132.843,67.116],[132.771,67.145],[132.835,67.203],[132.921,67.221],[133.04,67.316],[133.155,67.372],[133.175,67.408],[133.254,67.438],[133.265,67.454],[133.216,67.475],[133.285,67.508],[133.249,67.529],[133.255,67.543],[133.312,67.543],[133.402,67.584],[133.388,67.564],[133.406,67.561],[133.552,67.605],[133.671,67.579],[133.791,67.583],[133.873,67.563],[133.95,67.595],[134.108,67.561],[134.143,67.604],[134.321,67.6],[134.344,67.63],[134.587,67.68],[134.546,67.694],[134.594,67.735],[134.578,67.754],[134.604,67.767],[134.662,67.762],[134.682,67.783],[134.684,67.826],[134.703,67.831],[134.693,67.869],[134.742,67.927],[134.681,67.98],[134.676,68.009],[134.702,68.045],[134.662,68.083],[134.658,68.112],[134.83,68.275],[134.838,68.378],[134.9,68.381],[134.92,68.404],[134.676,68.482],[134.69,68.501],[134.687,68.537],[134.608,68.585],[134.615,68.61],[134.648,68.619],[134.601,68.639],[134.581,68.674],[134.532,68.69],[134.523,68.719],[134.491,68.736],[134.499,68.742],[134.41,68.773]]]}},{"type":"Feature","properties":{"r":7,"n":"Donets"},"geometry":{"type":"MultiLineString","coordinates":[[[36.95,50.98],[36.871,50.957],[36.84,50.894],[36.717,50.795],[36.722,50.775],[36.676,50.737],[36.6,50.576],[36.677,50.453],[36.73,50.432],[36.799,50.373],[36.811,50.324],[36.847,50.288],[36.854,50.264],[36.833,50.237],[36.803,50.081],[36.812,50.041],[36.967,49.894],[36.922,49.829],[36.862,49.813],[36.745,49.86],[36.696,49.849],[36.699,49.833],[36.661,49.803],[36.582,49.789],[36.498,49.698],[36.457,49.692],[36.422,49.664],[36.357,49.674],[36.333,49.604],[36.343,49.577],[36.536,49.502],[36.575,49.517],[36.634,49.473],[36.748,49.44],[36.792,49.404],[36.845,49.431],[36.881,49.409],[37.059,49.377],[37.145,49.327],[37.139,49.299],[37.086,49.274],[36.956,49.304],[36.95,49.28],[36.917,49.262],[36.944,49.232],[36.908,49.192],[36.916,49.177],[37.022,49.164],[37.06,49.178],[37.093,49.151],[37.138,49.157],[37.179,49.138],[37.248,49.159],[37.263,49.215],[37.276,49.213],[37.299,49.185],[37.306,49.131],[37.402,49.116],[37.525,49.022],[37.622,49.046],[37.651,49.02],[37.615,49.006],[37.628,48.986],[37.608,48.965],[37.714,48.959],[37.751,48.931],[37.772,48.89],[37.802,48.901],[37.923,48.89],[37.95,48.918],[38.01,48.906],[38.046,48.937],[38.21,48.924],[38.252,48.959],[38.249,49.022],[38.309,49.02],[38.642,48.767],[38.971,48.746],[39.031,48.652],[39.056,48.644],[39.109,48.65],[39.19,48.699],[39.24,48.7],[39.268,48.751],[39.324,48.767],[39.368,48.719],[39.376,48.685],[39.516,48.637],[39.54,48.589],[39.69,48.594],[39.835,48.574],[39.869,48.51],[39.842,48.499],[39.844,48.484],[39.924,48.376]],[[39.924,48.369],[40.198,48.355],[40.322,48.307],[40.377,48.307],[40.373,48.27],[40.432,48.264],[40.49,48.229],[40.506,48.233],[40.516,48.277],[40.541,48.295],[40.568,48.259],[40.592,48.268],[40.614,48.215],[40.744,48.252],[40.751,48.19],[40.7,48.119],[40.795,48.092],[40.847,48.024],[40.917,48.012],[40.997,47.928],[41.026,47.874],[41.027,47.828],[41.068,47.814],[41.03,47.753],[41.082,47.753],[41.05,47.699],[40.973,47.691],[40.955,47.709],[40.931,47.691],[40.941,47.656],[40.891,47.621],[40.895,47.603],[40.925,47.588]]]}},{"type":"Feature","properties":{"r":7,"n":"Oka"},"geometry":{"type":"MultiLineString","coordinates":[[[37.072,54.536],[37.208,54.688],[37.212,54.711],[37.183,54.718],[37.228,54.808],[37.299,54.866],[37.469,54.866],[37.519,54.843],[37.645,54.839],[37.744,54.818],[37.844,54.838],[38.083,54.83],[38.187,54.873],[38.569,54.832],[38.608,54.845],[38.656,54.893],[38.742,54.923],[38.751,54.941],[38.738,55.01],[38.758,55.037],[38.869,55.069],[39.057,55.092],[39.075,55.088],[39.067,55.044],[39.089,55.036],[39.181,55.012],[39.28,55.023],[39.225,54.992],[39.233,54.968],[39.3,54.935],[39.277,54.906],[39.35,54.861],[39.55,54.895],[39.571,54.885],[39.554,54.859],[39.68,54.866],[39.753,54.854],[39.773,54.832],[39.76,54.813],[39.667,54.778],[39.67,54.735],[39.712,54.694],[39.69,54.687],[39.746,54.667],[39.751,54.637],[39.836,54.633],[40.033,54.565],[39.992,54.537],[40.115,54.502]],[[40.115,54.509],[40.246,54.467],[40.271,54.435],[40.26,54.377],[40.329,54.346],[40.41,54.375],[40.442,54.447],[40.481,54.458],[40.547,54.434],[40.587,54.379],[40.699,54.363],[40.774,54.31],[40.85,54.331],[40.879,54.347],[40.854,54.407],[41.001,54.465],[41.034,54.497],[41.04,54.557],[41.082,54.578],[41.027,54.584],[41.022,54.621],[40.986,54.647],[41.029,54.668],[40.999,54.688],[41.017,54.708],[40.992,54.722],[41.027,54.746],[40.999,54.769],[41.006,54.782],[41.068,54.769],[41.04,54.797],[41.13,54.825],[41.096,54.88],[41.099,54.907],[41.178,54.976],[41.244,54.962],[41.287,54.914],[41.376,54.945],[41.409,54.853],[41.594,54.786],[41.624,54.785],[41.645,54.818],[41.689,54.837],[41.712,54.832],[41.736,54.797],[41.815,54.769],[41.822,54.749],[41.863,54.742],[41.894,54.794],[41.829,54.811],[41.856,54.832],[41.8,54.843],[41.772,54.866],[41.734,55.116],[41.859,55.241],[41.954,55.278],[41.937,55.334],[42.001,55.337],[42.013,55.373],[42.094,55.404],[42.134,55.442],[42.134,55.459],[42.068,55.481],[42.069,55.55],[42.037,55.599],[42.056,55.613],[42.116,55.613],[42.096,55.644],[42.107,55.664],[42.158,55.682],[42.169,55.711],[42.198,55.715],[42.263,55.765],[42.392,55.783],[42.422,55.822],[42.486,55.852],[42.482,55.895],[42.494,55.907],[42.755,55.972],[42.918,55.956],[43.056,55.987],[43.089,56.083],[43.079,56.1],[42.981,56.137],[42.966,56.154],[42.972,56.187],[43.131,56.154],[43.189,56.186],[43.425,56.204],[43.492,56.242],[43.597,56.2],[43.649,56.226],[43.775,56.201],[43.931,56.255],[43.979,56.337]],[[36.248,52.392],[36.055,52.423],[36.017,52.538],[35.942,52.536],[35.923,52.549],[35.915,52.636],[35.834,52.746],[35.857,52.803],[35.895,52.817],[36.052,52.94],[36.079,53.05],[36.167,53.086],[36.231,53.091],[36.297,53.144],[36.308,53.166],[36.297,53.188],[36.326,53.227],[36.319,53.283],[36.371,53.3],[36.386,53.321],[36.372,53.35],[36.388,53.434],[36.308,53.485],[36.312,53.509],[36.231,53.577],[36.189,53.591],[36.231,53.687],[36.16,53.798],[36.175,53.848],[36.162,53.899],[36.21,53.947],[36.189,54.002],[36.301,54.033],[36.326,54.057],[36.265,54.119],[36.265,54.159],[36.304,54.207],[36.177,54.242],[36.134,54.3],[36.169,54.357],[36.151,54.399],[36.093,54.427],[36.11,54.502],[36.135,54.516],[36.196,54.509],[36.6,54.422],[36.748,54.435],[36.826,54.426],[37.013,54.479],[37.073,54.537]]]}},{"type":"Feature","properties":{"r":7,"n":"Desna"},"geometry":{"type":"MultiLineString","coordinates":[[[33.941,54.372],[33.98,54.396],[34.02,54.396],[34.092,54.365],[34.106,54.338],[34.075,54.277],[34.127,54.242],[34.147,54.2],[34.191,54.187],[34.271,54.194],[34.366,54.128],[34.38,54.098],[34.366,54.064],[34.409,54.029],[34.386,53.996],[34.373,53.917],[34.414,53.899],[34.402,53.882],[34.427,53.852],[34.401,53.807],[34.414,53.79],[34.406,53.726],[34.425,53.697],[34.49,53.667],[34.537,53.598],[34.435,53.548],[34.439,53.475],[34.397,53.429],[34.393,53.372],[34.331,53.31],[34.377,53.263],[34.375,53.239],[34.264,53.183],[34.268,53.159],[34.251,53.144],[34.126,53.121],[34.117,53.077],[34.027,52.982],[34.03,52.94],[33.977,52.858],[34.014,52.784],[33.996,52.748],[34.022,52.707],[34.019,52.662],[33.906,52.603],[33.771,52.579],[33.732,52.544],[33.64,52.522],[33.616,52.488],[33.484,52.444],[33.466,52.395],[33.414,52.364]],[[33.421,52.364],[33.359,52.248],[33.323,52.222],[33.324,52.152],[33.296,52.131],[33.312,52.111],[33.305,52.085],[33.262,52.035],[33.352,51.994],[33.377,51.958],[33.225,51.906],[33.161,51.904],[33.167,51.885],[33.089,51.836],[33.062,51.793],[33.085,51.741],[33.152,51.682],[33.009,51.611],[32.885,51.609],[32.848,51.568],[32.789,51.577],[32.742,51.556],[32.73,51.574],[32.685,51.555],[32.656,51.568],[32.639,51.549],[32.591,51.543],[32.595,51.529],[32.557,51.508],[32.56,51.473],[32.537,51.453],[32.499,51.446],[32.472,51.467],[32.321,51.44],[32.29,51.453],[32.092,51.408],[32.037,51.377],[32.044,51.358],[31.901,51.354],[31.779,51.419],[31.766,51.44],[31.722,51.449],[31.692,51.499],[31.662,51.512],[31.549,51.522],[31.42,51.496],[31.361,51.502],[31.321,51.482],[31.282,51.45],[31.28,51.417],[31.237,51.418],[31.217,51.377],[31.132,51.33],[31.14,51.308],[31.051,51.265],[31.05,51.233],[30.948,51.195],[30.892,51.151],[30.92,51.138],[30.899,51.097],[30.874,51.099],[30.886,51.083],[30.855,51.054],[30.879,51.021],[30.844,51.015],[30.879,50.963],[30.83,50.932],[30.844,50.912],[30.81,50.907],[30.812,50.874],[30.769,50.833],[30.69,50.788],[30.706,50.747],[30.68,50.727],[30.725,50.7],[30.7,50.665],[30.693,50.624],[30.706,50.61],[30.582,50.584],[30.555,50.526],[30.57,50.514],[30.554,50.483],[30.565,50.438]]]}},{"type":"Feature","properties":{"r":7,"n":"Omolon"},"geometry":{"type":"MultiLineString","coordinates":[[[157.626,62.731],[157.809,62.746],[158.032,62.87],[158.064,62.902],[158.098,62.979],[158.098,63.014],[158.181,63.076],[158.134,63.132],[158.126,63.167],[158.092,63.195],[158.245,63.289],[158.368,63.329],[158.481,63.344],[158.565,63.382],[159.134,63.472],[159.325,63.599],[159.997,63.829],[160.113,63.9],[160.225,63.919],[160.408,63.892],[160.454,63.848],[160.543,63.866],[160.625,63.845],[160.787,63.995],[160.948,64.111],[160.998,64.126],[161.007,64.199],[161.039,64.219],[161.057,64.263],[161.037,64.386],[161.124,64.477],[161.143,64.54],[161.216,64.618],[161.199,64.68],[161.115,64.757],[161.051,64.763],[160.992,64.791],[160.906,64.854],[160.887,64.891],[160.775,64.937],[160.742,64.999],[160.664,65.07],[160.531,65.144],[160.508,65.188],[160.428,65.227],[160.431,65.246],[160.414,65.26],[160.179,65.374],[160.174,65.404],[160.196,65.432],[160.164,65.458],[160.016,65.521],[159.835,65.534],[159.566,65.621],[159.373,65.665],[158.928,65.741],[158.898,65.773],[158.899,65.797],[158.948,65.816],[158.952,65.828],[158.921,65.851],[158.94,65.907],[158.986,65.929],[159.073,66.075],[159.124,66.093],[159.208,66.166],[159.181,66.284],[159.409,66.416],[159.409,66.484],[159.38,66.536],[159.462,66.584],[159.515,66.639],[159.526,66.673],[159.517,66.72],[159.489,66.748],[159.523,66.772],[159.565,66.776],[159.534,66.804],[159.553,66.826],[159.545,66.845],[159.425,66.916],[159.421,66.96],[159.389,66.988],[159.379,67.025],[159.435,67.07],[159.373,67.098],[159.385,67.113],[159.351,67.179],[159.255,67.227],[159.141,67.248],[159.096,67.293],[159.056,67.31],[158.963,67.31],[158.761,67.345],[158.743,67.358],[158.763,67.379],[158.702,67.406],[158.681,67.447],[158.756,67.53],[158.744,67.606],[158.77,67.612],[158.746,67.626],[158.748,67.662],[158.725,67.691],[158.798,67.756],[158.763,67.786],[158.61,67.831],[158.624,67.899],[158.584,67.946],[158.566,68.016],[158.47,68.103],[158.49,68.145],[158.545,68.181],[158.558,68.25],[158.608,68.279],[158.62,68.332],[158.677,68.385],[158.654,68.448],[158.592,68.461],[158.671,68.519],[158.634,68.565],[158.647,68.598],[158.613,68.634],[158.62,68.653],[158.546,68.672],[158.565,68.687],[158.545,68.715],[158.681,68.729]]]}},{"type":"Feature","properties":{"r":7,"n":"Sapt"},"geometry":{"type":"MultiLineString","coordinates":[[[85.755,28.552],[85.727,28.633],[85.789,28.687],[85.832,28.669],[85.906,28.675],[86.011,28.652],[86.077,28.654],[86.122,28.675],[86.156,28.753],[86.262,28.808],[86.354,28.798],[86.399,28.777],[86.427,28.67],[86.495,28.606],[86.58,28.627],[86.751,28.606],[86.792,28.62],[87.008,28.593],[87.118,28.62],[87.181,28.599],[87.273,28.612],[87.365,28.585],[87.464,28.507],[87.512,28.5],[87.605,28.441],[87.615,28.422],[87.563,28.407],[87.468,28.338],[87.451,28.274],[87.358,28.264],[87.333,28.199],[87.337,28.132],[87.37,28.09],[87.386,28.013],[87.372,27.965],[87.386,27.941],[87.372,27.914],[87.413,27.873],[87.443,27.774],[87.363,27.75],[87.372,27.69],[87.331,27.599],[87.215,27.537],[87.14,27.456],[87.149,27.414],[87.202,27.351],[87.194,27.324],[87.212,27.308],[87.214,27.248],[87.247,27.224],[87.276,27.153],[87.197,27.082],[87.197,27.012],[87.163,26.956],[87.175,26.903],[87.16,26.848],[87.004,26.723],[86.961,26.605],[86.968,26.557],[86.926,26.497],[86.755,26.365],[86.637,26.318],[86.549,26.206],[86.528,26.154],[86.462,26.091],[86.418,25.99],[86.453,25.874],[86.419,25.811],[86.454,25.769],[86.467,25.721],[86.592,25.63],[86.66,25.626],[86.734,25.543],[86.729,25.528],[86.76,25.519],[86.81,25.467],[86.929,25.48],[87.036,25.426],[87.187,25.461],[87.26,25.434],[87.332,25.456],[87.474,25.425],[87.568,25.376],[87.608,25.371],[87.632,25.331],[87.707,25.3],[87.758,25.244]]]}},{"type":"Feature","properties":{"r":7,"n":"Mezen"},"geometry":{"type":"MultiLineString","coordinates":[[[50.792,64.357],[50.783,64.318],[50.614,64.239],[50.593,64.192],[50.571,64.178],[50.444,64.119],[50.357,64.102],[50.325,64.112],[50.286,64.173],[50.192,64.18],[50.204,64.234],[50.044,64.316],[49.93,64.348],[49.903,64.379],[49.707,64.351],[49.688,64.307],[49.619,64.272],[49.635,64.259],[49.628,64.244],[49.551,64.23],[49.497,64.179],[49.359,64.144],[49.373,64.13],[49.37,64.093],[49.282,64.073],[49.244,63.977],[49.185,63.904],[49.251,63.856],[49.205,63.836],[49.288,63.778],[49.326,63.696],[49.38,63.678],[49.369,63.651],[49.379,63.643],[49.428,63.637],[49.359,63.555],[49.436,63.534],[49.421,63.514],[49.457,63.494],[49.452,63.438],[49.376,63.42],[49.306,63.43],[49.223,63.416],[49.178,63.431],[49.12,63.404],[49.08,63.405],[48.931,63.465],[48.712,63.455],[48.683,63.464],[48.688,63.493],[48.737,63.534],[48.695,63.601],[48.589,63.634],[48.547,63.68],[48.627,63.733],[48.605,63.779],[48.545,63.819],[48.38,63.828],[48.505,63.901],[48.524,63.938],[48.514,63.997],[48.469,64.029],[48.482,64.042],[48.538,64.048],[48.562,64.079],[48.609,64.101],[48.694,64.111],[48.801,64.099],[48.839,64.123],[48.798,64.304],[48.855,64.324],[48.887,64.357],[48.81,64.364],[48.818,64.384],[48.744,64.391],[48.778,64.435],[48.76,64.455],[48.414,64.548],[48.216,64.556],[48.043,64.584],[47.859,64.655],[47.845,64.679],[47.746,64.71],[47.704,64.739],[47.647,64.751],[47.54,64.845],[47.507,64.85],[47.392,64.807],[47.373,64.826],[47.394,64.867],[47.384,64.881],[47.14,64.929],[46.821,64.925],[46.668,64.892],[46.42,64.963],[46.048,65.008],[45.669,64.941],[45.555,64.962],[45.548,64.986],[45.646,65.017],[45.653,65.031],[45.636,65.104],[45.601,65.14],[45.466,65.21],[45.221,65.265],[45.181,65.308],[45.057,65.385],[44.998,65.45],[44.912,65.491],[44.71,65.546],[44.601,65.603],[44.488,65.609],[44.303,65.691],[44.214,65.79],[44.18,65.864]]]}},{"type":"Feature","properties":{"r":7,"n":"Khopr"},"geometry":{"type":"MultiLineString","coordinates":[[[44.371,53.077],[44.469,53.021],[44.602,52.981],[44.605,52.962],[44.529,52.885],[44.462,52.865],[44.403,52.74],[44.306,52.69],[44.282,52.645],[44.187,52.618],[44.123,52.639],[44.031,52.585],[43.987,52.597],[43.815,52.551],[43.717,52.484],[43.679,52.42],[43.532,52.426],[43.405,52.399],[43.353,52.329],[43.371,52.293],[43.335,52.254],[43.336,52.241],[43.396,52.241],[43.411,52.227],[43.263,52.221],[43.302,52.172],[43.302,52.046],[43.281,52.008],[43.288,51.992],[43.432,51.933],[43.398,51.906],[43.405,51.823],[43.381,51.779],[43.289,51.756],[43.271,51.722],[43.194,51.698],[43.186,51.656],[43.23,51.607],[43.226,51.59],[43.013,51.536],[42.929,51.535],[42.898,51.565],[42.818,51.562],[42.757,51.597],[42.614,51.59],[42.577,51.561],[42.562,51.515],[42.569,51.485],[42.624,51.433],[42.514,51.399],[42.488,51.36],[42.494,51.309],[42.474,51.309],[42.439,51.275],[42.363,51.255],[42.295,51.282],[42.228,51.233],[42.13,51.268],[42.053,51.33],[42.014,51.336],[41.885,51.31],[41.829,51.268],[41.747,51.275],[41.691,51.234],[41.681,51.215],[41.699,51.199],[41.621,51.15],[41.609,51.124],[41.644,51.104],[41.646,51.052],[41.815,50.994],[41.863,50.946],[41.913,50.941],[41.924,50.918],[41.911,50.891],[41.88,50.876],[41.85,50.816],[41.948,50.82],[41.962,50.81],[41.956,50.792],[41.894,50.758],[41.848,50.68],[41.911,50.63],[41.884,50.583],[41.892,50.562],[41.932,50.548],[41.904,50.522],[41.904,50.507],[41.933,50.492],[41.909,50.406],[41.945,50.384],[41.927,50.376],[41.945,50.364],[42.015,50.366],[41.961,50.328],[41.959,50.295],[42.045,50.22],[42.298,50.17],[42.342,50.124],[42.385,50.118],[42.377,50.09],[42.448,50.04],[42.415,50.03],[42.393,49.991],[42.322,49.967],[42.331,49.906],[42.308,49.874],[42.442,49.815],[42.535,49.836],[42.497,49.787],[42.446,49.774],[42.421,49.699],[42.338,49.68],[42.35,49.65],[42.29,49.644],[42.285,49.621],[42.315,49.596]]]}},{"type":"Feature","properties":{"r":2,"n":"Mekong"},"geometry":{"type":"MultiLineString","coordinates":[[[103.09,18.137],[103.138,18.167],[103.168,18.25],[103.295,18.288],[103.233,18.349],[103.261,18.4],[103.386,18.442],[103.548,18.416],[103.695,18.353],[103.784,18.344],[103.832,18.321],[103.857,18.287],[103.881,18.285],[103.951,18.333],[104.018,18.299],[104.122,18.095],[104.21,18.009],[104.27,17.874],[104.352,17.82],[104.452,17.666],[104.702,17.528],[104.792,17.424],[104.819,17.361],[104.814,17.194],[104.74,17.003],[104.779,16.705],[104.753,16.615],[104.754,16.529],[104.855,16.454],[104.908,16.354],[105.015,16.277],[105.032,16.165],[105.058,16.121],[105.237,16.051],[105.422,16.01],[105.362,15.955],[105.36,15.92],[105.412,15.8],[105.448,15.765],[105.525,15.764],[105.613,15.722],[105.65,15.635],[105.604,15.439],[105.486,15.375],[105.483,15.335],[105.632,15.32],[105.66,15.289],[105.676,15.23],[105.767,15.133]],[[101.564,17.821],[101.577,17.868],[101.6,17.855],[101.636,17.895],[101.729,17.912],[101.765,18.04],[101.79,18.074],[101.884,18.031],[101.904,18.037],[102.078,18.214],[102.172,18.201],[102.191,18.152],[102.306,18.052],[102.366,18.039],[102.445,17.978],[102.567,17.971],[102.599,17.955],[102.612,17.915],[102.595,17.841],[102.683,17.81],[102.673,17.866],[102.737,17.891],[102.852,17.972],[102.955,18.012],[103.02,17.984],[103.038,17.991],[103.073,18.036],[103.066,18.112],[103.092,18.141]],[[105.782,15.121],[105.834,15.092],[105.855,15.041],[105.897,15.004],[105.903,14.824],[105.935,14.766],[105.923,14.722],[105.877,14.671],[105.853,14.552],[105.851,14.478],[105.88,14.322],[105.842,14.231],[105.84,14.165],[105.816,14.103],[105.879,14.014],[105.934,14],[105.976,13.966],[105.972,13.92],[106.003,13.876],[105.975,13.779],[106.037,13.686],[106.014,13.597],[105.944,13.514],[105.905,13.406],[105.956,13.333],[105.968,13.249],[106.046,13.155],[106.043,13.035],[106.017,12.986],[106.011,12.932],[105.975,12.88],[105.959,12.81],[106.007,12.714],[106.017,12.598],[105.998,12.523],[106.038,12.439],[106.048,12.331],[106.028,12.287],[105.983,12.262],[105.809,12.255],[105.604,12.3],[105.572,12.294],[105.537,12.234],[105.557,12.142],[105.524,12.056],[105.475,12.009],[105.458,11.935],[105.41,11.911],[105.347,11.935],[105.184,11.94],[105.149,11.919],[105.122,11.86],[104.993,11.839],[104.984,11.807],[105.02,11.768],[104.947,11.685],[104.952,11.595]],[[104.95,11.593],[104.951,11.59]],[[104.951,11.591],[104.951,11.59]],[[104.951,11.59],[104.985,11.554],[105.158,11.48],[105.258,11.398],[105.29,11.233],[105.236,11.155],[105.194,11.022],[105.216,10.845],[105.241,10.806],[105.314,10.797],[105.348,10.765],[105.387,10.599],[105.515,10.53],[105.566,10.456],[105.631,10.417],[105.711,10.402],[105.8,10.32],[105.897,10.29],[105.984,10.284],[106.119,10.238]],[[104.951,11.59],[104.957,11.559],[104.939,11.527],[104.951,11.481],[105.05,11.444],[105.014,11.379],[105.057,11.316],[105.043,11.225],[105.071,11.177],[105.065,10.984],[105.083,10.956],[105.113,10.949],[105.097,10.899],[105.109,10.852],[105.086,10.814],[105.128,10.753],[105.135,10.712],[105.214,10.674],[105.224,10.622],[105.253,10.576],[105.335,10.545],[105.353,10.467],[105.439,10.415],[105.664,10.148],[105.838,10.005]]]}},{"type":"Feature","properties":{"r":7,"n":"Neris"},"geometry":{"type":"MultiLineString","coordinates":[[[27.884,54.68],[27.846,54.68],[27.834,54.663],[27.788,54.653],[27.68,54.676],[27.645,54.669],[27.569,54.633],[27.543,54.601],[27.316,54.562],[27.227,54.507],[27.14,54.488],[26.938,54.496],[26.836,54.431],[26.746,54.414],[26.65,54.44],[26.571,54.43],[26.404,54.524],[26.411,54.55],[26.396,54.565],[26.445,54.585],[26.419,54.631],[26.396,54.64],[26.411,54.66],[26.287,54.692],[26.308,54.715],[26.301,54.756],[26.229,54.784],[26.184,54.78],[26.191,54.811],[26.134,54.838],[26.081,54.839],[25.914,54.787],[25.821,54.833],[25.806,54.86],[25.753,54.825],[25.739,54.859],[25.636,54.907],[25.512,54.832],[25.386,54.855],[25.357,54.809],[25.365,54.763],[25.293,54.735],[25.294,54.692],[25.221,54.688],[25.188,54.657],[25.162,54.675],[25.076,54.688],[25.019,54.735],[24.978,54.742],[24.992,54.756],[24.937,54.777],[24.971,54.804],[24.891,54.796],[24.896,54.845],[24.856,54.85],[24.773,54.914],[24.675,54.932],[24.54,54.998],[24.458,55.015],[24.429,55.047],[24.381,55.061],[24.334,55.099],[24.128,55.058],[24.068,54.986],[23.928,54.954],[23.879,54.905],[23.837,54.908]]]}},{"type":"Feature","properties":{"r":7,"n":"Velikaya"},"geometry":{"type":"MultiLineString","coordinates":[[[29.638,56.62],[29.599,56.598],[29.442,56.593],[29.446,56.579],[29.524,56.561],[29.59,56.483],[29.573,56.432],[29.501,56.393],[29.425,56.428],[29.312,56.449],[29.257,56.435],[29.186,56.442],[29.151,56.414],[29.09,56.433],[29.035,56.414],[28.992,56.379],[28.924,56.373],[28.891,56.387],[28.938,56.422],[28.829,56.435],[28.71,56.494],[28.697,56.534],[28.624,56.59],[28.612,56.644],[28.66,56.691],[28.651,56.757],[28.713,56.812],[28.715,56.848],[28.767,56.867],[28.764,56.915],[28.84,57.009],[28.85,57.031],[28.823,57.057],[28.842,57.103],[28.741,57.125],[28.731,57.176],[28.514,57.172],[28.479,57.216],[28.473,57.347],[28.38,57.347],[28.168,57.39],[28.17,57.411],[28.191,57.415],[28.163,57.443],[28.194,57.489],[28.156,57.564],[28.159,57.589],[28.186,57.609],[28.178,57.668],[28.216,57.694],[28.321,57.716],[28.351,57.748],[28.356,57.802],[28.33,57.824],[28.142,57.869]]]}},{"type":"Feature","properties":{"r":7,"n":"Arctic Red"},"geometry":{"type":"MultiLineString","coordinates":[[[-131.681,64.47],[-131.597,64.557],[-131.351,64.605],[-131.285,64.664],[-131.288,64.699],[-131.433,64.808],[-131.455,64.85],[-131.417,64.904],[-131.426,64.966],[-131.414,64.986],[-131.362,65.034],[-131.342,65.084],[-131.257,65.156],[-131.286,65.266],[-131.247,65.347],[-131.104,65.52],[-131.035,65.548],[-131.069,65.561],[-131.096,65.611],[-131.076,65.657],[-131.163,65.687],[-131.196,65.722],[-131.119,65.788],[-131.139,65.855],[-131.124,65.877],[-131.179,65.891],[-131.267,65.874],[-131.443,65.927],[-131.547,65.934],[-131.596,65.959],[-131.723,65.987],[-131.792,66.032],[-132.005,66.086],[-132.148,66.101],[-132.415,66.21],[-132.665,66.266],[-132.703,66.296],[-132.692,66.316],[-132.716,66.375],[-132.695,66.419],[-132.72,66.438],[-133.021,66.478],[-133.045,66.501],[-133.032,66.522],[-133.052,66.53],[-133.073,66.577],[-133.062,66.591],[-133.083,66.656],[-133.114,66.666],[-133.093,66.687],[-133.094,66.796],[-133.036,66.818],[-133.042,66.841],[-133.074,66.865],[-133.079,66.897],[-133.147,66.956],[-133.354,67.023],[-133.35,67.072],[-133.522,67.13],[-133.511,67.18],[-133.523,67.196],[-133.619,67.228],[-133.747,67.396],[-133.762,67.428],[-133.743,67.464]]]}},{"type":"Feature","properties":{"r":7,"n":"Min"},"geometry":{"type":"MultiLineString","coordinates":[[[117.489,27.866],[117.455,27.791],[117.441,27.708],[117.398,27.694],[117.343,27.619],[117.338,27.539],[117.446,27.362],[117.579,27.263],[117.58,27.162],[117.676,27.056],[117.669,27.022],[117.75,26.91],[117.75,26.876],[117.781,26.815],[117.835,26.778],[117.894,26.79],[117.982,26.756],[118.003,26.695],[117.962,26.633],[117.996,26.619],[118.014,26.591],[118.092,26.591],[118.158,26.643],[118.237,26.626],[118.367,26.548],[118.408,26.469],[118.387,26.418],[118.409,26.404],[118.658,26.418],[118.678,26.363],[118.854,26.274],[118.842,26.249],[118.867,26.221],[118.994,26.194],[119.025,26.201],[119.094,26.146]]]}},{"type":"Feature","properties":{"r":7,"n":"Lúrio"},"geometry":{"type":"MultiLineString","coordinates":[[[36.017,-14.991],[36.181,-14.93],[36.227,-14.943],[36.246,-14.918],[36.244,-14.881],[36.278,-14.861],[36.34,-14.86],[36.409,-14.802],[36.577,-14.786],[36.669,-14.818],[36.743,-14.793],[36.754,-14.764],[36.785,-14.756],[36.877,-14.776],[36.943,-14.754],[36.998,-14.696],[37.096,-14.655],[37.17,-14.595],[37.24,-14.604],[37.342,-14.549],[37.48,-14.402],[37.592,-14.382],[37.632,-14.334],[37.622,-14.295],[37.656,-14.273],[37.755,-14.278],[37.813,-14.23],[37.856,-14.23],[37.9,-14.288],[37.936,-14.305],[38.001,-14.262],[38.169,-14.231],[38.264,-14.161],[38.422,-14.126],[38.481,-14.126],[38.558,-14.151],[38.684,-14.147],[38.841,-14.106],[38.971,-14.025],[39.04,-14.008],[39.079,-13.951],[39.145,-13.937],[39.208,-13.954],[39.363,-13.863],[39.43,-13.845],[39.517,-13.764],[39.684,-13.716],[39.763,-13.668],[39.849,-13.675],[40.007,-13.539],[40.021,-13.512],[40.081,-13.49],[40.128,-13.448],[40.252,-13.488],[40.42,-13.456],[40.454,-13.509],[40.478,-13.52],[40.527,-13.511]]]}},{"type":"Feature","properties":{"r":7,"n":"Beni"},"geometry":{"type":"MultiLineString","coordinates":[[[-66.995,-17.079],[-67.01,-17.065],[-67.012,-17.026],[-66.978,-16.964],[-66.978,-16.915],[-66.952,-16.863],[-66.908,-16.824],[-66.798,-16.795],[-66.759,-16.741],[-66.766,-16.59],[-66.816,-16.483],[-66.8,-16.283],[-66.835,-16.23],[-66.871,-16.215],[-66.872,-16.171],[-66.949,-16.068],[-66.944,-15.924],[-66.92,-15.857],[-66.968,-15.78],[-67.109,-15.699],[-67.218,-15.614],[-67.319,-15.561],[-67.391,-15.559],[-67.425,-15.517],[-67.474,-15.497],[-67.501,-15.439],[-67.576,-15.366],[-67.515,-15.268],[-67.518,-15.243],[-67.761,-15.012],[-67.693,-14.95],[-67.611,-14.732],[-67.489,-14.531],[-67.568,-14.33],[-67.504,-14.259],[-67.536,-13.998],[-67.509,-13.88],[-67.483,-13.837],[-67.493,-13.771],[-67.472,-13.711],[-67.361,-13.574],[-67.396,-13.403],[-67.337,-13.305],[-67.206,-13.168],[-67.193,-13.13],[-67.159,-13.108],[-67.12,-13.037],[-67.052,-13.016],[-67.004,-12.901],[-66.949,-12.671],[-66.967,-12.582],[-66.928,-12.525],[-66.938,-12.42],[-66.905,-12.342],[-66.919,-12.289],[-66.889,-12.223],[-66.897,-12.152],[-66.878,-12.065],[-66.897,-11.966],[-66.939,-11.907],[-66.961,-11.911],[-66.971,-11.849],[-66.918,-11.842],[-66.888,-11.818],[-66.877,-11.796],[-66.905,-11.736],[-66.836,-11.728],[-66.797,-11.686],[-66.729,-11.675],[-66.715,-11.656],[-66.721,-11.584],[-66.691,-11.538],[-66.679,-11.449],[-66.565,-11.435],[-66.497,-11.442],[-66.417,-11.401],[-66.317,-11.386],[-66.309,-11.345],[-66.255,-11.332],[-66.243,-11.313],[-66.268,-11.277],[-66.264,-11.254],[-66.212,-11.175],[-66.218,-11.098],[-66.171,-11.101],[-66.147,-11.081],[-66.122,-10.968]]]}},{"type":"Feature","properties":{"r":7,"n":"Lachlan"},"geometry":{"type":"MultiLineString","coordinates":[[[148.964,-33.98],[148.923,-33.993],[148.892,-33.952],[148.831,-33.951],[148.69,-33.846],[148.628,-33.822],[148.633,-33.8],[148.576,-33.731],[148.547,-33.663],[148.506,-33.629],[148.409,-33.596],[148.411,-33.538],[148.368,-33.511],[148.306,-33.507],[148.231,-33.476],[148.163,-33.41],[148.025,-33.401],[147.977,-33.418],[147.941,-33.404],[147.891,-33.422],[147.748,-33.38],[147.707,-33.384],[147.632,-33.334],[147.572,-33.315],[147.488,-33.246],[147.354,-33.232],[147.306,-33.167],[147.186,-33.104],[146.847,-33.094],[146.696,-33.033],[146.498,-33.125],[146.476,-33.199],[146.444,-33.222],[146.397,-33.232],[146.335,-33.208],[146.282,-33.238],[146.173,-33.252],[146.113,-33.299],[146.092,-33.379],[146.059,-33.397],[145.976,-33.395],[145.771,-33.342],[145.605,-33.387],[145.513,-33.505],[145.448,-33.541],[145.353,-33.561],[145.284,-33.651],[145.22,-33.691],[145.082,-33.726],[145.054,-33.72],[144.983,-33.764],[144.965,-33.82],[144.708,-34.048],[144.682,-34.096],[144.576,-34.145],[144.558,-34.178],[144.492,-34.223],[144.391,-34.234],[144.336,-34.256],[144.256,-34.239],[144.21,-34.254],[144.12,-34.206],[144.061,-34.28],[143.945,-34.289],[143.871,-34.351],[143.757,-34.405],[143.649,-34.544],[143.646,-34.603],[143.622,-34.638],[143.376,-34.717],[143.304,-34.72],[143.255,-34.686],[143.221,-34.733]],[[149.279,-34.747],[149.177,-34.65],[149.159,-34.545],[149.077,-34.513],[149.051,-34.479],[149.13,-34.266],[149.027,-34.134],[149.032,-34.068],[149.065,-34.01],[149.049,-34.004]]]}},{"type":"Feature","properties":{"r":7,"n":"Ituri"},"geometry":{"type":"MultiLineString","coordinates":[[[30.131,2.025],[30.104,1.956],[30.001,1.799],[30.001,1.73],[29.877,1.553],[29.843,1.436],[29.784,1.469],[29.762,1.462],[29.741,1.408],[29.707,1.387],[29.719,1.344],[29.693,1.298],[29.666,1.292],[29.645,1.261],[29.49,1.233],[29.418,1.192],[29.405,1.133],[29.381,1.106],[29.384,1.062],[29.35,0.996],[29.292,0.963],[29.253,0.971],[29.155,1.089],[29.066,1.065],[29.03,1.089],[29.035,1.113],[28.986,1.144],[28.957,1.203],[28.939,1.188],[28.897,1.196],[28.864,1.175],[28.797,1.185],[28.776,1.105],[28.658,1.002],[28.545,1.076],[28.5,1.079],[28.44,1.13],[28.422,1.168],[28.376,1.184],[28.35,1.22],[28.3,1.203],[28.271,1.225],[28.219,1.311],[28.093,1.34],[28.021,1.326],[27.976,1.354],[27.892,1.352],[27.872,1.347],[27.857,1.304],[27.823,1.289],[27.729,1.318],[27.671,1.354],[27.63,1.346],[27.599,1.36],[27.565,1.346],[27.482,1.442],[27.48,1.497],[27.428,1.572],[27.371,1.572],[27.376,1.593],[27.291,1.579],[27.087,1.618],[26.931,1.689],[26.837,1.708]]]}},{"type":"Feature","properties":{"r":7,"n":"Betsiboka"},"geometry":{"type":"MultiLineString","coordinates":[[[47.839,-19.246],[47.825,-19.218],[47.797,-19.205],[47.797,-19.177],[47.773,-19.154],[47.742,-19.027],[47.661,-18.993],[47.63,-19.007],[47.584,-19],[47.562,-18.938],[47.489,-18.925],[47.456,-18.856],[47.319,-18.821],[47.304,-18.787],[47.247,-18.762],[47.139,-18.743],[47.058,-18.677],[47.026,-18.6],[46.981,-18.555],[46.944,-18.402],[46.923,-18.21],[46.952,-18.12],[46.867,-18.052],[46.862,-17.952],[46.821,-17.926],[46.825,-17.865],[46.796,-17.821],[46.791,-17.756],[46.818,-17.698],[46.818,-17.643],[46.859,-17.573],[46.879,-17.383],[46.866,-17.301],[46.834,-17.237],[46.829,-17.174],[46.762,-17.005],[46.83,-16.931],[46.87,-16.813],[46.831,-16.737],[46.774,-16.697],[46.757,-16.645],[46.705,-16.609],[46.694,-16.573],[46.706,-16.473],[46.639,-16.412],[46.554,-16.423],[46.527,-16.412],[46.529,-16.381],[46.574,-16.357],[46.547,-16.321],[46.557,-16.29],[46.538,-16.216],[46.556,-16.172],[46.6,-16.143],[46.604,-16.118],[46.566,-16.024],[46.474,-15.953]]]}},{"type":"Feature","properties":{"r":7,"n":"Courantyne"},"geometry":{"type":"MultiLineString","coordinates":[[[-56.809,2.196],[-56.827,2.262],[-56.881,2.295],[-56.896,2.362],[-56.932,2.393],[-56.931,2.436],[-56.96,2.484],[-56.952,2.516],[-57.001,2.514],[-56.998,2.555],[-57.028,2.594],[-57.021,2.636],[-57.028,2.648],[-57.057,2.643],[-57.063,2.682],[-57.104,2.741],[-57.091,2.774],[-57.138,2.771],[-57.144,2.79],[-57.127,2.826],[-57.175,2.819],[-57.203,2.846],[-57.22,2.908],[-57.185,2.945],[-57.189,2.96],[-57.235,2.971],[-57.227,3.021],[-57.207,3.028],[-57.249,3.112],[-57.234,3.142],[-57.287,3.143],[-57.276,3.169],[-57.293,3.276],[-57.281,3.33],[-57.309,3.395],[-57.368,3.366],[-57.426,3.388],[-57.432,3.361],[-57.477,3.339],[-57.536,3.368],[-57.555,3.347],[-57.656,3.39],[-57.665,3.418],[-57.652,3.487]]]}},{"type":"Feature","properties":{"r":2,"n":"Dihang"},"geometry":{"type":"MultiLineString","coordinates":[[[94.356,29.31],[94.483,29.428],[94.582,29.482],[94.655,29.489],[94.707,29.464],[94.817,29.492],[94.875,29.541],[94.924,29.61],[94.926,29.622],[94.886,29.633],[94.917,29.669],[94.892,29.697],[94.904,29.716],[94.955,29.757],[95.125,29.764],[95.092,29.814],[95.129,29.88],[95.195,29.893],[95.224,29.867],[95.296,29.863],[95.308,29.844],[95.288,29.811],[95.384,29.771],[95.38,29.717],[95.396,29.688],[95.388,29.595],[95.426,29.537],[95.437,29.464],[95.255,29.288],[95.202,29.279],[95.044,29.177],[95.001,29.168],[94.998,29.13],[94.909,29.051],[94.905,29.021],[94.831,28.95],[94.789,28.935],[94.773,28.854],[94.793,28.824],[94.915,28.821],[94.927,28.743],[94.976,28.712],[94.977,28.683],[94.999,28.682],[95.032,28.616],[95.098,28.539],[95.092,28.406],[95.013,28.327],[94.993,28.286],[94.99,28.251],[95.032,28.174],[95.13,28.148],[95.2,28.178],[95.255,28.168],[95.316,28.089],[95.393,28.054],[95.396,28.003]]]}},{"type":"Feature","properties":{"r":7,"n":"Haw"},"geometry":{"type":"MultiLineString","coordinates":[[[-79.998,36.172],[-79.887,36.239],[-79.714,36.26],[-79.565,36.25],[-79.496,36.153],[-79.413,36.123],[-79.364,36.084],[-79.34,35.985],[-79.167,35.803],[-79.061,35.663],[-79.043,35.604]]]}},{"type":"Feature","properties":{"r":7,"n":"Kiz?lirmak"},"geometry":{"type":"MultiLineString","coordinates":[[[37.661,39.88],[37.479,39.869],[37.14,39.794],[36.909,39.709],[36.861,39.738],[36.614,39.691],[36.536,39.637],[36.464,39.609],[36.409,39.557],[36.372,39.495],[36.112,39.325],[36.066,39.276],[35.962,39.231],[35.947,39.175],[35.846,39.126],[35.799,39.076],[35.69,39.034],[35.561,39.041],[35.526,38.987],[35.496,38.971],[35.39,38.976],[35.318,38.958],[35.291,38.935],[35.292,38.902],[35.241,38.887],[35.162,38.829],[35.024,38.759],[34.905,38.739],[34.807,38.752],[34.751,38.778],[34.634,38.774],[34.529,38.828],[34.369,38.863],[34.317,38.908],[34.194,38.969],[34.178,39.009],[34.156,39.023],[34.023,39.064],[33.961,39.063],[33.902,39.106],[33.81,39.11],[33.673,39.17],[33.505,39.309],[33.455,39.327],[33.445,39.387],[33.408,39.399],[33.395,39.426],[33.403,39.518],[33.433,39.603],[33.452,39.632],[33.489,39.646],[33.446,39.681],[33.473,39.707],[33.485,39.78],[33.462,39.803],[33.482,39.825],[33.418,39.871],[33.425,39.933],[33.414,39.947],[33.442,39.981],[33.461,40.083],[33.563,40.153],[33.583,40.22],[33.62,40.249],[33.626,40.29],[33.651,40.294],[33.66,40.331],[33.824,40.339],[33.866,40.359],[33.934,40.36],[33.955,40.345],[33.989,40.358],[34.032,40.401],[34.03,40.42],[34.113,40.482],[34.241,40.486],[34.533,40.634],[34.646,40.646],[34.72,40.707],[34.724,40.732],[34.856,40.832],[34.866,40.869],[34.839,40.883],[34.866,40.906],[34.833,40.975],[34.766,41.002],[34.727,40.986],[34.463,41.101],[34.437,41.127],[34.451,41.141],[34.755,41.149],[34.876,41.233],[34.888,41.27],[34.942,41.3],[34.944,41.326],[34.991,41.335],[35.113,41.4],[35.147,41.332],[35.196,41.311],[35.185,41.299],[35.34,41.255],[35.413,41.276],[35.452,41.325],[35.506,41.307],[35.626,41.364],[35.759,41.371],[35.807,41.421],[35.847,41.435],[35.846,41.514],[35.897,41.587],[35.915,41.646]]]}},{"type":"Feature","properties":{"r":7,"n":"Mazoe"},"geometry":{"type":"MultiLineString","coordinates":[[[31.71,-18.032],[31.697,-17.885],[31.594,-17.713],[31.593,-17.547],[31.627,-17.431],[31.745,-17.304],[31.758,-17.187],[31.88,-17.08],[31.93,-16.965],[31.999,-16.914],[32.042,-16.815],[32.086,-16.792],[32.157,-16.799],[32.247,-16.76],[32.313,-16.758],[32.413,-16.712],[32.665,-16.745],[32.753,-16.698],[32.893,-16.712],[32.956,-16.683],[33.054,-16.679],[33.166,-16.601],[33.292,-16.547],[33.372,-16.55],[33.427,-16.532],[33.505,-16.447],[33.556,-16.421],[33.691,-16.426],[33.802,-16.406]]]}},{"type":"Feature","properties":{"r":7,"n":"Sreng"},"geometry":{"type":"MultiLineString","coordinates":[[[104.265,14.26],[104.229,14.28],[104.155,14.28],[103.85,14.148],[103.672,13.986],[103.598,13.958],[103.539,13.914],[103.461,13.9],[103.42,13.872],[103.417,13.774],[103.431,13.716],[103.403,13.648],[103.405,13.428],[103.422,13.382],[103.461,13.357],[103.506,13.362],[103.557,13.278],[103.687,13.225]]]}},{"type":"Feature","properties":{"r":7,"n":"Tumbes"},"geometry":{"type":"MultiLineString","coordinates":[[[-79.238,-4.347],[-79.261,-4.279],[-79.355,-4.156],[-79.363,-4.034],[-79.39,-4.006],[-79.425,-4.006],[-79.533,-4.054],[-79.622,-4.172],[-79.701,-4.179],[-79.754,-4.209],[-79.832,-4.219],[-79.931,-4.188],[-80.034,-4.223],[-80.103,-4.276],[-80.206,-4.298],[-80.256,-4.387],[-80.478,-4.561],[-80.52,-4.653],[-80.568,-4.704],[-80.575,-4.76],[-80.61,-4.772],[-80.647,-4.83],[-80.742,-4.868],[-80.834,-4.848],[-80.868,-4.864],[-80.963,-4.867],[-80.972,-4.856],[-81.006,-4.862],[-81.023,-4.883],[-81.049,-4.841],[-81.096,-4.843],[-81.191,-4.89]]]}},{"type":"Feature","properties":{"r":7,"n":"Mamas"},"geometry":{"type":"MultiLineString","coordinates":[[[91.777,28.292],[91.778,28.084],[91.828,27.94],[91.811,27.89],[91.748,27.802],[91.751,27.708],[91.696,27.593],[91.685,27.516],[91.58,27.433],[91.558,27.399],[91.557,27.359],[91.529,27.322],[91.392,27.243],[91.358,27.106],[91.22,27.013],[91.162,26.89],[91.025,26.879],[90.975,26.866],[90.945,26.838],[90.958,26.788],[90.93,26.772],[90.908,26.728],[90.915,26.654],[90.841,26.483],[90.856,26.419],[90.799,26.331],[90.75,26.319],[90.723,26.264],[90.661,26.243],[90.649,26.193]]]}},{"type":"Feature","properties":{"r":7,"n":"Ou"},"geometry":{"type":"MultiLineString","coordinates":[[[101.759,22.434],[101.753,22.375],[101.819,22.21],[101.779,22.071],[101.785,22.03],[101.823,22.053],[102.091,22.089],[102.183,22.124],[102.226,22.112],[102.254,22.08],[102.315,21.917],[102.287,21.872],[102.199,21.813],[102.187,21.777],[102.213,21.695],[102.257,21.663],[102.255,21.627],[102.326,21.574],[102.347,21.352],[102.391,21.289],[102.459,21.266],[102.477,21.136],[102.498,21.085],[102.686,21.065],[102.748,21],[102.769,20.911],[102.756,20.878],[102.701,20.831],[102.661,20.817],[102.653,20.792],[102.67,20.706],[102.638,20.593],[102.608,20.574],[102.581,20.579],[102.557,20.47],[102.441,20.382],[102.421,20.293],[102.36,20.251],[102.303,20.119],[102.224,20.049]]]}},{"type":"Feature","properties":{"r":7,"n":"Fly"},"geometry":{"type":"MultiLineString","coordinates":[[[141.755,-5.355],[141.747,-5.484],[141.781,-5.569],[141.757,-5.602],[141.741,-5.74],[141.665,-5.782],[141.611,-5.774],[141.552,-5.822],[141.556,-5.882],[141.523,-5.923],[141.455,-5.951],[141.471,-6.008],[141.439,-6.024],[141.44,-6.048],[141.412,-6.062],[141.388,-6.103],[141.371,-6.096],[141.341,-6.124],[141.292,-6.132],[141.279,-6.161],[141.251,-6.158],[141.221,-6.178],[141.18,-6.165],[141.177,-6.189],[141.119,-6.17],[141.114,-6.209],[141.077,-6.239],[141.098,-6.281],[141.018,-6.301],[141.02,-6.324],[140.973,-6.336],[140.952,-6.374],[140.967,-6.394],[140.952,-6.432],[140.912,-6.438],[140.948,-6.465],[140.95,-6.499],[140.921,-6.516],[140.915,-6.558],[140.893,-6.565],[140.905,-6.589],[140.85,-6.623],[140.865,-6.649],[140.85,-6.713],[140.884,-6.754],[140.871,-6.778],[140.901,-6.812],[140.916,-6.863],[140.939,-6.856],[140.943,-6.888],[140.962,-6.898],[141.008,-6.891]],[[141.015,-6.891],[141.032,-6.922],[141.074,-6.926],[141.052,-6.972],[141.077,-7.001],[141.076,-7.025],[141.123,-7.098],[141.18,-7.131],[141.181,-7.194],[141.17,-7.219],[141.146,-7.227],[141.159,-7.242],[141.2,-7.243],[141.17,-7.286],[141.221,-7.275],[141.205,-7.31],[141.234,-7.33],[141.221,-7.358],[141.255,-7.343],[141.245,-7.454],[141.282,-7.479],[141.27,-7.509],[141.308,-7.512],[141.322,-7.558],[141.373,-7.56],[141.392,-7.584],[141.398,-7.597],[141.363,-7.602],[141.352,-7.62],[141.362,-7.632],[141.391,-7.624],[141.424,-7.696],[141.481,-7.7],[141.528,-7.741],[141.549,-7.726],[141.563,-7.741],[141.525,-7.796],[141.584,-7.782],[141.661,-7.807],[141.698,-7.79],[141.748,-7.823],[141.786,-7.823],[141.862,-7.945],[141.889,-7.932],[141.899,-7.98],[141.941,-7.977]],[[141.939,-7.973],[141.941,-7.977]],[[141.941,-7.977],[141.947,-7.973]],[[141.941,-7.977],[141.967,-8.001],[142.008,-7.994],[142.02,-8.018],[142.036,-8.083],[141.989,-8.127],[141.981,-8.148],[141.995,-8.18],[142.139,-8.227]]]}},{"type":"Feature","properties":{"r":7,"n":"Kotto"},"geometry":{"type":"MultiLineString","coordinates":[[[23.422,9.124],[23.427,9.083],[23.363,8.927],[23.359,8.883],[23.299,8.798],[23.278,8.719],[23.287,8.689],[23.275,8.617],[23.307,8.506],[23.388,8.391],[23.402,8.343],[23.484,8.24],[23.483,8.221],[23.56,8.147],[23.56,8.038],[23.532,8.016],[23.529,7.949],[23.492,7.879],[23.443,7.863],[23.406,7.801],[23.372,7.792],[23.32,7.726],[23.268,7.743],[23.163,7.702],[23.101,7.657],[23.052,7.65],[22.985,7.547],[22.969,7.551],[22.944,7.525],[22.933,7.449],[22.902,7.445],[22.898,7.431],[22.854,7.445],[22.847,7.404],[22.824,7.436],[22.796,7.432],[22.769,7.394],[22.769,7.331],[22.75,7.321],[22.774,7.29],[22.758,7.192],[22.769,7.156],[22.75,7.164],[22.722,7.133],[22.615,7.074],[22.553,7.013],[22.527,6.941],[22.486,6.926],[22.47,6.938],[22.332,6.845],[22.291,6.851],[22.243,6.774],[22.13,6.736],[22.086,6.677],[22.064,6.616],[21.99,6.561],[22.041,6.482],[22.027,6.455],[21.999,6.444],[21.999,6.356],[22.014,6.321],[21.988,6.224],[22.059,6.122],[22.063,6.031],[22.117,5.963],[22.079,5.903],[22.072,5.766],[22.053,5.729],[22.086,5.643],[22.03,5.637],[22.025,5.615],[22.043,5.618],[22.034,5.601],[21.901,5.488],[21.908,5.375],[21.881,5.174],[21.792,5.088],[21.833,5.005],[21.782,4.929],[21.772,4.824],[21.736,4.714],[21.757,4.689],[21.818,4.691],[21.847,4.657],[21.874,4.663],[21.895,4.635],[21.916,4.643],[21.915,4.604],[21.956,4.566],[21.942,4.533],[22.001,4.519],[22.099,4.542],[22.132,4.534],[22.147,4.512],[22.065,4.363],[22.068,4.301],[22.038,4.231]]]}},{"type":"Feature","properties":{"r":7,"n":"Gamka"},"geometry":{"type":"MultiLineString","coordinates":[[[22.639,-32.167],[22.573,-32.263],[22.563,-32.299],[22.58,-32.381],[22.568,-32.396],[22.506,-32.445],[22.39,-32.494],[22.018,-32.749],[21.986,-32.785],[21.963,-32.851],[21.979,-33.016],[21.935,-33.115],[21.807,-33.216],[21.69,-33.223]]]}},{"type":"Feature","properties":{"r":2,"n":"Bratul Chillia"},"geometry":{"type":"MultiLineString","coordinates":[[[29.659,45.216],[29.672,45.273],[29.65,45.346],[29.569,45.395],[29.322,45.444],[29.281,45.423],[29.228,45.424],[29.174,45.389],[28.973,45.324],[28.952,45.285],[28.929,45.279],[28.831,45.323],[28.789,45.322],[28.79,45.292],[28.759,45.274],[28.802,45.244],[28.747,45.231],[28.795,45.203],[28.796,45.185],[28.847,45.196],[28.883,45.18]]]}},{"type":"Feature","properties":{"r":7,"n":"Atrek"},"geometry":{"type":"MultiLineString","coordinates":[[[58.909,37.124],[58.85,37.172],[58.766,37.193],[58.721,37.189],[58.623,37.127],[58.539,37.124],[58.453,37.141],[58.362,37.173],[58.241,37.262],[58.182,37.278],[58.146,37.322],[58.046,37.38],[57.544,37.49],[57.367,37.631],[57.274,37.645],[57.237,37.676],[57.032,37.665],[56.904,37.717],[56.689,37.72],[56.59,37.755],[56.523,37.817],[56.377,37.854],[56.326,37.88],[56.296,37.92],[56.251,37.933],[55.947,37.916],[55.788,37.884],[55.607,37.952],[55.487,37.96],[55.449,37.99],[55.366,38.015],[55.296,38.008],[55.228,37.986],[55.219,37.97],[55.13,37.953],[55.006,37.843],[54.856,37.761],[54.813,37.719],[54.787,37.652],[54.809,37.604],[54.788,37.525],[54.698,37.467],[54.646,37.479],[54.401,37.422],[54.221,37.404],[54.153,37.425],[54.123,37.467],[54.075,37.472],[54.007,37.458],[53.905,37.406]]]}},{"type":"Feature","properties":{"r":7,"n":"Buh"},"geometry":{"type":"MultiLineString","coordinates":[[[98.864,38.159],[98.871,38.125],[98.798,37.991],[98.816,37.943],[98.807,37.898],[98.693,37.727],[98.631,37.717],[98.599,37.693],[98.645,37.639],[98.703,37.446],[98.751,37.411],[98.966,37.364],[99.14,37.268],[99.566,37.132],[99.631,37.08],[99.784,37.004],[99.839,37]]]}},{"type":"Feature","properties":{"r":7,"n":""},"geometry":{"type":"MultiLineString","coordinates":[[[36.1,67.79],[36.064,67.822],[35.986,67.818],[35.929,67.785],[35.976,67.684],[36.091,67.621],[36.248,67.498],[36.314,67.474],[36.386,67.514],[36.494,67.526],[36.556,67.504],[36.655,67.422],[36.74,67.42],[36.828,67.396],[37.237,67.379],[37.311,67.336],[37.368,67.331],[37.444,67.253],[37.467,67.177],[37.351,67.131],[37.329,67.084],[37.351,67.053],[37.294,67.028],[37.334,66.982],[37.419,66.942],[37.429,66.872],[37.409,66.855],[37.346,66.867],[37.075,66.84],[36.747,66.917],[36.604,66.92],[36.561,66.947],[36.47,66.939],[36.374,66.971],[35.954,66.954],[35.893,66.932],[35.904,66.882],[36.008,66.78],[36.012,66.679],[36.131,66.623],[36.198,66.538],[36.223,66.53],[36.259,66.55],[36.376,66.532],[36.55,66.42],[36.665,66.379],[36.703,66.339],[36.887,66.285]],[[41.28,67.002],[41.188,67.045],[41.058,67.137],[40.707,67.169],[40.533,67.14],[40.5,67.111],[40.488,67.062],[40.43,67.016],[40.337,67.043],[40.245,67.032],[40.171,67.067],[40.139,67.106],[39.917,67.172],[39.839,67.167],[39.767,67.138],[39.655,67.205],[39.591,67.284],[39.373,67.359],[39.286,67.42],[39.103,67.439],[38.997,67.419]]]}},{"type":"Feature","properties":{"r":7,"n":"Kotuy"},"geometry":{"type":"MultiLineString","coordinates":[[[102.974,71.539],[102.739,71.602],[102.607,71.62],[102.484,71.688],[102.406,71.709],[102.379,71.774],[102.205,71.794],[102.081,71.943]],[[95.437,68.959],[95.572,68.917],[96.202,68.814],[96.424,68.738],[96.597,68.727],[96.844,68.748],[96.924,68.785],[97.354,68.791],[97.403,68.781],[97.57,68.674],[97.709,68.538],[97.808,68.486],[97.802,68.452],[97.877,68.425],[97.858,68.392],[97.907,68.361],[97.919,68.334],[98.107,68.289],[98.199,68.231],[98.326,68.19],[98.363,68.142],[98.461,68.095],[98.576,68.09],[98.835,68.034]],[[98.268,68.206],[98.249,68.2],[98.305,68.135],[98.433,68.065],[98.711,68.029],[98.835,68.034]],[[98.835,68.034],[98.843,68.034],[98.837,68.034]],[[98.835,68.034],[98.953,67.974],[99.057,67.966],[99.095,67.946],[99.105,67.918],[99.056,67.836],[99.068,67.811],[99.007,67.76],[99.09,67.733],[99.124,67.678],[99.09,67.661],[99.176,67.645],[99.188,67.634],[99.179,67.596],[99.335,67.559],[99.377,67.525],[99.387,67.49],[99.446,67.46],[99.461,67.433],[99.611,67.369],[99.903,67.329],[100.049,67.256],[100.295,67.198],[100.31,67.166],[100.275,67.115],[100.323,67.078],[100.334,67.041],[100.422,67.013],[100.642,66.989],[100.663,66.998],[100.693,67.05],[100.768,67.084],[100.721,67.119],[100.898,67.197],[101.132,67.255],[101.14,67.283],[101.181,67.303],[101.181,67.365],[101.255,67.413],[101.188,67.458],[101.3,67.495],[101.379,67.55],[101.523,67.564],[101.482,67.577],[101.598,67.608],[101.705,67.607],[101.72,67.643],[101.776,67.674],[101.77,67.707],[101.735,67.728],[101.796,67.742],[101.776,67.756],[101.88,67.801],[101.845,67.84],[101.92,67.875],[102.067,67.867],[102.174,67.923],[102.241,67.933],[102.26,67.944],[102.257,67.984],[102.323,68.011],[102.564,68.003],[102.625,68.032],[102.746,68.046],[103.272,68.211],[103.276,68.234],[103.167,68.25],[103.14,68.273],[103.189,68.31],[103.153,68.332],[103.157,68.379],[103.099,68.406],[103.119,68.447],[103.095,68.486],[103.133,68.565],[103.245,68.627],[103.554,68.7],[103.625,68.735],[103.622,68.751],[103.524,68.784],[103.465,68.844],[103.472,68.869],[103.582,68.942],[103.568,68.992],[103.584,69.005],[103.768,69.051],[104.045,69.039],[104.11,69.06],[104.003,69.13],[104.01,69.174],[103.891,69.197],[103.81,69.246],[103.705,69.267],[103.722,69.284],[103.711,69.296],[103.619,69.342],[103.555,69.355],[103.537,69.366],[103.551,69.384],[103.541,69.4],[103.433,69.463],[103.462,69.482],[103.537,69.493],[103.546,69.511],[103.406,69.523],[103.401,69.575],[103.373,69.583],[103.269,69.571],[103.247,69.577],[103.23,69.602],[103.054,69.636],[103.037,69.647],[103.031,69.691],[103.003,69.709],[103.092,69.729],[103.016,69.741],[102.894,69.789],[102.864,69.827],[102.986,69.846],[102.993,69.879],[103.051,69.928],[102.994,69.961],[103.088,70.01],[103.078,70.048],[103.096,70.058],[103.185,70.049],[103.254,70.122],[103.34,70.138],[103.387,70.165],[103.45,70.17],[103.528,70.207],[103.699,70.204],[103.718,70.247],[103.739,70.258],[103.567,70.289],[103.511,70.394],[103.483,70.403],[103.305,70.387],[103.256,70.396],[103.249,70.408],[103.272,70.421],[103.422,70.438],[103.455,70.456],[103.364,70.473],[103.326,70.496],[103.321,70.537],[103.334,70.56],[103.418,70.598],[103.411,70.609],[103.284,70.648],[103.124,70.641],[103.034,70.668],[103.007,70.693],[103.073,70.769],[103.066,70.792],[103.017,70.825],[102.901,70.858],[102.907,70.891],[102.891,70.918],[102.811,70.936],[102.729,70.983],[102.494,71.012],[102.453,71.046],[102.33,71.077],[102.357,71.121],[102.462,71.147],[102.568,71.124],[102.617,71.136],[102.587,71.182],[102.596,71.193],[102.675,71.211],[102.742,71.25],[102.995,71.295],[103.086,71.384],[103.182,71.398],[103.228,71.455],[103.223,71.494],[103.17,71.532],[102.969,71.539]]]}},{"type":"Feature","properties":{"r":7,"n":"Sava"},"geometry":{"type":"MultiLineString","coordinates":[[[15.23,46.046],[15.456,46.01],[15.5,45.957],[15.597,45.937],[15.688,45.87],[15.81,45.841],[15.867,45.792],[15.984,45.788],[16.049,45.765],[16.083,45.792],[16.14,45.793],[16.155,45.772],[16.227,45.759],[16.213,45.704],[16.248,45.704],[16.253,45.672],[16.342,45.645],[16.337,45.622],[16.356,45.62],[16.344,45.601],[16.406,45.573],[16.38,45.537],[16.426,45.526],[16.406,45.498],[16.406,45.512],[16.385,45.512],[16.388,45.485],[16.44,45.443],[16.537,45.409],[16.583,45.43],[16.595,45.413],[16.679,45.389],[16.687,45.365],[16.731,45.377],[16.789,45.341],[16.782,45.32],[16.822,45.317],[16.803,45.279],[16.854,45.27],[16.88,45.282],[16.896,45.268],[16.924,45.285],[16.947,45.236],[16.967,45.238],[16.961,45.251],[16.998,45.232],[17.008,45.244],[17.008,45.216],[17.036,45.231],[17.055,45.201],[17.187,45.149],[17.245,45.156],[17.269,45.19],[17.382,45.14],[17.443,45.162],[17.458,45.146],[17.447,45.135],[17.496,45.142],[17.481,45.115],[17.572,45.121],[17.629,45.158],[17.684,45.164],[17.835,45.065],[17.911,45.081],[18.003,45.15],[18.09,45.108],[18.153,45.098],[18.192,45.109],[18.202,45.144],[18.237,45.158],[18.322,45.123],[18.412,45.113],[18.517,45.056],[18.541,45.056],[18.534,45.091],[18.609,45.1],[18.648,45.063],[18.684,45.085],[18.738,45.016],[18.789,45.006],[18.804,44.974],[18.772,44.943],[18.783,44.914],[18.889,44.861],[19.068,44.875],[19.186,44.928],[19.201,44.909],[19.31,44.913],[19.35,44.897],[19.325,44.922],[19.386,44.915],[19.396,44.932],[19.373,44.943],[19.41,44.96],[19.448,44.956],[19.45,44.972],[19.485,44.984],[19.646,44.964],[19.667,44.936],[19.757,44.915],[19.701,44.808],[19.729,44.758],[19.797,44.752],[19.914,44.695],[20.01,44.689],[19.931,44.659],[19.921,44.648],[19.94,44.632],[20.126,44.717],[20.187,44.683],[20.237,44.724],[20.236,44.69],[20.274,44.665],[20.361,44.784],[20.441,44.81],[20.455,44.84]]]}},{"type":"Feature","properties":{"r":7,"n":"Esil"},"geometry":{"type":"MultiLineString","coordinates":[[[73.074,50.63],[72.94,50.63],[72.899,50.61],[72.867,50.654],[72.698,50.703],[72.584,50.699],[72.54,50.718],[72.37,50.735],[72.297,50.782],[72.234,50.802],[72.164,50.862],[72.163,50.891],[72.21,50.938],[72.206,51.02],[72.152,50.98],[72.073,51.021],[72.003,51.023],[71.909,51.076],[71.868,51.076],[71.851,51.048],[71.808,51.04],[71.685,51.117],[71.604,51.125],[71.481,51.11],[71.436,51.152],[71.33,51.179],[71.266,51.215],[71.059,51.268],[70.98,51.309],[70.814,51.294],[70.589,51.336],[70.569,51.317],[70.519,51.315],[70.399,51.268],[70.199,51.282],[70.083,51.328],[70.002,51.337],[69.733,51.522],[69.442,51.578],[69.304,51.647],[69.198,51.672],[69.19,51.69],[69.132,51.72],[69.072,51.72],[68.979,51.747],[68.826,51.709],[68.612,51.735],[68.376,51.7],[68.177,51.641],[68.066,51.585],[67.904,51.588],[67.811,51.544],[67.585,51.59],[67.389,51.568],[67.237,51.516],[67.252,51.475],[67.155,51.402],[67.16,51.376],[67.225,51.343],[67.189,51.314],[67.177,51.263],[67.119,51.236],[67.026,51.248],[66.971,51.214],[66.93,51.207],[66.91,51.22],[66.849,51.193],[66.807,51.214],[66.749,51.158],[66.615,51.128],[66.588,51.099],[66.499,51.073],[66.472,51.035],[66.43,51.055],[66.359,51.053],[66.34,51.071],[66.368,51.124],[66.362,51.203],[66.444,51.241],[66.492,51.32],[66.551,51.35],[66.554,51.371],[66.513,51.384],[66.489,51.422],[66.434,51.442],[66.423,51.467],[66.443,51.57],[66.472,51.624],[66.406,51.682],[66.398,51.705],[66.421,51.732],[66.41,51.747],[66.31,51.758],[66.274,51.816],[66.255,51.919],[66.32,51.947],[66.333,51.974],[66.238,52.104],[66.29,52.181],[66.334,52.213],[66.406,52.248],[66.517,52.255],[66.538,52.263],[66.556,52.303],[66.623,52.31],[66.707,52.412],[66.759,52.447],[66.765,52.481],[66.747,52.502],[66.69,52.504],[66.655,52.546],[66.538,52.562],[66.528,52.604],[66.601,52.639],[66.623,52.693],[66.599,52.768],[66.488,52.813],[66.6,52.85],[66.642,52.878],[66.665,52.92],[66.642,52.947],[66.656,52.947],[66.644,52.968],[66.711,53.062],[66.772,53.091],[66.765,53.125],[66.794,53.184],[66.997,53.284],[67.008,53.292],[66.985,53.324],[67.013,53.338]]]}},{"type":"Feature","properties":{"r":7,"n":"Pur"},"geometry":{"type":"MultiLineString","coordinates":[[[77.415,64.823],[77.573,64.881],[77.597,64.922],[77.635,64.945],[77.72,64.962],[77.802,64.958],[77.839,64.98],[77.936,65.083],[77.955,65.135],[78.011,65.166],[78.013,65.208],[78.069,65.253],[78.027,65.345],[77.915,65.398],[77.963,65.44],[77.977,65.481],[78.087,65.525],[78.115,65.585],[78.208,65.604],[78.244,65.642],[78.231,65.665],[78.239,65.681],[78.286,65.713],[78.261,65.735],[78.274,65.766],[78.193,65.81],[78.261,65.858],[78.252,65.92],[78.328,65.993],[78.317,66.014],[78.252,66.049],[78.286,66.075],[78.21,66.155],[78.223,66.227],[78.135,66.248],[78.001,66.32],[78.025,66.35],[78.028,66.409],[78.128,66.446],[78.108,66.456],[78.093,66.509],[78.059,66.536],[78.038,66.586],[77.949,66.631],[77.913,66.666],[77.914,66.713],[77.943,66.762],[77.937,66.788],[77.86,66.823],[77.823,66.864],[77.867,66.893],[77.997,66.927],[77.978,66.947],[78.007,66.975],[78.151,66.987],[78.197,67.026],[78.125,67.078],[78.162,67.125],[78.06,67.144],[78.052,67.153],[78.072,67.173],[78.056,67.192],[77.922,67.279],[77.839,67.303],[77.901,67.386],[77.829,67.428],[77.813,67.479],[77.819,67.53],[77.888,67.564]],[[73.77,63.809],[73.728,63.787],[73.736,63.733],[73.583,63.652],[73.587,63.622],[73.831,63.528],[73.967,63.532],[74.256,63.5],[74.307,63.51],[74.349,63.488],[74.562,63.492],[74.599,63.507],[74.926,63.533],[75.053,63.518],[75.194,63.596],[75.161,63.613],[75.202,63.658],[75.154,63.676],[75.164,63.716],[75.233,63.761],[75.353,63.774],[75.383,63.82],[75.501,63.856],[75.552,63.96],[75.654,63.993],[75.701,64.031],[75.907,64.069],[75.887,64.091],[76.037,64.113],[76.038,64.134],[75.997,64.158],[76.037,64.172],[76.076,64.24],[76.106,64.24],[76.141,64.202],[76.16,64.235],[76.284,64.26],[76.258,64.271],[76.277,64.315],[76.241,64.329],[76.243,64.353],[76.305,64.376],[76.367,64.37],[76.572,64.444],[76.696,64.46],[76.66,64.425],[76.833,64.418],[76.968,64.435],[77.092,64.484],[77.175,64.528],[77.183,64.555],[77.285,64.59],[77.331,64.614],[77.339,64.638],[77.394,64.658],[77.367,64.693],[77.408,64.726],[77.394,64.74],[77.447,64.768],[77.449,64.781],[77.406,64.807],[77.421,64.823]]]}},{"type":"Feature","properties":{"r":7,"n":"Katun"},"geometry":{"type":"MultiLineString","coordinates":[[[85.776,51.696],[85.795,51.709],[85.739,51.766],[85.762,51.806],[85.755,51.82],[85.789,51.847],[85.74,51.861],[85.876,51.92],[85.837,51.983],[85.907,52.037],[85.923,52.09],[85.835,52.27],[85.829,52.343],[85.765,52.423],[85.679,52.443],[85.53,52.442],[85.316,52.491],[85.159,52.471],[85.138,52.437],[85.092,52.446],[85.056,52.434]],[[86.303,49.64],[86.152,49.64],[86.002,49.61]],[[85.996,49.61],[85.736,49.624],[85.703,49.678],[85.624,49.715],[85.606,49.753],[85.496,49.832],[85.502,49.849],[85.481,49.884],[85.489,49.942],[85.432,49.982],[85.434,50.041],[85.494,50.217],[85.584,50.268],[85.664,50.291],[86,50.21],[86.078,50.148],[86.234,50.149],[86.318,50.182],[86.563,50.17],[86.613,50.182],[86.723,50.289],[86.695,50.394],[86.633,50.452],[86.648,50.503],[86.594,50.53],[86.521,50.612],[86.539,50.668],[86.492,50.704],[86.537,50.759],[86.532,50.773],[86.462,50.78],[86.483,50.794],[86.426,50.844],[86.413,50.876],[86.34,50.89],[86.288,50.939],[86.27,50.993],[86.162,51.109],[86.193,51.158],[86.093,51.192],[86.093,51.233],[86.034,51.332],[86.033,51.374],[85.998,51.39],[85.987,51.495],[85.923,51.545],[85.908,51.583],[85.801,51.635],[85.77,51.696]]]}},{"type":"Feature","properties":{"r":7,"n":"Cuilco"},"geometry":{"type":"MultiLineString","coordinates":[[[-91.697,15.065],[-91.708,15.092],[-91.699,15.122],[-91.621,15.202],[-91.621,15.234],[-91.696,15.308],[-91.74,15.398],[-92.09,15.422],[-92.117,15.474],[-92.116,15.528],[-92.161,15.606],[-92.155,15.682],[-92.23,15.771],[-92.202,15.826]]]}},{"type":"Feature","properties":{"r":7,"n":"Baoulé"},"geometry":{"type":"MultiLineString","coordinates":[[[-7.106,12.008],[-7.094,12.027],[-7.161,12.074],[-7.106,12.091],[-7.106,12.129],[-7.117,12.135],[-7.126,12.118],[-7.138,12.132],[-7.076,12.195],[-7.12,12.232],[-7.104,12.284],[-7.134,12.334],[-7.134,12.447],[-7.095,12.501],[-7.049,12.504],[-7.038,12.519],[-7.034,12.544],[-7.072,12.578],[-7.074,12.604],[-7.045,12.619],[-7.001,12.574],[-6.899,12.557],[-6.852,12.522],[-6.767,12.53],[-6.719,12.515],[-6.655,12.557],[-6.603,12.554],[-6.597,12.593],[-6.559,12.611],[-6.54,12.665],[-6.518,12.674]],[[-7.463,9.549],[-7.484,9.542],[-7.511,9.558],[-7.613,9.706],[-7.55,9.856],[-7.574,9.87],[-7.558,9.905],[-7.586,9.967],[-7.565,9.987],[-7.579,10.059],[-7.616,10.112],[-7.606,10.213],[-7.629,10.214],[-7.655,10.248],[-7.671,10.241],[-7.668,10.289],[-7.696,10.275],[-7.716,10.296],[-7.75,10.296],[-7.778,10.33],[-7.725,10.364],[-7.737,10.378],[-7.723,10.385],[-7.737,10.403],[-7.73,10.426],[-7.763,10.459],[-7.791,10.463],[-7.785,10.501],[-7.838,10.589],[-7.833,10.611],[-7.796,10.611],[-7.803,10.635],[-7.788,10.662],[-7.75,10.666],[-7.768,10.682],[-7.75,10.727],[-7.761,10.757],[-7.737,10.748],[-7.709,10.768],[-7.695,10.751],[-7.648,10.834],[-7.6,10.851],[-7.603,10.87],[-7.641,10.888],[-7.638,10.933],[-7.664,10.945],[-7.691,10.992],[-7.669,11.005],[-7.668,11.029],[-7.702,11.036],[-7.668,11.049],[-7.696,11.09],[-7.641,11.159],[-7.668,11.183],[-7.648,11.2],[-7.634,11.269],[-7.668,11.276],[-7.62,11.295],[-7.603,11.334],[-7.555,11.306],[-7.525,11.363],[-7.493,11.364],[-7.469,11.406],[-7.413,11.389],[-7.387,11.412],[-7.34,11.399],[-7.321,11.412],[-7.318,11.433],[-7.358,11.435],[-7.38,11.527],[-7.331,11.525],[-7.291,11.571],[-7.298,11.591],[-7.352,11.566],[-7.371,11.598],[-7.317,11.649],[-7.256,11.641],[-7.235,11.652],[-7.223,11.673],[-7.285,11.687],[-7.27,11.707],[-7.187,11.744],[-7.141,11.718],[-7.148,11.783],[-7.135,11.809],[-7.146,11.825],[-7.194,11.827],[-7.154,11.896],[-7.147,11.955],[-7.111,11.973],[-7.106,12.016]]]}},{"type":"Feature","properties":{"r":2,"n":"Bratul Sfintu Gheorghe"},"geometry":{"type":"MultiLineString","coordinates":[[[28.883,45.18],[29.139,45.073],[29.158,45.087],[29.13,45.101],[29.169,45.117],[29.205,45.092],[29.196,45.05],[29.281,45.039],[29.313,44.97],[29.392,44.984],[29.379,44.963],[29.395,44.95],[29.456,44.97],[29.611,44.888]]]}},{"type":"Feature","properties":{"r":1,"n":"Nile"},"geometry":{"type":"MultiLineString","coordinates":[[[32.879,23.988],[32.873,24.073],[32.886,24.126],[32.873,24.231],[32.907,24.303],[32.907,24.41],[32.924,24.442],[32.899,24.453],[32.878,24.49],[32.934,24.689],[32.927,24.769],[32.865,24.905],[32.882,25.015],[32.836,25.105],[32.616,25.232],[32.56,25.283],[32.554,25.424],[32.483,25.55],[32.488,25.586],[32.595,25.636],[32.682,25.775],[32.764,25.802],[32.77,25.824],[32.729,25.882],[32.786,26.007],[32.763,26.112],[32.649,26.18],[32.625,26.174],[32.606,26.14],[32.434,26.112],[32.375,26.068],[32.324,26.084],[32.291,26.036],[32.266,26.03],[32.248,26.036],[32.227,26.102],[32.166,26.143],[32.117,26.218],[32.06,26.222],[32.042,26.17],[32.016,26.181],[32.013,26.259],[31.824,26.413],[31.808,26.541],[31.776,26.567],[31.704,26.544],[31.714,26.626],[31.703,26.641],[31.636,26.65],[31.628,26.691],[31.523,26.799],[31.482,26.907],[31.353,27.024],[31.28,27.158],[31.198,27.174],[31.164,27.219],[31.115,27.202],[31.111,27.27],[31.035,27.284],[30.966,27.347],[30.974,27.372],[30.878,27.421],[30.849,27.46],[30.865,27.5],[30.851,27.578],[30.899,27.678],[30.886,27.801],[30.844,27.852],[30.837,28.038],[30.746,28.133],[30.742,28.179],[30.756,28.208],[30.738,28.262],[30.741,28.322],[30.769,28.38],[30.835,28.448],[30.82,28.508],[30.844,28.598],[30.837,28.627],[30.907,28.76],[30.91,28.83],[31.011,28.942],[31.053,29.029],[31.118,29.072],[31.159,29.123],[31.221,29.233],[31.212,29.348],[31.228,29.394],[31.213,29.429],[31.28,29.547],[31.27,29.625],[31.304,29.669],[31.269,29.733],[31.297,29.805],[31.289,29.885],[31.221,30.008],[31.237,30.124]],[[33.693,18.489],[33.684,18.522],[33.701,18.594],[33.688,18.691],[33.66,18.724],[33.57,18.741],[33.56,18.76],[33.553,18.907],[33.58,18.977],[33.577,19.141],[33.562,19.179],[33.425,19.269],[33.38,19.423],[33.351,19.444],[33.284,19.476],[33.058,19.529],[33.017,19.516],[32.97,19.461],[32.899,19.456],[32.87,19.436],[32.797,19.334],[32.774,19.342],[32.721,19.285],[32.683,19.189],[32.657,19.165],[32.509,19.148],[32.462,19.033],[32.383,18.962],[32.344,18.889],[32.274,18.914],[32.192,18.892],[32.037,18.785],[32.034,18.748],[32.064,18.711],[32.067,18.661],[32.046,18.619],[31.968,18.573],[31.92,18.581],[31.879,18.567],[31.804,18.456],[31.778,18.366],[31.704,18.304],[31.68,18.251],[31.529,18.081],[31.451,18.044],[31.325,18.043],[31.207,17.984],[31.115,18.009],[31.044,18.047],[30.962,18.054],[30.893,18.13],[30.808,18.144],[30.769,18.169],[30.7,18.328],[30.714,18.406],[30.703,18.468],[30.587,18.593],[30.559,18.709],[30.515,18.823],[30.485,18.86],[30.467,18.971],[30.488,19.05],[30.491,19.222],[30.473,19.28],[30.489,19.371],[30.456,19.507],[30.399,19.584],[30.399,19.663],[30.366,19.773],[30.307,19.807],[30.303,19.828],[30.312,19.867],[30.336,19.882],[30.405,19.897],[30.46,19.931],[30.539,19.931],[30.587,19.972],[30.604,20.04],[30.562,20.17],[30.587,20.272],[30.523,20.347],[30.402,20.35],[30.388,20.362],[30.299,20.582],[30.37,20.717],[30.338,20.77],[30.349,20.802],[30.374,20.821],[30.543,20.838],[30.567,20.858],[30.578,20.975],[30.604,21.028],[30.714,21.092],[30.679,21.173],[30.693,21.205],[30.809,21.286],[30.846,21.285],[30.906,21.317],[30.973,21.381],[30.994,21.413],[30.962,21.454],[31.054,21.538],[31.091,21.609]],[[33.693,18.489],[33.693,18.49]],[[33.791,18.352],[33.695,18.443],[33.693,18.489]],[[32.49,15.635],[32.53,15.781],[32.518,15.844],[32.55,15.883],[32.54,16.138],[32.551,16.176],[32.608,16.251],[32.681,16.283],[32.69,16.327],[32.729,16.346],[32.742,16.386],[32.863,16.499],[32.995,16.548],[33.069,16.523],[33.127,16.535],[33.279,16.66],[33.392,16.686],[33.497,16.747],[33.599,16.765],[33.73,16.964],[33.735,17.046],[33.702,17.104],[33.749,17.182],[33.753,17.294],[33.852,17.406],[33.902,17.557],[33.975,17.613],[33.989,17.806],[33.974,18.024],[33.928,18.265],[33.897,18.317],[33.817,18.318],[33.751,18.462],[33.693,18.489]]]}},{"type":"Feature","properties":{"r":7,"n":"Vina"},"geometry":{"type":"MultiLineString","coordinates":[[[13.503,7.442],[13.52,7.414],[13.555,7.411],[13.774,7.49],[13.897,7.5],[13.955,7.544],[14.021,7.561],[14.087,7.565],[14.157,7.591],[14.192,7.582],[14.25,7.616],[14.415,7.616],[14.451,7.587],[14.515,7.586],[14.644,7.63],[14.686,7.664],[14.792,7.705],[14.795,7.726],[14.911,7.774],[15.076,7.781],[15.117,7.754],[15.138,7.719],[15.165,7.747],[15.22,7.726],[15.252,7.744],[15.374,7.74],[15.496,7.769]]]}},{"type":"Feature","properties":{"r":7,"n":"Lomami"},"geometry":{"type":"MultiLineString","coordinates":[[[24.284,0.777],[24.284,0.777]],[[24.284,0.777],[24.284,0.777]],[[24.725,-8.741],[24.665,-8.686],[24.59,-8.672],[24.58,-8.587],[24.696,-8.4],[24.775,-8.346],[24.771,-8.275],[24.786,-8.248],[24.788,-8.182],[24.819,-8.141],[24.819,-8.051],[24.872,-7.997],[24.943,-7.98],[24.975,-7.934],[24.959,-7.914],[24.985,-7.844],[25.044,-7.793],[25.059,-7.747],[25.258,-7.584],[25.266,-7.528],[25.223,-7.478],[25.211,-7.375],[25.225,-7.329],[25.307,-7.248],[25.321,-7.193],[25.471,-7.11],[25.501,-7.121],[25.605,-7.073],[25.63,-7.045],[25.671,-7.036],[25.65,-7.014],[25.643,-6.952],[25.561,-6.83],[25.451,-6.721],[25.443,-6.703],[25.469,-6.612],[25.454,-6.579],[25.36,-6.525],[25.259,-6.404],[25.099,-6.282],[25.206,-6.217],[25.233,-6.239],[25.328,-6.212],[25.409,-6.136],[25.492,-6.104],[25.554,-6.114],[25.88,-5.983],[25.951,-6.007],[25.943,-5.966],[25.958,-5.952],[25.941,-5.921],[25.968,-5.88],[25.941,-5.825],[25.858,-5.781],[25.847,-5.612],[25.801,-5.575],[25.781,-5.585],[25.729,-5.552],[25.707,-5.507],[25.667,-5.497],[25.656,-5.469],[25.624,-5.455],[25.655,-5.417],[25.65,-5.404],[25.625,-5.402],[25.557,-5.318],[25.491,-5.308],[25.478,-5.287],[25.354,-5.247],[25.3,-5.253],[25.255,-5.211],[25.217,-5.201],[25.225,-5.17],[25.122,-5.048],[25.064,-5.007],[25.002,-4.847],[24.964,-4.794],[24.902,-4.751],[24.882,-4.698],[24.861,-4.684],[24.856,-4.637],[24.875,-4.593],[24.927,-4.555],[25.012,-4.445],[24.975,-4.39],[25.012,-4.266],[24.997,-4.207],[25.011,-4.176],[24.985,-4.143],[24.996,-4.105],[24.96,-4.033],[24.93,-4.041],[24.896,-4.01],[24.896,-3.968],[24.805,-3.871],[24.814,-3.839],[24.759,-3.828],[24.773,-3.814],[24.743,-3.798],[24.732,-3.766],[24.796,-3.686],[24.772,-3.551],[24.798,-3.536],[24.802,-3.515],[24.78,-3.458],[24.823,-3.447],[24.864,-3.377],[24.899,-3.362],[24.9,-3.271],[24.961,-3.256],[24.967,-3.214],[25.007,-3.155],[25.017,-3.091],[24.998,-3.07],[25.033,-3.067],[25.019,-3.036],[25.025,-2.98],[25.111,-2.773],[25.077,-2.588],[25.098,-2.453],[25.121,-2.375],[25.156,-2.327],[25.156,-2.291],[25.185,-2.28],[25.191,-2.224],[25.153,-2.146],[25.112,-2.139],[25.099,-2.096],[25.056,-2.075],[25.071,-1.991],[25.01,-1.945],[25.036,-1.91],[25.011,-1.842],[25.054,-1.7],[25.011,-1.59],[25.047,-1.566],[25.046,-1.522],[25.008,-1.476],[25.003,-1.409],[24.978,-1.364],[24.997,-1.32],[24.974,-1.262],[24.913,-1.203],[24.868,-1.203],[24.87,-1.172],[24.827,-1.145],[24.824,-1.119],[24.774,-1.12],[24.737,-1.074],[24.75,-1.027],[24.615,-0.935],[24.546,-0.857],[24.532,-0.813],[24.467,-0.788],[24.423,-0.69],[24.453,-0.658],[24.386,-0.624],[24.382,-0.603],[24.427,-0.586],[24.419,-0.569],[24.397,-0.557],[24.334,-0.6],[24.321,-0.511],[24.354,-0.48],[24.306,-0.497],[24.309,-0.449],[24.282,-0.412],[24.32,-0.393],[24.327,-0.374],[24.237,-0.353],[24.283,-0.3],[24.222,-0.269],[24.225,-0.203],[24.19,-0.168],[24.196,-0.131],[24.166,-0.114],[24.035,-0.114],[24.008,-0.098],[24.046,-0.038],[24.042,-0.025],[24.012,-0.038],[23.993,-0.026],[24.019,0.017],[24.002,0.037],[24.053,0.064],[24.022,0.123],[24.046,0.185],[24.025,0.208],[24.033,0.234],[24.077,0.256],[24.09,0.239],[24.111,0.246],[24.174,0.501],[24.201,0.538],[24.252,0.526],[24.231,0.575],[24.266,0.626],[24.251,0.648],[24.197,0.633],[24.188,0.653],[24.208,0.693],[24.231,0.681],[24.238,0.747],[24.284,0.777]]]}},{"type":"Feature","properties":{"r":7,"n":"Gêba"},"geometry":{"type":"MultiLineString","coordinates":[[[-13.208,11.057],[-13.246,11.142],[-13.264,11.331],[-13.256,11.408],[-13.28,11.477],[-13.264,11.545],[-13.28,11.59],[-13.216,11.773],[-13.158,11.809],[-13.179,11.856],[-13.153,11.892],[-13.203,11.927],[-13.236,11.924],[-13.236,11.981],[-13.284,12.003],[-13.263,12.027],[-13.277,12.088],[-13.302,12.095],[-13.296,12.066],[-13.308,12.065],[-13.334,12.091],[-13.344,12.12],[-13.333,12.186],[-13.388,12.256],[-13.371,12.288],[-13.398,12.311],[-13.421,12.309],[-13.445,12.277],[-13.485,12.31],[-13.477,12.272],[-13.533,12.29],[-13.667,12.232],[-13.696,12.293],[-13.741,12.257],[-13.809,12.256],[-13.796,12.279],[-13.813,12.284],[-13.944,12.219],[-13.966,12.194],[-14.016,12.055],[-14.053,12.046],[-14.058,11.977],[-14.096,11.925],[-14.134,11.914],[-14.199,11.932],[-14.271,11.903],[-14.296,11.93],[-14.329,11.917],[-14.335,11.889],[-14.297,11.879],[-14.29,11.858],[-14.331,11.822],[-14.29,11.796],[-14.286,11.766],[-14.311,11.706],[-14.387,11.628],[-14.53,11.643],[-14.635,11.62],[-14.673,11.635],[-14.734,11.598],[-14.787,11.63],[-14.812,11.69],[-14.862,11.695],[-14.838,11.742],[-14.878,11.749],[-14.904,11.789],[-14.925,11.769]]]}},{"type":"Feature","properties":{"r":7,"n":"Mania"},"geometry":{"type":"MultiLineString","coordinates":[[[47.667,-20.189],[47.624,-20.258],[47.565,-20.301],[47.541,-20.308],[47.483,-20.289],[47.459,-20.308],[47.4,-20.308],[47.366,-20.329],[47.307,-20.328],[47.297,-20.349],[47.258,-20.333],[47.256,-20.37],[47.225,-20.398],[47.168,-20.383],[47.14,-20.356],[47.116,-20.397],[47.078,-20.376],[47.039,-20.401],[47.003,-20.404],[46.961,-20.36],[46.98,-20.332],[46.924,-20.329],[46.91,-20.294],[46.87,-20.293],[46.845,-20.261],[46.799,-20.28],[46.763,-20.258],[46.708,-20.274],[46.619,-20.236],[46.567,-20.271],[46.447,-20.227],[46.367,-20.243],[46.276,-20.173],[46.304,-20.144],[46.276,-20.096],[46.292,-20.091],[46.296,-20.062],[46.235,-20.014],[46.163,-20.084],[46.155,-20.042],[46.108,-20.024],[46.084,-19.959],[45.879,-19.907],[45.831,-19.918],[45.728,-19.839],[45.536,-19.808],[45.44,-19.729],[45.399,-19.723]]]}},{"type":"Feature","properties":{"r":7,"n":"Kabompo"},"geometry":{"type":"MultiLineString","coordinates":[[[25.259,-11.51],[25.273,-11.582],[25.359,-11.67],[25.369,-11.755],[25.197,-12.013],[25.17,-12.085],[25.189,-12.132],[25.177,-12.174],[25.195,-12.195],[25.176,-12.236],[25.06,-12.39],[25.012,-12.406],[24.896,-12.49],[24.875,-12.517],[24.882,-12.571],[24.841,-12.592],[24.828,-12.631],[24.854,-12.674],[24.875,-12.658],[24.875,-12.695],[24.93,-12.75],[24.922,-12.773],[24.945,-12.788],[24.952,-12.832],[24.998,-12.849],[24.977,-12.892],[24.998,-12.935],[24.964,-12.949],[24.998,-12.981],[24.992,-13.017],[24.95,-13.024],[24.927,-13.047],[24.874,-13.033],[24.864,-13.057],[24.827,-13.051],[24.753,-13.086],[24.745,-13.113],[24.711,-13.11],[24.69,-13.079],[24.594,-13.175],[24.561,-13.187],[24.54,-13.223],[24.509,-13.216],[24.471,-13.251],[24.444,-13.23],[24.372,-13.382],[24.375,-13.439],[24.347,-13.482],[24.275,-13.543],[24.255,-13.587],[24.168,-13.618],[24.135,-13.647],[24.128,-13.682],[24.143,-13.695],[24.105,-13.754],[24.066,-13.752],[24.064,-13.823],[24.035,-13.823],[24.031,-13.846],[24.012,-13.846],[23.999,-13.874],[23.987,-13.868],[23.926,-13.965],[23.909,-13.942],[23.874,-13.99],[23.855,-13.991],[23.833,-13.976],[23.834,-13.956],[23.733,-14.012],[23.683,-13.99],[23.539,-14.059],[23.437,-14.086],[23.367,-14.134],[23.306,-14.138],[23.264,-14.168],[23.223,-14.168],[23.223,-14.141],[23.182,-14.155]]]}},{"type":"Feature","properties":{"r":7,"n":"Save"},"geometry":{"type":"MultiLineString","coordinates":[[[31.125,-18.547],[31.179,-18.589],[31.339,-18.642],[31.379,-18.691],[31.529,-18.787],[31.614,-18.784],[31.639,-18.808],[31.714,-19.026],[31.777,-19.049],[31.83,-19.098],[31.906,-19.125],[31.985,-19.132],[32.019,-19.169],[32.027,-19.245],[32.084,-19.356],[32.221,-19.542],[32.28,-19.695],[32.314,-19.729],[32.391,-19.767],[32.399,-19.803],[32.375,-19.917],[32.338,-19.955],[32.336,-20.123],[32.286,-20.404],[32.273,-20.593],[32.135,-20.928],[32.16,-21.005],[32.188,-21.031],[32.18,-21.056],[32.255,-21.093],[32.313,-21.233],[32.526,-21.37],[32.684,-21.4],[32.812,-21.488],[32.934,-21.492],[32.968,-21.516],[32.985,-21.569],[33.023,-21.57],[33.07,-21.596],[33.101,-21.543],[33.14,-21.515],[33.218,-21.487],[33.28,-21.506],[33.325,-21.501],[33.403,-21.475],[33.527,-21.4],[33.822,-21.393],[33.857,-21.421],[33.89,-21.408],[33.965,-21.316],[34.13,-21.302],[34.172,-21.322],[34.244,-21.268],[34.331,-21.31],[34.362,-21.291],[34.463,-21.171],[34.579,-21.138],[34.666,-21.093],[34.729,-21.131],[34.761,-21.126],[34.875,-21.024],[35.106,-20.953]]]}},{"type":"Feature","properties":{"r":7,"n":"Sokoto"},"geometry":{"type":"MultiLineString","coordinates":[[[7.23,11.586],[7.124,11.613],[6.941,11.752],[6.896,11.797],[6.792,11.992],[6.725,12.061],[6.693,12.122],[6.577,12.238],[6.407,12.332],[6.384,12.368],[6.354,12.37],[6.342,12.391],[6.249,12.429],[6.212,12.5],[6.164,12.525],[6.074,12.659],[5.879,12.709],[5.83,12.835],[5.794,12.853],[5.709,12.951],[5.623,12.987],[5.549,13.084],[5.512,13.102],[5.316,13.064],[5.185,13.084],[5.087,13.024],[5.024,13.01],[4.836,13.025],[4.777,13.058],[4.715,13.02],[4.627,12.856],[4.57,12.783],[4.372,12.636],[4.285,12.544],[4.118,12.486],[4.03,12.423],[4.001,12.383],[3.987,12.274],[4.016,12.205],[4.01,12.157],[4.126,11.856],[4.156,11.741],[4.14,11.657],[4.242,11.525],[4.226,11.484],[4.122,11.387]]]}},{"type":"Feature","properties":{"r":7,"n":"Mariga"},"geometry":{"type":"MultiLineString","coordinates":[[[6.903,11.492],[6.882,11.366],[6.845,11.317],[6.754,11.248],[6.725,11.128],[6.686,11.076],[6.576,11.029],[6.474,11.01],[6.364,11.038],[6.323,11.032],[6.28,10.965],[6.236,10.943],[6.222,10.891],[6.122,10.832],[6.108,10.723],[6.126,10.623],[6.086,10.491]]]}},{"type":"Feature","properties":{"r":7,"n":"Jamanxim"},"geometry":{"type":"MultiLineString","coordinates":[[[-54.088,-14.422],[-54.168,-14.456],[-54.208,-14.443],[-54.253,-14.456],[-54.318,-14.422],[-54.389,-14.463],[-54.526,-14.472],[-54.561,-14.449],[-54.596,-14.388],[-54.661,-14.401],[-54.71,-14.374],[-54.733,-14.326],[-54.778,-14.332],[-54.818,-14.308],[-54.845,-14.313],[-54.836,-14.271],[-54.898,-14.221],[-54.91,-14.155],[-54.965,-14.076],[-54.959,-13.977],[-54.986,-13.96],[-55.041,-13.874],[-55.014,-13.864],[-55.012,-13.835],[-55.072,-13.682],[-55.195,-13.617],[-55.241,-13.612],[-55.253,-13.578],[-55.29,-13.59],[-55.347,-13.56],[-55.386,-13.557],[-55.384,-13.505],[-55.435,-13.508],[-55.462,-13.46],[-55.486,-13.484],[-55.506,-13.476],[-55.524,-13.412],[-55.596,-13.36],[-55.602,-13.266],[-55.68,-13.236],[-55.699,-13.211],[-55.732,-13.099],[-55.783,-13.009],[-55.829,-12.976],[-55.905,-12.887],[-55.919,-12.839],[-55.949,-12.824],[-55.934,-12.735],[-55.903,-12.673],[-55.948,-12.592],[-55.96,-12.522],[-55.911,-12.524],[-55.9,-12.466],[-55.839,-12.483],[-55.816,-12.517],[-55.782,-12.522],[-55.759,-12.465],[-55.698,-12.435],[-55.696,-12.41],[-55.739,-12.349],[-55.733,-12.27],[-55.767,-12.164],[-55.754,-12.126],[-55.788,-12.106],[-55.747,-11.999],[-55.767,-11.948],[-55.81,-11.909],[-55.816,-11.857],[-55.741,-11.682],[-55.73,-11.613],[-55.695,-11.598],[-55.684,-11.542],[-55.636,-11.484],[-55.617,-11.406],[-55.473,-11.345],[-55.449,-11.284],[-55.355,-11.224],[-55.335,-11.184],[-55.371,-11.133],[-55.454,-11.113],[-55.528,-11.12],[-55.58,-11.079],[-55.661,-11.078],[-55.717,-11.109],[-55.82,-11.101],[-55.849,-11.112],[-55.872,-11.085],[-55.871,-11.04],[-55.905,-11.027],[-55.968,-10.888],[-55.935,-10.814],[-55.918,-10.713],[-55.838,-10.617],[-55.85,-10.565],[-55.908,-10.484],[-55.903,-10.377],[-55.8,-10.253],[-55.669,-10.255],[-55.613,-10.225],[-55.542,-10.031],[-55.575,-9.939],[-55.672,-9.862],[-55.706,-9.811],[-55.775,-9.781],[-55.921,-9.653],[-56.18,-9.628],[-56.288,-9.583],[-56.421,-9.481],[-56.552,-9.442],[-56.606,-9.407],[-56.691,-9.381],[-56.785,-9.392],[-56.823,-9.297],[-56.873,-9.238],[-57.014,-9.224],[-57.06,-9.204],[-57.097,-9.057],[-57.178,-8.98],[-57.325,-8.937],[-57.476,-8.784],[-57.583,-8.753],[-57.603,-8.66],[-57.649,-8.569],[-57.672,-8.407],[-57.666,-8.295],[-57.634,-8.222],[-57.793,-8.017],[-57.837,-7.918],[-57.829,-7.856],[-57.863,-7.815],[-57.92,-7.655],[-57.978,-7.584],[-57.994,-7.502],[-58.069,-7.389],[-58.136,-7.34]]]}},{"type":"Feature","properties":{"r":7,"n":""},"geometry":{"type":"MultiLineString","coordinates":[[[-60.404,-14.683],[-60.356,-14.612],[-60.37,-14.543],[-60.339,-14.533],[-60.345,-14.491],[-60.401,-14.341],[-60.465,-14.278],[-60.463,-14.198],[-60.48,-14.163],[-60.469,-14.104],[-60.42,-14.077],[-60.397,-14.008]]]}},{"type":"Feature","properties":{"r":2,"n":"Bratul Sulina"},"geometry":{"type":"MultiLineString","coordinates":[[[28.883,45.18],[28.969,45.197],[29.011,45.175],[29.484,45.169],[29.532,45.19],[29.682,45.149]]]}},{"type":"Feature","properties":{"r":7,"n":"Atrato"},"geometry":{"type":"MultiLineString","coordinates":[[[-76.374,5.797],[-76.401,5.691],[-76.428,5.699],[-76.437,5.687],[-76.463,5.605],[-76.504,5.54],[-76.541,5.514],[-76.589,5.542],[-76.669,5.526],[-76.684,5.797],[-76.718,5.839],[-76.689,5.896],[-76.693,5.918],[-76.771,5.982],[-76.772,6.067],[-76.736,6.051],[-76.735,6.098],[-76.702,6.128],[-76.727,6.211],[-76.771,6.287],[-76.798,6.301],[-76.784,6.363],[-76.798,6.369],[-76.789,6.396],[-76.806,6.423],[-76.784,6.438],[-76.803,6.451],[-76.788,6.483],[-76.853,6.54],[-76.866,6.582],[-76.893,6.582],[-76.896,6.614],[-76.866,6.64],[-76.901,6.65],[-76.906,6.694],[-76.932,6.672],[-76.945,6.702],[-76.97,6.705],[-76.949,6.732],[-76.983,6.828],[-76.936,6.849],[-76.921,6.865],[-76.925,6.896],[-76.901,6.904],[-76.92,6.921],[-76.936,6.997],[-76.922,7.005],[-76.963,7.041],[-76.927,7.096],[-76.924,7.139],[-76.977,7.2],[-77.004,7.166],[-77.02,7.17],[-77.059,7.308],[-77.107,7.362],[-77.112,7.446],[-77.068,7.497],[-77.075,7.535],[-77.134,7.568],[-77.123,7.582],[-77.079,7.561],[-77.115,7.612],[-77.132,7.687],[-77.126,7.781],[-77.113,7.788],[-77.12,7.842],[-77.093,7.837],[-77.035,7.883],[-76.997,8.015],[-76.933,8.071],[-76.87,8.095],[-76.839,8.137]]]}},{"type":"Feature","properties":{"r":7,"n":"Iriri"},"geometry":{"type":"MultiLineString","coordinates":[[[-54.671,-9.276],[-54.685,-9.372],[-54.672,-9.407],[-54.564,-9.444],[-54.534,-9.522],[-54.447,-9.541],[-54.345,-9.612],[-54.309,-9.622],[-54.255,-9.68],[-54.242,-9.665],[-54.191,-9.665],[-54.15,-9.687],[-54.088,-9.66],[-54.039,-9.663],[-53.984,-9.548]],[[-53.984,-9.548],[-53.978,-9.528],[-53.965,-9.529],[-53.986,-9.502],[-53.944,-9.42],[-53.954,-9.39],[-53.941,-9.37],[-53.874,-9.336],[-53.841,-9.293],[-53.814,-9.289],[-53.813,-9.273],[-53.745,-9.228],[-53.727,-9.231],[-53.676,-9.176],[-53.615,-9.07],[-53.609,-9.036],[-53.628,-9.033],[-53.623,-9.02],[-53.517,-8.925],[-53.513,-8.89],[-53.472,-8.866],[-53.424,-8.871],[-53.409,-8.816],[-53.367,-8.778],[-53.366,-8.744],[-53.427,-8.654],[-53.45,-8.546],[-53.494,-8.496],[-53.499,-8.447],[-53.524,-8.406],[-53.491,-8.255],[-53.486,-8.152],[-53.406,-8.118],[-53.361,-8.072],[-53.342,-8.011],[-53.269,-7.928],[-53.254,-7.861],[-53.327,-7.756],[-53.411,-7.518],[-53.445,-7.463],[-53.505,-7.392],[-53.566,-7.363],[-53.601,-7.301],[-53.666,-7.242],[-53.691,-7.162],[-53.837,-7.084],[-53.812,-6.888],[-53.861,-6.752],[-53.954,-6.602],[-54.039,-6.306],[-54.075,-6.055],[-54.102,-6.004],[-54.16,-5.98],[-54.19,-5.943],[-54.19,-5.798],[-54.278,-5.566],[-54.306,-5.443],[-54.366,-5.347],[-54.451,-5.102],[-54.572,-4.937],[-54.564,-4.898],[-54.401,-4.764],[-54.313,-4.715],[-54.186,-4.746],[-54.156,-4.734],[-54.119,-4.647],[-54.061,-4.643],[-53.97,-4.554],[-53.813,-4.457],[-53.769,-4.456],[-53.694,-4.487],[-53.598,-4.419],[-53.508,-4.409],[-53.482,-4.391],[-53.455,-4.305],[-53.414,-4.271],[-53.349,-4.113],[-53.254,-4.024],[-53.129,-3.989],[-53.002,-3.989],[-52.837,-3.88],[-52.77,-3.9],[-52.701,-3.895],[-52.609,-3.855]],[[-53.984,-9.548],[-53.979,-9.536],[-53.984,-9.548]]]}},{"type":"Feature","properties":{"r":7,"n":"Cuyuni"},"geometry":{"type":"MultiLineString","coordinates":[[[-62.078,8.109],[-62.077,8.001],[-62.187,7.877],[-62.2,7.803],[-62.155,7.766],[-62.127,7.705],[-62.106,7.691],[-62.106,7.626],[-62.077,7.59],[-62.055,7.47],[-62.01,7.404],[-61.951,7.386],[-61.932,7.405],[-61.88,7.41],[-61.866,7.362],[-61.784,7.365],[-61.722,7.346],[-61.657,7.291],[-61.659,7.264],[-61.603,7.194],[-61.593,7.064],[-61.626,6.993],[-61.64,6.904],[-61.607,6.821],[-61.674,6.757],[-61.665,6.744],[-61.524,6.712],[-61.459,6.763],[-61.465,6.804],[-61.384,6.81],[-61.353,6.821],[-61.339,6.849],[-61.304,6.842],[-61.284,6.808],[-61.216,6.808],[-61.21,6.764],[-61.14,6.705],[-61.112,6.72],[-61.071,6.712],[-61.062,6.73],[-61.019,6.721],[-61.001,6.734],[-60.935,6.732],[-60.9,6.769],[-60.908,6.815],[-60.838,6.787],[-60.774,6.789],[-60.722,6.76],[-60.64,6.838],[-60.549,6.863],[-60.395,6.949],[-60.247,6.862],[-60.18,6.883],[-60.098,6.821],[-60.02,6.794],[-59.869,6.855],[-59.817,6.844],[-59.784,6.814],[-59.742,6.821],[-59.704,6.808],[-59.649,6.839],[-59.626,6.835],[-59.587,6.787],[-59.57,6.678],[-59.553,6.67],[-59.494,6.687],[-59.441,6.64],[-59.423,6.638],[-59.345,6.706],[-59.288,6.809],[-59.214,6.8],[-59.105,6.732],[-59.039,6.726],[-59.024,6.692],[-58.988,6.664],[-58.999,6.604],[-58.869,6.506],[-58.79,6.42],[-58.678,6.397]]]}},{"type":"Feature","properties":{"r":7,"n":"Gurupi"},"geometry":{"type":"MultiLineString","coordinates":[[[-47.318,-5.205],[-47.385,-5.108],[-47.432,-5.08],[-47.415,-5.021],[-47.385,-4.997],[-47.371,-4.961],[-47.396,-4.853],[-47.414,-4.842],[-47.423,-4.803],[-47.37,-4.608],[-47.413,-4.394],[-47.414,-4.294],[-47.365,-4.254],[-47.334,-4.165],[-47.345,-4.143],[-47.332,-4.143],[-47.311,-4.067],[-47.291,-4.081],[-47.282,-4.054],[-47.201,-3.999],[-47.079,-3.877],[-47.044,-3.704],[-47.05,-3.673],[-47.023,-3.599],[-47.03,-3.569],[-46.968,-3.526],[-46.941,-3.444],[-46.945,-3.398],[-46.879,-3.339],[-46.824,-3.328],[-46.811,-3.286],[-46.756,-3.225],[-46.77,-3.216],[-46.763,-3.197],[-46.724,-3.176],[-46.718,-3.159],[-46.736,-3.149],[-46.712,-3.137],[-46.701,-3.149],[-46.667,-3.094],[-46.656,-3.024],[-46.637,-2.997],[-46.646,-2.892],[-46.619,-2.903],[-46.618,-2.874],[-46.571,-2.851],[-46.667,-2.739],[-46.612,-2.656],[-46.596,-2.664],[-46.524,-2.632],[-46.491,-2.55],[-46.431,-2.527],[-46.434,-2.411],[-46.409,-2.385],[-46.409,-2.362],[-46.453,-2.375],[-46.415,-2.327],[-46.41,-2.266],[-46.427,-2.245],[-46.367,-2.248],[-46.28,-2.141],[-46.214,-1.929],[-46.209,-1.822],[-46.228,-1.797],[-46.304,-1.803],[-46.317,-1.741],[-46.227,-1.716],[-46.201,-1.679],[-46.204,-1.612],[-46.179,-1.573],[-46.201,-1.484],[-46.126,-1.346],[-46.166,-1.302],[-46.132,-1.231],[-46.085,-1.21]]]}},{"type":"Feature","properties":{"r":7,"n":"Amapari"},"geometry":{"type":"MultiLineString","coordinates":[[[-52.197,2.443],[-52.214,2.342],[-52.112,2.091],[-52.115,1.918],[-52.129,1.877],[-52.057,1.77],[-52.02,1.606],[-51.992,1.555],[-52.006,1.427],[-51.993,1.4],[-52.038,1.317],[-52.019,1.298],[-52.035,1.251],[-52.002,1.198],[-51.999,1.1],[-51.958,1.086],[-51.927,1.106],[-51.882,1.065],[-51.848,1.072],[-51.81,1.005],[-51.779,1.024],[-51.741,1.004],[-51.704,1.016],[-51.69,1.004],[-51.676,1.038],[-51.666,0.99],[-51.591,0.935],[-51.587,0.914],[-51.621,0.894],[-51.567,0.75],[-51.479,0.751],[-51.436,0.716],[-51.377,0.736],[-51.347,0.784],[-51.3,0.809],[-51.255,0.88],[-51.2,0.832],[-51.15,0.842],[-51.095,0.807],[-51.022,0.849],[-50.978,0.928],[-50.984,0.949],[-50.964,0.966],[-50.909,0.983],[-50.849,0.936],[-50.824,0.993],[-50.793,1.017],[-50.713,1.046],[-50.632,1.027],[-50.638,1.079],[-50.545,1.094],[-50.496,1.057],[-50.457,1.161],[-50.434,1.167],[-50.367,1.133],[-50.341,1.141],[-50.332,1.243],[-50.287,1.27],[-50.155,1.298],[-50.133,1.264],[-50.128,1.2],[-50.079,1.195],[-49.997,1.209],[-49.916,1.25]]]}},{"type":"Feature","properties":{"r":7,"n":"Doce"},"geometry":{"type":"MultiLineString","coordinates":[[[-43.707,-20.85],[-43.6,-20.831],[-43.546,-20.744],[-43.512,-20.756],[-43.487,-20.72],[-43.447,-20.72],[-43.412,-20.685],[-43.398,-20.693],[-43.357,-20.664],[-43.244,-20.69],[-43.23,-20.73],[-43.198,-20.752],[-43.118,-20.756],[-43.086,-20.743],[-43.081,-20.678],[-43.056,-20.645],[-43.083,-20.624],[-43.059,-20.622],[-43.042,-20.576],[-42.967,-20.562],[-42.959,-20.549],[-42.974,-20.541],[-42.953,-20.535],[-43.002,-20.528],[-42.994,-20.507],[-43.015,-20.493],[-42.996,-20.472],[-43.008,-20.452],[-42.994,-20.452],[-43.008,-20.439],[-42.987,-20.439],[-42.98,-20.409],[-42.908,-20.414],[-42.917,-20.344],[-42.898,-20.336],[-42.891,-20.287],[-42.925,-20.281],[-42.912,-20.267],[-42.925,-20.249],[-42.898,-20.242],[-42.881,-20.199],[-42.85,-20.179],[-42.835,-20.185],[-42.83,-20.144],[-42.772,-20.102],[-42.768,-20.069],[-42.788,-20.057],[-42.747,-20.028],[-42.752,-20],[-42.666,-19.976],[-42.637,-19.918],[-42.617,-19.918],[-42.521,-19.842],[-42.479,-19.79],[-42.494,-19.687],[-42.473,-19.636],[-42.487,-19.627],[-42.484,-19.574],[-42.508,-19.555],[-42.497,-19.517],[-42.514,-19.486],[-42.468,-19.455],[-42.432,-19.452],[-42.411,-19.328],[-42.355,-19.31],[-42.342,-19.259],[-42.302,-19.239],[-42.308,-19.226],[-42.275,-19.209],[-42.224,-19.141],[-42.162,-19.1],[-42.084,-18.989],[-41.993,-18.918],[-41.956,-18.837],[-41.931,-18.817],[-41.866,-18.815],[-41.724,-18.873],[-41.687,-18.946],[-41.527,-19.025],[-41.518,-19.07],[-41.465,-19.15],[-41.312,-19.238],[-41.162,-19.377],[-41.107,-19.405],[-41.086,-19.467],[-41.064,-19.479],[-40.895,-19.492],[-40.829,-19.521],[-40.763,-19.493],[-40.679,-19.53],[-40.527,-19.506],[-40.403,-19.534],[-40.096,-19.418],[-40.026,-19.41],[-39.952,-19.432],[-39.862,-19.548],[-39.814,-19.566],[-39.82,-19.628],[-39.807,-19.636]]]}},{"type":"Feature","properties":{"r":7,"n":"Litani"},"geometry":{"type":"MultiLineString","coordinates":[[[-54.945,2.58],[-54.884,2.572],[-54.785,2.518],[-54.486,2.429],[-54.424,2.436],[-54.376,2.484],[-54.286,2.678],[-54.171,2.853],[-54.192,2.877],[-54.164,2.956],[-54.186,2.998],[-54.17,3.011],[-54.191,3.059],[-54.178,3.073],[-54.178,3.117],[-54.189,3.131],[-54.212,3.128],[-54.177,3.201],[-54.081,3.31],[-54.056,3.378],[-54.004,3.456],[-54.007,3.531],[-53.99,3.611],[-54.019,3.642],[-54.051,3.635]]]}},{"type":"Feature","properties":{"r":7,"n":"Putumayo"},"geometry":{"type":"MultiLineString","coordinates":[[[-76.866,1.305],[-76.853,1.277],[-76.877,1.209],[-76.98,1.157],[-76.988,1.121],[-76.91,1.057],[-76.834,0.939],[-76.712,0.804],[-76.635,0.748],[-76.569,0.664],[-76.561,0.575],[-76.537,0.516],[-76.438,0.462],[-76.435,0.421],[-76.463,0.421],[-76.375,0.404],[-76.301,0.462],[-76.224,0.407],[-76.137,0.397],[-76.12,0.352],[-76.054,0.364],[-75.953,0.204],[-75.819,0.1],[-75.755,0.073],[-75.628,0.079],[-75.422,-0.062],[-75.284,-0.107],[-75.241,-0.075],[-75.223,-0.032],[-75.187,-0.031],[-75.121,-0.054],[-75.052,-0.134],[-75.016,-0.14],[-74.934,-0.209],[-74.874,-0.222],[-74.825,-0.17],[-74.756,-0.278],[-74.791,-0.312],[-74.719,-0.327],[-74.687,-0.353],[-74.643,-0.34],[-74.563,-0.439],[-74.419,-0.542],[-74.366,-0.676],[-74.386,-0.722],[-74.345,-0.774],[-74.304,-0.785],[-74.311,-0.801],[-74.29,-0.836],[-74.345,-0.858],[-74.304,-0.898],[-74.268,-0.972],[-74.12,-1.021],[-74.093,-1.02],[-74.078,-0.991],[-74.038,-1.08],[-74.018,-1.091],[-73.984,-1.066],[-73.982,-1.107],[-73.921,-1.114],[-73.858,-1.21],[-73.803,-1.223],[-73.756,-1.183],[-73.733,-1.216],[-73.637,-1.255],[-73.619,-1.306],[-73.598,-1.306],[-73.59,-1.35],[-73.564,-1.372],[-73.584,-1.402],[-73.575,-1.417],[-73.498,-1.478],[-73.485,-1.572],[-73.518,-1.602],[-73.532,-1.674],[-73.447,-1.738],[-73.441,-1.758],[-73.388,-1.761],[-73.351,-1.791],[-73.317,-1.765],[-73.268,-1.772],[-73.258,-1.742],[-73.194,-1.789],[-73.194,-1.837],[-73.16,-1.895],[-73.17,-1.959],[-73.112,-2.073],[-73.151,-2.143],[-73.196,-2.187],[-73.199,-2.213],[-73.16,-2.293],[-73.1,-2.315],[-73.085,-2.345],[-73.057,-2.3],[-72.988,-2.338],[-72.936,-2.425],[-72.805,-2.378],[-72.762,-2.402],[-72.734,-2.367],[-72.713,-2.422],[-72.684,-2.405],[-72.645,-2.334],[-72.564,-2.383],[-72.442,-2.405],[-72.415,-2.437],[-72.379,-2.451],[-72.285,-2.433],[-72.277,-2.401],[-72.177,-2.41],[-72.062,-2.32],[-71.949,-2.324],[-71.837,-2.18],[-71.747,-2.132],[-71.732,-2.19],[-71.679,-2.169],[-71.539,-2.223],[-71.522,-2.292],[-71.499,-2.315],[-71.481,-2.266],[-71.457,-2.255],[-71.412,-2.327],[-71.433,-2.355],[-71.422,-2.376],[-71.316,-2.334],[-71.308,-2.348],[-71.254,-2.327],[-71.21,-2.339],[-71.163,-2.31],[-71.144,-2.263],[-71.121,-2.252],[-71.021,-2.259],[-71.033,-2.211],[-70.993,-2.197],[-70.926,-2.22],[-70.905,-2.211],[-70.789,-2.307],[-70.707,-2.328],[-70.7,-2.37],[-70.664,-2.398],[-70.648,-2.451],[-70.599,-2.446],[-70.597,-2.416],[-70.579,-2.405],[-70.485,-2.452],[-70.446,-2.498],[-70.358,-2.487],[-70.35,-2.518],[-70.377,-2.533],[-70.365,-2.557],[-70.297,-2.535],[-70.275,-2.546],[-70.237,-2.625],[-70.185,-2.619],[-70.151,-2.669],[-70.107,-2.625],[-70.057,-2.712],[-70.041,-2.717],[-69.939,-2.669],[-69.908,-2.731],[-69.843,-2.711],[-69.764,-2.718],[-69.744,-2.746],[-69.742,-2.86],[-69.682,-2.872],[-69.679,-2.917],[-69.643,-2.923],[-69.603,-2.955],[-69.572,-2.944],[-69.502,-2.848],[-69.473,-2.836],[-69.452,-2.875],[-69.463,-2.947],[-69.44,-2.955],[-69.356,-2.901],[-69.292,-2.934],[-69.208,-2.941],[-69.195,-2.995],[-69.174,-3.006],[-69.12,-2.964],[-69.051,-3.005],[-69.004,-3],[-68.973,-2.971],[-68.953,-2.977],[-68.938,-3.018],[-68.92,-3.02],[-68.877,-2.967],[-68.808,-2.95],[-68.801,-2.896],[-68.85,-2.875],[-68.835,-2.862],[-68.767,-2.877],[-68.715,-2.855],[-68.691,-2.883],[-68.645,-2.87],[-68.582,-2.904],[-68.555,-2.886],[-68.493,-2.896],[-68.455,-2.883],[-68.414,-2.917],[-68.374,-2.883],[-68.274,-3.03],[-68.165,-3.014],[-68.144,-3.026],[-68.142,-3.048],[-68.164,-3.074],[-68.151,-3.084],[-68.028,-3.114],[-67.988,-3.121],[-67.932,-3.094]]]}},{"type":"Feature","properties":{"r":7,"n":"Huallaga"},"geometry":{"type":"MultiLineString","coordinates":[[[-76.72,-7.493],[-76.666,-7.454],[-76.651,-7.41],[-76.675,-7.33],[-76.721,-7.266],[-76.72,-7.161],[-76.693,-7.124],[-76.603,-7.068],[-76.513,-7.052],[-76.445,-7.018],[-76.41,-6.96],[-76.338,-6.916],[-76.293,-6.74],[-76.314,-6.674],[-76.301,-6.611],[-76.26,-6.603],[-76.193,-6.626],[-76.166,-6.619],[-76.067,-6.543],[-75.945,-6.558],[-75.892,-6.446],[-75.816,-6.431],[-75.805,-6.411],[-75.763,-6.397],[-75.743,-6.345],[-75.716,-6.342],[-75.709,-6.298],[-75.764,-6.274],[-75.795,-6.208],[-75.822,-6.212],[-75.853,-6.172],[-75.928,-6.127],[-75.934,-6.11],[-75.901,-6.082],[-75.91,-6.063],[-75.886,-6.034],[-75.916,-6.018],[-75.994,-6.027],[-76.041,-5.991],[-76.065,-5.993],[-76.044,-5.951],[-76.065,-5.904],[-76.112,-5.881],[-76.095,-5.826],[-76.123,-5.82],[-76.173,-5.845],[-76.198,-5.803],[-76.168,-5.76],[-76.073,-5.782],[-76.037,-5.76],[-76.031,-5.701],[-76.013,-5.671],[-75.975,-5.652],[-75.996,-5.617],[-75.942,-5.572],[-75.935,-5.49],[-75.894,-5.493],[-75.908,-5.465],[-75.825,-5.376],[-75.868,-5.323],[-75.765,-5.289],[-75.74,-5.188],[-75.716,-5.191],[-75.657,-5.13],[-75.704,-5.109],[-75.71,-5.075],[-75.695,-5.062],[-75.638,-5.086],[-75.614,-5.075]],[[-76.594,-10.57],[-76.574,-10.504],[-76.486,-10.457],[-76.327,-10.255],[-76.247,-10.204],[-76.183,-10.108],[-76.177,-10.075],[-76.207,-10.04],[-76.231,-9.942],[-76.219,-9.881],[-76.151,-9.826],[-76.07,-9.805],[-75.986,-9.749],[-75.918,-9.726],[-75.825,-9.649],[-75.86,-9.57],[-75.938,-9.521],[-75.953,-9.345],[-75.982,-9.281],[-75.99,-9.196],[-76.133,-9.041],[-76.117,-8.809],[-76.16,-8.767],[-76.231,-8.772],[-76.262,-8.739],[-76.269,-8.63],[-76.321,-8.515],[-76.337,-8.426],[-76.363,-8.385],[-76.371,-8.308],[-76.387,-8.296],[-76.419,-8.305],[-76.459,-8.231],[-76.49,-8.248],[-76.505,-8.23],[-76.524,-8.248],[-76.535,-8.237],[-76.524,-8.182],[-76.534,-8.13],[-76.687,-7.984],[-76.733,-7.906],[-76.757,-7.713],[-76.798,-7.605],[-76.793,-7.572],[-76.728,-7.498]]]}},{"type":"Feature","properties":{"r":7,"n":"Essequibo"},"geometry":{"type":"MultiLineString","coordinates":[[[-58.793,1.308],[-58.774,1.337],[-58.804,1.456],[-58.741,1.483],[-58.731,1.531],[-58.706,1.524],[-58.68,1.558],[-58.639,1.562],[-58.611,1.621],[-58.61,1.68],[-58.539,1.762],[-58.526,1.962],[-58.406,2.086],[-58.396,2.19],[-58.371,2.216],[-58.366,2.193],[-58.351,2.203],[-58.344,2.257],[-58.337,2.244],[-58.279,2.329],[-58.31,2.367],[-58.314,2.34],[-58.342,2.335],[-58.35,2.368],[-58.337,2.408],[-58.365,2.463],[-58.312,2.469],[-58.287,2.49],[-58.257,2.69],[-58.224,2.7],[-58.168,2.763],[-58.173,2.799],[-58.214,2.827],[-58.207,2.853],[-58.172,2.872],[-58.189,2.937],[-58.149,3.003],[-58.182,3.057],[-58.217,3.066],[-58.306,3.136],[-58.276,3.186],[-58.236,3.37],[-58.267,3.419],[-58.292,3.573],[-58.333,3.612],[-58.33,3.669],[-58.404,3.745],[-58.376,3.766],[-58.357,3.82],[-58.412,3.926],[-58.439,4.032],[-58.575,4.032],[-58.589,4.052],[-58.495,4.129],[-58.472,4.168],[-58.467,4.207],[-58.495,4.293],[-58.461,4.344],[-58.477,4.474],[-58.534,4.535],[-58.57,4.546],[-58.672,4.657],[-58.735,4.762],[-58.781,4.749],[-58.794,4.766],[-58.844,4.972],[-58.821,5.229],[-58.885,5.327],[-58.875,5.372],[-58.845,5.415],[-58.693,5.438],[-58.623,5.581],[-58.615,5.819],[-58.57,5.937],[-58.585,6.075],[-58.57,6.276],[-58.598,6.341],[-58.602,6.417]]]}},{"type":"Feature","properties":{"r":2,"n":"Brahmaputra"},"geometry":{"type":"MultiLineString","coordinates":[[[95.396,28.003],[95.402,27.972],[95.472,27.871],[95.459,27.844],[95.293,27.743],[95.098,27.691],[95.081,27.64],[95.136,27.688],[95.148,27.664],[95.139,27.63],[94.917,27.572],[94.868,27.503],[94.818,27.5],[94.762,27.458],[94.758,27.419],[94.65,27.352],[94.67,27.339],[94.632,27.316],[94.615,27.277],[94.663,27.311],[94.681,27.306],[94.677,27.282],[94.615,27.249],[94.601,27.194],[94.588,27.229],[94.571,27.218],[94.555,27.101],[94.501,27.097],[94.448,27.059],[94.432,27.008],[94.308,26.928],[94.197,26.924],[94.122,26.852],[94.113,26.869],[94.135,26.907],[94.113,26.912],[94.063,26.879],[93.927,26.832],[93.863,26.766],[93.752,26.732],[93.657,26.715],[93.568,26.752],[93.44,26.768],[93.368,26.718],[93.313,26.74],[93.274,26.737],[93.119,26.647],[92.898,26.654],[92.854,26.612],[92.711,26.611],[92.657,26.591],[92.623,26.533],[92.595,26.518],[92.508,26.516],[92.402,26.536],[92.245,26.472],[92.23,26.441],[92.203,26.455],[92.173,26.443],[92.076,26.38],[92.057,26.303],[91.925,26.268],[91.891,26.239],[91.846,26.239],[91.665,26.166],[91.607,26.171],[91.498,26.14],[91.391,26.17],[91.288,26.166],[91.136,26.214],[90.964,26.174],[90.85,26.13],[90.682,26.19],[90.49,26.229],[90.421,26.168],[89.954,26.011],[89.846,25.889],[89.737,25.692],[89.698,25.573],[89.708,25.483],[89.671,25.324],[89.703,25.242],[89.626,25.075],[89.614,24.937],[89.658,24.87],[89.674,24.792],[89.716,24.726],[89.768,24.55],[89.755,24.283],[89.733,24.224],[89.74,24.123],[89.697,24.016],[89.7,23.958],[89.726,23.884],[89.786,23.797],[89.855,23.747],[89.909,23.674],[89.985,23.644],[90.25,23.462]],[[89.755,24.274],[89.807,24.227],[89.808,24.199],[89.826,24.195],[89.826,24.138],[89.884,24.131],[89.907,24.089],[89.931,24.085],[89.97,24.035],[90.051,24.035],[90.045,24.022],[90.095,24.006],[90.115,23.956],[90.16,23.926],[90.175,23.933],[90.212,23.916],[90.25,23.836],[90.22,23.729],[90.315,23.751],[90.36,23.706],[90.422,23.686],[90.467,23.644],[90.476,23.631],[90.457,23.626],[90.458,23.609],[90.476,23.583]]]}},{"type":"Feature","properties":{"r":7,"n":"Salado"},"geometry":{"type":"MultiLineString","coordinates":[[[-61.54,-34.074],[-61.523,-34.154],[-61.422,-34.225],[-61.355,-34.352],[-61.286,-34.382],[-61.138,-34.509],[-61.12,-34.608],[-61.081,-34.649],[-61.037,-34.653],[-60.912,-34.597],[-60.786,-34.609],[-60.666,-34.705],[-60.566,-34.821],[-60.471,-34.854],[-60.448,-34.916],[-60.457,-34.978],[-60.406,-35.049],[-60.362,-35.038],[-60.271,-35.078],[-60.191,-35.063],[-59.996,-35.133],[-59.931,-35.129],[-59.734,-35.22],[-59.676,-35.229],[-59.583,-35.207],[-59.526,-35.296],[-59.436,-35.314],[-59.049,-35.468],[-59.038,-35.5],[-59.062,-35.561],[-59.043,-35.595],[-58.965,-35.626],[-58.908,-35.621],[-58.838,-35.706],[-58.787,-35.715],[-58.743,-35.752],[-58.698,-35.732],[-58.508,-35.745],[-58.47,-35.7],[-58.417,-35.813],[-58.322,-35.868],[-58.294,-35.869],[-58.265,-35.839],[-58.202,-35.841],[-58.103,-35.942],[-58.019,-35.967],[-58.017,-36.02],[-57.732,-35.928],[-57.699,-35.854],[-57.588,-35.842],[-57.554,-35.86],[-57.485,-35.808],[-57.358,-35.754]]]}},{"type":"Feature","properties":{"r":7,"n":"Guainía"},"geometry":{"type":"MultiLineString","coordinates":[[[-74.407,3.732],[-74.349,3.765],[-74.242,3.792],[-74.179,3.754],[-74.078,3.723],[-74.047,3.741],[-74.011,3.8],[-73.95,3.815],[-73.831,3.758],[-73.791,3.69],[-73.749,3.51],[-73.69,3.484],[-73.653,3.437],[-73.582,3.397],[-73.494,3.378],[-73.402,3.298],[-73.352,3.222],[-73.293,3.198],[-73.248,3.141],[-73.237,3.096],[-73.255,3.032],[-73.226,2.957],[-73.225,2.895],[-73.167,2.878],[-73.135,2.846],[-73.139,2.827],[-73.119,2.839],[-73.112,2.819],[-73.07,2.834],[-73.07,2.853],[-73.027,2.821],[-72.947,2.833],[-72.871,2.783],[-72.851,2.786],[-72.866,2.796],[-72.813,2.796],[-72.796,2.782],[-72.784,2.712],[-72.755,2.682],[-72.762,2.662],[-72.748,2.662],[-72.762,2.572]],[[-72.762,2.566],[-72.737,2.56],[-72.703,2.607],[-72.671,2.614],[-72.648,2.566],[-72.632,2.566],[-72.61,2.62],[-72.577,2.58],[-72.574,2.629],[-72.536,2.642],[-72.554,2.675],[-72.507,2.665],[-72.475,2.688],[-72.422,2.694],[-72.367,2.738],[-72.31,2.717],[-72.284,2.752],[-72.252,2.698],[-72.248,2.755],[-72.208,2.775],[-72.18,2.764],[-72.139,2.71],[-72.07,2.703],[-72.001,2.812],[-71.981,2.799],[-71.94,2.812],[-71.94,2.779],[-71.921,2.767],[-71.836,2.805],[-71.672,2.779],[-71.645,2.827],[-71.617,2.783],[-71.555,2.782],[-71.528,2.799],[-71.399,2.764],[-71.387,2.722],[-71.349,2.74],[-71.313,2.725],[-71.295,2.737],[-71.275,2.717],[-71.25,2.725],[-71.186,2.696],[-71.072,2.681],[-71.042,2.689],[-71.028,2.738],[-71.003,2.698],[-70.966,2.724],[-70.915,2.71],[-70.907,2.729],[-70.864,2.742],[-70.843,2.779],[-70.782,2.813],[-70.764,2.89],[-70.74,2.908],[-70.768,2.936],[-70.754,2.996],[-70.686,3.046],[-70.649,3.034],[-70.65,3.062],[-70.627,3.07],[-70.647,3.125],[-70.638,3.209],[-70.549,3.269],[-70.529,3.269],[-70.515,3.233],[-70.5,3.232],[-70.435,3.282],[-70.389,3.288],[-70.404,3.381],[-70.389,3.398],[-70.365,3.394],[-70.333,3.338],[-70.33,3.384],[-70.313,3.402],[-70.284,3.388],[-70.219,3.395],[-70.206,3.422],[-70.164,3.405],[-70.079,3.416],[-70.055,3.484],[-70.083,3.525],[-70.011,3.529],[-69.963,3.505],[-69.926,3.556],[-69.894,3.566],[-69.867,3.531],[-69.85,3.559],[-69.722,3.569],[-69.658,3.532],[-69.642,3.604],[-69.552,3.581],[-69.502,3.535],[-69.484,3.566],[-69.408,3.523],[-69.349,3.546],[-69.27,3.539],[-69.255,3.549],[-69.243,3.601],[-69.198,3.559],[-69.147,3.556],[-69.137,3.532],[-69.133,3.617],[-69.109,3.628],[-69.09,3.609],[-69.075,3.614],[-69.041,3.655],[-68.963,3.641],[-68.938,3.707],[-68.907,3.689],[-68.848,3.71],[-68.828,3.689],[-68.805,3.69],[-68.81,3.728],[-68.744,3.736],[-68.74,3.772],[-68.688,3.83],[-68.647,3.836],[-68.617,3.868],[-68.567,3.847],[-68.562,3.871],[-68.596,3.907],[-68.589,3.922],[-68.503,3.919],[-68.481,3.968],[-68.351,3.968],[-68.369,3.995],[-68.356,4.02],[-68.268,4.003],[-68.253,3.943],[-68.188,3.973],[-68.184,3.922],[-68.157,3.928],[-68.093,4.005],[-68.049,3.956],[-68.014,3.998],[-67.999,3.936],[-67.951,3.957],[-67.877,3.923],[-67.839,3.924],[-67.718,4.039],[-67.732,4.086]]]}},{"type":"Feature","properties":{"r":7,"n":"Velhas"},"geometry":{"type":"MultiLineString","coordinates":[[[-43.8,-20.095],[-43.827,-20.016],[-43.808,-19.97],[-43.83,-19.935],[-43.823,-19.897],[-43.884,-19.81],[-43.864,-19.774],[-43.884,-19.745],[-43.865,-19.71],[-43.808,-19.682],[-43.796,-19.657],[-43.817,-19.636],[-43.803,-19.61],[-43.864,-19.562],[-43.892,-19.576],[-43.926,-19.521],[-43.926,-19.493],[-43.955,-19.475],[-43.94,-19.432],[-43.987,-19.39],[-43.982,-19.312],[-44.005,-19.272],[-43.98,-19.239],[-44.001,-19.244],[-44.013,-19.215],[-44.042,-19.205],[-44.029,-19.175],[-44.083,-19.171],[-44.055,-19.129],[-44.064,-19.109],[-44.023,-19.102],[-44.036,-19.061],[-44.008,-19.041],[-44.036,-19.042],[-44.036,-19.007],[-44.06,-19.011],[-44.077,-18.993],[-44.042,-18.973],[-44.073,-18.973],[-44.102,-18.94],[-44.07,-18.911],[-44.105,-18.911],[-44.09,-18.889],[-44.124,-18.889],[-44.09,-18.855],[-44.116,-18.844],[-44.104,-18.836],[-44.159,-18.732],[-44.159,-18.691],[-44.207,-18.691],[-44.18,-18.67],[-44.193,-18.67],[-44.171,-18.634],[-44.193,-18.636],[-44.166,-18.616],[-44.191,-18.609],[-44.18,-18.581],[-44.211,-18.576],[-44.168,-18.541],[-44.171,-18.528],[-44.207,-18.527],[-44.18,-18.486],[-44.191,-18.414],[-44.239,-18.375],[-44.234,-18.348],[-44.259,-18.347],[-44.241,-18.328],[-44.249,-18.313],[-44.22,-18.3],[-44.228,-18.266],[-44.303,-18.266],[-44.268,-18.236],[-44.384,-18.188],[-44.453,-18.194],[-44.45,-18.131],[-44.501,-18.074],[-44.477,-18.068],[-44.529,-18.047],[-44.522,-18.006],[-44.543,-17.978],[-44.529,-17.972],[-44.57,-17.92],[-44.522,-17.886],[-44.54,-17.874],[-44.558,-17.815],[-44.642,-17.752],[-44.661,-17.65],[-44.727,-17.538],[-44.726,-17.478],[-44.755,-17.492],[-44.751,-17.421],[-44.793,-17.317],[-44.77,-17.272],[-44.81,-17.255],[-44.818,-17.207],[-44.837,-17.191]]]}},{"type":"Feature","properties":{"r":7,"n":"Ro Grande de Matagalpa"},"geometry":{"type":"MultiLineString","coordinates":[[[-86.056,12.857],[-86.102,12.841],[-86.148,12.853],[-86.16,12.784],[-86.1,12.694],[-86.072,12.698],[-86.001,12.648],[-85.873,12.636],[-85.809,12.681],[-85.795,12.741],[-85.67,12.796],[-85.649,12.79],[-85.594,12.836],[-85.393,12.739],[-85.364,12.708],[-85.296,12.686],[-85.296,12.653],[-85.261,12.662],[-85.23,12.627],[-85.216,12.639],[-85.186,12.625],[-85.179,12.66],[-85.154,12.663],[-85.166,12.694],[-85.131,12.722],[-85.118,12.776],[-85.08,12.794],[-85.027,12.76],[-84.963,12.821],[-84.96,12.852],[-84.919,12.9],[-84.899,12.897],[-84.84,12.941],[-84.748,12.95],[-84.734,13.026],[-84.7,13.064],[-84.652,13.071],[-84.609,13.029],[-84.583,13.051],[-84.556,13.037],[-84.485,13.053],[-84.411,13.023],[-84.377,12.987],[-84.266,13.088],[-84.133,13.127],[-84.121,13.153],[-84.092,13.15],[-84.138,13.174],[-84.123,13.201],[-84.069,13.201],[-84.083,13.221],[-84.036,13.214],[-84.028,13.235],[-83.992,13.23],[-83.994,13.256],[-83.932,13.215],[-83.913,13.171],[-83.885,13.154],[-83.893,13.122],[-83.869,13.117],[-83.831,13.005],[-83.777,12.979],[-83.744,12.943],[-83.686,12.931],[-83.678,12.91],[-83.589,12.891],[-83.589,12.92],[-83.508,12.903]]]}},{"type":"Feature","properties":{"r":7,"n":"Connecticut"},"geometry":{"type":"MultiLineString","coordinates":[[[-71.18,45.162],[-71.201,45.14],[-71.289,45.108],[-71.316,45.059],[-71.433,45.059],[-71.532,45],[-71.528,44.951],[-71.506,44.92],[-71.515,44.895],[-71.606,44.801],[-71.635,44.74],[-71.55,44.586],[-71.594,44.57],[-71.598,44.515],[-71.678,44.446],[-71.792,44.398],[-71.86,44.348],[-71.984,44.339],[-72.02,44.318],[-72.042,44.282],[-72.055,44.104],[-72.118,44.001],[-72.101,43.973],[-72.181,43.885],[-72.214,43.784],[-72.306,43.72],[-72.333,43.613],[-72.392,43.558],[-72.404,43.3],[-72.439,43.253],[-72.471,43.006],[-72.522,42.975],[-72.556,42.878],[-72.55,42.833],[-72.473,42.758],[-72.467,42.729],[-72.494,42.632],[-72.515,42.613],[-72.577,42.606],[-72.562,42.574],[-72.564,42.511],[-72.59,42.46],[-72.577,42.418],[-72.632,42.353],[-72.61,42.338],[-72.625,42.25],[-72.598,42.209],[-72.625,42.175],[-72.605,42.065],[-72.656,41.773],[-72.624,41.69],[-72.625,41.62],[-72.652,41.592],[-72.574,41.561],[-72.555,41.52],[-72.491,41.486],[-72.384,41.386],[-72.379,41.366]]]}},{"type":"Feature","properties":{"r":7,"n":"Clark Fork"},"geometry":{"type":"MultiLineString","coordinates":[[[-112.514,45.806],[-112.528,45.885],[-112.488,45.951],[-112.508,45.986],[-112.772,46.005],[-112.799,46.025],[-112.797,46.167],[-112.748,46.218],[-112.706,46.3],[-112.711,46.35],[-112.747,46.395],[-112.714,46.467],[-112.725,46.488],[-112.781,46.495],[-112.812,46.531],[-112.897,46.582],[-113.053,46.599],[-113.176,46.663],[-113.212,46.705],[-113.254,46.725],[-113.508,46.695],[-113.583,46.722],[-113.693,46.725],[-113.78,46.805],[-113.901,46.881],[-113.981,46.865],[-114.049,46.882],[-114.091,46.876],[-114.189,46.934],[-114.234,47.005],[-114.31,47.031],[-114.375,47.03],[-114.406,46.999],[-114.505,47.026],[-114.546,47.013],[-114.591,47.033],[-114.711,47.025],[-114.764,47.13],[-114.831,47.159],[-114.937,47.242],[-115.043,47.266],[-115.055,47.302],[-115.047,47.335],[-114.954,47.355],[-114.807,47.32],[-114.776,47.342],[-114.78,47.38],[-114.812,47.416],[-114.906,47.471],[-114.931,47.505],[-115.01,47.536],[-115.208,47.594],[-115.289,47.581],[-115.346,47.599],[-115.385,47.638],[-115.416,47.739],[-115.452,47.758],[-115.489,47.815],[-115.677,47.883],[-115.701,47.955],[-115.764,48.009],[-115.83,48.033],[-115.85,48.056],[-116.111,48.119],[-116.189,48.155]]]}},{"type":"Feature","properties":{"r":7,"n":"Winisk"},"geometry":{"type":"MultiLineString","coordinates":[[[-87.324,53.028],[-87.322,53.131],[-87.304,53.18],[-87.314,53.289],[-87.297,53.318],[-87.296,53.378],[-87.262,53.436],[-87.263,53.475],[-87.221,53.495],[-87.194,53.598],[-87.166,53.636],[-87.075,53.674],[-86.959,53.776],[-87.031,53.826],[-87.049,53.869],[-87.105,53.923],[-87.077,53.966],[-87.066,54.031],[-87.098,54.057],[-87.139,54.146],[-87.127,54.169],[-87.146,54.242],[-87.121,54.31],[-87.138,54.322],[-87.123,54.381],[-87.218,54.509],[-87.214,54.571],[-87.247,54.596],[-87.29,54.749],[-86.92,54.742],[-86.637,54.789],[-86.48,54.709],[-86.181,54.692],[-85.933,54.743],[-85.62,54.839],[-85.536,54.847],[-85.489,54.894],[-85.457,54.972],[-85.417,54.999]]]}},{"type":"Feature","properties":{"r":7,"n":"Natashquan"},"geometry":{"type":"MultiLineString","coordinates":[[[-63.312,52.467],[-63.199,52.416],[-63.107,52.42],[-62.712,52.357],[-62.497,52.248],[-62.406,52.229],[-62.337,52.189],[-62.2,52.149],[-62.115,51.945],[-62.024,51.887],[-61.99,51.769],[-61.906,51.745],[-61.834,51.624],[-61.842,51.553],[-61.777,51.475],[-61.777,51.371],[-61.76,51.349],[-61.695,51.34],[-61.666,51.311],[-61.706,51.241],[-61.588,51.157],[-61.524,51.075],[-61.524,51.052],[-61.595,50.984],[-61.605,50.946],[-61.644,50.928],[-61.649,50.894],[-61.715,50.891],[-61.666,50.787],[-61.616,50.731],[-61.644,50.707],[-61.66,50.661],[-61.686,50.458],[-61.643,50.33],[-61.585,50.315],[-61.627,50.284],[-61.628,50.268],[-61.573,50.253],[-61.56,50.233],[-61.581,50.189]]]}},{"type":"Feature","properties":{"r":7,"n":"Pearl"},"geometry":{"type":"MultiLineString","coordinates":[[[-90.174,31.94],[-90.229,32.019],[-90.222,32.09],[-90.243,32.163],[-90.189,32.204],[-90.192,32.257],[-90.1,32.38],[-90.065,32.402],[-90.079,32.423],[-90.029,32.488],[-89.86,32.571],[-89.842,32.595],[-89.779,32.605],[-89.681,32.664],[-89.439,32.741],[-89.399,32.776],[-89.278,32.824],[-89.096,32.842],[-88.982,32.916],[-88.972,32.954],[-89.071,33.04],[-89.14,33.17]],[[-90.174,31.94],[-90.153,31.902]],[[-90.153,31.902],[-90.159,31.916],[-90.174,31.94]],[[-90.153,31.902],[-90.146,31.89],[-90.14,31.874]],[[-90.14,31.874],[-90.153,31.902]],[[-90.006,31.433],[-90.047,31.451],[-90.064,31.541],[-90.099,31.57],[-90.072,31.6],[-90.112,31.646],[-90.099,31.71],[-90.12,31.748],[-90.11,31.792],[-90.147,31.803],[-90.14,31.874]],[[-90.006,31.433],[-89.932,31.338],[-89.873,31.306],[-89.774,31.044],[-89.747,31.035],[-89.736,31.005],[-89.739,30.95],[-89.791,30.82],[-89.825,30.777],[-89.818,30.758],[-89.845,30.7],[-89.813,30.635],[-89.826,30.614],[-89.784,30.552]],[[-89.982,31.409],[-90.006,31.433]],[[-89.784,30.552],[-89.736,30.531],[-89.678,30.457],[-89.675,30.415],[-89.635,30.343],[-89.636,30.302],[-89.588,30.212],[-89.565,30.189],[-89.545,30.203],[-89.526,30.193]],[[-89.784,30.552],[-89.776,30.54],[-89.731,30.449]],[[-89.731,30.449],[-89.673,30.409]],[[-89.731,30.449],[-89.727,30.382],[-89.699,30.365],[-89.614,30.184]]]}},{"type":"Feature","properties":{"r":7,"n":"Oconee"},"geometry":{"type":"MultiLineString","coordinates":[[[-83.709,34.061],[-83.561,34.04],[-83.404,33.942],[-83.391,33.906],[-83.31,33.843],[-83.267,33.567],[-83.283,33.504],[-83.233,33.404],[-83.166,33.386],[-83.154,33.325],[-83.246,33.26],[-83.26,33.187],[-83.199,33.126],[-83.212,33.084],[-83.194,33.032],[-83.171,33.012],[-83.127,33.009],[-83.026,32.868],[-82.966,32.834],[-82.926,32.63],[-82.884,32.592],[-82.883,32.526],[-82.816,32.395],[-82.75,32.372],[-82.746,32.334],[-82.709,32.299],[-82.637,32.273],[-82.644,32.245],[-82.625,32.226],[-82.609,32.155],[-82.596,32.022],[-82.574,31.995]]]}},{"type":"Feature","properties":{"r":2,"n":"Borcea"},"geometry":{"type":"MultiLineString","coordinates":[[[27.292,44.151],[27.349,44.195],[27.461,44.214],[27.653,44.275],[27.698,44.326],[27.806,44.343],[27.869,44.408],[27.928,44.433],[27.934,44.485],[27.896,44.502],[27.925,44.545],[27.937,44.645],[27.908,44.659],[27.864,44.718],[27.877,44.744]]]}},{"type":"Feature","properties":{"r":7,"n":"Ula"},"geometry":{"type":"MultiLineString","coordinates":[[[-87.907,14.185],[-87.865,14.298],[-88.01,14.487],[-88.092,14.691],[-88.163,14.765],[-88.261,14.823],[-88.267,14.841],[-88.25,14.863],[-88.249,14.98],[-88.228,15.015],[-88.212,15.106],[-88.031,15.225],[-88.003,15.267],[-87.928,15.27],[-87.912,15.327],[-87.87,15.348],[-87.824,15.408],[-87.824,15.43],[-87.853,15.452],[-87.817,15.451],[-87.831,15.508],[-87.794,15.578],[-87.771,15.578],[-87.762,15.61],[-87.82,15.672],[-87.806,15.688],[-87.824,15.691],[-87.759,15.74],[-87.795,15.804],[-87.725,15.897],[-87.729,15.922]]]}},{"type":"Feature","properties":{"r":7,"n":"George"},"geometry":{"type":"MultiLineString","coordinates":[[[-66.053,58.333],[-66.022,58.304],[-65.917,58.277],[-65.811,58.229],[-65.797,58.191],[-65.818,58.143],[-65.784,58.114],[-65.653,58.113],[-65.565,58.06],[-65.544,57.959],[-65.514,57.929],[-65.512,57.893],[-65.573,57.859],[-65.612,57.798],[-65.569,57.751],[-65.466,57.733],[-65.456,57.707],[-65.527,57.646],[-65.528,57.604],[-65.327,57.533],[-65.29,57.483],[-65.29,57.382],[-65.316,57.36],[-65.264,57.275],[-65.271,57.234],[-65.298,57.232],[-65.346,57.183],[-65.308,57.136],[-65.346,57.084],[-65.156,56.986],[-65.041,56.987],[-65.008,56.953],[-65,56.866],[-64.966,56.833],[-64.893,56.83],[-64.845,56.808],[-64.816,56.713],[-64.75,56.617],[-64.745,56.563],[-64.782,56.473],[-64.727,56.408],[-64.72,56.346],[-64.739,56.286],[-64.713,56.195],[-64.739,56.109],[-64.729,55.97],[-64.766,55.896],[-64.946,55.868],[-65.02,55.848],[-65.05,55.823],[-65.057,55.716],[-65.086,55.646],[-65.06,55.545],[-65.081,55.505],[-65.175,55.471],[-65.246,55.41],[-65.261,55.38],[-65.244,55.181],[-65.319,54.93]]]}},{"type":"Feature","properties":{"r":7,"n":"Stewart"},"geometry":{"type":"MultiLineString","coordinates":[[[-131.58,64.236],[-131.744,64.215],[-131.774,64.193],[-131.763,64.134],[-131.775,64.117],[-131.819,64.099],[-131.924,64.099],[-131.949,64.075]],[[-131.954,64.077],[-131.989,64.062],[-132.113,64.055],[-132.533,64.072],[-132.947,64.025],[-133.016,64.035],[-133.111,63.994],[-133.299,63.958],[-133.446,63.967],[-133.538,63.946],[-133.629,63.98],[-133.953,63.967],[-134.019,63.934],[-134.032,63.914],[-134.025,63.896],[-133.904,63.864],[-133.909,63.85],[-133.806,63.845],[-133.757,63.821],[-133.484,63.802],[-133.47,63.787],[-133.52,63.736],[-133.586,63.7],[-133.688,63.688],[-133.807,63.649],[-133.824,63.635],[-133.813,63.617],[-133.99,63.589],[-134.19,63.517],[-134.3,63.508],[-134.434,63.474],[-134.682,63.479],[-134.73,63.502],[-134.904,63.47],[-135,63.478],[-135.083,63.453],[-135.121,63.476],[-135.153,63.541],[-135.369,63.621],[-135.677,63.615],[-135.783,63.627],[-135.88,63.599],[-136.012,63.606],[-136.148,63.541],[-136.285,63.497],[-136.397,63.489],[-136.44,63.442],[-136.533,63.437],[-136.616,63.395],[-136.829,63.413],[-137.032,63.515],[-137.309,63.534],[-137.659,63.619],[-137.763,63.599],[-137.838,63.506],[-138.161,63.446],[-138.347,63.325],[-138.511,63.303],[-138.603,63.313],[-138.815,63.258],[-138.908,63.195],[-139.022,63.207],[-139.093,63.25],[-139.37,63.33],[-139.439,63.321]]]}},{"type":"Feature","properties":{"r":7,"n":"Onega"},"geometry":{"type":"MultiLineString","coordinates":[[[39.823,62.439],[39.755,62.501],[39.756,62.524],[39.792,62.591],[39.896,62.681],[39.9,62.712],[39.849,62.794],[39.73,62.884],[39.616,62.911],[39.562,62.956],[39.339,62.993],[39.283,63.018],[39.266,63.048],[39.263,63.11],[39.2,63.149],[39.164,63.236],[39.088,63.288],[39.119,63.322],[39.116,63.349],[39.093,63.362],[39.083,63.398],[38.968,63.562],[38.967,63.602],[39.018,63.636],[39.012,63.658],[38.846,63.717],[38.725,63.678],[38.57,63.698],[38.482,63.784],[38.478,63.828],[38.441,63.848],[38.286,63.836],[37.991,63.946]]]}},{"type":"Feature","properties":{"r":7,"n":"Mosel"},"geometry":{"type":"MultiLineString","coordinates":[[[6.922,48.015],[6.857,48.005],[6.817,47.963],[6.774,47.958],[6.736,47.971],[6.695,48.018],[6.607,48.031],[6.594,48.045],[6.606,48.089],[6.55,48.123],[6.515,48.126],[6.507,48.147],[6.456,48.156],[6.448,48.218],[6.393,48.306],[6.257,48.404],[6.312,48.462],[6.295,48.504],[6.263,48.534],[6.22,48.567],[6.067,48.617],[6.018,48.651],[5.914,48.647],[5.896,48.652],[5.894,48.672],[5.943,48.684],[6.003,48.748],[6.079,48.751],[6.136,48.772],[6.107,48.806],[6.119,48.821],[6.085,48.834],[6.092,48.877],[6.054,48.897],[6.045,48.918],[6.058,48.937],[6.03,48.993],[6.085,49.082],[6.204,49.158],[6.181,49.239],[6.195,49.274],[6.171,49.287],[6.153,49.356],[6.346,49.452],[6.351,49.567],[6.418,49.639],[6.403,49.656],[6.51,49.713],[6.613,49.719],[6.63,49.762],[6.695,49.784],[6.709,49.823],[6.804,49.795],[6.853,49.795],[6.832,49.829],[6.847,49.842],[6.899,49.82],[6.901,49.883],[6.922,49.887],[6.935,49.864],[6.969,49.907],[7.06,49.921],[6.996,49.967],[7.01,49.978],[7.069,49.969],[7.101,49.984],[7.101,49.961],[7.124,49.954],[7.133,49.967],[7.112,49.995],[7.118,50.052],[7.168,50.015],[7.175,50.024],[7.127,50.062],[7.129,50.097],[7.113,50.103],[7.188,50.083],[7.202,50.089],[7.188,50.103],[7.236,50.11],[7.23,50.151],[7.178,50.137],[7.171,50.158],[7.36,50.185],[7.385,50.215],[7.449,50.233],[7.442,50.261],[7.463,50.309],[7.53,50.32],[7.569,50.371],[7.606,50.364]]]}},{"type":"Feature","properties":{"r":7,"n":"Bhima"},"geometry":{"type":"MultiLineString","coordinates":[[[73.694,19.005],[73.781,18.952],[73.877,18.849],[73.947,18.731],[73.998,18.706],[73.988,18.683],[74.064,18.639],[74.136,18.605],[74.202,18.622],[74.263,18.67],[74.273,18.636],[74.301,18.632],[74.324,18.58],[74.407,18.573],[74.467,18.526],[74.472,18.546],[74.506,18.498],[74.547,18.504],[74.574,18.479],[74.647,18.46],[74.667,18.471],[74.653,18.478],[74.669,18.497],[74.709,18.504],[74.721,18.484],[74.716,18.407],[74.791,18.396],[74.808,18.351],[74.841,18.339],[74.841,18.313],[74.797,18.286],[74.855,18.254],[74.929,18.258],[74.985,18.238],[75.023,18.251],[75.006,18.201],[75.089,18.216],[75.099,18.197],[75.084,18.132],[75.094,18.116],[75.154,18.115],[75.152,18.096],[75.088,18.063],[75.017,17.978],[75.047,17.964],[75.104,18.002],[75.133,17.996],[75.188,17.943],[75.126,17.888],[75.139,17.875],[75.194,17.878],[75.199,17.858],[75.164,17.82],[75.163,17.787],[75.189,17.769],[75.269,17.761],[75.298,17.717],[75.362,17.68],[75.448,17.711],[75.457,17.657],[75.515,17.646],[75.507,17.611],[75.542,17.601],[75.578,17.553],[75.603,17.56],[75.612,17.539],[75.654,17.539],[75.624,17.484],[75.66,17.467],[75.678,17.425],[75.741,17.416],[75.784,17.375],[75.832,17.417],[75.845,17.402],[75.87,17.416],[75.898,17.352],[75.937,17.326],[76.01,17.354],[76.046,17.344],[76.083,17.293],[76.072,17.266],[76.126,17.244],[76.171,17.197],[76.254,17.161],[76.345,17.181],[76.359,17.148],[76.387,17.148],[76.362,17.119],[76.387,17.093],[76.38,17.066],[76.448,17.14],[76.559,17.182],[76.572,17.176],[76.517,17.116],[76.511,17.087],[76.579,17.093],[76.566,17.074],[76.579,17.06],[76.617,17.087],[76.658,17.087],[76.682,17.066],[76.735,17.152],[76.765,17.134],[76.765,17.093],[76.807,17.044],[76.822,17.038],[76.853,17.06],[76.906,17.043],[76.93,16.992],[76.922,16.947],[76.939,16.895],[76.894,16.84],[76.907,16.825],[76.94,16.832],[77.134,16.727],[77.131,16.648],[77.164,16.638],[77.167,16.577],[77.198,16.518],[77.285,16.415]]]}},{"type":"Feature","properties":{"r":7,"n":"Tista"},"geometry":{"type":"MultiLineString","coordinates":[[[88.592,27.695],[88.66,27.606],[88.667,27.572],[88.647,27.55],[88.544,27.524],[88.521,27.402],[88.44,27.277],[88.462,27.246],[88.495,27.233],[88.533,27.154],[88.435,27.067],[88.449,27.013],[88.442,26.963],[88.46,26.927],[88.612,26.749],[88.664,26.664],[88.739,26.595],[88.775,26.46],[88.937,26.277],[89.093,26.138],[89.158,26.009],[89.167,25.954],[89.229,25.923],[89.318,25.831],[89.395,25.82],[89.483,25.76],[89.538,25.674],[89.535,25.634],[89.56,25.559],[89.576,25.542],[89.661,25.526],[89.669,25.468],[89.697,25.433]]]}},{"type":"Feature","properties":{"r":7,"n":"Kong"},"geometry":{"type":"MultiLineString","coordinates":[[[107.368,16.107],[107.32,16.182],[107.259,16.228],[107.154,16.204],[107.087,16.148],[107.096,16.129],[107.053,16.141],[107.058,16.108],[107.036,16.047],[106.946,15.983],[106.899,15.878],[106.759,15.833],[106.772,15.781],[106.759,15.729],[106.812,15.72],[106.814,15.682],[106.833,15.688],[106.792,15.638],[106.785,15.548],[106.806,15.525],[106.752,15.5],[106.731,15.449],[106.752,15.456],[106.779,15.375],[106.712,15.331],[106.729,15.286],[106.78,15.249],[106.833,15.106],[106.888,15.072],[106.87,15.052],[106.879,14.998],[106.867,14.969],[106.882,14.949],[106.835,14.909],[106.847,14.866],[106.792,14.852],[106.833,14.818],[106.782,14.815],[106.752,14.794],[106.745,14.764],[106.709,14.756],[106.672,14.703],[106.595,14.675],[106.587,14.643],[106.563,14.635],[106.546,14.599],[106.472,14.564],[106.484,14.524],[106.436,14.524],[106.445,14.5],[106.419,14.467],[106.333,14.448],[106.34,14.407],[106.326,14.366],[106.347,14.325],[106.331,14.312],[106.313,14.332],[106.299,14.318],[106.324,14.289],[106.366,14.276],[106.375,14.263],[106.348,14.246],[106.429,14.181],[106.43,14.159],[106.397,14.134],[106.372,14.059],[106.307,13.984],[106.313,13.934],[106.296,13.876],[106.25,13.818],[106.258,13.777],[106.23,13.743],[106.176,13.729],[106.162,13.68],[106.077,13.586],[106.032,13.571]]]}},{"type":"Feature","properties":{"r":7,"n":"Jialing"},"geometry":{"type":"MultiLineString","coordinates":[[[106.882,34.208],[106.859,34.196],[106.826,34.204],[106.758,34.147],[106.642,33.965],[106.511,33.925],[106.424,33.835],[106.313,33.796],[106.276,33.735],[106.224,33.759],[106.209,33.724],[106.22,33.667],[106.07,33.573],[106.022,33.515],[106.068,33.379],[106.142,33.322],[106.128,33.275],[106.052,33.205],[106.061,33.163],[106.046,33.129],[106.101,33.081],[106.059,32.985],[105.957,32.933],[105.915,32.881],[105.936,32.824],[105.936,32.745],[105.91,32.744],[105.902,32.724],[105.902,32.687],[105.853,32.55],[105.861,32.492],[105.837,32.446],[105.792,32.423],[105.805,32.396],[105.751,32.387],[105.709,32.32],[105.738,32.304],[105.715,32.273],[105.738,32.205],[105.689,32.149],[105.715,32.129],[105.717,32.094],[105.696,32.081],[105.709,32.067],[105.696,32.053],[105.75,31.992],[105.743,31.943],[105.785,31.943],[105.813,31.964],[105.823,31.941],[105.805,31.923],[105.853,31.909],[105.826,31.874],[105.833,31.847],[105.881,31.855],[105.873,31.823],[105.892,31.799],[105.921,31.789],[105.943,31.8],[105.934,31.749],[105.957,31.738],[105.939,31.709],[105.963,31.682],[105.936,31.682],[105.929,31.641],[105.957,31.635],[105.97,31.573],[106.008,31.615],[106.059,31.569],[106.061,31.538],[106.021,31.511],[106.04,31.449],[106.021,31.4],[106.065,31.385],[106.073,31.368],[106.135,31.354],[106.117,31.338],[106.123,31.311],[106.197,31.361],[106.214,31.326],[106.259,31.308],[106.268,31.268],[106.211,31.211],[106.243,31.207],[106.297,31.132],[106.346,31.12],[106.343,31.083],[106.371,31.078],[106.395,31.046],[106.313,31.025],[106.357,30.985],[106.347,30.977],[106.256,31.017],[106.271,30.992],[106.258,30.965],[106.188,30.96],[106.181,30.913],[106.08,30.761],[106.116,30.711],[106.101,30.696],[106.072,30.714],[106.058,30.707],[106.057,30.666],[106.107,30.669],[106.119,30.65],[106.063,30.621],[106.067,30.566],[106.098,30.574],[106.089,30.532],[106.145,30.553],[106.155,30.538],[106.142,30.483],[106.104,30.5],[106.095,30.478],[106.149,30.45],[106.165,30.463],[106.186,30.413],[106.211,30.436],[106.23,30.388],[106.279,30.36],[106.25,30.34],[106.269,30.305],[106.258,30.265],[106.237,30.285],[106.203,30.203],[106.234,30.178],[106.217,30.141],[106.265,30.155],[106.268,30.125],[106.285,30.134],[106.29,30.124],[106.271,30.093],[106.31,30.086],[106.315,30.071],[106.31,30.028],[106.276,30.014],[106.273,29.997],[106.319,30.002],[106.337,29.989],[106.333,29.963],[106.52,29.769],[106.517,29.703],[106.456,29.704],[106.459,29.596],[106.498,29.577],[106.587,29.586]]]}},{"type":"Feature","properties":{"r":7,"n":"Dong"},"geometry":{"type":"MultiLineString","coordinates":[[[115.708,25.057],[115.74,24.965],[115.689,24.913],[115.688,24.872],[115.625,24.73],[115.569,24.663],[115.497,24.617],[115.474,24.553],[115.474,24.494],[115.412,24.445],[115.365,24.467],[115.369,24.415],[115.317,24.399],[115.327,24.361],[115.184,24.278],[115.177,24.259],[115.242,24.207],[115.249,24.148],[115.233,24.11],[115.164,24.048],[115.107,24.031],[115.057,23.958],[114.976,23.89],[114.933,23.891],[114.781,23.821],[114.72,23.769],[114.65,23.572],[114.687,23.473],[114.571,23.389],[114.523,23.396],[114.499,23.375],[114.502,23.333],[114.564,23.261],[114.55,23.24],[114.587,23.212],[114.595,23.172],[114.584,23.158],[114.55,23.171],[114.515,23.156],[114.466,23.186],[114.409,23.109],[114.296,23.158],[114.249,23.156],[114.112,23.058],[114.058,23.094],[114.016,23.08],[113.974,23.1],[113.844,23.11]],[[114.636,23.736],[114.657,23.724],[114.707,23.747]],[[113.844,23.111],[113.844,23.11]],[[113.844,23.11],[113.83,23.117]],[[113.844,23.11],[113.757,23.072],[113.618,22.949]]]}},{"type":"Feature","properties":{"r":3,"n":"Yukon"},"geometry":{"type":"MultiLineString","coordinates":[[[-145.825,66.611],[-145.827,66.611]],[[-145.827,66.611],[-145.833,66.611]],[[-145.827,66.611],[-145.88,66.598],[-145.951,66.605],[-146.039,66.573],[-146.203,66.564],[-146.264,66.543],[-146.392,66.547],[-146.735,66.513],[-146.844,66.479],[-146.944,66.474],[-147.031,66.419],[-147.095,66.422],[-147.138,66.378],[-147.23,66.357],[-147.429,66.371],[-147.484,66.35],[-147.602,66.34],[-147.62,66.32],[-147.579,66.266],[-147.71,66.29],[-147.738,66.248],[-147.827,66.275],[-147.897,66.241],[-147.967,66.248],[-148.027,66.274],[-148.134,66.246],[-148.246,66.259],[-148.33,66.211],[-148.406,66.225],[-148.486,66.208],[-148.593,66.129],[-148.719,66.121],[-148.743,66.102],[-148.738,66.07],[-148.779,66.05],[-148.803,66.054],[-148.823,66.097],[-148.917,66.066],[-149.021,66.07],[-148.985,66.029],[-148.993,66.015],[-149.045,66.001],[-149.12,66.021],[-149.235,65.982],[-149.231,65.947],[-149.255,65.901],[-149.3,65.879],[-149.407,65.879],[-149.511,65.915],[-149.661,65.888],[-149.787,65.921],[-149.851,65.92],[-149.894,65.89],[-150.127,65.8],[-150.089,65.774],[-150.023,65.765],[-149.906,65.77],[-149.811,65.794],[-149.796,65.777],[-149.818,65.713],[-149.874,65.641],[-149.925,65.643],[-149.998,65.679],[-150.096,65.678],[-150.141,65.655],[-150.171,65.617],[-150.185,65.541],[-150.212,65.528],[-150.661,65.498],[-150.802,65.439],[-151.04,65.369],[-151.186,65.291],[-151.244,65.287],[-151.31,65.305],[-151.509,65.232],[-151.64,65.23],[-151.713,65.25],[-151.92,65.216],[-152.046,65.166]],[[-152.046,65.166],[-152.263,65.171],[-152.452,65.11],[-152.575,65.145],[-152.695,65.151],[-152.743,65.196],[-152.781,65.206],[-152.911,65.2],[-152.98,65.178],[-153.082,65.187],[-153.199,65.148],[-153.226,65.11],[-153.259,65.103],[-153.483,65.117],[-153.549,65.137],[-153.781,65.071],[-154.151,64.994],[-154.313,64.923],[-154.37,64.918],[-154.433,64.939],[-154.545,64.924],[-154.67,64.94],[-155.193,64.86],[-155.492,64.75],[-155.72,64.768],[-155.937,64.725],[-156.206,64.722],[-156.415,64.665],[-156.487,64.677],[-156.694,64.644],[-156.783,64.653],[-156.755,64.713],[-156.87,64.745],[-156.971,64.735],[-157.023,64.768],[-157.032,64.798],[-157.057,64.815],[-157.115,64.823],[-157.243,64.803],[-157.334,64.825],[-157.416,64.806],[-157.531,64.862],[-157.797,64.875],[-157.913,64.858],[-157.983,64.783],[-158.052,64.745],[-158.166,64.686],[-158.277,64.66],[-158.331,64.579],[-158.437,64.535],[-158.504,64.441],[-158.706,64.355],[-158.716,64.321],[-158.634,64.196],[-158.764,64.017],[-158.929,63.968],[-159.03,63.906],[-159.195,63.87],[-159.21,63.857],[-159.218,63.785],[-159.334,63.746],[-159.391,63.637],[-159.473,63.578],[-159.496,63.514],[-159.423,63.438],[-159.432,63.408],[-159.6,63.355],[-159.622,63.302],[-159.711,63.265],[-159.774,63.052],[-159.95,63],[-160.03,62.933],[-160.07,62.843],[-160.064,62.776],[-160.095,62.728],[-160.144,62.723],[-160.18,62.679],[-160.164,62.606],[-160.17,62.549],[-160.103,62.49],[-160.036,62.458],[-159.995,62.41],[-159.964,62.359],[-159.966,62.262],[-159.786,62.236],[-159.724,62.205],[-159.723,62.175],[-159.761,62.116],[-159.802,62.093],[-159.982,62.072],[-160.019,62.05],[-160.086,61.959],[-160.164,61.936],[-160.528,61.922],[-160.715,61.942],[-160.954,61.938],[-161.292,61.853],[-161.359,61.806],[-161.32,61.758],[-161.329,61.728],[-161.428,61.649],[-161.723,61.621],[-161.804,61.608],[-161.914,61.565],[-161.952,61.567],[-161.975,61.586],[-161.957,61.655],[-161.967,61.686],[-162.137,61.836],[-162.191,61.923],[-162.272,61.938],[-162.425,61.925],[-162.45,61.996],[-162.484,62.017],[-162.656,61.974],[-162.702,61.906],[-162.754,61.909],[-162.852,61.953],[-162.999,61.9],[-163.177,61.931],[-163.236,61.985],[-163.257,62.031],[-163.286,62.045],[-163.406,62.057],[-163.483,62.085],[-163.556,62.076],[-163.849,62.097],[-163.905,62.128],[-163.978,62.21],[-163.931,62.261],[-163.9,62.326],[-163.859,62.364],[-163.85,62.456],[-163.861,62.476],[-163.909,62.504],[-163.948,62.564],[-164.058,62.621],[-164.135,62.698],[-164.482,62.745]],[[-152.046,65.166],[-152.048,65.165]],[[-152.041,65.165],[-152.046,65.166]],[[-138.432,62.811],[-138.462,62.833],[-138.563,62.838],[-138.676,62.884],[-139.159,62.927],[-139.238,62.963],[-139.516,63.026],[-139.523,63.04],[-139.501,63.072],[-139.51,63.107],[-139.583,63.185],[-139.581,63.206],[-139.568,63.227],[-139.432,63.294],[-139.436,63.316],[-139.715,63.464],[-139.74,63.5],[-139.759,63.566],[-139.756,63.629],[-139.775,63.658],[-139.713,63.723],[-139.747,63.776],[-139.754,63.832],[-139.726,63.863],[-139.738,63.899],[-139.703,63.976],[-139.612,64.012],[-139.484,64.035],[-139.454,64.072],[-139.473,64.124],[-139.597,64.219],[-139.61,64.254],[-139.798,64.276],[-139.863,64.315],[-139.926,64.301],[-139.976,64.333],[-140.169,64.339],[-140.519,64.403],[-140.533,64.418],[-140.521,64.446],[-140.443,64.497],[-140.446,64.53],[-140.51,64.532],[-140.578,64.513],[-140.605,64.531],[-140.604,64.559],[-140.621,64.573],[-140.704,64.56],[-140.733,64.57],[-140.702,64.618],[-140.721,64.631],[-140.82,64.616],[-140.895,64.655],[-140.905,64.687],[-141.008,64.692],[-141.067,64.714],[-141.057,64.761],[-141.087,64.781],[-141.187,64.793],[-141.2,64.816],[-141.104,64.884],[-141.203,64.899],[-141.182,64.958],[-141.356,64.932],[-141.385,64.953],[-141.358,64.998],[-141.364,65.032],[-141.412,65.076],[-141.416,65.101],[-141.625,65.154],[-141.775,65.214],[-141.885,65.211],[-141.984,65.276],[-142.012,65.322],[-142.192,65.348],[-142.465,65.349],[-142.527,65.389],[-142.613,65.406],[-142.78,65.353],[-143.165,65.385],[-143.311,65.38],[-143.377,65.361],[-143.506,65.395],[-143.568,65.432],[-143.66,65.449],[-143.711,65.542],[-143.849,65.598],[-143.992,65.592],[-144.078,65.637],[-144.116,65.677],[-144.119,65.723],[-144.018,65.79],[-144.027,65.83],[-144.001,65.857],[-144.064,65.933],[-144.159,65.963],[-144.175,66.019],[-144.342,66.046],[-144.384,66.104],[-144.524,66.149],[-144.543,66.181],[-144.653,66.222],[-144.685,66.259],[-144.766,66.3],[-144.811,66.309],[-144.892,66.376],[-144.895,66.412],[-145.195,66.495],[-145.277,66.535],[-145.327,66.579],[-145.51,66.58],[-145.827,66.611]],[[-138.432,62.811],[-138.432,62.811]],[[-138.402,62.801],[-138.413,62.804],[-138.432,62.811]],[[-138.402,62.801],[-138.432,62.811]],[[-138.398,62.801],[-138.402,62.801]],[[-163.309,62.044],[-163.286,61.979],[-163.218,61.905],[-163.24,61.878],[-163.299,61.869],[-163.28,61.856],[-163.313,61.828],[-163.367,61.835],[-163.442,61.814],[-163.614,61.833],[-163.643,61.821],[-163.652,61.784],[-163.718,61.787],[-163.704,61.767],[-163.735,61.767],[-163.757,61.789],[-163.815,61.805],[-163.889,61.807],[-163.837,61.827],[-163.868,61.859],[-163.883,61.861],[-163.907,61.829],[-163.989,61.832],[-164.013,61.848],[-163.992,61.856],[-163.999,61.883],[-164.039,61.91],[-164.109,61.873],[-164.147,61.821],[-164.218,61.807],[-164.231,61.785],[-164.282,61.778],[-164.364,61.802],[-164.47,61.748],[-164.625,61.722],[-164.649,61.732],[-164.653,61.752],[-164.564,61.749],[-164.561,61.767],[-164.807,61.76],[-164.787,61.746],[-164.892,61.698],[-164.903,61.677],[-164.766,61.629]],[[-134.916,61.568],[-134.855,61.649],[-134.976,61.796],[-134.984,61.828],[-134.929,61.877],[-134.972,61.924],[-135.114,61.924],[-135.129,61.944],[-135.204,61.944],[-135.313,61.979],[-135.505,62.006],[-135.561,62.034],[-135.568,62.057],[-135.707,62.057],[-135.811,62.024],[-135.917,62.048],[-135.93,62.068],[-135.985,62.061],[-136.041,62.092],[-136.122,62.095],[-136.148,62.119],[-136.197,62.107],[-136.249,62.13],[-136.28,62.109],[-136.314,62.14],[-136.39,62.158],[-136.359,62.178],[-136.341,62.241],[-136.39,62.273],[-136.342,62.315],[-136.376,62.321],[-136.424,62.359],[-136.483,62.357],[-136.533,62.39],[-136.598,62.401],[-136.733,62.473],[-136.739,62.497],[-136.877,62.599],[-137.242,62.706],[-137.294,62.739],[-137.308,62.768],[-137.5,62.822],[-137.575,62.815],[-137.634,62.827],[-137.722,62.829],[-137.848,62.802],[-138.148,62.83],[-138.402,62.801]]]}},{"type":"Feature","properties":{"r":7,"n":"Yalong"},"geometry":{"type":"MultiLineString","coordinates":[[[97.617,34.064],[97.591,34.034],[97.346,33.942],[97.227,33.835],[97.159,33.81],[97.252,33.458],[97.344,33.361],[97.432,33.341],[97.565,33.376],[97.695,33.362],[97.768,33.41],[97.801,33.402],[97.876,33.343],[97.904,33.273],[97.951,33.229],[98.046,33.215],[98.071,33.188],[98.158,33.17],[98.202,33.128],[98.238,33.116],[98.32,33.046],[98.364,32.937],[98.392,32.905],[98.593,32.841],[98.644,32.89],[98.761,32.821],[98.766,32.834],[98.817,32.818],[98.862,32.753],[98.994,32.766],[99.042,32.738],[99.104,32.635],[99.082,32.61],[99.09,32.574],[99.064,32.54],[99.083,32.444],[99.02,32.409],[99.01,32.384],[98.938,32.361],[98.953,32.3],[99.073,32.279],[99.142,32.308],[99.264,32.281],[99.348,32.147],[99.455,32.103],[99.494,31.991],[99.529,31.975],[99.576,31.916],[99.636,31.897],[99.666,31.806],[99.738,31.762],[99.806,31.652],[99.97,31.629],[100.061,31.596],[100.09,31.566],[100.114,31.481],[100.226,31.392],[100.282,31.257],[100.31,31.128],[100.309,30.959],[100.266,30.896],[100.2,30.882],[100.164,30.857],[100.15,30.821],[100.152,30.78],[100.218,30.626],[100.333,30.525],[100.409,30.505],[100.454,30.449],[100.594,30.42],[100.606,30.387],[100.681,30.343],[100.75,30.226],[100.787,30.221],[100.804,30.193],[100.996,30.203],[100.988,30.117],[101.013,30.102],[101.003,29.981],[101.062,29.916],[101.087,29.859],[101.088,29.754],[101.071,29.702],[101.091,29.665],[101.08,29.64],[101.132,29.566],[101.125,29.528],[101.152,29.465],[101.14,29.429],[101.107,29.4],[101.009,29.36],[101.041,29.342],[101.062,29.179],[101.105,29.143],[101.151,29.03],[101.15,28.967],[101.181,28.949],[101.175,28.796],[101.201,28.75],[101.242,28.495],[101.28,28.399],[101.365,28.346],[101.365,28.305],[101.386,28.281],[101.379,28.166],[101.443,28.119],[101.487,28.063],[101.541,28.074],[101.571,28.134],[101.625,28.18],[101.667,28.363],[101.721,28.407],[101.746,28.474],[101.748,28.55],[101.85,28.612],[101.92,28.62],[101.938,28.607],[101.864,28.443],[101.884,28.317],[101.848,28.232],[101.796,28.161],[101.769,28.058],[101.786,28.028],[101.855,28.022],[101.823,27.981],[101.872,27.945],[101.838,27.886],[101.882,27.877],[101.879,27.838],[101.912,27.825],[101.934,27.743],[101.955,27.715],[102.011,27.708],[102.015,27.666],[101.989,27.612],[102.001,27.581],[101.979,27.52],[101.961,27.366],[101.889,27.258],[101.858,27.18],[101.876,27.151],[101.816,27.115],[101.774,27.012],[101.687,26.948],[101.725,26.848],[101.796,26.818],[101.865,26.743],[101.796,26.605]]]}},{"type":"Feature","properties":{"r":7,"n":""},"geometry":{"type":"MultiLineString","coordinates":[[[80.941,31.392],[80.821,31.375],[80.736,31.382],[80.632,31.472],[80.53,31.467],[80.452,31.486],[80.424,31.519],[80.389,31.621],[80.311,31.712],[80.293,31.77],[80.185,31.87],[80.132,31.996],[80.067,32.081],[80.043,32.146],[79.937,32.238],[79.904,32.304],[79.811,32.394],[79.701,32.45],[79.683,32.498]]]}},{"type":"Feature","properties":{"r":7,"n":"Bajang"},"geometry":{"type":"MultiLineString","coordinates":[[[113.797,2.709],[113.659,2.542],[113.553,2.477],[113.533,2.485],[113.217,2.317],[113.083,2.264],[113.152,2.244],[113.154,2.207],[113.131,2.182],[113.071,2.193],[113.061,2.166],[113.076,2.107],[113.061,2.061],[112.991,2.021],[112.524,2.017],[112.452,2.038],[112.374,2.031],[112.333,2.052],[112.254,2.058],[112.224,2.08],[112.172,2.078],[112.145,2.127],[112.1,2.141],[112.074,2.133],[112.021,2.154],[111.973,2.141],[111.922,2.199],[111.838,2.242],[111.843,2.264],[111.815,2.292],[111.795,2.231],[111.797,2.251],[111.775,2.244],[111.733,2.278],[111.677,2.289]],[[111.678,2.292],[111.677,2.289]],[[111.677,2.289],[111.665,2.346],[111.643,2.368],[111.576,2.326],[111.542,2.367],[111.493,2.354]],[[111.677,2.289],[111.621,2.17],[111.568,2.204],[111.51,2.154],[111.466,2.182],[111.452,2.139],[111.421,2.164],[111.378,2.162]]]}},{"type":"Feature","properties":{"r":7,"n":"Nadym"},"geometry":{"type":"MultiLineString","coordinates":[[[73.523,64.583],[73.487,64.629],[73.524,64.678],[73.722,64.795],[73.761,64.862],[73.809,64.902],[74.003,64.958],[74.03,64.98],[73.979,65.041],[73.963,65.114],[73.875,65.162],[73.652,65.214],[73.461,65.227],[73.322,65.264],[73.221,65.33],[72.834,65.449],[72.757,65.526],[72.686,65.56],[72.486,65.722],[72.467,65.761],[72.467,65.823],[72.392,65.84],[72.314,65.881],[72.22,65.892],[72.026,65.96],[72.07,66.042],[71.96,66.098],[72.057,66.131],[72.014,66.169],[71.992,66.23]],[[71.563,63.541],[71.686,63.565],[71.775,63.623],[71.843,63.63],[71.921,63.697],[72.037,63.726],[72.117,63.769],[72.214,63.781],[72.328,63.83],[72.367,63.826],[72.435,63.884],[72.813,63.966],[72.81,63.987],[72.902,64.001],[73.001,64.078],[73.091,64.103],[73.079,64.122],[73.115,64.155],[73.119,64.185],[73.261,64.257],[73.267,64.27],[73.249,64.288],[73.296,64.304],[73.323,64.343],[73.358,64.35],[73.363,64.381],[73.45,64.432],[73.439,64.489],[73.523,64.528],[73.516,64.583]]]}},{"type":"Feature","properties":{"r":7,"n":"Mahakam"},"geometry":{"type":"MultiLineString","coordinates":[[[114.365,1.36],[114.316,1.328],[114.299,1.206],[114.252,1.118],[114.205,1.086],[114.21,1.032],[114.1,0.905],[114.103,0.834],[114.123,0.809],[114.255,0.805],[114.351,0.743],[114.462,0.739],[114.608,0.83],[114.732,0.881],[114.902,0.901],[114.941,0.873],[115.026,0.877],[115.043,0.836],[115.03,0.763],[115.066,0.759],[115.126,0.702],[115.236,0.674],[115.228,0.592],[115.315,0.578],[115.357,0.51],[115.461,0.497],[115.453,0.442],[115.426,0.424],[115.444,0.326],[115.478,0.322],[115.487,0.267],[115.553,0.241],[115.55,0.092],[115.598,0.075],[115.626,0.003],[115.605,-0.061],[115.643,-0.076],[115.675,-0.068],[115.678,-0.017],[115.708,-0.031],[115.728,-0.065],[115.742,-0.058],[115.776,-0.089],[115.752,-0.124],[115.783,-0.133],[115.803,-0.166],[115.783,-0.175],[115.79,-0.209],[115.831,-0.237],[115.844,-0.278],[115.865,-0.271],[115.886,-0.299],[115.913,-0.271],[115.975,-0.285],[115.982,-0.319],[116.078,-0.312],[116.098,-0.34],[116.221,-0.378],[116.307,-0.381],[116.344,-0.363],[116.435,-0.355],[116.461,-0.339],[116.469,-0.306],[116.496,-0.326],[116.525,-0.296],[116.585,-0.279],[116.58,-0.245],[116.599,-0.223],[116.633,-0.217],[116.637,-0.186],[116.668,-0.18],[116.688,-0.156],[116.775,-0.184],[116.844,-0.33],[116.948,-0.319],[117,-0.288],[117.034,-0.319],[117.078,-0.319],[117.048,-0.381],[117.017,-0.361],[117.002,-0.372],[117.032,-0.587],[117.087,-0.587],[117.099,-0.538],[117.149,-0.516],[117.255,-0.582],[117.359,-0.587],[117.441,-0.518]]]}},{"type":"Feature","properties":{"r":7,"n":"Baliem"},"geometry":{"type":"MultiLineString","coordinates":[[[138.22,-3.889],[138.32,-3.894],[138.401,-3.926],[138.499,-3.916],[138.538,-3.945],[138.584,-3.955],[138.669,-3.921],[138.731,-3.874],[138.788,-3.873],[138.833,-3.894],[138.896,-3.96],[138.925,-4.021],[138.979,-4.061],[139.035,-4.24],[139.072,-4.293],[139.062,-4.368],[139.134,-4.373],[139.149,-4.393],[139.228,-4.422],[139.255,-4.472],[139.351,-4.546],[139.377,-4.599],[139.331,-4.632],[139.304,-4.677],[139.319,-4.772],[139.341,-4.809],[139.288,-5.032],[139.244,-5.068],[139.226,-5.123],[139.159,-5.151],[139.11,-5.205],[139.101,-5.194],[138.983,-5.257],[138.952,-5.296],[138.901,-5.287],[138.874,-5.38],[138.888,-5.451],[138.849,-5.449],[138.878,-5.478],[138.85,-5.515],[138.853,-5.577],[138.729,-5.63],[138.599,-5.623],[138.555,-5.596],[138.5,-5.598],[138.432,-5.658],[138.363,-5.679]]]}},{"type":"Feature","properties":{"r":7,"n":"Sittong"},"geometry":{"type":"MultiLineString","coordinates":[[[95.787,20.218],[95.831,20.193],[95.931,20.205],[96.027,20.166],[96.121,20.156],[96.241,20.069],[96.241,19.884],[96.226,19.828],[96.232,19.787],[96.294,19.711],[96.301,19.629],[96.278,19.623],[96.308,19.536],[96.28,19.452],[96.321,19.351],[96.31,19.324],[96.335,19.288],[96.356,19.287],[96.438,19.15],[96.424,19.136],[96.442,19.089],[96.438,19.033],[96.452,19.033],[96.46,18.952],[96.499,18.876],[96.501,18.857],[96.449,18.833],[96.455,18.693],[96.52,18.602],[96.558,18.585],[96.616,18.512],[96.602,18.498],[96.63,18.471],[96.678,18.361],[96.671,18.338],[96.685,18.319],[96.699,18.196],[96.717,18.171],[96.743,18.173],[96.756,18.077],[96.781,18.053],[96.804,18.054],[96.822,17.998],[96.808,17.984],[96.863,17.923],[96.89,17.765],[96.882,17.701],[96.903,17.673],[96.883,17.457]]]}},{"type":"Feature","properties":{"r":7,"n":"Pahang"},"geometry":{"type":"MultiLineString","coordinates":[[[102.791,4.44],[102.687,4.448],[102.63,4.498],[102.58,4.512],[102.517,4.501],[102.505,4.521],[102.479,4.501],[102.476,4.457],[102.389,4.356],[102.358,4.163],[102.317,4.096],[102.337,3.994],[102.418,3.945],[102.427,3.851],[102.407,3.823],[102.42,3.803],[102.366,3.721],[102.429,3.639],[102.407,3.629],[102.413,3.591],[102.4,3.577],[102.428,3.534],[102.427,3.367],[102.45,3.327],[102.515,3.329],[102.535,3.401],[102.593,3.446],[102.608,3.507],[102.645,3.524],[102.683,3.525],[102.7,3.501],[102.804,3.477],[102.828,3.487],[102.875,3.459],[102.935,3.484],[103.013,3.471],[103.051,3.447],[103.255,3.544],[103.308,3.525],[103.359,3.535],[103.402,3.49],[103.448,3.505]]]}},{"type":"Feature","properties":{"r":7,"n":"You"},"geometry":{"type":"MultiLineString","coordinates":[[[105.257,24.448],[105.408,24.376],[105.477,24.372],[105.561,24.329],[105.637,24.33],[105.737,24.295],[105.845,24.356],[105.891,24.313],[105.888,24.235],[105.97,24.183],[106.021,24.111],[106.006,24.073],[106.015,24.059],[106.097,23.995],[106.091,23.956],[106.19,23.946],[106.245,23.975],[106.322,23.952],[106.412,23.981],[106.457,23.946]],[[106.457,23.946],[106.546,23.891],[106.627,23.896],[106.644,23.835],[106.674,23.793],[106.752,23.775],[106.816,23.78],[106.847,23.755],[106.928,23.755],[106.926,23.706],[106.967,23.657],[107.019,23.626],[107.244,23.584],[107.335,23.496],[107.409,23.453],[107.416,23.426],[107.54,23.324],[107.63,23.289],[107.648,23.22],[107.713,23.167],[107.768,23.147],[107.763,23.111],[107.811,23.105],[107.881,23.034],[107.982,23.067],[107.961,22.991],[108.04,22.962],[108.058,22.899],[108.042,22.872],[108.092,22.844]],[[106.457,23.939],[106.457,23.946]]]}},{"type":"Feature","properties":{"r":7,"n":"Mahi"},"geometry":{"type":"MultiLineString","coordinates":[[[72.907,22.279],[72.918,22.296],[72.989,22.262],[73.04,22.307],[73.09,22.491],[73.164,22.591],[73.245,22.663],[73.252,22.778],[73.333,22.795],[73.371,22.83],[73.368,22.886],[73.43,22.971],[73.428,23.025],[73.536,23.099],[73.575,23.181],[73.655,23.214],[73.683,23.256],[73.792,23.268],[73.851,23.33],[73.931,23.348],[73.99,23.414],[74.01,23.491],[74.104,23.619],[74.117,23.734],[74.137,23.774],[74.257,23.824],[74.352,23.889],[74.453,23.914],[74.517,23.874],[74.518,23.844],[74.548,23.801],[74.55,23.757],[74.519,23.658],[74.548,23.575],[74.527,23.539],[74.605,23.408],[74.708,23.342],[74.715,23.318],[74.756,23.292],[74.736,23.274],[74.777,23.232],[74.795,23.147],[74.869,23.132],[74.932,23.151],[74.965,23.142],[75.005,23.102],[75.008,22.924],[74.96,22.817],[74.973,22.73]]]}},{"type":"Feature","properties":{"r":3,"n":"Murray"},"geometry":{"type":"MultiLineString","coordinates":[[[141.926,-34.117],[141.841,-34.131],[141.748,-34.103],[141.706,-34.11],[141.546,-34.219],[141.511,-34.172],[141.459,-34.169],[141.392,-34.134],[141.331,-34.145],[141.309,-34.114],[141.241,-34.076],[141.19,-34.089],[141.134,-34.064],[141.045,-34.062],[140.967,-33.987],[140.942,-33.989],[140.83,-34.069],[140.782,-34.069],[140.753,-34.087],[140.794,-34.122],[140.766,-34.212],[140.713,-34.262],[140.673,-34.25],[140.652,-34.26],[140.639,-34.285],[140.609,-34.298],[140.599,-34.329],[140.563,-34.349],[140.597,-34.373],[140.583,-34.443],[140.549,-34.453],[140.528,-34.447],[140.487,-34.392],[140.439,-34.398],[140.412,-34.375],[140.386,-34.304],[140.385,-34.239],[140.369,-34.2],[140.332,-34.172],[140.301,-34.185],[140.23,-34.179],[140.208,-34.159],[140.103,-34.192],[140.038,-34.166],[139.996,-34.184],[139.939,-34.171],[139.927,-34.151],[139.96,-34.127],[139.954,-34.089],[139.932,-34.083],[139.879,-34.108],[139.839,-34.038],[139.815,-34.062],[139.788,-34.041],[139.7,-34.023],[139.681,-34.031],[139.681,-34.125],[139.638,-34.212],[139.645,-34.291],[139.624,-34.319],[139.609,-34.443],[139.583,-34.5],[139.604,-34.548],[139.59,-34.573],[139.61,-34.634],[139.667,-34.651],[139.665,-34.675],[139.656,-34.692],[139.57,-34.718],[139.546,-34.754],[139.578,-34.765],[139.551,-34.795],[139.556,-34.822],[139.634,-34.857],[139.641,-34.885],[139.583,-34.91],[139.548,-34.884],[139.446,-34.857],[139.331,-34.902],[139.315,-34.932],[139.261,-34.966],[139.328,-34.984],[139.375,-35.026],[139.354,-35.057],[139.329,-35.055],[139.293,-35.115],[139.325,-35.148],[139.315,-35.186],[139.441,-35.238],[139.459,-35.271],[139.452,-35.29],[139.398,-35.309],[139.391,-35.35],[139.363,-35.377]]]}},{"type":"Feature","properties":{"r":7,"n":"Tapi"},"geometry":{"type":"MultiLineString","coordinates":[[[78.131,21.701],[77.997,21.684],[77.924,21.725],[77.811,21.728],[77.807,21.773],[77.778,21.811],[77.729,21.821],[77.296,21.805],[77.302,21.787],[77.197,21.734],[77.069,21.712],[76.917,21.618],[76.814,21.6],[76.771,21.513],[76.673,21.453],[76.607,21.439],[76.493,21.451],[76.343,21.4],[76.072,21.171],[76.057,21.14],[76,21.102],[75.868,21.061],[75.771,21.063],[75.44,21.17],[75.37,21.17],[75.303,21.148],[75.24,21.15],[75.177,21.179],[75.067,21.171],[75.014,21.186],[74.903,21.264],[74.828,21.281],[74.762,21.36],[74.681,21.4],[74.405,21.444],[74.314,21.517],[74.134,21.516],[73.907,21.462],[73.848,21.425],[73.79,21.357],[73.713,21.311],[73.71,21.264],[73.692,21.247],[73.388,21.28],[73.302,21.246],[73.183,21.227],[73.147,21.235],[73.071,21.294],[72.998,21.308],[72.927,21.277],[72.877,21.229],[72.802,21.245],[72.805,21.191],[72.729,21.148]]]}},{"type":"Feature","properties":{"r":7,"n":"Sankh"},"geometry":{"type":"MultiLineString","coordinates":[[[83.903,23.198],[83.944,23.178],[83.988,23.056],[84.073,22.994],[84.129,22.985],[84.176,23],[84.217,23.113],[84.241,23.117],[84.285,23.058],[84.391,22.968],[84.388,22.818],[84.423,22.656],[84.394,22.606],[84.319,22.556],[84.309,22.499],[84.34,22.454],[84.44,22.393],[84.512,22.325],[84.622,22.314],[84.668,22.265]]]}},{"type":"Feature","properties":{"r":7,"n":"Bei"},"geometry":{"type":"MultiLineString","coordinates":[[[112.529,25.317],[112.722,25.367],[112.87,25.306],[113.017,25.282],[113.151,25.225],[113.183,25.223],[113.255,25.258],[113.283,25.226],[113.296,25.154],[113.367,25.063],[113.414,25.03],[113.44,24.951],[113.532,24.891],[113.571,24.795],[113.564,24.752],[113.516,24.717],[113.523,24.632],[113.581,24.543],[113.561,24.495],[113.414,24.3],[113.414,24.261],[113.452,24.253],[113.452,24.239],[113.4,24.114],[113.357,24.068],[113.292,24.033],[113.244,23.808],[113.203,23.737],[113.171,23.712],[113.12,23.711],[113.084,23.689],[113.017,23.694],[112.985,23.672],[112.974,23.648],[112.982,23.577],[112.895,23.458],[112.875,23.339],[112.811,23.226],[112.804,23.193],[112.819,23.153]]]}},{"type":"Feature","properties":{"r":7,"n":"Ussuri"},"geometry":{"type":"MultiLineString","coordinates":[[[134.316,43.649],[134.28,43.606],[134.132,43.602],[133.837,43.754],[133.874,43.867],[133.943,43.922],[133.908,43.984],[133.909,44.027],[133.831,44.088],[133.85,44.135],[133.822,44.229],[133.925,44.352],[134.018,44.409],[134.056,44.395],[134.046,44.505],[134.125,44.585],[134.129,44.61],[134.101,44.636],[134.071,44.641],[134.06,44.627],[133.967,44.682],[133.926,44.655],[133.772,44.675],[133.698,44.742],[133.664,44.755],[133.651,44.796],[133.586,44.847],[133.58,44.933],[133.545,44.989],[133.546,45.03],[133.511,45.08],[133.591,45.112],[133.586,45.227],[133.545,45.251],[133.487,45.252],[133.5,45.284],[133.479,45.309],[133.484,45.326],[133.458,45.349],[133.437,45.413],[133.388,45.471],[133.415,45.498],[133.395,45.518],[133.424,45.555],[133.415,45.573]]]}},{"type":"Feature","properties":{"r":7,"n":"Prut"},"geometry":{"type":"MultiLineString","coordinates":[[[24.584,48.292],[24.571,48.375],[24.617,48.415],[24.555,48.424],[24.553,48.444],[24.622,48.533],[24.827,48.58],[24.9,48.582],[24.981,48.555],[25.049,48.494],[25.122,48.499],[25.343,48.454],[25.465,48.465],[25.551,48.449],[25.674,48.364],[25.778,48.38],[25.87,48.354],[26.097,48.245],[26.145,48.249],[26.33,48.209],[26.688,48.275],[26.821,48.253],[26.897,48.209],[26.907,48.185],[26.938,48.205],[26.963,48.176],[26.997,48.167],[26.966,48.144],[27.042,48.128],[27.041,48.078],[27.109,48.034],[27.088,48.02],[27.095,48.006],[27.121,48.013],[27.143,47.987],[27.168,47.983],[27.15,47.958],[27.178,47.938],[27.16,47.922],[27.212,47.89],[27.212,47.848],[27.253,47.828],[27.219,47.814],[27.287,47.753],[27.294,47.718],[27.271,47.715],[27.281,47.693],[27.369,47.609],[27.428,47.581],[27.473,47.492],[27.575,47.461],[27.562,47.417],[27.58,47.406],[27.572,47.375],[27.6,47.361],[27.636,47.307],[27.733,47.276],[27.788,47.205],[27.806,47.145],[27.849,47.129],[27.843,47.115],[27.938,47.061],[27.938,47.047],[28.027,47.033],[28.069,46.989],[28.102,46.935],[28.096,46.903],[28.113,46.895],[28.121,46.835],[28.233,46.663],[28.247,46.607],[28.225,46.57],[28.233,46.553],[28.219,46.504],[28.245,46.476],[28.246,46.428],[28.19,46.351],[28.192,46.311],[28.177,46.287],[28.135,46.27],[28.132,46.24],[28.108,46.234],[28.144,46.183],[28.09,46.074],[28.082,46.015],[28.125,45.919],[28.117,45.896],[28.13,45.872],[28.11,45.855],[28.113,45.826],[28.155,45.762],[28.167,45.633],[28.107,45.625],[28.062,45.594],[28.14,45.56],[28.165,45.529],[28.165,45.495],[28.212,45.45]]]}},{"type":"Feature","properties":{"r":7,"n":"Namhan"},"geometry":{"type":"MultiLineString","coordinates":[[[128.879,37.405],[128.862,37.405],[128.825,37.483],[128.771,37.492],[128.683,37.464],[128.646,37.44],[128.688,37.411],[128.659,37.388],[128.6,37.383],[128.627,37.303],[128.595,37.267],[128.557,37.26],[128.555,37.279],[128.529,37.285],[128.531,37.243],[128.5,37.23],[128.503,37.205],[128.471,37.172],[128.529,37.114],[128.48,37.061],[128.421,37.052],[128.384,37.005],[128.352,37],[128.356,36.982],[128.325,36.97],[128.225,36.957],[128.162,37.014],[128.047,36.953],[127.947,37.022],[127.895,36.987],[127.875,36.997],[127.863,37.021],[127.878,37.077],[127.834,37.086],[127.761,37.165],[127.744,37.214],[127.69,37.238],[127.672,37.286],[127.554,37.362],[127.494,37.446],[127.488,37.482],[127.443,37.501],[127.399,37.494],[127.334,37.528],[127.292,37.512],[127.218,37.577],[127.183,37.58]]]}},{"type":"Feature","properties":{"r":7,"n":"Bol’shaya Kuonamka"},"geometry":{"type":"MultiLineString","coordinates":[[[106.46,69.361],[106.604,69.327],[106.803,69.307],[106.876,69.329],[106.899,69.36],[107.033,69.426],[107.111,69.428],[107.318,69.475],[107.437,69.428],[107.677,69.448],[108.335,69.408],[108.619,69.369],[108.69,69.39],[108.697,69.428],[108.746,69.441],[109.04,69.448],[109.122,69.476],[109.245,69.476],[109.354,69.521],[109.45,69.512],[109.808,69.558],[109.98,69.606],[110.083,69.613],[110.26,69.654],[110.379,69.704],[110.553,69.703],[110.625,69.738],[110.722,69.736],[110.861,69.758],[110.904,69.784],[110.753,69.845],[110.829,69.88],[110.849,69.907],[110.946,69.922],[110.96,69.931],[110.941,69.97],[111.195,69.963],[111.477,70.024],[111.611,69.995],[111.754,70.003],[111.781,69.981],[111.9,69.991],[112.122,69.909],[112.234,69.901],[112.664,69.921],[112.797,69.911],[112.822,69.923],[112.813,69.952],[112.691,69.988],[112.564,70.113],[112.562,70.147],[112.528,70.175],[112.528,70.195],[112.439,70.213],[112.517,70.266],[112.528,70.29],[112.511,70.314],[112.422,70.342],[112.446,70.387],[112.377,70.421],[112.334,70.494],[112.332,70.514],[112.379,70.543],[112.514,70.552],[112.504,70.582],[112.428,70.633],[112.418,70.654],[112.548,70.739]]]}},{"type":"Feature","properties":{"r":7,"n":"Kuban"},"geometry":{"type":"MultiLineString","coordinates":[[[42.073,43.243],[42.009,43.279],[41.998,43.41],[42.099,43.494],[42.132,43.614],[42.1,43.646],[41.934,43.679],[41.902,43.757],[41.932,43.784],[41.897,43.948],[41.906,43.983],[42.047,44.231],[42.028,44.299],[42.059,44.327],[42.038,44.364],[41.945,44.403],[41.918,44.473],[41.939,44.515],[41.927,44.625],[41.818,44.711],[41.801,44.768],[41.812,44.792],[41.781,44.834],[41.737,44.853],[41.595,44.84],[41.397,44.847],[41.294,44.894],[41.253,44.943],[41.163,44.993],[41.116,45.084],[41.065,45.111],[41.068,45.135],[41.015,45.198],[41.034,45.297],[41.001,45.331],[41.008,45.385],[40.978,45.41],[40.903,45.434],[40.835,45.423],[40.664,45.431],[40.584,45.415],[40.561,45.382],[40.524,45.395],[40.471,45.377],[40.415,45.394],[40.349,45.354],[40.331,45.382],[40.273,45.347],[40.07,45.334],[40.003,45.296],[39.947,45.285],[39.906,45.231],[39.875,45.238],[39.841,45.214],[39.716,45.184],[39.635,45.194],[39.564,45.182],[39.46,45.098],[39.344,45.035],[39.324,45.001],[39.191,44.974],[39.129,44.984],[39.078,44.964],[38.985,44.984],[38.971,45.005],[38.921,45.017],[38.908,45.04],[38.865,45.018],[38.856,44.995],[38.806,44.984],[38.77,44.998],[38.724,45.047],[38.684,45.059],[38.613,45.053],[38.592,45.072],[38.511,45.094],[38.463,45.078],[38.449,45.1],[38.358,45.125],[38.293,45.169],[38.277,45.159],[38.244,45.175],[38.156,45.135],[38.113,45.152],[38.002,45.128],[37.93,45.142],[37.807,45.108],[37.792,45.115],[37.794,45.138],[37.765,45.148],[37.584,45.132],[37.503,45.17],[37.421,45.185],[37.381,45.212],[37.382,45.308]]]}},{"type":"Feature","properties":{"r":7,"n":"Caledon"},"geometry":{"type":"MultiLineString","coordinates":[[[28.131,-28.729],[28.013,-28.878],[27.977,-28.881],[27.926,-28.853],[27.887,-28.905],[27.861,-28.915],[27.747,-28.909],[27.754,-28.925],[27.72,-28.946],[27.711,-28.991],[27.639,-29.035],[27.664,-29.066],[27.63,-29.072],[27.635,-29.097],[27.612,-29.134],[27.521,-29.216],[27.528,-29.261],[27.453,-29.292],[27.445,-29.332],[27.406,-29.364],[27.417,-29.396],[27.35,-29.48],[27.316,-29.487],[27.302,-29.518],[27.263,-29.541],[27.128,-29.578],[27.085,-29.614],[27.062,-29.6],[27.042,-29.628],[27.022,-29.616],[26.992,-29.686],[26.959,-29.716],[26.974,-29.741],[26.919,-29.772],[26.918,-29.848],[26.88,-29.835],[26.859,-29.855],[26.85,-30.006],[26.81,-30.024],[26.794,-30.046],[26.805,-30.072],[26.77,-30.094],[26.684,-30.207],[26.751,-30.233],[26.746,-30.258],[26.654,-30.26],[26.632,-30.293],[26.547,-30.305],[26.472,-30.368],[26.424,-30.368],[26.393,-30.423],[26.283,-30.416],[26.25,-30.451],[26.22,-30.436],[26.191,-30.45],[26.103,-30.45],[26.108,-30.471],[26.064,-30.492],[26.06,-30.514]]]}},{"type":"Feature","properties":{"r":7,"n":"Shebele"},"geometry":{"type":"MultiLineString","coordinates":[[[38.803,6.941],[38.889,6.931],[38.923,6.959],[38.961,6.965],[39.019,7.02],[39.206,7.071],[39.404,7.161],[39.458,7.206],[39.453,7.227],[39.512,7.295],[39.495,7.335],[39.52,7.369],[39.554,7.39],[39.58,7.433],[39.65,7.472],[39.677,7.453],[39.697,7.464],[39.747,7.43],[39.917,7.493],[40.009,7.459],[40.074,7.466],[40.123,7.421],[40.419,7.618],[40.527,7.664],[40.642,7.785],[40.685,7.808],[40.787,7.945],[40.959,7.966],[41.196,8.131],[41.314,8.157],[41.404,8.123],[41.483,8.137],[41.522,8.093],[41.528,8.001],[41.573,7.94],[41.568,7.904],[41.617,7.888],[41.624,7.75],[41.712,7.664],[41.7,7.653],[41.733,7.623],[41.729,7.599],[41.809,7.568],[41.815,7.547],[41.913,7.524],[41.959,7.547],[41.979,7.534],[42.036,7.569],[42.055,7.513],[42.096,7.5],[42.1,7.462],[42.132,7.457],[42.139,7.434],[42.176,7.408],[42.179,7.339],[42.214,7.285],[42.227,7.223],[42.222,7.175],[42.152,6.982],[42.093,6.919],[42.069,6.814],[42.079,6.796],[42.014,6.643],[42.036,6.596],[42.113,6.535],[42.123,6.464],[42.191,6.43],[42.216,6.382],[42.281,6.328],[42.371,6.314],[42.41,6.287],[42.473,6.294],[42.723,6.266],[42.818,6.162],[42.881,6.143],[42.962,6.087],[43.062,6.057],[43.228,5.962],[43.476,5.965],[43.549,5.93],[43.605,5.878],[43.708,5.858],[43.918,5.694],[44.034,5.678],[44.098,5.628],[44.185,5.591],[44.263,5.598],[44.422,5.474],[44.518,5.47],[44.535,5.423],[44.58,5.392],[44.611,5.327],[44.668,5.266],[44.751,5.23],[44.837,5.084],[44.953,5.05],[44.974,5.029],[44.983,4.978],[45.008,4.964]]]}},{"type":"Feature","properties":{"r":3,"n":"Ganges"},"geometry":{"type":"MultiLineString","coordinates":[[[79.841,30.888],[79.813,30.82],[79.841,30.724],[79.875,30.689],[79.847,30.676],[79.715,30.508],[79.655,30.502],[79.546,30.573],[79.436,30.482],[79.389,30.422],[79.321,30.398],[79.307,30.346],[79.269,30.304],[79.205,30.277],[79.137,30.304],[79.001,30.306],[78.803,30.236],[78.696,30.244],[78.594,30.145],[78.579,30.098],[78.586,30.073],[78.463,30.073],[78.405,30.132],[78.32,30.141],[78.28,30.072],[78.155,29.925],[78.198,29.748],[78.189,29.707],[78.155,29.675],[78.019,29.619],[77.99,29.572],[77.992,29.531],[78.052,29.435],[78.052,29.374],[78.082,29.345],[78.072,29.326],[78.117,29.251],[78.121,29.192],[78.08,29.141],[78.072,28.969],[78.106,28.914],[78.093,28.836],[78.127,28.812],[78.124,28.778],[78.183,28.693],[78.176,28.62],[78.195,28.57],[78.265,28.489],[78.279,28.442],[78.265,28.421],[78.279,28.401],[78.264,28.372],[78.29,28.307],[78.383,28.222],[78.463,28.106],[78.544,28.045],[78.585,28.033],[78.626,27.99],[78.895,27.913],[78.981,27.827],[79.156,27.818],[79.204,27.691],[79.332,27.637],[79.41,27.647],[79.465,27.587],[79.555,27.542],[79.566,27.475],[79.611,27.438],[79.632,27.341],[79.698,27.242],[79.838,27.145],[79.93,27.144],[80.008,27.027],[80.009,26.971],[80.108,26.874],[80.142,26.742],[80.245,26.682],[80.297,26.549],[80.336,26.53],[80.348,26.488],[80.526,26.365],[80.559,26.238],[80.595,26.222],[80.598,26.175],[80.673,26.115],[80.75,26.106],[80.797,26.073],[80.795,26.04],[80.814,26.03],[80.853,26.058],[80.962,26.077],[81.033,26.061],[81.065,26],[81.204,25.939],[81.225,25.869],[81.294,25.845],[81.393,25.772],[81.403,25.759],[81.377,25.704],[81.4,25.666],[81.513,25.631],[81.554,25.585],[81.63,25.587],[81.657,25.529],[81.705,25.495],[81.745,25.496],[81.778,25.478],[81.908,25.512],[81.917,25.498],[81.903,25.413],[81.938,25.345],[81.97,25.324],[82.043,25.336],[82.075,25.317],[82.088,25.279],[82.112,25.276],[82.181,25.317],[82.215,25.302],[82.202,25.19],[82.273,25.194],[82.225,25.22],[82.266,25.271],[82.291,25.276],[82.312,25.263],[82.328,25.215],[82.349,25.214],[82.372,25.253],[82.397,25.261],[82.497,25.17],[82.551,25.158],[82.593,25.173],[82.568,25.218],[82.637,25.22],[82.779,25.125],[82.836,25.119],[82.92,25.195],[83.008,25.211],[83.025,25.246],[83.006,25.289],[83.042,25.323],[83.135,25.326],[83.171,25.351],[83.178,25.41],[83.163,25.436],[83.123,25.452],[83.186,25.529],[83.213,25.535],[83.326,25.475],[83.383,25.495],[83.409,25.487],[83.53,25.402],[83.544,25.412],[83.541,25.439],[83.491,25.517],[83.559,25.548],[83.617,25.598],[83.706,25.608],[83.735,25.586],[83.754,25.529],[83.772,25.517],[83.898,25.524],[84.143,25.736],[84.18,25.746],[84.213,25.728],[84.23,25.681],[84.254,25.68],[84.308,25.739],[84.373,25.765],[84.487,25.701],[84.596,25.693],[84.668,25.706],[84.749,25.753],[84.881,25.708],[84.974,25.735],[85.059,25.728],[85.086,25.721],[85.143,25.642],[85.237,25.618],[85.284,25.554],[85.369,25.514],[85.421,25.517],[85.515,25.585],[85.577,25.508],[85.652,25.463],[85.738,25.511],[85.831,25.505],[85.997,25.38],[86.028,25.334],[86.186,25.319],[86.241,25.33],[86.306,25.293],[86.415,25.331],[86.534,25.483],[86.564,25.485],[86.591,25.461],[86.58,25.375],[86.611,25.304],[86.694,25.256],[86.782,25.276],[86.835,25.326],[86.89,25.35],[86.996,25.278],[87.077,25.254],[87.108,25.262],[87.16,25.228],[87.19,25.23],[87.239,25.275],[87.304,25.377],[87.351,25.399],[87.478,25.404],[87.512,25.382],[87.536,25.32],[87.599,25.267],[87.77,25.237],[87.784,25.214],[87.769,25.159],[87.781,25.09],[87.861,25.031],[87.954,24.988],[87.958,24.944],[87.909,24.878],[87.911,24.844],[87.948,24.796],[87.959,24.717],[88.006,24.656],[88.057,24.634],[88.081,24.6],[88.086,24.537],[88.119,24.494],[88.191,24.461],[88.308,24.486],[88.387,24.389],[88.444,24.351],[88.516,24.367],[88.681,24.334],[88.737,24.287],[88.749,24.223],[88.731,24.19],[88.751,24.153],[88.824,24.119],[88.931,24.172],[88.96,24.167],[89.037,24.095],[89.07,24.038],[89.068,23.996],[89.089,23.977]],[[87.938,24.806],[87.92,24.782],[87.92,24.727],[87.941,24.619],[88.057,24.516],[88.05,24.505],[88.078,24.456],[88.119,24.447],[88.113,24.409],[88.15,24.406],[88.156,24.372],[88.252,24.312],[88.229,24.289],[88.253,24.271],[88.257,24.141],[88.195,24.001],[88.229,23.988],[88.199,23.973],[88.238,23.775],[88.228,23.756],[88.208,23.761],[88.16,23.7],[88.148,23.634],[88.219,23.607],[88.236,23.638],[88.264,23.577],[88.325,23.61],[88.321,23.574],[88.283,23.549],[88.365,23.524],[88.341,23.438],[88.376,23.414],[88.379,23.391],[88.367,23.346],[88.341,23.334],[88.348,23.27],[88.392,23.216],[88.457,23.212],[88.468,23.193],[88.447,23.142],[88.496,23.107],[88.468,23.063],[88.495,23.049],[88.44,23.028],[88.407,22.946]],[[88.429,24.356],[88.422,24.333],[88.453,24.283],[88.518,24.263],[88.537,24.23],[88.54,24.199],[88.509,24.199],[88.53,24.18],[88.523,24.144],[88.565,24.145],[88.571,24.117],[88.62,24.108],[88.633,24.07],[88.646,24.083],[88.633,23.988],[88.77,23.954],[88.787,23.962],[88.863,23.908],[88.846,23.878],[88.873,23.871],[88.859,23.851],[88.87,23.7],[88.856,23.678],[88.827,23.681],[88.826,23.637],[88.764,23.627],[88.77,23.597],[88.74,23.586],[88.74,23.564],[88.794,23.485],[88.828,23.487],[88.835,23.43],[88.907,23.473],[88.907,23.426],[88.889,23.413],[88.939,23.397],[88.929,23.369],[88.914,23.378],[88.905,23.362],[88.989,23.367],[88.995,23.388],[88.968,23.405],[88.974,23.417],[89.016,23.385],[89.021,23.262],[88.997,23.223],[89.037,23.212],[89.055,23.183],[89.041,23.174],[89.119,23.076],[89.078,22.999],[89.082,22.977],[89.119,22.967],[89.091,22.949],[89.093,22.934],[89.13,22.93],[89.137,22.894],[89.112,22.89],[89.135,22.826],[89.16,22.823],[89.154,22.795],[89.191,22.812],[89.174,22.767],[89.189,22.775],[89.201,22.747],[89.256,22.737],[89.312,22.693],[89.304,22.679],[89.263,22.706],[89.304,22.638],[89.293,22.6]],[[89.088,23.978],[89.089,23.977]],[[89.089,23.977],[89.159,23.934],[89.321,23.93],[89.467,23.865],[89.53,23.819],[89.709,23.857],[89.749,23.848]],[[89.089,23.977],[89.105,23.934],[89.25,23.816],[89.262,23.752],[89.353,23.672],[89.421,23.674],[89.526,23.537],[89.497,23.514],[89.503,23.487],[89.519,23.508],[89.548,23.506],[89.599,23.473],[89.626,23.371],[89.599,23.385],[89.598,23.353],[89.638,23.288],[89.667,23.289],[89.628,23.24],[89.681,23.227],[89.695,23.171],[89.736,23.185],[89.756,23.171],[89.711,23.119],[89.681,23.138],[89.685,23.11],[89.723,23.09],[89.833,22.932],[89.943,22.857],[90.007,22.75],[90.024,22.651],[90.01,22.49]],[[90.087,23.579],[90.069,23.512],[90.112,23.439],[90.093,23.428],[90.082,23.389],[90.065,23.391],[90.116,23.369],[90.134,23.298],[90.099,23.302],[90.099,23.261],[90.128,23.278],[90.145,23.237],[90.213,23.225],[90.213,23.191]],[[90.213,23.191],[90.192,23.171],[90.172,23.179],[90.177,23.199],[90.213,23.191]],[[90.213,23.191],[90.25,23.175],[90.243,23.124],[90.294,23.117],[90.332,23.09],[90.292,23.043],[90.325,23.038],[90.317,23.005],[90.385,22.934],[90.366,22.901],[90.365,22.846],[90.394,22.775]],[[88.407,22.946],[88.496,22.934],[88.556,22.985],[88.616,22.97],[88.633,22.939],[88.724,22.943],[88.773,22.855],[88.828,22.849],[88.853,22.83],[88.841,22.746],[88.814,22.74],[88.813,22.721],[88.868,22.664],[88.93,22.659],[88.942,22.638],[88.956,22.585],[88.928,22.548],[88.971,22.528],[88.998,22.451],[88.989,22.387],[89.023,22.295],[89.009,22.286],[89.076,22.175],[89.06,22.131]],[[88.407,22.946],[88.345,22.778],[88.366,22.699],[88.342,22.576],[88.317,22.555],[88.251,22.554],[88.238,22.522],[88.133,22.469],[88.14,22.399],[88.107,22.384],[88.103,22.314],[88.071,22.235]],[[88.406,22.946],[88.407,22.946]],[[89.293,22.6],[89.273,22.636],[89.257,22.633],[89.27,22.581],[89.251,22.553],[89.252,22.512],[89.291,22.466],[89.258,22.444],[89.253,22.381],[89.277,22.356],[89.266,22.337],[89.275,22.313],[89.318,22.281],[89.306,22.242],[89.342,22.131],[89.387,22.087],[89.345,22.021],[89.352,21.972]],[[89.293,22.6],[89.293,22.598]],[[89.476,22.295],[89.444,22.334],[89.426,22.534],[89.394,22.576],[89.345,22.603],[89.313,22.587],[89.293,22.6]]]}},{"type":"Feature","properties":{"r":7,"n":"Tugela"},"geometry":{"type":"MultiLineString","coordinates":[[[31.482,-29.217],[31.433,-29.203],[31.44,-29.177],[31.38,-29.169],[31.385,-29.141],[31.372,-29.135],[31.348,-29.144],[31.351,-29.161],[31.317,-29.148],[31.289,-29.161],[31.3,-29.12],[31.286,-29.114],[31.26,-29.135],[31.125,-29.005],[31.128,-28.967],[31.091,-28.95],[31.097,-28.978],[31.078,-28.974],[31.046,-28.94],[31.035,-28.874],[30.968,-28.829],[30.981,-28.792],[30.952,-28.796],[30.911,-28.833],[30.89,-28.762],[30.822,-28.77],[30.779,-28.726],[30.761,-28.729],[30.747,-28.774],[30.725,-28.787],[30.698,-28.774],[30.717,-28.735],[30.684,-28.719],[30.526,-28.758],[30.456,-28.74],[30.388,-28.757],[30.291,-28.676],[30.261,-28.721],[30.172,-28.747],[29.991,-28.643],[29.944,-28.661],[29.88,-28.655],[29.811,-28.724],[29.678,-28.749],[29.649,-28.74],[29.597,-28.659],[29.486,-28.675],[29.434,-28.661],[29.336,-28.744],[29.265,-28.763],[29.101,-28.63],[29.005,-28.659]]]}},{"type":"Feature","properties":{"r":7,"n":"Penner"},"geometry":{"type":"MultiLineString","coordinates":[[[77.573,13.407],[77.609,13.435],[77.614,13.472],[77.522,13.571],[77.487,13.663],[77.463,13.825],[77.494,13.885],[77.473,13.945],[77.419,14.005],[77.434,14.084],[77.396,14.179],[77.365,14.212],[77.339,14.35],[77.313,14.367],[77.284,14.44],[77.281,14.465],[77.313,14.496],[77.266,14.669],[77.292,14.709],[77.293,14.788],[77.328,14.867],[77.449,14.888],[77.62,14.952],[77.781,14.899],[77.797,14.922],[77.867,14.955],[77.931,14.964],[78.033,14.916],[78.076,14.867],[78.155,14.852],[78.241,14.804],[78.357,14.867],[78.377,14.823],[78.539,14.736],[78.58,14.689],[78.642,14.661],[78.689,14.613],[78.748,14.606],[78.772,14.579],[78.847,14.556],[78.878,14.507],[78.929,14.469],[78.977,14.476],[79.042,14.448],[79.105,14.473],[79.15,14.426],[79.189,14.442],[79.206,14.476],[79.224,14.483],[79.263,14.463],[79.45,14.568],[79.539,14.579],[79.582,14.55],[79.67,14.589],[79.714,14.593],[79.82,14.531],[79.848,14.493],[79.975,14.469],[80.016,14.478],[80.067,14.524],[80.149,14.565]]]}},{"type":"Feature","properties":{"r":7,"n":"Zncara"},"geometry":{"type":"MultiLineString","coordinates":[[[-2.386,40.04],[-2.463,40.016],[-2.513,39.923],[-2.556,39.899],[-2.569,39.828],[-2.625,39.769],[-2.618,39.697],[-2.563,39.646],[-2.556,39.609],[-2.577,39.543],[-2.565,39.5],[-2.584,39.447],[-2.577,39.371],[-2.635,39.341],[-2.749,39.33],[-2.824,39.379],[-2.852,39.361],[-3.03,39.354],[-3.165,39.317]]]}},{"type":"Feature","properties":{"r":7,"n":"Weser"},"geometry":{"type":"MultiLineString","coordinates":[[[10.978,50.487],[10.965,50.457],[10.875,50.412],[10.757,50.42],[10.646,50.453],[10.609,50.507],[10.418,50.543],[10.399,50.603],[10.368,50.624],[10.35,50.749],[10.307,50.767],[10.29,50.803],[10.15,50.843],[10.133,50.833],[9.979,50.845],[9.957,50.863],[9.992,50.87],[9.984,50.877],[10.032,50.932],[10.101,50.98],[10.11,51.011],[10.211,50.998],[10.228,51.018],[10.223,51.046],[10.252,51.063],[10.266,51.055],[10.266,51.076],[10.34,51.083],[10.275,51.089],[10.294,51.11],[10.237,51.138],[10.195,51.126],[10.152,51.19],[10.06,51.192],[9.996,51.218],[9.998,51.241],[9.984,51.248],[10.011,51.261],[9.985,51.27],[9.962,51.308],[9.943,51.302],[9.95,51.323],[9.892,51.323],[9.8,51.385],[9.642,51.425],[9.628,51.467],[9.642,51.474],[9.587,51.522],[9.608,51.525],[9.616,51.551],[9.58,51.597],[9.539,51.611],[9.56,51.645],[9.507,51.632],[9.485,51.661],[9.404,51.637],[9.375,51.649],[9.395,51.678],[9.382,51.776],[9.42,51.798],[9.402,51.816],[9.443,51.83],[9.46,51.884],[9.408,51.909],[9.47,51.906],[9.457,51.925],[9.512,51.933],[9.508,51.998],[9.443,51.994],[9.422,52.042],[9.365,52.071],[9.375,52.09],[9.264,52.161],[9.064,52.198],[8.898,52.172],[8.833,52.22],[8.923,52.255],[8.929,52.327],[8.977,52.375],[8.988,52.414],[9.026,52.426],[9.014,52.457],[9.026,52.488],[9.087,52.481],[9.073,52.502],[9.101,52.508],[9.08,52.529],[9.11,52.543],[9.124,52.604],[9.169,52.618],[9.167,52.632],[9.203,52.659],[9.188,52.662],[9.183,52.701],[9.223,52.701],[9.231,52.727],[9.191,52.746],[9.196,52.783],[9.163,52.793],[9.159,52.808],[9.223,52.851],[9.183,52.858],[9.211,52.872],[9.176,52.899],[9.184,52.96],[9.099,52.971],[9.063,52.999],[8.991,52.995],[8.987,53.01],[8.89,53.026],[8.867,53.064],[8.813,53.07],[8.711,53.128],[8.655,53.138],[8.611,53.18],[8.513,53.2],[8.484,53.245],[8.504,53.358]]]}},{"type":"Feature","properties":{"r":7,"n":"Rogue"},"geometry":{"type":"MultiLineString","coordinates":[[[-122.165,43.083],[-122.182,43.097],[-122.288,43.099],[-122.372,43.043],[-122.404,42.948],[-122.483,42.882],[-122.483,42.768],[-122.649,42.703],[-122.677,42.673],[-122.76,42.67],[-122.794,42.653],[-122.835,42.516],[-122.878,42.457],[-123.075,42.451],[-123.126,42.426],[-123.164,42.448],[-123.47,42.457],[-123.486,42.493],[-123.471,42.519],[-123.479,42.548],[-123.578,42.581],[-123.587,42.667],[-123.704,42.668],[-123.727,42.704],[-123.866,42.748],[-124.033,42.653],[-124.05,42.566],[-124.088,42.579],[-124.131,42.557]],[[-124.131,42.557],[-124.179,42.513],[-124.283,42.513],[-124.423,42.428]]]}},{"type":"Feature","properties":{"r":7,"n":"Eel"},"geometry":{"type":"MultiLineString","coordinates":[[[-124.069,40.479],[-124.096,40.494],[-124.081,40.52],[-124.144,40.53],[-124.145,40.599],[-124.176,40.625],[-124.306,40.637]],[[-122.855,39.334],[-122.879,39.373],[-122.96,39.424],[-123.006,39.429],[-123.056,39.385],[-123.106,39.4],[-123.146,39.501],[-123.196,39.509],[-123.222,39.551],[-123.26,39.56],[-123.298,39.629],[-123.33,39.645],[-123.35,39.742],[-123.457,39.933],[-123.428,39.983],[-123.474,40.019],[-123.48,40.043],[-123.506,40.045],[-123.485,40.066],[-123.507,40.109],[-123.585,40.159],[-123.592,40.197],[-123.625,40.192],[-123.637,40.214],[-123.618,40.23],[-123.624,40.241],[-123.702,40.269],[-123.718,40.312],[-123.749,40.333],[-123.901,40.36],[-123.93,40.443],[-124.069,40.48]]]}},{"type":"Feature","properties":{"r":7,"n":"Stanislaus"},"geometry":{"type":"MultiLineString","coordinates":[[[-119.668,38.378],[-119.694,38.43],[-119.727,38.441],[-119.911,38.374],[-120.008,38.31],[-120.013,38.274],[-120.054,38.223],[-120.111,38.203],[-120.295,38.195],[-120.356,38.168],[-120.4,38.103],[-120.461,38.064],[-120.465,38.031],[-120.511,38.008],[-120.503,37.979],[-120.532,37.94],[-120.618,37.883],[-120.652,37.84],[-120.744,37.804],[-120.9,37.785],[-120.916,37.762],[-120.98,37.771],[-121.067,37.748],[-121.09,37.757],[-121.234,37.68]]]}},{"type":"Feature","properties":{"r":7,"n":"Skelleftelven"},"geometry":{"type":"MultiLineString","coordinates":[[[16.076,66.81],[16.054,66.783],[16.063,66.773],[16.303,66.625]],[[21.12,64.726],[20.935,64.76],[20.663,64.735],[20.252,64.814],[20.064,64.934],[19.897,64.956],[19.805,65.001],[19.729,65.008],[19.564,65.076],[19.489,65.09],[19.382,65.146],[19.332,65.2],[19.251,65.214],[19.231,65.262],[19.203,65.277],[18.82,65.375],[18.719,65.438],[18.562,65.444],[18.464,65.482],[18.303,65.509],[18.204,65.561],[18.119,65.632],[18.135,65.724],[18.011,65.855],[17.87,65.946],[17.859,65.999],[17.88,66.061],[17.856,66.103],[17.474,66.281],[17.061,66.416],[16.824,66.446],[16.689,66.447],[16.41,66.49],[16.342,66.53],[16.303,66.625]]]}},{"type":"Feature","properties":{"r":7,"n":"Deseado"},"geometry":{"type":"MultiLineString","coordinates":[[[-71.199,-46.569],[-71.115,-46.576],[-71.014,-46.544],[-70.833,-46.591],[-70.704,-46.597],[-70.616,-46.541],[-70.482,-46.516],[-70.367,-46.537],[-70.299,-46.585],[-70.262,-46.582],[-70.156,-46.526],[-70.022,-46.528],[-69.754,-46.657],[-69.673,-46.668],[-69.629,-46.719],[-69.534,-46.76],[-69.199,-46.738],[-69.077,-46.691],[-68.965,-46.679],[-68.804,-46.7],[-68.569,-46.703],[-68.419,-46.775],[-68.256,-46.783],[-68.216,-46.804],[-68.128,-46.907],[-68.068,-46.938],[-68.025,-47.003],[-67.982,-47.036],[-67.863,-47.088],[-67.37,-47.127],[-67.321,-47.151],[-67.174,-47.26],[-67.151,-47.339],[-67.065,-47.45],[-67.081,-47.548],[-67.035,-47.626],[-66.878,-47.691],[-66.703,-47.704],[-66.636,-47.806],[-66.524,-47.861],[-66.384,-47.865]]]}},{"type":"Feature","properties":{"r":7,"n":"Minnesota"},"geometry":{"type":"MultiLineString","coordinates":[[[-96.787,45.535],[-96.688,45.409],[-96.567,45.393],[-96.493,45.347],[-96.459,45.3],[-96.419,45.275],[-96.321,45.257],[-96.065,45.159],[-95.886,45.018],[-95.848,45.004],[-95.807,44.956],[-95.739,44.943],[-95.725,44.922],[-95.519,44.799],[-95.54,44.779],[-95.532,44.767],[-95.301,44.672],[-95.239,44.662],[-95.149,44.603],[-94.87,44.504],[-94.628,44.394],[-94.507,44.367],[-94.404,44.276],[-94.197,44.203],[-94.144,44.198],[-94.073,44.162],[-94.042,44.166],[-94.019,44.189],[-94.04,44.223],[-94.027,44.227],[-93.997,44.306],[-93.959,44.338],[-93.951,44.361],[-93.964,44.401],[-93.902,44.519],[-93.9,44.603],[-93.641,44.71],[-93.646,44.738],[-93.58,44.799],[-93.439,44.815],[-93.34,44.793],[-93.211,44.86],[-93.174,44.901]]]}},{"type":"Feature","properties":{"r":3,"n":"Indus"},"geometry":{"type":"MultiLineString","coordinates":[[[72.707,34.086],[72.633,34.014],[72.467,34.02],[72.348,33.961],[72.24,33.938],[72.226,33.901],[72.234,33.766],[72.087,33.79],[72.022,33.746],[71.974,33.65],[71.953,33.526],[71.902,33.489],[71.874,33.443],[71.878,33.423],[71.741,33.376],[71.723,33.355],[71.725,33.319],[71.699,33.273],[71.754,33.184],[71.713,33.111],[71.718,33.029],[71.649,32.979],[71.534,32.949],[71.507,32.915],[71.448,32.887],[71.405,32.809],[71.412,32.726],[71.355,32.689],[71.326,32.637],[71.323,32.594],[71.351,32.525],[71.341,32.415],[71.283,32.34],[71.229,32.182],[71.123,32.094],[71.112,32.039],[70.993,31.898],[70.967,31.819],[70.899,31.71],[70.903,31.664],[70.791,31.426],[70.768,31.25],[70.789,31.138],[70.819,31.078],[70.835,30.948],[70.815,30.873],[70.75,30.774],[70.771,30.677],[70.83,30.599],[70.848,30.542],[70.815,30.364],[70.774,30.316],[70.816,30.22],[70.802,30.109],[70.835,30.053],[70.844,29.9],[70.824,29.841],[70.775,29.809],[70.755,29.758],[70.663,29.668],[70.635,29.601],[70.645,29.546],[70.7,29.506],[70.701,29.438],[70.72,29.4],[70.648,29.215],[70.668,29.124],[70.66,29.059],[70.565,29.023],[70.466,28.916],[70.374,28.915],[70.35,28.895],[70.334,28.848],[70.276,28.793],[70.144,28.739],[70.096,28.683],[70.043,28.659],[70.029,28.598],[69.927,28.577],[69.882,28.542],[69.762,28.509],[69.717,28.401],[69.669,28.366],[69.645,28.321],[69.573,28.25],[69.488,28.216],[69.42,28.232],[69.379,28.152],[69.288,28.17],[69.251,28.129],[69.181,28.119],[69.131,28.056],[69.035,28.063],[69.026,28.002],[68.999,27.972],[68.923,27.984],[68.92,27.963],[68.954,27.915],[68.95,27.868],[68.883,27.849],[68.861,27.808],[68.878,27.783],[68.956,27.746],[68.933,27.71],[68.836,27.668],[68.791,27.667],[68.75,27.7],[68.717,27.767],[68.677,27.79],[68.658,27.782],[68.647,27.711],[68.566,27.71],[68.511,27.665],[68.45,27.677],[68.417,27.627],[68.353,27.618],[68.291,27.557],[68.289,27.535],[68.331,27.478],[68.297,27.419],[68.327,27.374],[68.297,27.361],[68.21,27.363],[68.146,27.279],[68.205,27.236],[68.202,27.215],[68.094,27.186],[68.121,27.121],[68.113,27.094],[68.051,27.022],[67.976,26.97],[67.913,26.966],[67.917,26.903],[67.892,26.833],[67.902,26.717],[67.879,26.644],[67.926,26.574],[67.927,26.499],[67.89,26.386],[67.927,26.344],[67.939,26.269],[68.012,26.238],[68.04,26.191],[68.11,26.166],[68.132,26.135],[68.136,26.062],[68.221,26],[68.271,25.903],[68.391,25.827],[68.398,25.81],[68.331,25.766],[68.323,25.733],[68.426,25.661],[68.382,25.621],[68.393,25.549],[68.314,25.499],[68.328,25.451],[68.31,25.395],[68.344,25.353],[68.349,25.279],[68.301,25.208],[68.371,25.142],[68.295,25.129],[68.266,25.054],[68.274,24.993],[68.261,24.969],[68.237,24.968],[68.198,25.006],[68.135,24.941],[68.141,24.874],[68.044,24.868],[68.047,24.791],[68.001,24.732],[67.97,24.656],[68.011,24.587],[67.958,24.524],[67.97,24.443],[67.843,24.412],[67.87,24.346],[67.855,24.333],[67.805,24.348],[67.785,24.336],[67.826,24.285],[67.825,24.255],[67.767,24.269],[67.738,24.174],[67.72,24.164],[67.677,24.176],[67.655,24.159],[67.664,24.106]],[[79.437,32.738],[79.357,32.851],[79.327,32.868],[79.309,32.928],[79.182,32.989],[79.101,33.081],[78.955,33.201],[78.915,33.21],[78.787,33.15],[78.711,33.165],[78.577,33.211],[78.549,33.246],[78.434,33.282],[78.353,33.355],[78.291,33.366],[78.196,33.433],[78.152,33.469],[78.15,33.567],[78.101,33.578],[78.08,33.629],[78.008,33.664],[77.943,33.739],[77.858,33.78],[77.66,34.029],[77.556,34.113],[77.489,34.137],[77.421,34.129],[77.339,34.16],[77.32,34.196],[77.277,34.204],[77.257,34.192],[77.164,34.237],[77.134,34.232],[77.043,34.262],[77.032,34.291],[76.99,34.308],[76.904,34.308],[76.843,34.33],[76.77,34.403],[76.685,34.448],[76.6,34.554],[76.538,34.575],[76.449,34.631],[76.317,34.668],[76.215,34.767],[76.19,34.83],[76.195,34.875],[76.223,34.917],[76.215,34.955],[76.178,34.969],[76.034,35.092],[76.004,35.096],[75.922,35.166],[75.914,35.226],[75.887,35.246],[75.843,35.341],[75.797,35.343],[75.746,35.308],[75.7,35.323],[75.667,35.308],[75.636,35.314],[75.486,35.416],[75.452,35.46],[75.363,35.486],[75.339,35.575],[75.323,35.586],[75.086,35.602],[75.048,35.635],[74.948,35.651],[74.872,35.712],[74.745,35.724],[74.747,35.777],[74.725,35.786],[74.725,35.842],[74.657,35.843],[74.63,35.821],[74.647,35.76],[74.622,35.738],[74.65,35.702],[74.609,35.661],[74.632,35.606],[74.632,35.527],[74.607,35.496],[74.475,35.466],[74.404,35.418],[74.247,35.427],[74.207,35.405],[74.159,35.405],[74.098,35.438],[74.03,35.434],[73.911,35.494],[73.837,35.497],[73.756,35.527],[73.627,35.543],[73.502,35.534],[73.44,35.562],[73.396,35.544],[73.312,35.542],[73.263,35.404],[73.249,35.318],[73.285,35.285],[73.269,35.26],[73.119,35.185],[72.928,35.035],[72.892,35.037],[72.899,34.979],[72.865,34.907],[72.872,34.892],[72.969,34.857],[72.985,34.825],[72.952,34.818],[72.919,34.781],[72.824,34.761],[72.803,34.732],[72.81,34.674],[72.782,34.623]],[[79.735,32.444],[79.43,32.745]],[[67.664,24.106],[67.661,24.108]],[[67.664,24.106],[67.64,24.071],[67.532,24.06]],[[67.713,24.066],[67.702,24.079],[67.664,24.106]],[[67.713,24.066],[67.76,24.053]],[[67.926,23.982],[67.956,23.994],[67.924,24.056],[67.869,24.076],[67.811,24.063],[67.765,24.072],[67.767,24.023],[67.787,24.003],[67.926,23.982]],[[67.926,23.982],[67.927,23.985]],[[68.025,23.934],[68.014,24.01],[67.991,24.019],[67.956,23.999]],[[67.651,23.931],[67.731,23.965],[67.713,24.066]],[[67.858,23.909],[67.868,23.945],[67.916,23.961],[67.926,23.982]]]}},{"type":"Feature","properties":{"r":7,"n":"Mattagami"},"geometry":{"type":"MultiLineString","coordinates":[[[-81.952,49.719],[-81.974,49.799],[-82.055,49.898],[-82.148,49.922],[-82.168,50.007],[-82.148,50.052],[-82.19,50.155],[-82.191,50.199],[-82.171,50.236],[-82.129,50.261],[-82.059,50.271],[-81.986,50.343],[-81.757,50.425],[-81.726,50.472],[-81.611,50.545],[-81.54,50.569],[-81.513,50.676],[-81.475,50.727]]]}},{"type":"Feature","properties":{"r":7,"n":"Groundhog"},"geometry":{"type":"MultiLineString","coordinates":[[[-82.213,48.656],[-82.123,48.78],[-82.125,48.809],[-82.148,48.828],[-82.231,48.847],[-82.212,48.925],[-82.181,48.94],[-82.129,49.006],[-82.139,49.036],[-82.115,49.07],[-82.027,49.143],[-82.047,49.188],[-82.047,49.308],[-81.936,49.536],[-81.952,49.726]]]}},{"type":"Feature","properties":{"r":7,"n":""},"geometry":{"type":"MultiLineString","coordinates":[[[-88.235,49.438],[-88.228,49.421],[-88.292,49.37],[-88.362,49.236],[-88.338,49.191],[-88.352,49.137],[-88.255,49.028],[-88.263,48.993]]]}},{"type":"Feature","properties":{"r":7,"n":"Ivindo"},"geometry":{"type":"MultiLineString","coordinates":[[[13.129,1.178],[13.119,1.115],[13.061,1.065],[13.055,1.038],[12.98,1.045],[13.003,0.935],[12.986,0.907],[13.004,0.891],[12.943,0.848],[12.952,0.825],[12.968,0.835],[12.967,0.768],[12.922,0.707],[12.904,0.62],[12.876,0.606],[12.876,0.565],[12.857,0.552],[12.812,0.415],[12.794,0.428],[12.741,0.399],[12.547,0.25],[12.437,0.258],[12.421,0.246],[12.417,0.174],[12.321,0.074],[12.261,-0.067],[12.155,-0.125]]]}},{"type":"Feature","properties":{"r":7,"n":"Rufiji"},"geometry":{"type":"MultiLineString","coordinates":[[[37.272,-9.09],[37.292,-9.07],[37.285,-9.039],[37.319,-8.933],[37.312,-8.78],[37.378,-8.615],[37.382,-8.572],[37.361,-8.529],[37.369,-8.499],[37.474,-8.354],[37.502,-8.34],[37.573,-8.215],[37.628,-8.187],[37.717,-8.028],[37.785,-7.971],[37.809,-7.934],[37.826,-7.857],[37.865,-7.81],[38.053,-7.796],[38.2,-7.805],[38.254,-7.778],[38.406,-7.848],[38.593,-7.881],[38.688,-7.961],[38.961,-8.02],[39.007,-8.001],[39.016,-8.026],[39.044,-8.015],[39.075,-8.042],[39.119,-8.027],[39.109,-8.042],[39.125,-8.05],[39.16,-8.028],[39.211,-8.049],[39.259,-8.028],[39.262,-8.01],[39.287,-8.015],[39.281,-7.982],[39.326,-7.967],[39.245,-7.871],[39.253,-7.823]]]}},{"type":"Feature","properties":{"r":7,"n":"Shilka"},"geometry":{"type":"MultiLineString","coordinates":[[[115.829,51.722],[115.871,51.722],[115.889,51.735],[115.897,51.786],[115.978,51.826],[116.225,51.88],[116.473,51.871],[116.558,51.905],[116.702,51.93],[116.827,51.981],[116.927,51.992],[117.107,52.078],[117.243,52.088],[117.469,52.163],[117.51,52.191],[117.654,52.219],[117.716,52.258],[117.83,52.241],[117.917,52.281],[118.046,52.303],[118.072,52.324],[118.322,52.348],[118.367,52.376],[118.425,52.383],[118.536,52.382],[118.627,52.454],[118.676,52.465],[118.65,52.539],[118.707,52.589],[118.762,52.685],[118.917,52.764],[118.959,52.828],[118.97,52.883],[119.018,52.924],[119.081,52.941],[119.156,53.031],[119.168,53.069],[119.257,53.137],[119.34,53.15],[119.388,53.191],[119.477,53.191],[119.49,53.215],[119.631,53.297],[119.669,53.351],[119.789,53.419],[120.008,53.428],[120.078,53.489],[120.125,53.493],[120.23,53.459],[120.41,53.442],[120.606,53.493],[120.712,53.479],[120.902,53.513],[120.96,53.5],[121.067,53.507],[121.094,53.44],[121.138,53.426],[121.194,53.452],[121.192,53.498],[121.216,53.516],[121.286,53.488],[121.377,53.416],[121.367,53.346],[121.424,53.35],[121.478,53.324]]]}},{"type":"Feature","properties":{"r":7,"n":"Tornelven"},"geometry":{"type":"MultiLineString","coordinates":[[[20.811,67.79],[20.906,67.78],[21.014,67.731],[21.202,67.726],[21.38,67.692],[21.846,67.659],[22.185,67.551],[22.285,67.495],[22.402,67.475],[22.586,67.409],[22.67,67.351],[22.634,67.317],[22.732,67.267],[22.901,67.243],[22.957,67.262],[23.297,67.249],[23.573,67.173],[23.581,67.153],[23.666,67.098],[23.676,67.059],[23.72,67.017],[23.816,66.976],[23.933,66.889],[24.003,66.805],[23.939,66.791],[23.892,66.751],[23.903,66.687],[23.881,66.632],[23.893,66.596],[23.881,66.564],[23.652,66.459],[23.642,66.437],[23.677,66.364],[23.665,66.306],[23.724,66.207],[23.785,66.177],[23.889,66.161],[23.974,66.073],[24.019,66.049],[24.055,65.986],[24.054,65.948],[24.163,65.841],[24.163,65.823]]]}},{"type":"Feature","properties":{"r":7,"n":"Mlzes"},"geometry":{"type":"MultiLineString","coordinates":[[[-74.146,56.826],[-74.046,56.809],[-73.979,56.818],[-73.795,56.763],[-73.729,56.798],[-73.649,56.758],[-73.29,56.812],[-73.156,56.805],[-73.115,56.832],[-72.981,56.826],[-72.844,56.88],[-72.352,56.976],[-72.23,56.978],[-72.171,56.995],[-72.049,57.135],[-71.99,57.159],[-71.888,57.17],[-71.757,57.237],[-71.475,57.207],[-71.202,57.239],[-71.099,57.29],[-70.969,57.316],[-70.9,57.356],[-70.804,57.37],[-70.551,57.452],[-70.466,57.537],[-70.449,57.578],[-70.319,57.656],[-70.268,57.649],[-70.163,57.578],[-70.047,57.565],[-69.877,57.576],[-69.653,57.685],[-69.475,57.683]]]}},{"type":"Feature","properties":{"r":7,"n":"Suriname"},"geometry":{"type":"MultiLineString","coordinates":[[[-55.002,4.978],[-54.982,5.059],[-54.993,5.142],[-55.009,5.151],[-55.072,5.129],[-55.083,5.166],[-55.057,5.247],[-55.088,5.295],[-55.041,5.32],[-55.003,5.38],[-55.007,5.458],[-55.048,5.526],[-55.054,5.619],[-55.089,5.616],[-55.075,5.649],[-55.027,5.677],[-55.129,5.741],[-55.157,5.801],[-55.125,5.824]]]}},{"type":"Feature","properties":{"r":7,"n":"Corantijn"},"geometry":{"type":"MultiLineString","coordinates":[[[-57.652,3.487],[-57.645,3.517],[-57.704,3.556],[-57.727,3.607],[-57.831,3.663],[-57.876,3.812],[-57.943,3.906],[-58.033,3.988],[-58.067,4.172],[-57.955,4.299],[-57.953,4.41],[-57.923,4.451],[-57.838,4.651],[-57.885,4.763],[-57.926,4.796],[-57.919,4.83],[-57.844,4.93],[-57.775,4.927],[-57.721,4.99],[-57.688,5.006],[-57.611,4.992],[-57.518,5.013],[-57.491,4.992],[-57.281,5.026],[-57.322,5.07],[-57.29,5.171],[-57.248,5.173],[-57.234,5.142],[-57.186,5.183],[-57.238,5.269],[-57.268,5.266],[-57.255,5.235],[-57.281,5.225],[-57.29,5.309],[-57.336,5.317],[-57.266,5.404],[-57.248,5.485]]]}},{"type":"Feature","properties":{"r":7,"n":"Cape Fear"},"geometry":{"type":"MultiLineString","coordinates":[[[-79.043,35.604],[-78.957,35.503],[-78.773,35.389],[-78.676,35.28],[-78.725,35.186],[-78.792,35.178],[-78.828,35.155],[-78.844,35.121],[-78.844,34.989],[-78.833,34.962],[-78.784,34.97],[-78.778,34.945],[-78.814,34.856],[-78.782,34.746],[-78.725,34.72],[-78.644,34.651],[-78.518,34.596],[-78.512,34.575],[-78.44,34.55],[-78.412,34.491],[-78.357,34.465],[-78.313,34.41],[-78.223,34.387],[-78.204,34.355],[-78.112,34.354],[-78.045,34.327],[-77.992,34.27],[-77.963,34.184]]]}},{"type":"Feature","properties":{"r":7,"n":""},"geometry":{"type":"MultiLineString","coordinates":[[[37.682,-0.778],[37.735,-0.768],[37.74,-0.786]]]}},{"type":"Feature","properties":{"r":7,"n":""},"geometry":{"type":"MultiLineString","coordinates":[[[120.587,31.128],[120.621,31.183],[120.725,31.212],[120.792,31.271],[120.771,31.278],[120.782,31.289],[120.84,31.293],[120.879,31.317],[120.935,31.326],[121.006,31.305],[121.039,31.313],[121.033,31.278],[121.152,31.278],[121.183,31.258],[121.243,31.264],[121.282,31.24],[121.385,31.219],[121.407,31.219],[121.425,31.246],[121.508,31.247],[121.56,31.282],[121.556,31.309],[121.5,31.37],[121.512,31.388]]]}},{"type":"Feature","properties":{"r":7,"n":"Gourits"},"geometry":{"type":"MultiLineString","coordinates":[[[21.69,-33.223],[21.653,-33.266],[21.629,-33.45],[21.596,-33.474],[21.697,-33.59],[21.714,-33.686],[21.69,-33.735],[21.734,-33.758],[21.745,-33.783],[21.712,-33.857],[21.651,-33.917],[21.638,-34.002],[21.682,-34.065],[21.704,-34.048],[21.738,-34.08],[21.71,-34.125],[21.752,-34.215],[21.778,-34.258],[21.878,-34.344]]]}},{"type":"Feature","properties":{"r":7,"n":""},"geometry":{"type":"MultiLineString","coordinates":[[[-67.225,-18.129],[-67.296,-18.077],[-67.375,-17.924],[-67.44,-17.851],[-67.541,-17.598],[-67.678,-17.546],[-67.772,-17.56],[-67.949,-17.527],[-67.98,-17.512],[-68.002,-17.475],[-68.024,-17.471],[-68.085,-17.488],[-68.15,-17.457],[-68.222,-17.492],[-68.394,-17.478],[-68.479,-17.492],[-68.558,-17.454],[-68.564,-17.404],[-68.625,-17.306],[-68.613,-17.263],[-68.622,-17.246],[-68.746,-17.184],[-68.784,-17.111],[-68.841,-17.073],[-68.852,-17.011],[-68.773,-16.957],[-68.85,-16.855],[-68.973,-16.8],[-68.982,-16.784],[-68.968,-16.726],[-69.036,-16.598],[-69.038,-16.55]]]}},{"type":"Feature","properties":{"r":7,"n":"Nechako"},"geometry":{"type":"MultiLineString","coordinates":[[[-124.589,54.085],[-124.347,54.135],[-124.284,54.071],[-124.185,54.085],[-124.064,54.03],[-123.866,54.018],[-123.805,53.975],[-123.643,53.975]],[[-123.643,53.975],[-123.491,53.998],[-123.367,53.971],[-123.236,53.978],[-123.222,53.956],[-123.239,53.927],[-123.117,53.896],[-123.05,53.86],[-122.957,53.9],[-122.937,53.956],[-122.89,53.975],[-122.71,53.928]],[[-123.643,53.975],[-123.636,53.968]],[[-124.891,53.563],[-124.927,53.614],[-124.925,53.647],[-124.887,53.684],[-124.803,53.701],[-124.605,53.788],[-124.598,53.803],[-124.614,53.829],[-124.575,53.881],[-124.47,53.916],[-124.447,53.949],[-124.448,53.988],[-124.473,54.023],[-124.603,54.085]]]}},{"type":"Feature","properties":{"r":7,"n":"Pyasina"},"geometry":{"type":"MultiLineString","coordinates":[[[88.016,70.088],[88.117,70.118],[88.285,70.118],[88.304,70.136],[88.276,70.17],[88.141,70.199],[88.098,70.239],[88.45,70.277],[88.53,70.328],[88.533,70.37],[88.588,70.4],[88.752,70.452],[88.851,70.458],[88.894,70.479],[88.927,70.554],[88.955,70.571],[89.297,70.648],[89.514,70.749],[89.721,70.793],[89.775,70.846],[89.873,70.894],[89.863,70.917],[89.774,70.973],[89.762,71],[89.784,71.072],[89.766,71.103],[89.455,71.168],[89.318,71.175],[89.215,71.203],[89.154,71.251],[89.179,71.321],[89.112,71.36],[89.112,71.377],[89.188,71.421],[89.193,71.469],[89.243,71.497],[89.249,71.52],[89.395,71.58],[89.508,71.668],[89.88,71.689],[90.005,71.724],[90.024,71.747],[90.008,71.771],[89.946,71.798],[89.949,71.826],[90.026,71.877],[90.015,71.916],[90.084,71.947],[90.086,71.984],[90.111,72.015],[90.479,72.184],[90.511,72.236],[90.607,72.285],[90.538,72.326],[90.585,72.339],[90.734,72.329],[91.086,72.432],[91.107,72.463],[91.095,72.476],[90.963,72.488],[90.921,72.511],[90.972,72.552],[91.137,72.556],[91.514,72.504],[91.606,72.537],[91.648,72.592],[91.528,72.654],[91.36,72.697],[91.428,72.724],[91.446,72.751],[91.359,72.784],[91.3,72.863],[91.206,72.912],[91.191,72.982],[91.06,73.097],[91.064,73.154],[91.029,73.191],[90.9,73.256],[90.724,73.28],[90.473,73.252],[90.227,73.192],[90.122,73.182],[89.546,73.244],[89.438,73.227],[89.248,73.236],[88.952,73.183],[88.668,73.212],[88.423,73.193],[88.368,73.174],[88.322,73.125],[88.266,73.1],[88.11,73.076],[87.815,73.063],[87.639,73.005],[86.906,72.95],[86.782,72.998]]]}},{"type":"Feature","properties":{"r":7,"n":""},"geometry":{"type":"MultiLineString","coordinates":[[[-71.476,66.595],[-72.077,66.691],[-72.706,66.704],[-72.949,66.735]]]}},{"type":"Feature","properties":{"r":7,"n":"Logone"},"geometry":{"type":"MultiLineString","coordinates":[[[15.496,7.769],[15.514,7.781],[15.562,7.754],[15.656,7.757],[15.706,7.781],[15.72,7.815],[15.75,7.833],[15.768,7.932],[15.844,8.055],[15.868,8.413],[16.145,8.597],[16.38,8.658],[16.409,8.707],[16.513,8.753],[16.597,8.881],[16.596,8.903],[16.464,9.061],[16.42,9.181],[16.307,9.324],[16.263,9.459],[16.219,9.529],[16.032,9.628],[15.912,9.731],[15.823,9.755],[15.823,9.829],[15.803,9.877],[15.742,9.926],[15.706,9.933],[15.714,9.963],[15.637,10.03],[15.536,10.081],[15.476,10.133],[15.439,10.185],[15.301,10.312],[15.278,10.394],[15.241,10.433],[15.218,10.487],[15.138,10.522],[15.132,10.566],[15.149,10.623],[15.065,10.793],[15.079,10.898],[15.035,10.995],[15.021,11.183],[15.033,11.26],[15.063,11.31],[15.049,11.337],[15.06,11.416],[15.135,11.531],[15.085,11.616],[15.066,11.681],[15.076,11.722],[15.097,11.728],[15.083,11.748],[15.11,11.783],[15.079,11.851],[15.044,11.877],[15.042,11.903],[15.063,11.927],[15.048,11.963],[15.081,11.972],[15.049,12.012],[15.049,12.085]]]}},{"type":"Feature","properties":{"r":7,"n":"Mbini"},"geometry":{"type":"MultiLineString","coordinates":[[[11.908,1.577],[11.728,1.464],[11.658,1.456],[11.51,1.484],[11.388,1.464],[11.288,1.478],[11.148,1.529],[11.037,1.526],[10.985,1.568],[10.896,1.579],[10.882,1.6],[10.841,1.573],[10.827,1.597],[10.693,1.563],[10.639,1.563],[10.575,1.587],[10.59,1.652],[10.572,1.696],[10.608,1.767],[10.61,1.83],[10.512,1.921],[10.378,1.937],[10.32,1.911],[10.257,1.858],[10.229,1.792],[9.905,1.516],[9.864,1.513],[9.83,1.563],[9.745,1.6]]]}},{"type":"Feature","properties":{"r":7,"n":"Maroni"},"geometry":{"type":"MultiLineString","coordinates":[[[-54.051,3.635],[-54.095,3.747],[-54.126,3.789],[-54.188,3.815],[-54.355,4.042],[-54.339,4.153],[-54.407,4.192],[-54.395,4.27],[-54.434,4.377],[-54.451,4.484],[-54.424,4.564],[-54.436,4.71],[-54.479,4.755],[-54.487,4.903],[-54.451,4.937],[-54.449,5.024],[-54.344,5.157],[-54.312,5.226],[-54.171,5.348]]]}},{"type":"Feature","properties":{"r":7,"n":"Grande Rivire de la Baleine"},"geometry":{"type":"MultiLineString","coordinates":[[[-73.66,54.935],[-73.721,54.935],[-73.975,54.869],[-74.262,54.882],[-74.359,54.9],[-74.612,54.893],[-75.06,55.025],[-75.11,55.061],[-75.137,55.107],[-75.212,55.132],[-75.704,55.045],[-75.899,55.064],[-76.146,55.05],[-76.366,55.101],[-76.444,55.171],[-76.476,55.174],[-76.461,55.197],[-76.534,55.205],[-76.675,55.263],[-76.687,55.299],[-76.821,55.346],[-76.932,55.327],[-76.94,55.313],[-76.915,55.29],[-76.979,55.248],[-77.059,55.242],[-77.189,55.184],[-77.365,55.166],[-77.387,55.174],[-77.41,55.226],[-77.586,55.294],[-77.782,55.274]]]}},{"type":"Feature","properties":{"r":7,"n":"Eastmain"},"geometry":{"type":"MultiLineString","coordinates":[[[-72.233,52.526],[-72.453,52.522],[-72.461,52.508],[-72.57,52.475],[-72.618,52.433],[-72.815,52.331],[-72.906,52.227],[-72.977,52.202],[-73.001,52.175],[-73.103,52.15],[-73.177,52.095],[-73.339,52.09],[-73.362,52.035],[-73.441,52.002],[-73.513,51.981],[-73.584,51.987],[-73.633,51.96],[-73.777,51.924],[-73.989,51.947],[-74.094,51.939],[-74.123,51.963],[-74.171,51.972],[-74.213,51.954],[-74.29,51.96],[-74.328,51.974],[-74.335,52.005],[-74.413,52.029],[-74.395,52.04],[-74.448,52.063],[-74.441,52.069],[-74.509,52.118],[-74.503,52.138],[-74.581,52.142],[-74.604,52.188],[-74.623,52.194],[-74.938,52.138],[-74.996,52.166],[-75.085,52.172],[-75.354,52.15],[-75.675,52.08],[-75.763,52.084],[-75.956,52.014],[-76.028,52.033],[-76.045,52.063],[-75.939,52.107],[-75.91,52.144],[-75.922,52.179],[-75.898,52.201],[-76.066,52.202],[-76.113,52.241],[-76.202,52.268],[-76.292,52.272],[-76.775,52.218],[-76.867,52.261],[-76.892,52.293],[-77.003,52.306],[-77.038,52.316],[-77.016,52.325],[-77.031,52.332],[-77.086,52.337],[-77.525,52.241],[-77.626,52.256],[-77.693,52.218],[-77.818,52.198],[-77.883,52.211],[-77.91,52.232],[-78.046,52.252],[-78.406,52.244]]]}},{"type":"Feature","properties":{"r":7,"n":"Altamaha"},"geometry":{"type":"MultiLineString","coordinates":[[[-82.574,31.995],[-82.508,31.951],[-82.486,31.951],[-82.479,31.971],[-82.379,31.94],[-82.292,31.941],[-82.218,31.903],[-82.126,31.893],[-82.074,31.837],[-81.947,31.772],[-81.87,31.694],[-81.726,31.6],[-81.616,31.477],[-81.603,31.424],[-81.558,31.385],[-81.492,31.368]]]}},{"type":"Feature","properties":{"r":7,"n":"Papaloapan"},"geometry":{"type":"MultiLineString","coordinates":[[[-96.399,18.235],[-96.347,18.287],[-96.321,18.293],[-96.278,18.271],[-96.216,18.192],[-96.17,18.186],[-96.16,18.15],[-96.122,18.14],[-96.083,18.171],[-96.033,18.165],[-96.022,18.221],[-95.997,18.186],[-95.98,18.251],[-95.963,18.225],[-95.942,18.245],[-95.902,18.239],[-95.892,18.273],[-95.838,18.305],[-95.801,18.37],[-95.771,18.318],[-95.75,18.32],[-95.757,18.366],[-95.714,18.38],[-95.732,18.442],[-95.704,18.498],[-95.718,18.537],[-95.687,18.605],[-95.667,18.599],[-95.645,18.615],[-95.639,18.703]]]}},{"type":"Feature","properties":{"r":7,"n":""},"geometry":{"type":"MultiLineString","coordinates":[[[-64.729,55.994],[-64.628,56.031]]]}},{"type":"Feature","properties":{"r":7,"n":"Donjek"},"geometry":{"type":"MultiLineString","coordinates":[[[-140.005,62.619],[-139.87,62.622],[-139.813,62.572],[-139.754,62.557],[-139.591,62.61],[-139.547,62.61],[-139.483,62.562],[-139.495,62.435],[-139.437,62.358],[-139.443,62.321],[-139.744,62.266],[-139.84,62.233],[-139.918,62.159],[-139.912,62.109],[-139.853,62.086],[-139.895,62.05],[-139.863,62.008],[-139.877,61.972],[-139.728,61.893],[-139.549,61.902],[-139.445,61.752],[-139.41,61.73],[-139.361,61.609],[-139.303,61.557],[-139.204,61.519],[-139.138,61.465],[-139.007,61.414]]]}},{"type":"Feature","properties":{"r":7,"n":"Mincio"},"geometry":{"type":"MultiLineString","coordinates":[[[10.69,45.45],[10.702,45.382],[10.718,45.367],[10.697,45.32],[10.715,45.293],[10.677,45.247],[10.69,45.172],[10.79,45.166],[10.865,45.115],[10.927,45.104],[10.978,45.073]]]}},{"type":"Feature","properties":{"r":7,"n":""},"geometry":{"type":"MultiLineString","coordinates":[[[90.64,22.953],[90.597,23.011],[90.589,22.962]],[[90.463,22.823],[90.544,22.782]],[[90.662,22.804],[90.652,22.825],[90.616,22.83],[90.582,22.788]],[[90.67,22.473],[90.7,22.483],[90.716,22.456],[90.683,22.392]],[[90.716,22.452],[90.731,22.449],[90.741,22.404],[90.783,22.4],[90.86,22.342]]]}},{"type":"Feature","properties":{"r":7,"n":"Yong"},"geometry":{"type":"MultiLineString","coordinates":[[[108.092,22.844],[108.119,22.842],[108.11,22.803],[108.136,22.775],[108.183,22.785],[108.176,22.83],[108.216,22.837],[108.33,22.799],[108.328,22.782],[108.4,22.783],[108.464,22.816],[108.485,22.767],[108.507,22.81],[108.512,22.795],[108.544,22.812],[108.568,22.847],[108.629,22.843],[108.852,22.884],[108.884,22.872],[108.928,22.801],[108.894,22.775],[108.873,22.78],[108.872,22.755],[108.898,22.733]]]}},{"type":"Feature","properties":{"r":3,"n":"Niger"},"geometry":{"type":"MultiLineString","coordinates":[[[-3.222,16.4],[-3.182,16.432],[-3.186,16.45],[-3.119,16.464],[-3.109,16.604],[-3.067,16.654],[-2.957,16.661],[-2.909,16.639],[-2.847,16.693],[-2.75,16.702],[-2.679,16.734],[-2.609,16.728],[-2.543,16.742],[-2.486,16.778],[-2.454,16.769],[-2.302,16.795],[-2.246,16.843],[-2.148,16.829],[-2.099,16.84],[-2.053,16.821],[-2.013,16.878],[-1.826,16.927],[-1.76,16.971],[-1.679,16.979],[-1.633,17.01],[-1.541,17.025],[-1.389,17.009],[-1.301,17.018],[-1.151,17.067],[-1.099,17.065],[-1.018,16.989],[-0.936,17.011],[-0.868,16.988],[-0.803,17.014],[-0.673,16.929],[-0.603,16.932],[-0.543,16.974],[-0.385,16.964],[-0.344,16.911],[-0.354,16.849],[-0.288,16.798],[-0.282,16.72],[-0.243,16.67],[-0.23,16.599],[-0.12,16.511],[-0.107,16.417],[-0.064,16.366],[-0.06,16.25],[-0.042,16.224],[-0.001,16.2],[0.007,16.165],[0.073,16.118],[0.132,15.998],[0.19,15.921],[0.365,15.756],[0.466,15.726],[0.507,15.641],[0.486,15.538],[0.68,15.465],[0.734,15.429],[0.754,15.352],[0.72,15.312],[0.7,15.207],[0.662,15.147],[0.649,15.075],[0.658,15.003],[0.684,14.958],[0.753,14.955],[0.837,14.915],[0.856,14.894],[0.91,14.696],[0.943,14.648],[1.07,14.538],[1.131,14.432],[1.302,14.277],[1.356,14.253],[1.407,14.259],[1.439,14.229],[1.502,14.103],[1.536,13.897],[1.583,13.866],[1.716,13.697],[1.754,13.674],[1.795,13.674],[1.913,13.599],[1.994,13.578],[2.025,13.53],[2.1,13.512],[2.13,13.448],[2.179,13.413],[2.198,13.366],[2.255,13.344],[2.347,13.276],[2.361,13.246],[2.378,12.876],[2.468,12.787],[2.488,12.729],[2.474,12.674],[2.527,12.646],[2.502,12.571],[2.556,12.496],[2.611,12.578],[2.631,12.515],[2.684,12.511],[2.7,12.543],[2.718,12.543],[2.742,12.443],[2.844,12.399],[2.912,12.347],[2.945,12.293],[3.009,12.276],[3.063,12.194],[3.251,12.024],[3.269,11.957],[3.306,11.903],[3.341,11.883],[3.38,11.895],[3.495,11.838],[3.643,11.637],[3.712,11.6],[3.837,11.576],[3.909,11.512],[3.965,11.514],[4.079,11.455],[4.117,11.412],[4.124,11.375],[4.194,11.331],[4.295,11.197],[4.448,11.176],[4.574,11.1],[4.656,10.968],[4.721,10.914],[4.689,10.646],[4.656,10.607]],[[-3.222,16.4],[-3.217,16.323],[-3.178,16.267],[-3.204,16.252],[-3.228,16.194],[-3.289,16.194],[-3.31,16.107],[-3.342,16.07],[-3.466,16.074]],[[-3.466,16.074],[-3.457,16.161]],[[-3.466,16.074],[-3.557,16.039],[-3.584,16.007],[-3.611,15.906],[-3.661,15.861],[-3.706,15.861],[-3.717,15.689],[-3.844,15.668],[-3.867,15.633],[-3.782,15.628],[-3.8,15.594],[-3.844,15.578],[-3.878,15.529],[-3.964,15.473],[-3.817,15.45],[-3.804,15.413],[-3.822,15.377],[-3.872,15.317],[-3.928,15.328],[-3.944,15.283],[-3.983,15.311]],[[-3.466,16.074],[-3.466,16.074]],[[-4.304,15.507],[-4.35,15.658],[-4.284,15.733],[-4.219,15.756],[-4.21,15.827],[-4.174,15.902],[-4.129,15.899],[-4.085,15.861],[-4.03,15.863],[-3.962,15.945],[-3.877,15.977],[-3.844,16.031],[-3.8,16.048],[-3.756,16.108],[-3.489,16.128],[-3.399,16.201],[-3.408,16.249],[-3.394,16.265],[-3.325,16.257],[-3.31,16.269],[-3.307,16.298],[-3.326,16.329],[-3.311,16.36],[-3.222,16.4]],[[-4.233,15.233],[-4.302,15.218],[-4.325,15.197],[-4.336,15.129],[-4.378,15.089],[-4.417,15],[-4.462,14.989],[-4.476,14.942],[-4.494,14.95],[-4.613,14.912],[-4.627,14.861],[-4.606,14.845],[-4.611,14.806],[-4.661,14.777],[-4.683,14.739],[-4.694,14.622],[-4.672,14.633],[-4.672,14.567],[-4.772,14.394],[-4.806,14.39],[-4.824,14.366],[-4.85,14.3],[-4.9,14.244],[-4.922,14.172]],[[-9.382,11.003],[-9.386,11.044],[-9.368,11.077],[-9.23,11.068],[-9.163,11.148],[-9.105,11.183],[-9.094,11.219],[-9.133,11.267],[-9.129,11.323],[-9.157,11.387],[-9.139,11.423],[-8.986,11.419],[-8.898,11.447],[-8.864,11.502],[-8.799,11.536],[-8.767,11.61],[-8.713,11.678],[-8.633,11.725],[-8.559,11.801],[-8.495,11.816],[-8.465,11.842],[-8.443,11.89],[-8.341,12.003],[-8.335,12.094],[-8.171,12.209],[-8.121,12.292],[-8.13,12.35],[-8.111,12.418],[-8.073,12.462],[-8.028,12.622],[-7.88,12.657],[-7.773,12.641],[-7.744,12.715],[-7.68,12.784],[-7.569,12.842],[-7.483,12.948],[-7.411,12.971],[-7.346,13.064],[-7.149,13.159],[-7.114,13.203],[-7.003,13.266],[-6.962,13.329],[-6.906,13.359],[-6.834,13.344],[-6.618,13.392],[-6.561,13.392],[-6.473,13.366],[-6.432,13.371],[-6.172,13.522],[-6.123,13.582],[-6.113,13.649],[-6.079,13.71],[-6.048,13.732],[-5.961,13.684],[-5.88,13.674],[-5.779,13.736],[-5.678,13.843],[-5.565,13.89],[-5.5,13.958],[-5.397,13.959],[-5.278,13.985],[-5.239,13.973],[-5.165,14.094],[-5.138,14.114],[-4.942,14.168],[-4.885,14.168],[-4.57,14.277],[-4.519,14.239],[-4.486,14.234],[-4.452,14.311],[-4.383,14.347],[-4.366,14.417],[-4.277,14.436],[-4.255,14.474],[-4.222,14.49],[-4.161,14.689],[-4.087,14.75],[-4.089,14.845],[-4.048,14.857],[-4.004,14.908],[-3.926,14.942],[-3.901,15.003],[-3.899,15.062],[-3.975,15.137],[-3.961,15.168],[-3.979,15.281]],[[-9.382,11.003],[-9.382,11.003]],[[4.626,9.865],[4.65,9.719],[4.623,9.699],[4.572,9.586],[4.574,9.522],[4.609,9.444],[4.625,9.325],[4.649,9.3],[4.743,9.275],[4.755,9.255],[4.752,9.168],[4.771,9.149],[4.829,9.142],[4.979,9.2],[5.006,9.197],[5.15,9.113],[5.209,9.008],[5.401,8.99],[5.466,8.941],[5.538,8.929],[5.634,8.829],[5.746,8.811],[5.791,8.746],[5.915,8.735],[5.983,8.758],[6.092,8.759],[6.161,8.719],[6.277,8.737],[6.358,8.694],[6.395,8.64],[6.465,8.432],[6.584,8.34],[6.688,8.214],[6.776,8.063],[6.797,7.92],[6.749,7.74],[6.756,7.693],[6.71,7.592],[6.696,7.239],[6.719,7.149],[6.687,6.955],[6.649,6.844],[6.655,6.621],[6.715,6.321],[6.759,6.181],[6.758,6.123],[6.704,6.076],[6.689,5.914],[6.616,5.793],[6.547,5.501],[6.475,5.439],[6.495,5.371],[6.333,5.337],[6.298,5.306],[6.289,5.264],[6.209,5.253],[6.21,5.184],[6.154,5.152],[6.095,5.153],[6.05,5.105],[5.982,5.129],[5.916,5.188],[5.843,5.187],[5.818,5.208],[5.75,5.17],[5.726,5.184],[5.719,5.165],[5.653,5.165],[5.595,5.142],[5.575,5.17],[5.496,5.142]],[[-10.732,9.09],[-10.706,9.111],[-10.692,9.156],[-10.643,9.175],[-10.556,9.441],[-10.656,9.566],[-10.65,9.651],[-10.666,9.714],[-10.637,9.812],[-10.712,9.931],[-10.704,9.96],[-10.758,10.004],[-10.786,10.11],[-10.781,10.166],[-10.8,10.166],[-10.826,10.225],[-10.82,10.257],[-10.779,10.282],[-10.793,10.31],[-10.717,10.302],[-10.67,10.336],[-10.656,10.326],[-10.642,10.344],[-10.628,10.336],[-10.629,10.384],[-10.651,10.402],[-10.65,10.426],[-10.55,10.412],[-10.505,10.426],[-10.496,10.461],[-10.409,10.529],[-10.305,10.532],[-10.224,10.508],[-10.235,10.488],[-10.2,10.439],[-10.149,10.488],[-10.142,10.533],[-10.081,10.543],[-10.004,10.612],[-9.944,10.59],[-9.912,10.625],[-9.867,10.598],[-9.854,10.617],[-9.873,10.654],[-9.786,10.666],[-9.728,10.645],[-9.665,10.694],[-9.605,10.676],[-9.491,10.817],[-9.47,10.959],[-9.394,10.977],[-9.382,11.003]],[[6.565,5.54],[6.608,5.505],[6.62,5.334],[6.49,5.202],[6.462,5.104],[6.439,5.086],[6.428,5.019],[6.448,4.978],[6.458,4.991],[6.497,4.978],[6.522,4.989],[6.536,4.96],[6.56,4.954],[6.592,4.896],[6.586,4.847],[6.612,4.77],[6.651,4.738],[6.675,4.745],[6.736,4.608]],[[6.503,5.382],[6.501,5.357],[6.445,5.345],[6.408,5.287],[6.358,5.274],[6.321,5.203],[6.37,5.197],[6.37,5.173],[6.352,5.157],[6.33,5.161],[6.305,5.095],[6.253,5.096],[6.249,5.037],[6.282,5.031],[6.284,5.019],[6.263,5.013],[6.27,4.957],[6.257,4.95]],[[6.257,4.951],[6.257,4.95]],[[6.257,4.95],[6.277,4.896],[6.243,4.783],[6.257,4.718],[6.229,4.67],[6.261,4.565],[6.236,4.498]],[[6.257,4.95],[6.223,4.923],[6.211,4.941],[6.203,4.886],[6.147,4.875],[6.085,4.807],[6.099,4.779],[6.071,4.766],[6.096,4.734],[6.081,4.619],[6.092,4.608],[6.04,4.505],[6.058,4.471],[6.055,4.42]]]}},{"type":"Feature","properties":{"r":1,"n":"Victoria Nile"},"geometry":{"type":"MultiLineString","coordinates":[[[31.366,2.193],[31.546,2.278],[31.643,2.264],[31.755,2.298],[31.803,2.346],[31.879,2.367],[31.92,2.36],[32.016,2.292],[32.123,2.258],[32.157,2.232],[32.224,2.259],[32.277,2.249],[32.31,2.196],[32.351,2.05],[32.331,1.98],[32.365,1.956],[32.346,1.934],[32.342,1.868],[32.28,1.843],[32.271,1.81],[32.163,1.778],[32.104,1.716],[32.104,1.648],[32.178,1.678],[32.241,1.666]],[[32.475,1.552],[32.506,1.521],[32.545,1.522]],[[32.893,1.311],[32.961,1.182],[32.961,1.122],[32.936,1.083],[32.954,0.95],[33.034,0.798],[33.051,0.642],[33.085,0.562],[33.181,0.465],[33.187,0.428]]]}},{"type":"Feature","properties":{"r":7,"n":"Brahmani"},"geometry":{"type":"MultiLineString","coordinates":[[[84.668,22.265],[84.679,22.247],[84.773,22.252],[84.796,22.239],[84.879,22.083],[84.867,22.059],[84.887,21.95],[84.862,21.889],[84.926,21.828],[84.97,21.833],[84.999,21.757],[84.995,21.741],[84.904,21.713],[84.904,21.678],[84.993,21.629],[85.01,21.604],[85.001,21.535],[84.94,21.44],[84.94,21.4],[85.058,21.232],[85.129,21.204],[85.128,21.108],[85.23,21.03],[85.246,20.979],[85.245,20.907],[85.283,20.879],[85.295,20.843],[85.331,20.809],[85.58,20.74],[85.608,20.754],[85.641,20.806],[85.765,20.875],[85.812,20.887],[85.921,20.868],[86.111,20.876],[86.197,20.848],[86.444,20.683],[86.509,20.678],[86.572,20.704],[86.627,20.682],[86.711,20.678],[86.744,20.658],[86.749,20.611],[86.811,20.641],[86.818,20.665],[86.857,20.661],[86.94,20.698]]]}},{"type":"Feature","properties":{"r":7,"n":"Sepik"},"geometry":{"type":"MultiLineString","coordinates":[[[144.416,-3.902],[144.365,-3.864],[144.35,-3.829],[144.311,-3.825],[144.297,-3.802]],[[144.416,-3.902],[144.438,-3.897],[144.452,-3.839],[144.469,-3.828],[144.496,-3.883],[144.455,-3.903],[144.48,-3.916],[144.538,-3.848]],[[141.846,-5.206],[141.786,-5.219],[141.582,-5.154],[141.532,-5.089],[141.527,-5.039],[141.475,-4.91],[141.388,-4.855],[141.209,-4.808],[141.18,-4.787],[141.152,-4.753],[141.177,-4.722],[141.173,-4.705],[141.05,-4.646],[140.944,-4.516],[140.916,-4.417],[140.964,-4.314],[141.013,-4.284],[140.994,-4.205],[141.007,-4.155],[141.089,-4.085],[141.159,-4.094],[141.18,-4.061],[141.2,-4.067],[141.214,-4.033],[141.199,-4.028],[141.228,-4.007],[141.228,-3.973],[141.245,-3.969],[141.254,-3.994],[141.267,-3.99],[141.305,-3.963],[141.303,-3.938],[141.353,-3.965],[141.35,-3.945],[141.394,-3.922],[141.406,-3.923],[141.406,-3.955],[141.419,-3.945],[141.467,-3.986],[141.481,-3.958],[141.563,-3.986],[141.549,-3.958],[141.563,-3.951],[141.597,-4.007],[141.645,-3.979],[141.631,-3.965],[141.686,-3.989],[141.707,-3.979],[141.726,-4.011],[141.762,-4.013],[141.763,-4.034],[141.81,-4.061],[141.796,-4.095],[141.823,-4.081],[141.851,-4.126],[141.926,-4.136],[141.936,-4.188],[141.96,-4.198],[141.939,-4.232],[141.922,-4.226],[141.918,-4.252],[141.992,-4.295],[142.057,-4.284],[142.064,-4.265],[142.108,-4.294],[142.132,-4.232],[142.156,-4.273],[142.166,-4.225],[142.19,-4.246],[142.228,-4.225],[142.241,-4.246],[142.265,-4.225],[142.282,-4.266],[142.33,-4.28],[142.338,-4.269],[142.372,-4.306],[142.409,-4.305],[142.433,-4.289],[142.393,-4.273],[142.398,-4.259],[142.455,-4.252],[142.434,-4.232],[142.481,-4.232],[142.512,-4.191],[142.535,-4.201],[142.556,-4.245],[142.567,-4.218],[142.604,-4.197],[142.618,-4.225],[142.633,-4.226],[142.653,-4.15],[142.684,-4.223],[142.738,-4.228],[142.763,-4.259],[142.836,-4.259],[142.845,-4.254],[142.831,-4.218],[142.891,-4.209],[142.922,-4.126],[142.939,-4.114],[142.954,-4.136],[142.962,-4.095],[142.981,-4.129],[142.996,-4.074],[143.029,-4.068],[143.084,-4.095],[143.156,-4.1],[143.173,-4.15],[143.233,-4.129],[143.27,-4.191],[143.289,-4.201],[143.297,-4.177],[143.311,-4.191],[143.297,-4.246],[143.325,-4.232],[143.351,-4.28],[143.387,-4.254],[143.398,-4.284],[143.423,-4.298],[143.445,-4.276],[143.441,-4.239],[143.502,-4.194],[143.571,-4.236],[143.612,-4.205],[143.598,-4.184],[143.675,-4.193],[143.706,-4.21],[143.715,-4.246],[143.739,-4.224],[143.762,-4.232],[143.783,-4.188],[143.854,-4.169],[143.824,-4.156],[143.843,-4.15],[143.917,-4.146],[143.932,-4.188],[143.964,-4.116],[144.005,-4.14],[144.025,-4.132],[144.024,-4.101],[144.04,-4.096],[144.088,-4.115],[144.058,-4.067],[144.136,-4.088],[144.238,-4.051],[144.235,-3.99],[144.271,-3.966],[144.332,-3.993],[144.369,-3.993],[144.414,-3.938],[144.416,-3.902]]]}},{"type":"Feature","properties":{"r":7,"n":"Sio"},"geometry":{"type":"MultiLineString","coordinates":[[[18.043,46.917],[18.234,46.864],[18.44,46.751],[18.596,46.747],[18.632,46.696],[18.599,46.566],[18.604,46.523],[18.648,46.489],[18.653,46.43],[18.636,46.398],[18.739,46.382],[18.818,46.348],[18.841,46.359],[18.852,46.341],[18.907,46.348]]]}},{"type":"Feature","properties":{"r":7,"n":"Platte"},"geometry":{"type":"MultiLineString","coordinates":[[[-100.31,41.006],[-100.001,40.845],[-99.699,40.732],[-99.549,40.704],[-99.027,40.663],[-98.929,40.671],[-98.566,40.755],[-98.364,40.824],[-97.94,41.114],[-97.764,41.21],[-97.616,41.327],[-97.532,41.359],[-97.35,41.394],[-97.104,41.399],[-96.9,41.462],[-96.558,41.44],[-96.454,41.39],[-96.362,41.297],[-96.356,41.236],[-96.318,41.199],[-96.303,41.159],[-96.307,41.07],[-96.252,41.02],[-96.188,41.011],[-96.047,41.065],[-95.953,41.068],[-95.87,41.05]]]}},{"type":"Feature","properties":{"r":7,"n":"Moose"},"geometry":{"type":"MultiLineString","coordinates":[[[-81.475,50.727],[-81.441,50.754],[-81.329,50.794],[-81.166,50.899],[-81.013,51.035]]]}},{"type":"Feature","properties":{"r":7,"n":"Aruwimi"},"geometry":{"type":"MultiLineString","coordinates":[[[26.837,1.708],[26.747,1.721],[26.698,1.682],[26.652,1.678],[26.504,1.833],[26.458,1.812],[26.294,1.919],[26.047,1.976],[26.033,1.943],[25.989,1.925],[25.943,1.878],[25.745,1.874],[25.66,1.894],[25.554,1.857],[25.519,1.825],[25.501,1.752],[25.456,1.731],[25.399,1.734],[25.381,1.715],[25.371,1.617],[25.293,1.545],[25.273,1.503],[25.189,1.468],[25.102,1.469],[25.055,1.508],[24.992,1.477],[24.92,1.486],[24.879,1.384],[24.811,1.316],[24.667,1.285],[24.632,1.305],[24.543,1.257],[24.478,1.272],[24.395,1.327],[24.33,1.339],[24.292,1.319],[24.197,1.339],[24.143,1.27],[24.108,1.326],[24.049,1.317],[23.995,1.277],[23.964,1.311],[23.945,1.31],[23.916,1.244],[23.893,1.247],[23.868,1.284],[23.786,1.291],[23.706,1.245],[23.552,1.227]]]}},{"type":"Feature","properties":{"r":7,"n":"Linyanti"},"geometry":{"type":"MultiLineString","coordinates":[[[23.592,-18.478],[23.645,-18.466],[23.715,-18.419],[23.912,-18.236],[23.916,-18.201],[23.95,-18.178],[23.971,-18.184],[24.056,-18.119],[24.101,-18.109],[24.183,-18.029],[24.238,-18.01],[24.296,-18.026],[24.35,-17.956],[24.399,-17.952]]]}},{"type":"Feature","properties":{"r":7,"n":"Sobat"},"geometry":{"type":"MultiLineString","coordinates":[[[33.208,8.438],[33.147,8.446],[33.16,8.492],[33.122,8.507],[33.113,8.565],[33.085,8.562],[33.054,8.622],[32.979,8.615],[32.935,8.562],[32.92,8.611],[32.831,8.637],[32.817,8.624],[32.766,8.634],[32.739,8.609],[32.715,8.658],[32.691,8.651],[32.673,8.665],[32.72,8.756],[32.693,8.798],[32.602,8.832],[32.578,8.904],[32.561,8.877],[32.527,8.863],[32.502,8.881],[32.493,8.925],[32.454,8.919],[32.415,8.936],[32.397,8.97],[32.406,9.053],[32.379,9.068],[32.369,9.099],[32.282,9.109],[32.265,9.125],[32.221,9.099],[32.194,9.126],[32.2,9.151],[32.166,9.172],[32.157,9.202],[32.125,9.211],[32.135,9.238],[32.125,9.254],[32.07,9.247],[32.071,9.265],[32.033,9.302],[31.888,9.334],[31.83,9.365],[31.814,9.323],[31.786,9.328],[31.779,9.301],[31.738,9.302],[31.721,9.282],[31.684,9.311],[31.591,9.328],[31.577,9.343],[31.592,9.35],[31.591,9.371],[31.543,9.365],[31.536,9.377]],[[32.989,7.917],[33.031,7.996],[33.117,8.104],[33.164,8.117],[33.185,8.141],[33.169,8.206],[33.208,8.254],[33.164,8.293],[33.174,8.343],[33.161,8.356],[33.174,8.405],[33.21,8.421],[33.201,8.438]]]}},{"type":"Feature","properties":{"r":7,"n":"Srepok"},"geometry":{"type":"MultiLineString","coordinates":[[[107.377,13.237],[107.356,13.313],[107.307,13.311],[107.272,13.366],[107.254,13.37],[107.231,13.331],[107.202,13.315],[107.142,13.323],[107.108,13.311],[107.035,13.403],[107.011,13.482],[106.991,13.475],[106.97,13.517],[106.938,13.496],[106.922,13.503],[106.917,13.479],[106.889,13.494],[106.874,13.47],[106.88,13.442],[106.854,13.435],[106.82,13.443],[106.806,13.472],[106.778,13.481],[106.659,13.468],[106.62,13.45],[106.589,13.478],[106.557,13.555],[106.477,13.56],[106.491,13.489],[106.446,13.432],[106.436,13.468],[106.395,13.496],[106.204,13.583],[106.138,13.583],[106.054,13.551],[106.023,13.566],[105.97,13.541]]]}},{"type":"Feature","properties":{"r":7,"n":"Yongding"},"geometry":{"type":"MultiLineString","coordinates":[[[115.589,40.24],[115.612,40.18],[115.664,40.16],[115.667,40.136],[115.691,40.122],[115.701,40.064],[115.766,40.071],[115.79,40.033],[115.81,40.029],[115.803,40.016],[115.872,40.023],[115.982,39.971],[116.006,40.003],[116.033,39.975],[116.065,39.991],[116.112,39.906],[116.19,39.854],[116.229,39.803],[116.236,39.735],[116.205,39.659],[116.208,39.577],[116.25,39.506],[116.317,39.461],[116.41,39.44],[116.502,39.465],[116.598,39.448],[116.641,39.406],[116.764,39.379],[116.895,39.383],[117.034,39.33]]]}},{"type":"Feature","properties":{"r":3,"n":"Ubangi"},"geometry":{"type":"MultiLineString","coordinates":[[[18.597,3.679],[18.642,3.324],[18.619,3.145],[18.528,3.065],[18.393,2.714],[18.313,2.576],[18.233,2.503],[18.198,2.389],[18.163,2.321],[18.111,2.265],[18.072,2.16],[18.071,1.552],[18.012,1.422],[17.956,1.172],[17.866,1.017],[17.877,0.868],[17.907,0.741],[17.893,0.608],[17.949,0.492],[17.945,0.377],[17.854,0.241],[17.757,-0.009],[17.716,-0.196],[17.749,-0.523]]]}},{"type":"Feature","properties":{"r":7,"n":"Song’acha"},"geometry":{"type":"MultiLineString","coordinates":[[[132.839,45.059],[132.953,45.025],[133.098,45.108],[133.127,45.156],[133.097,45.244],[133.14,45.436],[133.202,45.512],[133.375,45.573],[133.413,45.574]]]}},{"type":"Feature","properties":{"r":7,"n":"Ussuri"},"geometry":{"type":"MultiLineString","coordinates":[[[133.413,45.574],[133.427,45.616],[133.477,45.628],[133.457,45.649],[133.491,45.674],[133.443,45.71],[133.471,45.729],[133.485,45.769],[133.511,45.779],[133.477,45.806],[133.502,45.862],[133.531,45.888],[133.586,45.877],[133.617,45.937],[133.658,45.935],[133.72,46.064],[133.687,46.142],[133.741,46.159],[133.793,46.215],[133.83,46.197],[133.86,46.224],[133.855,46.237],[133.902,46.259],[133.893,46.302],[133.916,46.313],[133.896,46.328],[133.874,46.32],[133.863,46.34],[133.926,46.372],[133.934,46.391],[133.9,46.427],[133.854,46.445],[133.845,46.471],[133.892,46.529],[133.902,46.574],[133.988,46.625],[134.014,46.665],[134.044,46.772],[134.016,46.82],[134.063,46.907],[134.069,46.981],[134.124,47.071],[134.197,47.085],[134.227,47.118],[134.189,47.173],[134.197,47.206],[134.154,47.258],[134.183,47.328],[134.245,47.355],[134.313,47.42],[134.415,47.439],[134.484,47.43],[134.557,47.471],[134.624,47.55],[134.682,47.588],[134.693,47.649],[134.772,47.711],[134.77,47.741],[134.676,47.825],[134.657,47.887],[134.587,47.926],[134.601,47.944],[134.567,47.986],[134.567,48.041],[134.683,48.136],[134.703,48.253],[134.841,48.328],[134.998,48.363],[135.07,48.406],[135.09,48.451],[135.043,48.484]]]}},{"type":"Feature","properties":{"r":7,"n":"Neman"},"geometry":{"type":"MultiLineString","coordinates":[[[23.837,54.908],[23.751,54.935],[23.631,54.944],[23.601,54.968],[23.57,55.04],[23.484,55.051],[23.412,55.079],[23.32,55.071],[23.001,55.105],[22.925,55.083],[22.871,55.092],[22.662,55.064],[22.572,55.081],[22.436,55.058],[22.251,55.071],[22.076,55.029],[22.027,55.045],[22.003,55.094],[21.942,55.079],[21.75,55.128],[21.605,55.193],[21.503,55.195],[21.374,55.29],[21.268,55.249]]]}},{"type":"Feature","properties":{"r":7,"n":"Ishim"},"geometry":{"type":"MultiLineString","coordinates":[[[67.005,53.338],[67.031,53.349],[67.013,53.372],[67.044,53.421],[67.115,53.495],[67.084,53.51],[67.095,53.544],[67.196,53.599],[67.209,53.644],[67.238,53.66],[67.223,53.673],[67.362,53.742],[67.417,53.807],[67.434,53.873],[67.461,53.912],[67.546,53.962],[67.622,53.975],[67.66,54.03],[67.649,54.078],[67.69,54.108],[67.736,54.113],[67.75,54.162],[67.824,54.196],[67.908,54.182],[68.027,54.235],[68.295,54.282],[68.361,54.366],[68.417,54.345],[68.444,54.368],[68.575,54.417],[68.612,54.465],[68.646,54.472],[68.702,54.524],[68.713,54.58],[68.795,54.569],[68.841,54.644],[68.958,54.674],[69.017,54.732],[69.03,54.754],[68.993,54.79],[69.042,54.834],[69.058,54.884],[69.098,54.9],[69.103,54.92],[69.075,54.941],[69.106,54.972],[69.103,55.013],[69.124,55.05],[69.185,55.064],[69.213,55.123],[69.271,55.128],[69.394,55.189],[69.438,55.249],[69.48,55.277],[69.438,55.307],[69.408,55.355],[69.37,55.359],[69.334,55.418],[69.325,55.532],[69.364,55.563],[69.329,55.654],[69.267,55.668],[69.295,55.695],[69.253,55.745],[69.315,55.773],[69.342,55.811],[69.35,55.863],[69.466,55.915],[69.424,56.014],[69.438,56.078],[69.419,56.096],[69.427,56.124],[69.483,56.138],[69.534,56.099],[69.711,56.147],[69.828,56.125],[69.88,56.149],[69.979,56.14],[70.072,56.175],[70.151,56.133],[70.238,56.135],[70.247,56.157],[70.232,56.178],[70.295,56.202],[70.381,56.202],[70.411,56.25],[70.497,56.275],[70.487,56.304],[70.697,56.358],[70.652,56.411],[70.614,56.424],[70.729,56.505],[70.72,56.538],[70.756,56.574],[70.736,56.584],[70.734,56.62],[70.667,56.644],[70.648,56.69],[70.583,56.722],[70.575,56.792],[70.587,56.815],[70.632,56.83],[70.61,56.853],[70.624,56.897],[70.658,56.922],[70.619,56.947],[70.696,57.033],[70.699,57.079],[70.76,57.117],[70.768,57.137],[70.699,57.202],[70.692,57.228],[70.727,57.268],[70.713,57.309],[70.818,57.371],[70.823,57.384],[70.775,57.415],[70.795,57.442],[70.895,57.469],[70.934,57.509],[71.193,57.603],[71.234,57.696]]]}},{"type":"Feature","properties":{"r":7,"n":"Koksoak"},"geometry":{"type":"MultiLineString","coordinates":[[[-69.475,57.683],[-69.37,57.771]]]}},{"type":"Feature","properties":{"r":7,"n":"Bani"},"geometry":{"type":"MultiLineString","coordinates":[[[-5.544,13.208],[-5.503,13.229],[-5.432,13.221],[-5.393,13.27],[-5.357,13.281],[-5.236,13.276],[-5.157,13.335],[-5.078,13.345],[-5.057,13.366],[-4.946,13.367],[-4.893,13.399],[-4.857,13.399],[-4.812,13.441],[-4.787,13.503],[-4.708,13.564],[-4.679,13.619],[-4.591,13.647],[-4.542,13.706],[-4.519,13.799],[-4.517,13.885],[-4.468,13.887],[-4.455,13.943],[-4.344,13.956],[-4.271,13.982],[-4.256,14.007],[-4.256,14.078],[-4.198,14.128],[-4.159,14.207],[-4.159,14.257],[-4.18,14.243],[-4.215,14.308],[-4.262,14.331],[-4.256,14.36],[-4.235,14.36],[-4.227,14.401],[-4.203,14.422],[-4.211,14.512]],[[-6.518,12.674],[-6.479,12.723],[-6.4,12.735],[-6.314,12.797],[-6.305,12.838],[-6.346,12.91],[-6.332,12.988],[-6.303,13.015],[-6.188,13.051],[-6.119,13.053],[-6.036,13.117],[-5.998,13.174],[-5.949,13.201],[-5.873,13.212],[-5.708,13.191],[-5.684,13.198],[-5.667,13.233],[-5.544,13.201]]]}},{"type":"Feature","properties":{"r":7,"n":"Tsiribihina"},"geometry":{"type":"MultiLineString","coordinates":[[[45.399,-19.723],[45.372,-19.691],[45.323,-19.68],[45.296,-19.74],[45.271,-19.757],[45.231,-19.734],[45.214,-19.698],[45.179,-19.75],[45.125,-19.781],[45.093,-19.773],[45.005,-19.698],[44.961,-19.719],[44.955,-19.762],[44.94,-19.767],[44.898,-19.733],[44.865,-19.763],[44.775,-19.674],[44.741,-19.671],[44.669,-19.72],[44.618,-19.702],[44.532,-19.713],[44.412,-19.644]]]}},{"type":"Feature","properties":{"r":7,"n":"White"},"geometry":{"type":"MultiLineString","coordinates":[[[-139.581,63.206],[-139.747,63.211],[-139.848,63.247],[-139.957,63.232],[-140.11,63.245],[-140.196,63.238],[-140.32,63.186],[-140.359,63.15],[-140.313,63.076],[-140.283,63.066],[-140.268,63.002],[-140.203,62.959],[-140.179,62.909],[-140.131,62.894],[-140.055,62.839],[-140.029,62.745],[-140.043,62.666],[-140.005,62.619]]]}},{"type":"Feature","properties":{"r":7,"n":"Lule lv"},"geometry":{"type":"MultiLineString","coordinates":[[[20.982,66.065],[21.065,66.004],[21.248,65.978],[21.293,65.918],[21.443,65.857],[21.627,65.828],[21.764,65.728]]]}},{"type":"Feature","properties":{"r":7,"n":"Hindiyah Channel"},"geometry":{"type":"MultiLineString","coordinates":[[[44.354,32.241],[44.385,32.142],[44.433,32.101],[44.531,32.053],[44.55,32.006],[44.584,31.978],[44.601,31.883],[44.631,31.855],[44.599,31.823],[44.611,31.762],[44.567,31.713],[44.563,31.615]]]}},{"type":"Feature","properties":{"r":3,"n":"Teslin"},"geometry":{"type":"MultiLineString","coordinates":[[[-133.245,60.449],[-133.289,60.467],[-133.42,60.578],[-133.544,60.636],[-133.703,60.748],[-133.798,60.786],[-133.986,60.897],[-134.231,61.074],[-134.348,61.14],[-134.378,61.18],[-134.496,61.248],[-134.636,61.302],[-134.653,61.334],[-134.646,61.431],[-134.687,61.478],[-134.678,61.499],[-134.783,61.507],[-134.913,61.57]],[[-131.208,59.087],[-131.455,59.067],[-131.689,59.135],[-131.827,59.143],[-131.853,59.204],[-131.964,59.282],[-131.97,59.321],[-131.996,59.355],[-131.969,59.385],[-132.064,59.465],[-132.079,59.513],[-132.072,59.579],[-132.095,59.607]]]}},{"type":"Feature","properties":{"r":7,"n":"Shatt al Hillah"},"geometry":{"type":"MultiLineString","coordinates":[[[44.268,32.731],[44.316,32.694],[44.348,32.643],[44.337,32.628],[44.371,32.602],[44.401,32.613],[44.438,32.485],[44.489,32.427],[44.666,32.394],[44.728,32.41],[44.738,32.365],[44.783,32.3],[44.817,32.279],[44.805,32.261],[44.824,32.152],[44.81,32.07],[44.896,32.03],[44.972,31.972],[44.981,31.929],[44.941,31.849],[44.984,31.789],[44.994,31.715],[45.298,31.457],[45.317,31.402],[45.279,31.383],[45.207,31.388]]]}},{"type":"Feature","properties":{"r":7,"n":"Igan"},"geometry":{"type":"MultiLineString","coordinates":[[[111.815,2.292],[111.829,2.333],[111.817,2.349],[111.795,2.346],[111.788,2.381],[111.863,2.449],[111.835,2.47],[111.847,2.522],[111.815,2.566],[111.833,2.569],[111.843,2.597],[111.829,2.607],[111.822,2.58],[111.812,2.592],[111.822,2.662],[111.843,2.662],[111.85,2.703],[111.801,2.752],[111.78,2.798],[111.658,2.84]]]}},{"type":"Feature","properties":{"r":7,"n":"Tuloma"},"geometry":{"type":"MultiLineString","coordinates":[[[31.759,68.624],[31.877,68.635],[31.916,68.686],[32.039,68.692],[32.589,68.823],[32.691,68.822],[32.835,68.85],[32.952,68.891],[33.04,68.9]]]}},{"type":"Feature","properties":{"r":7,"n":"Yu"},"geometry":{"type":"MultiLineString","coordinates":[[[108.898,22.733],[108.93,22.672],[108.972,22.638],[109.029,22.66],[109.136,22.623],[109.139,22.665],[109.232,22.651],[109.253,22.685],[109.273,22.672],[109.28,22.706],[109.294,22.699],[109.326,22.726],[109.398,22.735],[109.41,22.747],[109.41,22.802],[109.517,22.84],[109.561,22.884],[109.574,22.946],[109.6,22.928],[109.636,22.932],[109.595,22.953],[109.598,22.986],[109.574,22.99],[109.561,23.021],[109.585,23.086],[109.722,23.117],[109.756,23.09],[109.796,23.085],[109.855,23.108],[109.852,23.13],[109.883,23.124],[109.882,23.173],[109.962,23.214],[110.01,23.282],[110.082,23.272],[110.082,23.293],[110.049,23.292],[110.04,23.309],[110.089,23.405]]]}},{"type":"Feature","properties":{"r":7,"n":""},"geometry":{"type":"MultiLineString","coordinates":[[[27.987,45.292],[28.041,45.258],[28.122,45.25],[28.13,45.238],[28.098,45.184],[28.178,45.135],[28.131,45.089],[28.141,44.96],[28.124,44.945],[28.125,44.891],[28.08,44.841],[28.07,44.796],[28.014,44.758],[27.946,44.778],[27.884,44.758]]]}},{"type":"Feature","properties":{"r":7,"n":"Podkamennaya Tunguska"},"geometry":{"type":"MultiLineString","coordinates":[[[102.236,60.101],[102.227,60.13],[102.318,60.163],[102.313,60.18],[102.358,60.197],[102.386,60.251],[102.338,60.273],[102.32,60.303],[102.243,60.307],[102.182,60.274],[102.054,60.334],[101.975,60.327],[101.986,60.356],[101.827,60.336],[101.81,60.372],[101.71,60.397],[101.608,60.359],[101.485,60.343],[101.358,60.355],[101.296,60.321],[101.108,60.341],[101.019,60.333],[100.888,60.272],[100.744,60.232],[100.569,60.229],[100.412,60.273],[100.132,60.267],[100.043,60.293],[100.049,60.312],[100.018,60.334],[99.93,60.313],[99.919,60.331],[99.957,60.374],[99.947,60.389],[99.851,60.361],[99.865,60.342],[99.804,60.311],[99.736,60.334],[99.646,60.325],[99.587,60.34],[99.456,60.304],[99.371,60.302],[99.269,60.333],[99.104,60.341],[99.038,60.331],[98.994,60.293],[98.823,60.269],[98.711,60.286],[98.549,60.273],[98.452,60.286],[98.393,60.316],[98.392,60.339],[98.425,60.355],[98.399,60.374],[98.275,60.389],[98.149,60.484],[98.08,60.477],[97.854,60.587],[97.724,60.58],[97.709,60.615],[97.646,60.618],[97.505,60.597],[97.493,60.642],[97.53,60.675],[97.534,60.711],[97.518,60.742],[97.445,60.773],[97.452,60.8],[97.411,60.858],[97.197,60.857],[97.108,60.888],[97.055,60.937],[96.807,61.022],[96.691,61.128],[96.681,61.176],[96.702,61.29],[96.676,61.298],[96.562,61.257],[96.555,61.287],[96.5,61.311],[96.487,61.329],[96.564,61.397],[96.418,61.4],[96.41,61.414],[96.446,61.479],[96.5,61.519],[96.446,61.533],[96.423,61.549],[96.424,61.568],[96.52,61.601],[96.447,61.613],[96.374,61.659],[96.267,61.616],[96.175,61.611],[96.024,61.636],[95.999,61.659],[95.982,61.712],[95.901,61.754],[95.938,61.793],[95.811,61.845],[95.726,61.869],[95.499,61.838],[95.363,61.843],[95.211,61.905],[95.088,61.915],[94.801,61.992],[94.723,61.991],[94.65,61.965],[94.622,61.905],[94.559,61.84],[94.564,61.815],[94.538,61.799],[94.499,61.821],[94.319,61.853],[94.183,61.828],[93.877,61.885],[93.76,61.892],[93.731,61.874],[93.703,61.803],[93.631,61.781],[93.575,61.783],[93.531,61.841],[93.293,61.848],[93.149,61.801],[93.05,61.802],[92.793,61.859],[92.683,61.924],[92.477,61.952],[92.446,62.016],[92.389,62.074],[92.206,62.151],[92.121,62.205],[92.142,62.282],[92.039,62.349],[91.86,62.301],[91.813,62.265],[91.781,62.162],[91.731,62.13],[91.552,62.109],[91.505,62.085],[91.493,61.995],[91.431,61.93],[91.432,61.88],[91.401,61.848],[91.469,61.787],[91.477,61.718],[91.518,61.671],[91.495,61.65],[91.406,61.661],[91.335,61.631],[91.052,61.582],[90.942,61.642],[90.813,61.656],[90.723,61.719],[90.692,61.724],[90.561,61.681],[90.225,61.666],[90.167,61.642],[90.12,61.589]]]}},{"type":"Feature","properties":{"r":7,"n":"Han"},"geometry":{"type":"MultiLineString","coordinates":[[[127.183,37.58],[127.131,37.556],[127.104,37.508],[127.025,37.542],[126.973,37.508],[126.867,37.559],[126.755,37.638]]]}},{"type":"Feature","properties":{"r":7,"n":"Anabar"},"geometry":{"type":"MultiLineString","coordinates":[[[112.548,70.739],[112.62,70.759],[112.87,70.727],[112.966,70.753],[113.171,70.761],[113.352,70.806],[113.501,70.906],[113.535,70.963],[113.638,70.976],[113.746,71.046],[113.751,71.078],[113.7,71.096],[113.697,71.115],[113.796,71.182],[113.734,71.225],[113.817,71.312],[113.81,71.373],[113.869,71.419],[113.906,71.484],[113.974,71.528],[113.946,71.557],[113.943,71.585],[114.019,71.682],[114.102,71.728],[114.137,71.767],[114.357,71.8],[114.386,71.816],[114.258,71.853],[114.177,71.826],[114.146,71.834],[114.067,71.895],[114.065,71.986],[114.047,72.01],[113.972,72.037],[113.947,72.066],[113.636,72.138],[113.617,72.16],[113.615,72.195],[113.471,72.235],[113.454,72.261],[113.495,72.313],[113.472,72.33],[113.484,72.352],[113.872,72.432],[114.016,72.482],[114.162,72.481],[114.231,72.508],[114.235,72.542],[114.09,72.601]]]}},{"type":"Feature","properties":{"r":7,"n":"Shabeelle"},"geometry":{"type":"MultiLineString","coordinates":[[[45.008,4.964],[45.031,4.888],[45.053,4.875],[45.073,4.889],[45.084,4.868],[45.146,4.868],[45.16,4.854],[45.206,4.731],[45.193,4.697],[45.249,4.605],[45.286,4.465],[45.384,4.334],[45.379,4.31],[45.41,4.27],[45.42,4.237],[45.406,4.221],[45.424,4.181],[45.502,4.142],[45.515,4.105],[45.506,3.969],[45.56,3.924],[45.578,3.814],[45.591,3.82],[45.621,3.745],[45.666,3.7],[45.667,3.674],[45.646,3.663],[45.663,3.627],[45.638,3.525],[45.643,3.465],[45.616,3.448],[45.612,3.388],[45.582,3.375],[45.535,3.23],[45.549,3.167],[45.536,3.15],[45.558,3.104],[45.544,3.061],[45.515,3.044],[45.55,2.905],[45.539,2.814],[45.509,2.786],[45.522,2.713],[45.495,2.565],[45.504,2.53],[45.461,2.445],[45.423,2.419],[45.416,2.386],[45.365,2.319],[45.241,2.292],[45.233,2.251],[45.125,2.148],[44.921,2.118],[44.917,2.077],[44.853,2.018],[44.83,1.94],[44.738,1.888],[44.694,1.812],[44.638,1.785],[44.622,1.751],[44.535,1.773],[44.464,1.751],[44.446,1.702],[44.388,1.651],[44.264,1.652],[44.114,1.538],[44.029,1.521],[43.976,1.489],[43.88,1.348],[43.814,1.292],[43.796,1.298],[43.79,1.257],[43.758,1.226],[43.709,1.214],[43.712,1.155],[43.697,1.117],[43.625,1.1],[43.555,1.117],[43.453,1.1],[43.364,1.038],[43.358,1.013],[43.292,0.947],[43.263,0.79],[43.233,0.798]]]}},{"type":"Feature","properties":{"r":7,"n":"Churchill"},"geometry":{"type":"MultiLineString","coordinates":[[[-97.986,57.376],[-97.916,57.362],[-97.853,57.381],[-97.798,57.422],[-97.751,57.401],[-97.685,57.422],[-97.556,57.394]],[[-97.116,57.332],[-97.043,57.33],[-97.015,57.304],[-97.02,57.278],[-97,57.237],[-96.932,57.209],[-96.791,57.243],[-96.631,57.161],[-96.541,57.168],[-96.461,57.195],[-96.39,57.182],[-96.37,57.158],[-96.299,57.134],[-96.143,57.155],[-96.011,57.13],[-95.982,57.155],[-95.987,57.225],[-95.963,57.258],[-95.929,57.268],[-95.87,57.318],[-95.793,57.328],[-95.702,57.365],[-95.692,57.39],[-95.745,57.4],[-95.732,57.413],[-95.639,57.451],[-95.534,57.467],[-95.43,57.521],[-95.358,57.511],[-95.335,57.555],[-95.346,57.565],[-95.424,57.569],[-95.455,57.595],[-95.455,57.652],[-95.424,57.699],[-95.478,57.738],[-95.472,57.758],[-95.401,57.789],[-95.382,57.822],[-95.271,57.834],[-94.984,57.97],[-94.799,58.088],[-94.674,58.13],[-94.376,58.195],[-94.362,58.223]],[[-100.024,56.496],[-99.953,56.509],[-99.889,56.561],[-99.812,56.586],[-99.768,56.617],[-99.634,56.646]],[[-100.487,56.139],[-100.372,56.159],[-100.378,56.178]],[[-107.669,55.991],[-107.531,56.038],[-107.438,55.96],[-107.312,55.972],[-107.289,55.963],[-107.274,55.924],[-107.222,55.925],[-107.189,55.871],[-107.139,55.9],[-107.067,55.866]],[[-107.704,55.956],[-107.738,55.922]],[[-106.947,55.82],[-106.82,55.859],[-106.756,55.813],[-106.779,55.783],[-106.845,55.745],[-106.847,55.729],[-106.757,55.759],[-106.762,55.717],[-106.594,55.729],[-106.553,55.7]],[[-101.619,55.777],[-101.364,55.811],[-101.321,55.794],[-101.318,55.753],[-101.284,55.712],[-100.985,55.695],[-100.735,55.764]],[[-106.272,55.77],[-106.183,55.79],[-106.149,55.764]],[[-102.061,55.717],[-102.164,55.711]],[[-102.164,55.711],[-102.149,55.737],[-102.126,55.756]],[[-102.164,55.711],[-102.164,55.711]],[[-105.984,55.709],[-105.864,55.756],[-105.847,55.752],[-105.847,55.715],[-105.792,55.688],[-105.826,55.668],[-105.717,55.626],[-105.521,55.641],[-105.466,55.634],[-105.326,55.578],[-105.307,55.587],[-105.301,55.618],[-105.193,55.682],[-105.093,55.647],[-105.027,55.677],[-104.836,55.701],[-104.778,55.688],[-104.702,55.635]],[[-104.545,55.427],[-104.483,55.427]],[[-103.551,55.407],[-103.483,55.448],[-103.387,55.462],[-103.359,55.503],[-103.306,55.534],[-103.119,55.586],[-103.055,55.563],[-102.868,55.594],[-102.735,55.592],[-102.715,55.606],[-102.681,55.578],[-102.612,55.603],[-102.578,55.572],[-102.57,55.52],[-102.511,55.475],[-102.468,55.468],[-102.422,55.511],[-102.271,55.567],[-102.164,55.711]],[[-104.107,55.4],[-103.966,55.413],[-103.832,55.373]]]}},{"type":"Feature","properties":{"r":3,"n":"Euphrates"},"geometry":{"type":"MultiLineString","coordinates":[[[40.993,34.428],[41.106,34.369],[41.161,34.374],[41.219,34.396],[41.178,34.424],[41.224,34.449],[41.24,34.451],[41.268,34.416],[41.288,34.424],[41.297,34.457],[41.432,34.424],[41.404,34.46],[41.424,34.472],[41.446,34.459],[41.451,34.428],[41.514,34.438],[41.527,34.424],[41.589,34.445],[41.595,34.479],[41.713,34.456],[41.77,34.492],[41.78,34.522],[41.842,34.475],[41.968,34.472],[42.03,34.389],[42.125,34.332],[42.145,34.279],[42.245,34.315],[42.252,34.274],[42.278,34.271],[42.297,34.347],[42.336,34.35],[42.384,34.321],[42.385,34.29],[42.367,34.267],[42.325,34.257],[42.315,34.226],[42.387,34.191],[42.371,34.088],[42.405,34.071],[42.425,34.017],[42.446,34.012],[42.494,34.047],[42.556,33.971],[42.556,33.926],[42.521,33.896],[42.528,33.869],[42.583,33.848],[42.617,33.896],[42.644,33.902],[42.733,33.876],[42.759,33.853],[42.719,33.807],[42.747,33.747],[42.712,33.718],[42.747,33.698],[42.762,33.705],[42.85,33.636],[42.932,33.53],[43.011,33.533],[43.066,33.494],[43.097,33.533],[43.119,33.537],[43.169,33.519],[43.265,33.449],[43.308,33.449],[43.357,33.472],[43.385,33.451],[43.437,33.45],[43.444,33.428],[43.487,33.431],[43.48,33.415],[43.495,33.404],[43.555,33.423],[43.566,33.401],[43.63,33.373],[43.645,33.397],[43.727,33.335],[43.754,33.349],[43.761,33.3],[43.785,33.304],[43.809,33.252],[43.816,33.266],[43.837,33.261],[43.843,33.205],[43.861,33.183],[43.879,33.182],[43.878,33.205],[43.907,33.212],[43.956,33.156],[43.989,33.17],[44.07,33.142],[44.036,33.129],[44.102,33.089],[44.138,33.031],[44.159,33.032],[44.178,32.986],[44.175,32.934],[44.202,32.926],[44.215,32.889],[44.253,32.879],[44.29,32.8],[44.22,32.608],[44.223,32.57],[44.295,32.467],[44.288,32.41],[44.354,32.275],[44.344,32.204],[44.357,32.118],[44.447,32.002],[44.478,31.936],[44.504,31.766],[44.474,31.704],[44.494,31.659],[44.614,31.6],[44.679,31.525],[44.759,31.491],[44.777,31.468],[44.852,31.491],[44.935,31.431],[44.988,31.443],[45.046,31.416],[45.132,31.428],[45.2,31.402],[45.238,31.328]],[[45.238,31.328],[45.467,31.305]],[[45.238,31.328],[45.238,31.328]],[[45.463,31.305],[45.532,31.288],[45.529,31.252],[45.567,31.203],[45.617,31.206],[45.687,31.162],[45.743,31.176],[45.895,31.129],[45.996,31.114],[46.041,31.126],[46.104,31.072],[46.252,31.044],[46.363,30.965],[46.427,30.95],[46.467,30.902],[46.511,30.884],[46.748,30.962],[46.95,30.96],[47.009,30.979],[47.118,30.965],[47.256,30.97],[47.297,30.95],[47.321,30.977],[47.433,31.016],[47.453,31.015],[47.469,30.968]]]}},{"type":"Feature","properties":{"r":7,"n":"Chobe"},"geometry":{"type":"MultiLineString","coordinates":[[[24.399,-17.952],[24.433,-17.967],[24.505,-18.06],[24.564,-18.053],[24.73,-17.892],[24.82,-17.839],[24.931,-17.81],[24.953,-17.788],[24.983,-17.82],[25.019,-17.824],[25.047,-17.807],[25.056,-17.828],[25.12,-17.813],[25.153,-17.782],[25.259,-17.794]]]}},{"type":"Feature","properties":{"r":7,"n":"Hai"},"geometry":{"type":"MultiLineString","coordinates":[[[117.034,39.33],[117.078,39.303],[117.078,39.242],[117.232,39.093],[117.308,39.07],[117.323,39.052],[117.353,39.057],[117.376,39.029],[117.447,39.027],[117.579,38.988],[117.598,39.014],[117.709,38.981]]]}},{"type":"Feature","properties":{"r":7,"n":"Yana"},"geometry":{"type":"MultiLineString","coordinates":[[[135.974,71.159],[136.138,71.131],[136.163,71.148],[136.081,71.182],[136.127,71.216],[136.129,71.234],[136.101,71.257],[135.931,71.305],[136.129,71.354],[136.129,71.375],[136.081,71.394],[136.114,71.41],[136.109,71.436],[136.218,71.449],[136.211,71.47],[136.52,71.518]],[[135.974,71.159],[135.915,71.187],[135.83,71.187],[135.844,71.216],[135.827,71.23],[135.875,71.27],[135.846,71.286],[135.617,71.302],[135.605,71.307],[135.639,71.336],[135.616,71.349],[135.5,71.374],[135.403,71.36],[135.375,71.382],[135.224,71.369],[135.19,71.387],[135.123,71.382],[134.772,71.429]],[[135.975,71.158],[135.974,71.159]],[[134.41,68.773],[134.354,68.797],[134.339,68.83],[134.361,68.866],[134.353,68.894],[134.43,68.929],[134.438,69.021],[134.393,69.062],[134.457,69.113],[134.402,69.154],[134.445,69.202],[134.402,69.256],[134.46,69.325],[134.565,69.381],[134.636,69.46],[134.878,69.565],[134.947,69.623],[135.015,69.654],[135.055,69.714],[135.147,69.775],[135.125,69.829],[135.231,69.913],[135.276,69.92],[135.383,69.892],[135.492,69.898],[135.485,69.935],[135.553,69.983],[135.517,70.018],[135.419,70.038],[135.299,70.024],[135.244,70.035],[135.245,70.051],[135.313,70.102],[135.293,70.14],[135.258,70.152],[134.933,70.196],[134.925,70.231],[134.95,70.244],[135.122,70.25],[135.098,70.266],[135.176,70.312],[135.149,70.342],[135.17,70.38],[135.125,70.4],[135.007,70.356],[134.95,70.353],[134.786,70.463],[134.851,70.494],[134.847,70.518],[134.724,70.565],[134.723,70.589],[135.03,70.597],[135.127,70.655],[135.217,70.667],[135.374,70.734],[135.4,70.729],[135.414,70.715],[135.402,70.695],[135.431,70.68],[135.533,70.689],[135.691,70.675],[135.668,70.69],[135.683,70.703],[135.834,70.716],[135.793,70.703],[135.836,70.682],[135.909,70.694],[135.973,70.723],[135.994,70.791],[136.04,70.799],[136.136,70.773],[136.17,70.784],[136.153,70.797],[136.155,70.868],[136.354,70.928],[136.343,70.96],[136.223,70.994],[136.15,71.058],[135.955,71.088],[135.92,71.11],[135.913,71.137],[135.974,71.159]]]}},{"type":"Feature","properties":{"r":7,"n":"Malaya Ob"},"geometry":{"type":"MultiLineString","coordinates":[[[65.046,63.007],[64.902,63.117],[64.907,63.14],[64.997,63.195],[65.001,63.251],[64.963,63.315],[65.066,63.383],[65.196,63.418],[65.247,63.448],[65.25,63.465],[65.183,63.514],[65.204,63.555],[65.169,63.617],[65.162,63.675],[65.191,63.71],[65.315,63.707],[65.34,63.733],[65.304,63.779],[65.334,63.828],[65.32,63.843],[65.33,63.856],[65.405,63.874],[65.512,63.93],[65.591,63.996],[65.606,64.042],[65.552,64.12],[65.544,64.177],[65.458,64.206],[65.455,64.227],[65.498,64.288],[65.416,64.309],[65.412,64.378],[65.344,64.415],[65.409,64.501],[65.404,64.526],[65.37,64.561],[65.247,64.621],[65.215,64.659],[65.229,64.763],[65.178,64.832],[65.231,64.884],[65.164,64.908],[65.141,64.937],[65.003,64.965],[64.976,64.985],[64.973,65.012],[64.998,65.049],[64.891,65.078],[64.827,65.172],[64.819,65.23],[64.736,65.282],[64.712,65.369],[64.729,65.433],[64.655,65.487],[64.653,65.519],[64.781,65.569],[64.874,65.679],[64.982,65.737],[65.081,65.827],[65.163,65.862],[65.431,65.909],[65.46,65.99],[65.704,66.136]]]}},{"type":"Feature","properties":{"r":7,"n":""},"geometry":{"type":"MultiLineString","coordinates":[[[30.755,30.764],[30.685,30.874],[30.409,31.099],[30.168,31.138],[30.046,31.188],[29.958,31.249]]]}},{"type":"Feature","properties":{"r":7,"n":""},"geometry":{"type":"MultiLineString","coordinates":[[[66.534,62.29],[66.396,62.283],[66.349,62.266],[66.307,62.292],[66.237,62.299],[66.159,62.328],[66.019,62.342],[66.027,62.372],[66.015,62.391],[65.937,62.409],[65.875,62.452],[65.635,62.513],[65.63,62.531],[65.677,62.568],[65.587,62.623],[65.521,62.718]],[[73.961,61.182],[73.964,61.149],[74.018,61.113],[73.94,61.09],[73.92,61.06],[73.858,61.059],[73.783,61.08],[73.739,61.068],[73.701,61.094],[73.61,61.084],[73.581,61.098],[73.573,61.126],[73.533,61.129],[73.187,61.074],[73.371,61.06],[73.393,61.046],[73.375,61.031],[73.283,61.02],[73.249,60.986],[73.14,60.988],[73.087,60.951],[72.948,60.942],[72.673,60.994],[72.629,60.975],[72.673,60.945],[72.646,60.93],[72.504,60.956],[72.41,60.998],[72.11,61.006],[72.026,61.033],[71.879,61.016],[71.743,61.062],[71.685,61.06],[71.594,61.099],[71.343,61.109],[71.325,61.139],[71.284,61.147],[71.213,61.115],[71.137,61.115],[71.087,61.094],[70.892,61.116],[70.783,61.157],[70.72,61.163],[70.576,61.156],[70.535,61.137],[70.312,61.163],[70.017,61.152],[69.863,61.184],[69.809,61.17],[69.709,61.175],[69.627,61.141],[69.584,61.162],[69.545,61.141],[69.435,61.129],[69.302,61.151],[69.185,61.101],[69.099,61.13],[69.041,61.109],[68.979,61.122],[68.911,61.102]],[[68.548,61.093],[68.422,61.052],[68.23,61.025],[67.992,61.089],[67.958,61.118],[67.924,61.191],[67.842,61.256],[67.776,61.274],[67.73,61.322],[67.693,61.403],[67.499,61.491],[67.506,61.527],[67.437,61.54],[67.479,61.598],[67.466,61.619],[67.399,61.654],[67.317,61.657],[67.326,61.692],[67.29,61.747],[67.236,61.762],[67.174,61.804],[67.174,61.823],[67.204,61.832],[67.228,61.873],[67.265,61.891],[67.245,61.927],[67.251,61.974],[67.148,61.972],[67.138,61.999],[67.157,62.04],[67.062,62.04],[67.047,62.075],[67.014,62.088],[66.929,62.082],[66.896,62.109],[66.869,62.164],[66.801,62.148],[66.78,62.158],[66.759,62.212],[66.683,62.275]]]}},{"type":"Feature","properties":{"r":7,"n":"Chao Phraya"},"geometry":{"type":"MultiLineString","coordinates":[[[100.141,15.707],[100.118,15.697],[100.097,15.654],[100.097,15.592],[100.077,15.573],[100.109,15.559],[100.097,15.528],[100.111,15.518],[100.111,15.463],[100.131,15.456],[100.117,15.421],[100.083,15.415],[100.097,15.381],[100.07,15.387],[100.092,15.353],[100.06,15.272],[100.083,15.271],[100.084,15.237],[100.122,15.18],[100.242,15.169],[100.289,15.072],[100.303,15.079],[100.379,14.914],[100.394,14.919],[100.41,14.866],[100.44,14.852],[100.447,14.719],[100.464,14.681],[100.447,14.545],[100.459,14.466],[100.427,14.376],[100.461,14.305],[100.488,14.297],[100.512,14.163],[100.543,14.123],[100.529,14.082],[100.553,14.056],[100.541,14.008],[100.571,13.995],[100.574,13.978],[100.542,13.838],[100.498,13.767],[100.513,13.715],[100.495,13.695],[100.549,13.682],[100.571,13.708],[100.596,13.697],[100.583,13.664],[100.55,13.658],[100.543,13.64],[100.598,13.612]],[[100.083,15.237],[100.052,15.163],[100.014,15.131],[100.029,15.093],[100.011,15.067],[100.047,15.04],[100.016,14.99],[100.07,14.939],[100.104,14.826],[100.09,14.794],[100.097,14.709],[100.147,14.651],[100.117,14.487],[100.139,14.421],[100.162,14.401],[100.117,14.175],[100.131,14.12],[100.169,14.096],[100.184,13.98],[100.2,13.975],[100.214,13.927],[100.224,13.836],[100.189,13.807],[100.193,13.79],[100.282,13.774],[100.279,13.755],[100.241,13.749],[100.23,13.721],[100.214,13.729],[100.205,13.714],[100.241,13.708],[100.243,13.689],[100.258,13.691],[100.262,13.715],[100.272,13.708],[100.262,13.66],[100.221,13.664],[100.235,13.64],[100.22,13.627],[100.275,13.517]]]}},{"type":"Feature","properties":{"r":3,"n":"Shiquan"},"geometry":{"type":"MultiLineString","coordinates":[[[81.64,31.45],[81.592,31.404],[81.489,31.394],[81.41,31.475],[81.315,31.506],[81.218,31.601],[81.166,31.741],[81.205,31.841],[81.251,31.895],[81.394,31.986],[81.376,32.019],[81.334,32.019],[81.281,32.049],[81.272,32.092],[81.283,32.173],[81.244,32.201],[81.212,32.321],[81.156,32.375],[81.054,32.402],[81.006,32.448],[80.865,32.475],[80.736,32.539],[80.648,32.553],[80.196,32.552],[80.025,32.486],[79.889,32.479],[79.735,32.444]]]}},{"type":"Feature","properties":{"r":3,"n":"Columbia"},"geometry":{"type":"MultiLineString","coordinates":[[[-118.53,52.102],[-118.567,52.084],[-118.598,52.035],[-118.58,51.974],[-118.586,51.888],[-118.654,51.83],[-118.686,51.766],[-118.668,51.672],[-118.627,51.637],[-118.61,51.584],[-118.539,51.543],[-118.394,51.343],[-118.254,51.261],[-118.214,51.191],[-118.214,51.143],[-118.189,51.073],[-118.22,51.026],[-118.215,50.976],[-118.183,50.932],[-118.122,50.889],[-118.12,50.857],[-118.014,50.812],[-117.982,50.726],[-117.906,50.683]],[[-117.873,51.87],[-117.99,51.919],[-118.066,51.972],[-118.26,52.033],[-118.366,52.09]],[[-115.865,50.287],[-115.872,50.335],[-115.895,50.368],[-115.991,50.455],[-116.153,50.693],[-116.352,50.86],[-116.436,50.955],[-116.871,51.175],[-117.112,51.453],[-117.253,51.505],[-117.394,51.524],[-117.504,51.629],[-117.517,51.659]],[[-117.88,50.103],[-117.93,50.089],[-117.9,50.017],[-117.91,49.992],[-118.068,49.908],[-118.085,49.883],[-118.092,49.802]],[[-117.907,49.342],[-117.715,49.346],[-117.659,49.327],[-117.663,49.228],[-117.722,49.167],[-117.728,49.12],[-117.647,49.085],[-117.621,49.033],[-117.647,48.988],[-117.739,48.952],[-117.937,48.816],[-118.003,48.8],[-118.062,48.746],[-118.042,48.679],[-118.074,48.664]],[[-118.168,48.232],[-118.196,48.171],[-118.189,48.15],[-118.232,48.108],[-118.253,48.037],[-118.377,48.03],[-118.383,48.012],[-118.346,47.965],[-118.339,47.893],[-118.366,47.839],[-118.411,47.841],[-118.466,47.876],[-118.514,47.876],[-118.571,47.925],[-118.679,47.938],[-118.716,47.91],[-118.764,47.904],[-118.846,47.94],[-118.948,47.932],[-118.963,47.939],[-118.976,48.019],[-119.024,48.048],[-119.062,48.122],[-119.141,48.136],[-119.271,48.096],[-119.312,48.108],[-119.364,48.041],[-119.504,48.07],[-119.652,48.009],[-119.707,48.016],[-119.689,48.06],[-119.702,48.075],[-119.778,48.095],[-119.806,48.075],[-119.853,48.073],[-119.9,48.044],[-119.861,47.938],[-119.905,47.907],[-119.905,47.872],[-119.95,47.841],[-119.962,47.814],[-120.005,47.787],[-120.111,47.787],[-120.19,47.753],[-120.179,47.688],[-120.199,47.667],[-120.217,47.596],[-120.277,47.538],[-120.282,47.453],[-120.236,47.399],[-120.082,47.353],[-120.068,47.258],[-119.997,47.225],[-119.991,47.16],[-120.018,47.088],[-119.984,46.999],[-119.943,46.944],[-119.943,46.865],[-119.922,46.831],[-119.938,46.743],[-119.913,46.678],[-119.843,46.639],[-119.612,46.663],[-119.514,46.734],[-119.471,46.734],[-119.395,46.67],[-119.364,46.62],[-119.258,46.514],[-119.251,46.283],[-119.052,46.224]],[[-118.919,46.08],[-118.952,46.024],[-119.093,45.949],[-119.575,45.928],[-119.663,45.872],[-119.934,45.838],[-120.127,45.789],[-120.23,45.737],[-120.29,45.74],[-120.363,45.715],[-120.47,45.71],[-120.621,45.731],[-120.844,45.651],[-120.9,45.642],[-121.044,45.653],[-121.155,45.622],[-121.204,45.685],[-121.272,45.709],[-121.57,45.729],[-121.718,45.71],[-121.793,45.721],[-121.971,45.642],[-122.15,45.594]],[[-122.15,45.594],[-122.261,45.566],[-122.342,45.587],[-122.426,45.588],[-122.54,45.622],[-122.595,45.614],[-122.698,45.636],[-122.748,45.679],[-122.753,45.782],[-122.78,45.82],[-122.774,45.881],[-122.807,45.978],[-122.85,46.011],[-122.892,46.092],[-123.092,46.183],[-123.206,46.167]]]}},{"type":"Feature","properties":{"r":3,"n":"Firat"},"geometry":{"type":"MultiLineString","coordinates":[[[41.455,40.18],[41.319,40.005],[41.277,39.982],[41.027,39.961],[40.87,39.92],[40.769,39.941],[40.689,39.921],[40.469,39.954],[40.383,39.934],[40.303,39.94],[40.16,39.9],[40.14,39.856],[40.251,39.764],[40.259,39.728],[40.199,39.674],[40.184,39.593],[40.102,39.56],[39.91,39.584],[39.575,39.694],[39.451,39.701],[39.409,39.694],[39.306,39.631],[39.201,39.612],[39.048,39.616],[38.976,39.592],[38.866,39.582],[38.827,39.557],[38.756,39.545],[38.712,39.5],[38.64,39.513],[38.571,39.495],[38.522,39.457],[38.458,39.454],[38.361,39.399],[38.368,39.371],[38.425,39.318],[38.581,39.225],[38.62,39.172],[38.711,39.166],[38.715,39.121],[38.736,39.105],[38.74,39.078]],[[38.768,38.813],[38.677,38.765],[38.636,38.782],[38.619,38.748],[38.509,38.757],[38.471,38.741]],[[39.073,38.348],[39.115,38.344],[39.145,38.308],[39.115,38.193],[39.141,38.179],[39.222,38.205],[39.253,38.18],[39.256,38.153],[39.225,38.064],[39.15,38.021],[39.072,38],[39.04,37.925],[38.983,37.899]],[[38.327,37.49],[38.272,37.476],[38.25,37.449],[38.207,37.454],[38.18,37.412],[38.094,37.454],[38.066,37.437],[37.99,37.445],[37.896,37.364],[37.852,37.304],[37.841,37.268],[37.867,37.249],[37.875,37.213],[37.853,37.227],[37.841,37.203],[37.876,37.131],[37.869,37.065],[37.923,37.042],[37.979,37.05],[37.964,36.999],[38.008,36.957],[38.019,36.904],[38.041,36.88],[38.021,36.871],[38.026,36.836]]]}},{"type":"Feature","properties":{"r":3,"n":"Huang"},"geometry":{"type":"MultiLineString","coordinates":[[[96.164,35.13],[96.249,35.109],[96.483,35.106],[96.655,35.05],[96.811,35.061],[96.89,35.007],[96.975,34.992],[97.015,34.937],[97.072,34.931]],[[97.763,35.088],[97.796,35.111],[97.849,35.112],[97.992,35.081],[98.124,34.937],[98.137,34.893],[98.378,34.815],[98.396,34.774],[98.401,34.649],[98.381,34.619],[98.327,34.598],[98.33,34.575],[98.395,34.547],[98.466,34.492],[98.49,34.424],[98.515,34.401],[98.627,34.357],[98.71,34.355],[98.724,34.369],[98.724,34.455],[98.783,34.451],[98.837,34.479],[98.953,34.459],[98.987,34.431],[99.002,34.437],[99.056,34.41],[99.07,34.362],[99.035,34.27],[99.076,34.153],[99.049,34.071],[99.062,33.971],[99.097,33.95],[99.111,33.913],[99.172,33.876],[99.248,33.784],[99.306,33.747],[99.377,33.753],[99.392,33.784],[99.378,33.814],[99.395,33.827],[99.525,33.803],[99.542,33.773],[99.569,33.766],[99.646,33.766],[99.703,33.807],[99.771,33.8],[99.837,33.776],[99.906,33.718],[99.999,33.676],[100.08,33.588],[100.159,33.574],[100.289,33.692],[100.255,33.746],[100.241,33.739],[100.246,33.76],[100.317,33.746],[100.358,33.756],[100.48,33.83],[100.565,33.855],[100.664,33.926],[100.766,33.928],[100.815,33.88],[100.831,33.883],[100.87,33.808],[100.926,33.786],[100.913,33.759],[100.959,33.738],[100.996,33.752],[101.001,33.727],[101.017,33.73],[101.034,33.772],[101.015,33.84],[101.018,33.872],[101.035,33.877],[101.112,33.862],[101.183,33.786],[101.288,33.711],[101.323,33.718],[101.377,33.697],[101.39,33.677],[101.418,33.695],[101.454,33.684],[101.509,33.705],[101.607,33.67],[101.754,33.68],[101.838,33.606],[101.893,33.526],[101.889,33.489],[101.975,33.404],[102.097,33.34],[102.174,33.335],[102.267,33.419],[102.386,33.41],[102.462,33.458],[102.454,33.472],[102.482,33.465],[102.453,33.523],[102.46,33.542],[102.482,33.54],[102.356,33.609],[102.324,33.653],[102.343,33.725],[102.335,33.736],[102.29,33.725],[102.324,33.752],[102.299,33.781],[102.247,33.798],[102.264,33.826],[102.167,33.946],[102.133,33.965],[102.05,33.958],[101.943,34.011],[101.913,33.999],[101.803,34.075],[101.76,34.073],[101.729,34.109],[101.647,34.136],[101.611,34.191],[101.323,34.259],[101.266,34.297],[101.234,34.301],[101.222,34.335],[101.197,34.345],[101.194,34.396],[101.166,34.406],[101.14,34.5],[101.061,34.506],[101.002,34.547],[100.929,34.552],[100.861,34.718],[100.763,34.678],[100.675,34.676],[100.618,34.691],[100.495,34.805],[100.336,34.834],[100.289,34.917],[100.286,34.985],[100.249,35.046],[100.247,35.174],[100.22,35.241],[100.271,35.295],[100.205,35.331],[100.214,35.378],[100.193,35.371],[100.191,35.402],[100.131,35.467],[100.159,35.484],[100.166,35.533],[100.208,35.574],[100.296,35.772],[100.348,35.775],[100.391,35.801],[100.447,35.779],[100.455,35.83],[100.497,35.842],[100.543,35.889],[100.591,35.889],[100.638,35.913],[100.642,35.936],[100.72,35.989],[100.742,36.071],[100.842,36.14],[101.005,36.132],[101.064,36.146],[101.092,36.101],[101.166,36.118],[101.191,36.088],[101.262,36.091],[101.392,36.051],[101.479,36.066],[101.666,36.182],[101.697,36.184],[101.783,36.146],[101.84,36.141],[101.913,36.087],[101.913,36.068],[101.958,36.053],[101.948,36.039],[102.016,35.992],[102.074,35.855],[102.099,35.83],[102.164,35.834],[102.246,35.875],[102.441,35.888],[102.605,35.842],[102.735,35.83],[102.787,35.86],[102.837,35.861],[103.009,35.826],[103.116,35.778],[103.287,35.854],[103.359,35.912],[103.204,35.961],[103.189,35.99],[103.261,36.066],[103.392,36.131],[103.455,36.189],[103.503,36.182],[103.554,36.127],[103.646,36.147],[103.698,36.099],[103.876,36.065],[104.035,36.078],[104.048,36.137],[104.023,36.148],[104.019,36.182],[104.127,36.244],[104.157,36.3],[104.233,36.368],[104.345,36.39],[104.42,36.451],[104.494,36.46],[104.546,36.503],[104.608,36.529],[104.639,36.572],[104.71,36.606],[104.723,36.692],[104.613,36.773],[104.592,36.833],[104.466,36.891],[104.409,36.882],[104.393,36.906],[104.336,36.901],[104.337,37.007],[104.299,37.08],[104.317,37.123],[104.36,37.135],[104.306,37.157],[104.311,37.168],[104.439,37.203],[104.47,37.196],[104.603,37.34],[104.801,37.372],[104.857,37.408],[104.939,37.409],[104.993,37.442],[104.997,37.473],[105.052,37.454],[105.117,37.487],[105.23,37.48],[105.275,37.494],[105.573,37.501],[105.876,37.586],[105.94,37.688],[105.963,37.816],[105.993,37.885],[106.071,37.954],[106.169,38.008],[106.221,38.082],[106.226,38.127],[106.278,38.233],[106.408,38.362],[106.517,38.427],[106.573,38.527],[106.536,38.535],[106.519,38.573],[106.54,38.621],[106.594,38.666],[106.573,38.71],[106.604,38.721],[106.608,38.752],[106.649,38.804],[106.84,38.988],[106.866,39.043],[106.854,39.077],[106.882,39.105],[106.848,39.164],[106.808,39.199],[106.809,39.309],[106.75,39.419],[106.785,39.675],[106.752,39.704],[106.766,39.763],[106.745,39.855],[106.71,39.899],[106.738,39.92],[106.738,39.972],[106.709,40.038],[106.727,40.063],[106.859,40.18],[106.87,40.184],[106.874,40.167],[107.007,40.257],[107.058,40.333],[107.128,40.352],[107.152,40.376],[107.159,40.402],[107.142,40.454],[107.214,40.499],[107.204,40.564],[107.271,40.638],[107.395,40.661],[107.514,40.739],[107.561,40.737],[107.644,40.775],[107.707,40.771],[107.7,40.83],[107.758,40.859],[107.862,40.87],[107.916,40.85],[108.087,40.848],[108.173,40.88],[108.198,40.839],[108.241,40.814],[108.269,40.827],[108.307,40.811],[108.438,40.817],[108.485,40.759],[108.551,40.718],[108.591,40.662],[108.67,40.643],[108.697,40.612],[108.766,40.612],[108.764,40.573],[108.83,40.543],[108.879,40.564],[108.9,40.53],[108.989,40.523],[109.006,40.557],[109.026,40.545],[109.047,40.557],[109.058,40.525],[109.098,40.547],[109.207,40.512],[109.198,40.489],[109.287,40.523],[109.28,40.49],[109.397,40.468],[109.472,40.502],[109.431,40.515],[109.499,40.53],[109.506,40.517],[109.608,40.551],[109.665,40.497],[109.713,40.475],[109.749,40.498],[109.901,40.523],[109.953,40.504],[109.972,40.523],[109.988,40.512],[110.083,40.523],[110.123,40.503],[110.168,40.54],[110.203,40.54],[110.246,40.474],[110.304,40.481],[110.294,40.461],[110.307,40.453],[110.356,40.451],[110.43,40.388],[110.467,40.395],[110.479,40.372],[110.507,40.381],[110.606,40.317],[110.658,40.322],[110.88,40.255],[110.987,40.262],[111.035,40.297],[111.22,40.173],[111.303,40.156],[111.37,40.091],[111.405,40.026],[111.435,39.906],[111.359,39.75],[111.463,39.62],[111.425,39.625],[111.421,39.522],[111.317,39.429],[111.164,39.423],[111.11,39.385],[111.151,39.357],[111.167,39.365],[111.227,39.297],[111.118,39.067],[110.995,39.004],[110.973,38.974],[111.003,38.903],[110.98,38.817],[110.872,38.621],[110.901,38.58],[110.897,38.535],[110.853,38.457],[110.774,38.426],[110.746,38.378],[110.671,38.317],[110.579,38.287],[110.569,38.227],[110.511,38.202],[110.5,38.166],[110.515,37.955],[110.577,37.931],[110.653,37.813],[110.743,37.765],[110.744,37.732],[110.705,37.714],[110.794,37.658],[110.767,37.638],[110.789,37.561],[110.738,37.469],[110.637,37.418],[110.633,37.379],[110.687,37.357],[110.665,37.282],[110.537,37.155],[110.46,37.051],[110.418,37.035],[110.445,37.022],[110.427,37.01],[110.373,37.018],[110.418,36.967],[110.395,36.907],[110.369,36.891],[110.411,36.85],[110.418,36.816],[110.397,36.781],[110.377,36.775],[110.418,36.754],[110.418,36.734],[110.439,36.742],[110.441,36.726],[110.421,36.693],[110.39,36.689],[110.483,36.593],[110.499,36.524],[110.459,36.349],[110.473,36.264],[110.445,36.185],[110.447,36.142],[110.511,35.887],[110.541,35.884],[110.56,35.849],[110.575,35.712],[110.62,35.597],[110.603,35.554],[110.556,35.508],[110.547,35.438],[110.496,35.404],[110.425,35.294],[110.373,35.255],[110.335,35.198],[110.259,34.945],[110.272,34.881],[110.237,34.801],[110.252,34.663],[110.27,34.637]],[[97.288,34.835],[97.301,34.818],[97.406,34.818],[97.485,34.871],[97.547,34.876]]]}},{"type":"Feature","properties":{"r":3,"n":"Abay"},"geometry":{"type":"MultiLineString","coordinates":[[[37.179,11.036],[37.099,11.093],[37.046,11.19],[36.998,11.193],[36.963,11.265],[36.973,11.325],[37.018,11.372],[36.998,11.494],[37.073,11.598],[37.061,11.635],[37.11,11.648],[37.162,11.722],[37.202,11.721],[37.175,11.769],[37.115,11.809],[37.113,11.855]]]}},{"type":"Feature","properties":{"r":3,"n":"Volga"},"geometry":{"type":"MultiLineString","coordinates":[[[38.301,57.572],[38.36,57.623],[38.423,57.737],[38.494,57.824],[38.484,57.866],[38.497,57.905],[38.454,57.964],[38.437,58.018]],[[40.007,57.567],[39.932,57.595],[39.88,57.654],[39.802,57.703],[39.786,57.792],[39.757,57.81],[39.69,57.797],[39.66,57.809],[39.605,57.867],[39.427,57.949],[39.345,57.956],[39.249,58.012],[39.17,58.034],[38.845,58.063],[38.704,58.113]],[[41.344,57.493],[41.48,57.479],[41.633,57.432],[41.737,57.447],[41.839,57.432],[42.039,57.508],[42.109,57.494],[42.183,57.446],[42.325,57.476],[42.474,57.443],[42.529,57.412],[42.576,57.415]],[[32.598,57.25],[32.609,57.151],[32.681,57.079],[32.673,56.986],[32.703,56.965],[32.703,56.945],[32.82,56.921],[32.907,56.945],[32.968,56.922],[33.051,56.942],[33.113,56.922],[33.159,56.934],[33.241,56.89],[33.331,56.9],[33.388,56.857],[33.503,56.845],[33.651,56.794],[33.663,56.774],[33.693,56.769],[33.745,56.679],[33.842,56.664],[33.921,56.586],[34.027,56.527],[34.017,56.498],[33.986,56.503],[33.838,56.455],[33.823,56.438],[33.863,56.412],[33.955,56.36],[34.04,56.353],[34.086,56.31],[34.235,56.31],[34.345,56.252],[34.454,56.241],[34.611,56.189],[34.776,56.232],[34.792,56.243],[34.784,56.263],[34.841,56.266],[34.853,56.278],[34.827,56.292],[34.839,56.307],[34.923,56.361],[34.919,56.381],[34.866,56.394],[34.896,56.44],[34.965,56.481],[34.914,56.545],[34.927,56.567],[35.001,56.59],[35.093,56.572],[35.183,56.589],[35.36,56.709],[35.371,56.733],[35.45,56.73],[35.574,56.769],[35.604,56.79],[35.599,56.818],[35.664,56.851],[35.745,56.846],[35.802,56.862],[35.976,56.87],[36.103,56.804],[36.334,56.775],[36.354,56.757],[36.34,56.715],[36.375,56.706]],[[37.148,56.752],[37.239,56.781],[37.473,56.898],[37.487,56.953],[37.475,57.004],[37.49,57.045],[37.533,57.088],[37.622,57.127],[37.667,57.193],[37.714,57.212],[37.761,57.291]],[[43.432,56.675],[43.732,56.437],[43.892,56.399],[43.979,56.337],[44.079,56.33],[44.152,56.304],[44.195,56.268],[44.218,56.222],[44.213,56.184],[44.393,56.168],[44.446,56.128],[44.54,56.106],[44.606,56.062],[44.716,56.064],[44.848,56.098],[45.084,56.097],[45.195,56.142]],[[47.463,56.157],[47.871,56.136],[47.905,56.114],[47.937,56.031],[47.994,55.952],[48.285,55.846],[48.984,55.763],[49.009,55.744],[49.015,55.707],[49.007,55.599],[49.059,55.483]],[[49.905,53.457],[50.016,53.474],[50.088,53.454],[50.153,53.366],[50.176,53.291],[50.169,53.257],[50.008,53.171],[49.956,53.174],[49.861,53.218],[49.805,53.227],[49.615,53.158],[49.456,53.132],[49.411,53.148],[49.344,53.214],[49.045,53.235],[48.808,53.164],[48.662,53.138]],[[47.769,52.074],[47.712,52.037],[47.495,52.073],[47.438,52.061],[47.18,51.953],[47.092,51.933],[47.02,51.865],[46.777,51.741]],[[45.664,50.222],[45.432,50.089],[45.361,49.959],[45.345,49.839],[45.359,49.789],[45.259,49.678],[45.144,49.58],[45.091,49.501],[45.075,49.448],[45.034,49.413],[44.962,49.259],[44.984,49.202],[44.969,49.155],[44.828,49.005],[44.729,48.935],[44.631,48.769],[44.518,48.689],[44.46,48.623],[44.449,48.604],[44.461,48.585],[44.544,48.524],[44.656,48.534],[44.728,48.492],[44.999,48.426],[45.173,48.46],[45.268,48.426],[45.392,48.406],[45.417,48.421],[45.441,48.478],[45.468,48.479],[45.519,48.449],[45.638,48.424],[45.698,48.382],[45.831,48.369],[45.88,48.333],[45.957,48.322],[45.988,48.294],[45.996,48.253],[46.077,48.236],[46.16,48.168],[46.167,48.149],[46.129,48.078],[46.123,47.984],[46.142,47.936],[46.226,47.892],[46.346,47.863],[46.364,47.782],[46.412,47.762],[46.503,47.765],[46.542,47.747],[46.593,47.703],[46.612,47.656],[46.689,47.609],[46.838,47.451],[46.984,47.425],[47.081,47.337],[47.095,47.302],[47.076,47.213],[47.087,47.201],[47.192,47.183],[47.403,47.032],[47.504,47.015],[47.589,46.971],[47.602,46.954],[47.564,46.873],[47.572,46.855],[47.619,46.836],[47.73,46.855],[47.776,46.774],[47.842,46.735]],[[47.842,46.735],[47.94,46.718],[48.01,46.725],[48.155,46.669],[48.205,46.666],[48.231,46.618],[48.238,46.548],[48.268,46.511],[48.255,46.461],[48.266,46.423],[48.459,46.334],[48.517,46.266],[48.51,46.249],[48.565,46.134],[48.627,46.087]],[[47.842,46.735],[47.909,46.603],[48.012,46.527],[48.015,46.504],[47.972,46.462],[47.971,46.442],[48.014,46.403],[48.018,46.364],[47.9,46.214],[47.809,46.144],[47.794,46.112],[47.757,46.095],[47.741,46.075],[47.739,46.015],[47.644,45.961],[47.647,45.93],[47.625,45.88],[47.633,45.834],[47.539,45.807],[47.556,45.766]]]}},{"type":"Feature","properties":{"r":6,"n":"Kama"},"geometry":{"type":"MultiLineString","coordinates":[[[53.694,58.206],[53.701,58.232],[53.677,58.273],[53.631,58.302],[53.617,58.339],[53.66,58.371],[53.671,58.409],[53.588,58.415],[53.552,58.394],[53.429,58.435],[53.439,58.485],[53.483,58.535],[53.515,58.548],[53.523,58.583],[53.492,58.587],[53.381,58.672],[53.351,58.747],[53.3,58.78],[53.26,58.785],[53.263,58.82],[53.191,58.861],[53.208,58.947],[53.247,58.99],[53.189,59.052],[53.224,59.068],[53.226,59.09],[53.17,59.094],[53.15,59.128],[53.105,59.137],[53.084,59.172],[52.986,59.223],[52.964,59.282],[52.917,59.32],[52.906,59.381],[52.86,59.38],[52.903,59.471],[52.772,59.511],[52.755,59.544],[52.71,59.546],[52.689,59.582],[52.628,59.584],[52.609,59.649],[52.59,59.654],[52.609,59.68],[52.6,59.706],[52.646,59.713],[52.657,59.731],[52.79,59.727],[52.81,59.769],[52.874,59.803],[52.926,59.866],[52.919,59.922],[52.964,59.917],[52.961,59.944],[52.999,59.966],[53.279,60.025],[53.348,60.06],[53.427,60.058],[53.502,60.132],[53.719,60.156],[53.684,60.17],[53.784,60.204],[53.845,60.204],[53.855,60.238],[54.006,60.334],[54.267,60.361],[54.391,60.277],[54.521,60.239],[54.799,60.234],[54.849,60.245],[55.035,60.226],[55.118,60.185],[55.238,60.216],[55.27,60.241],[55.571,60.311],[55.642,60.368],[55.693,60.478],[55.873,60.5],[56.129,60.412],[56.13,60.361],[56.165,60.334],[56.144,60.299],[56.165,60.251],[56.144,60.224],[56.144,60.176],[56.168,60.155],[56.236,60.159],[56.277,60.14],[56.299,60.052],[56.287,59.964],[56.364,59.923]],[[56.309,58.059],[56.201,58.028],[56,58.022],[55.946,58.003],[55.891,57.949],[55.864,57.944],[55.806,57.957],[55.788,58.059],[55.687,58.076],[55.646,58.052],[55.623,57.998],[55.475,57.896],[55.44,57.825],[55.373,57.821],[55.299,57.877],[55.247,57.874]],[[54.088,56.771],[53.996,56.736],[53.949,56.74],[53.898,56.823],[53.831,56.839],[53.766,56.822],[53.743,56.794],[53.753,56.685],[53.781,56.654],[53.8,56.528],[53.858,56.406],[54.035,56.343],[54.157,56.24],[54.185,56.188],[54.099,56.144],[54.047,56.058],[54.006,56.029],[53.949,56.022],[53.774,56.051],[53.643,55.982],[53.565,55.97],[53.539,55.94]],[[52.277,55.696],[52.122,55.69],[51.998,55.723]]]}},{"type":"Feature","properties":{"r":3,"n":"Al Furat"},"geometry":{"type":"MultiLineString","coordinates":[[[38.026,36.836],[38.032,36.781],[38.046,36.74],[38.066,36.74],[38.067,36.71],[38.098,36.679],[38.21,36.648],[38.293,36.528],[38.267,36.512],[38.256,36.463],[38.203,36.439],[38.184,36.342]],[[38.56,35.863],[38.608,35.87],[38.66,35.85],[38.721,35.85],[38.741,35.853],[38.759,35.884],[38.739,35.89],[38.743,35.91],[38.8,35.912],[38.813,35.932],[39.034,35.929],[39.088,35.884],[39.141,35.886],[39.244,35.86],[39.283,35.829],[39.396,35.85],[39.4,35.811],[39.417,35.801],[39.492,35.809],[39.554,35.781],[39.591,35.793],[39.582,35.766],[39.595,35.76],[39.622,35.795],[39.743,35.732],[39.766,35.753],[39.805,35.735],[39.836,35.682],[39.832,35.626],[39.856,35.589],[39.889,35.589],[39.878,35.569],[39.899,35.562],[39.917,35.527],[39.948,35.535],[40.059,35.461],[40.077,35.418],[40.109,35.395],[40.102,35.37],[40.143,35.356],[40.17,35.327],[40.227,35.309],[40.232,35.288],[40.267,35.308],[40.253,35.267],[40.294,35.28],[40.328,35.267],[40.338,35.236],[40.418,35.212],[40.397,35.185],[40.429,35.135],[40.431,35.082],[40.439,35.067],[40.471,35.067],[40.444,35.035],[40.465,35.031],[40.492,34.986],[40.528,34.989],[40.566,34.959],[40.581,34.883],[40.598,34.871],[40.623,34.883],[40.618,34.834],[40.638,34.797],[40.698,34.781],[40.767,34.718],[40.79,34.714],[40.804,34.729],[40.829,34.698],[40.808,34.67],[40.839,34.65],[40.87,34.67],[40.892,34.627],[40.927,34.618],[40.918,34.578],[40.945,34.528],[40.922,34.501],[40.931,34.468],[40.993,34.428]]]}},{"type":"Feature","properties":{"r":1,"n":"Kagera"},"geometry":{"type":"MultiLineString","coordinates":[[[29.594,-2.984],[29.631,-3.014],[29.689,-3.014],[29.731,-3.053],[29.825,-3.041],[29.904,-3.068],[29.898,-3.17],[29.961,-3.16],[30.015,-3.232],[30.018,-3.278],[29.98,-3.334],[30.003,-3.37],[30.021,-3.375],[30.038,-3.347],[30.09,-3.328],[30.156,-3.317],[30.358,-3.136],[30.376,-3.069],[30.41,-3.05],[30.415,-3.011],[30.488,-2.943],[30.474,-2.903],[30.415,-2.851],[30.458,-2.729],[30.562,-2.608],[30.672,-2.58],[30.782,-2.47],[30.767,-2.447],[30.782,-2.375],[30.844,-2.327],[30.844,-2.238],[30.887,-2.082],[30.853,-2.024],[30.816,-2.018],[30.826,-1.934],[30.796,-1.929],[30.824,-1.902],[30.816,-1.884],[30.837,-1.837],[30.824,-1.73],[30.838,-1.615],[30.83,-1.594],[30.807,-1.603],[30.791,-1.591],[30.738,-1.489],[30.737,-1.407],[30.632,-1.368],[30.555,-1.318],[30.554,-1.273],[30.511,-1.17],[30.467,-1.155],[30.47,-1.118],[30.453,-1.097],[30.472,-1.065],[30.638,-1.073],[30.687,-1.025],[30.777,-0.986],[30.907,-1.022],[31.047,-1.183],[31.08,-1.189],[31.117,-1.168],[31.184,-1.179],[31.282,-1.242],[31.304,-1.251],[31.327,-1.232],[31.358,-1.251],[31.387,-1.231],[31.431,-1.234],[31.441,-1.203],[31.461,-1.231],[31.477,-1.194],[31.499,-1.211],[31.515,-1.196],[31.536,-1.21],[31.563,-1.2],[31.577,-1.152],[31.563,-1.142],[31.608,-1.066],[31.604,-1.029],[31.689,-0.976],[31.742,-0.97],[31.735,-0.949],[31.768,-0.936]]]}},{"type":"Feature","properties":{"r":3,"n":"Zambezi"},"geometry":{"type":"MultiLineString","coordinates":[[[24.266,-11.379],[24.33,-11.324],[24.347,-11.288],[24.323,-11.134],[24.295,-11.092],[24.272,-11.085],[24.131,-11.125],[23.982,-11.127],[23.932,-11.187],[23.848,-11.228],[23.66,-11.401],[23.416,-11.489],[23.302,-11.618],[23.204,-11.636],[22.91,-11.851],[22.771,-11.903],[22.718,-11.972],[22.681,-12.135],[22.557,-12.258],[22.525,-12.334],[22.559,-12.462],[22.54,-12.61],[22.565,-12.7],[22.672,-12.846],[22.703,-12.928],[22.699,-13.01],[22.676,-13.04],[22.7,-13.112],[22.716,-13.134],[22.751,-13.126],[22.771,-13.161],[22.836,-13.187],[22.946,-13.276],[22.964,-13.305],[22.956,-13.319],[22.994,-13.325],[23.034,-13.359],[23.134,-13.651],[23.177,-13.684],[23.168,-13.716],[23.239,-13.757],[23.217,-13.781],[23.196,-13.868],[23.223,-13.912],[23.237,-14.058],[23.196,-14.114],[23.183,-14.163],[23.191,-14.254],[23.23,-14.378],[23.167,-14.441],[23.158,-14.501],[23.066,-14.638],[23.068,-14.693],[23.012,-14.816],[23.019,-14.861],[22.977,-14.898],[22.96,-14.953],[22.943,-15.039],[22.964,-15.108],[22.928,-15.186],[22.936,-15.224],[22.965,-15.243],[22.998,-15.306],[22.969,-15.313],[23.039,-15.368],[23.039,-15.389],[23.077,-15.426],[23.119,-15.441],[23.115,-15.5],[23.135,-15.56],[23.121,-15.565],[23.142,-15.604],[23.085,-15.687],[23.109,-15.697],[23.112,-15.68],[23.121,-15.692],[23.166,-15.799],[23.162,-15.82],[23.224,-15.888],[23.223,-15.943],[23.245,-15.982],[23.23,-16.011],[23.285,-16.098],[23.278,-16.313],[23.308,-16.352],[23.315,-16.389],[23.355,-16.401],[23.5,-16.602],[23.536,-16.617],[23.58,-16.67],[23.621,-16.67],[23.649,-16.706],[23.771,-16.792],[23.906,-16.933],[23.971,-16.971],[23.992,-17.014],[24.023,-17.028],[24.098,-17.2],[24.149,-17.266],[24.161,-17.357],[24.23,-17.435],[24.238,-17.478],[24.321,-17.489],[24.388,-17.471],[24.571,-17.533],[24.639,-17.492],[24.898,-17.531],[24.937,-17.561],[24.958,-17.552],[24.998,-17.588],[25.036,-17.581],[25.033,-17.608],[25.088,-17.643],[25.122,-17.698],[25.138,-17.686],[25.19,-17.755],[25.242,-17.77],[25.335,-17.841],[25.516,-17.862],[25.681,-17.811],[25.849,-17.907],[25.863,-17.924],[25.847,-17.929],[25.853,-17.96],[25.924,-17.999],[25.978,-17.999],[26.095,-17.958],[26.095,-17.938],[26.211,-17.883],[26.239,-17.91],[26.318,-17.934],[26.408,-17.939],[26.57,-18.003],[26.628,-18.049],[26.7,-18.069],[26.753,-18.033],[26.888,-17.984],[26.912,-17.992],[26.959,-17.965],[27.021,-17.958]],[[32.708,-15.58],[32.745,-15.555],[32.788,-15.552],[32.998,-15.588],[33.04,-15.673],[33.088,-15.714],[33.119,-15.771],[33.167,-15.807],[33.239,-15.823],[33.389,-15.984],[33.457,-16.026],[33.511,-16.134],[33.589,-16.159],[33.823,-16.423],[33.916,-16.555],[34.001,-16.592],[34.017,-16.629],[34.117,-16.633],[34.22,-16.699],[34.408,-16.731],[34.671,-16.87],[34.77,-16.902],[34.861,-16.975],[34.908,-17.115],[35.085,-17.492],[35.105,-17.568],[35.209,-17.659],[35.343,-17.74],[35.423,-17.82],[35.449,-17.9],[35.498,-17.93],[35.526,-17.98],[35.614,-18.034]],[[28.761,-16.532],[28.822,-16.471],[28.857,-16.388],[28.836,-16.306],[28.864,-16.231],[28.847,-16.203],[28.87,-16.087],[28.857,-16.06],[28.877,-16.022],[28.932,-15.964],[29.042,-15.946],[29.086,-15.884],[29.186,-15.813],[29.407,-15.714],[29.508,-15.704],[29.587,-15.656],[29.672,-15.663],[29.837,-15.615],[30.01,-15.646],[30.129,-15.624],[30.207,-15.653],[30.254,-15.629],[30.328,-15.652],[30.431,-15.628],[30.577,-15.656],[30.673,-15.621],[30.796,-15.642]],[[35.614,-18.034],[35.669,-18.03],[35.831,-18.113],[35.851,-18.129],[35.84,-18.15],[35.895,-18.218],[35.893,-18.244],[36.017,-18.308],[36.088,-18.369],[36.149,-18.521],[36.158,-18.592],[36.119,-18.615],[36.127,-18.698],[36.108,-18.706],[36.13,-18.72],[36.155,-18.711],[36.192,-18.76],[36.134,-18.808]],[[35.614,-18.034],[35.757,-18.081]],[[36.072,-18.348],[36.186,-18.369],[36.299,-18.5],[36.306,-18.479],[36.375,-18.507],[36.375,-18.525],[36.433,-18.53],[36.439,-18.557],[36.47,-18.561]]]}},{"type":"Feature","properties":{"r":3,"n":"Shire"},"geometry":{"type":"MultiLineString","coordinates":[[[35.257,-14.504],[35.269,-14.464],[35.24,-14.442],[35.236,-14.401]],[[35.278,-14.758],[35.313,-14.826],[35.305,-14.953],[35.236,-15.052],[35.181,-15.223],[35.095,-15.315],[34.948,-15.368],[34.911,-15.395],[34.843,-15.546],[34.765,-15.594],[34.765,-15.673],[34.736,-15.715],[34.754,-15.85],[34.812,-16.073],[34.87,-16.105],[34.921,-16.176],[34.937,-16.25],[34.918,-16.296],[34.938,-16.371],[35.086,-16.455],[35.174,-16.625],[35.223,-16.642],[35.278,-16.701],[35.285,-16.787],[35.31,-16.851],[35.285,-16.871],[35.285,-16.93],[35.27,-16.944],[35.314,-16.982],[35.298,-17.014],[35.307,-17.087],[35.291,-17.129],[35.301,-17.26],[35.336,-17.36],[35.319,-17.426],[35.326,-17.704]]]}},{"type":"Feature","properties":{"r":3,"n":"Amur"},"geometry":{"type":"MultiLineString","coordinates":[[[140.707,53.111],[140.584,53.085],[140.502,53.111],[140.338,53.201],[140.263,53.222],[139.916,53.213],[139.87,53.188],[139.82,53.066],[139.704,52.972],[139.706,52.953],[139.753,52.925],[140,52.837],[140.094,52.773],[140.111,52.747],[140.088,52.693],[140.135,52.619],[140.167,52.602],[140.304,52.583],[140.438,52.43],[140.454,52.348],[140.405,52.279],[140.368,52.159],[140.252,52.093],[140.164,52.009],[140.242,51.86],[140.237,51.831],[140.114,51.764]],[[139.858,51.579],[139.652,51.537],[139.517,51.533],[139.481,51.507],[139.459,51.451],[139.426,51.421],[139.235,51.358],[139.178,51.354],[139.011,51.389],[138.932,51.38],[138.875,51.261],[138.655,51.202],[138.574,51.127],[138.441,51.098],[138.361,51.022],[138.276,50.971],[138.194,50.947],[138.138,50.876],[138.039,50.855],[137.918,50.762],[137.688,50.689],[137.368,50.671],[137.233,50.64],[137.049,50.506],[137.07,50.454]],[[136.811,49.759],[136.841,49.745],[136.853,49.719],[136.852,49.604],[136.837,49.576],[136.738,49.503],[136.531,49.466],[136.435,49.419],[136.416,49.343],[136.343,49.255],[136.269,49.213],[136.302,49.108],[136.277,49.044],[136.15,48.965],[135.994,48.935],[135.94,48.848],[135.803,48.81],[135.754,48.753],[135.647,48.746],[135.514,48.779],[135.374,48.736],[135.291,48.747],[135.239,48.734],[135.023,48.615],[134.997,48.549],[135.043,48.486],[135.05,48.459],[135.036,48.437],[134.884,48.424],[134.751,48.372],[134.598,48.416],[134.505,48.414],[134.057,48.327],[133.966,48.279],[133.721,48.245],[133.67,48.19],[133.593,48.164],[133.56,48.114],[133.524,48.096],[133.301,48.102],[133.223,48.126],[133.092,48.107],[133.032,48.057],[132.941,48.027],[132.806,47.936],[132.775,47.934],[132.722,47.959],[132.674,47.951],[132.66,47.932],[132.668,47.882],[132.576,47.795],[132.574,47.74],[132.524,47.708],[132.332,47.737],[132.25,47.726],[132.161,47.69],[132.025,47.698],[131.914,47.668],[131.703,47.696],[131.603,47.662],[131.507,47.722],[131.418,47.743],[131.084,47.675],[131.023,47.683],[130.942,47.718],[130.941,47.821],[130.907,47.884],[130.675,48.064],[130.663,48.117],[130.675,48.136],[130.752,48.19],[130.774,48.244],[130.819,48.282],[130.825,48.318],[130.743,48.412],[130.759,48.486],[130.715,48.499],[130.626,48.482],[130.62,48.561],[130.53,48.616],[130.674,48.871],[130.541,48.854],[130.486,48.864],[130.465,48.892],[130.439,48.897],[130.249,48.865],[130.202,48.883],[129.974,49.015],[129.926,49.026],[129.913,49.04],[129.92,49.082],[129.841,49.109],[129.841,49.167],[129.742,49.196],[129.711,49.274],[129.552,49.291],[129.532,49.322],[129.528,49.385],[129.48,49.421],[129.378,49.425],[129.373,49.37],[129.341,49.341],[129.218,49.391],[129.115,49.349],[129.067,49.362],[128.998,49.442],[128.879,49.48],[128.76,49.471],[128.754,49.503],[128.799,49.532],[128.802,49.565],[128.671,49.612],[128.628,49.576],[128.551,49.589],[128.383,49.58],[128.344,49.548],[128.268,49.559],[128.198,49.539],[128.067,49.547],[127.968,49.603],[127.92,49.581],[127.831,49.594],[127.703,49.661],[127.68,49.739],[127.644,49.767],[127.538,49.79],[127.508,49.823],[127.534,49.923],[127.494,49.973],[127.486,50.026],[127.57,50.13],[127.59,50.209]]]}},{"type":"Feature","properties":{"r":3,"n":"El Bahr el Azraq"},"geometry":{"type":"MultiLineString","coordinates":[[[34.38,11.783],[34.362,11.953],[34.317,12.062],[34.305,12.137],[34.349,12.225],[34.338,12.243],[34.352,12.365],[34.261,12.458],[34.188,12.474],[34.147,12.515],[34.151,12.552],[34.186,12.591],[34.137,12.654],[34.143,12.775],[34.065,12.836],[34.039,12.893],[33.992,12.865],[34.021,12.928],[33.979,12.972],[33.989,13.012],[33.955,13.037],[33.943,13.071],[33.976,13.123],[33.972,13.16],[33.921,13.17],[33.953,13.211],[33.951,13.237],[33.914,13.27],[33.879,13.276],[33.87,13.321],[33.836,13.303],[33.777,13.333],[33.715,13.322],[33.702,13.372],[33.662,13.419],[33.673,13.473],[33.654,13.523],[33.626,13.545],[33.626,13.578],[33.57,13.594],[33.619,13.694],[33.606,13.722],[33.562,13.724],[33.551,13.751],[33.606,13.756],[33.625,13.773],[33.56,13.799],[33.544,13.832],[33.552,13.849],[33.61,13.862],[33.62,13.914],[33.585,13.962],[33.631,13.977],[33.64,13.996],[33.612,14.037],[33.652,14.061],[33.681,14.14],[33.64,14.209],[33.61,14.211],[33.621,14.291],[33.549,14.35],[33.544,14.435],[33.515,14.42],[33.496,14.483],[33.459,14.5],[33.338,14.751],[33.318,14.73],[33.307,14.743],[33.304,14.791],[33.277,14.804],[33.249,14.879],[33.216,14.917],[33.221,15.017],[33.184,15.065],[33.167,15.134],[33.113,15.175],[33.085,15.23],[33.003,15.286],[32.893,15.305],[32.788,15.357],[32.742,15.41],[32.711,15.422],[32.701,15.476],[32.62,15.546],[32.575,15.619],[32.489,15.633]],[[35.351,10.149],[35.316,10.204],[35.33,10.309],[35.287,10.404],[35.29,10.455],[35.274,10.498],[35.251,10.524],[35.147,10.573],[35.135,10.617],[35.201,10.893],[35.198,10.943],[35.166,11.003],[35.166,11.049],[35.185,11.064],[35.193,11.108],[35.163,11.143],[35.099,11.175],[35.065,11.233],[34.933,11.244],[34.897,11.261],[34.88,11.248],[34.826,11.255],[34.778,11.296]]]}},{"type":"Feature","properties":{"r":3,"n":"Hailar"},"geometry":{"type":"MultiLineString","coordinates":[[[117.873,49.513],[117.874,49.468],[117.925,49.4],[117.964,49.363],[118.101,49.292],[118.189,49.308],[118.253,49.361],[118.264,49.39],[118.372,49.448],[118.49,49.425],[118.565,49.39],[118.598,49.348],[118.6,49.28],[118.641,49.26],[118.613,49.26],[118.634,49.219],[118.816,49.219],[118.836,49.239],[118.861,49.224],[118.908,49.233],[118.966,49.193],[119.058,49.189],[119.192,49.212],[119.256,49.198],[119.292,49.206],[119.368,49.26],[119.415,49.26],[119.506,49.299],[119.558,49.299],[119.754,49.274],[119.897,49.284],[120.146,49.233],[120.176,49.198],[120.225,49.212],[120.26,49.191],[120.344,49.208],[120.426,49.252],[120.56,49.28],[120.659,49.329],[120.737,49.322],[120.783,49.35],[120.889,49.365],[120.984,49.414],[121.073,49.431],[121.107,49.423],[121.152,49.452],[121.357,49.513],[121.409,49.555],[121.542,49.621],[121.624,49.642],[121.812,49.645],[121.869,49.676],[121.978,49.692],[122.287,49.849]]]}},{"type":"Feature","properties":{"r":3,"n":"Orinoco"},"geometry":{"type":"MultiLineString","coordinates":[[[-62.326,9.721],[-62.379,9.616],[-62.44,9.541],[-62.444,9.509],[-62.396,9.481],[-62.387,9.417],[-62.321,9.357],[-62.315,9.265],[-62.245,9.231],[-62.222,9.157],[-62.147,9.129],[-62.056,9.067],[-62.084,8.945],[-62.056,8.905],[-62.009,8.895],[-62.006,8.879],[-62.064,8.799],[-62.075,8.734],[-62.124,8.709],[-62.137,8.673]],[[-62.044,9.055],[-62.01,9.076],[-62.02,9.096],[-61.884,9.184],[-61.886,9.291],[-61.855,9.329],[-61.818,9.446],[-61.77,9.511],[-61.743,9.603]],[[-61.106,8.945],[-61.173,8.93],[-61.199,8.885],[-61.29,8.843],[-61.424,8.751],[-61.477,8.743],[-61.51,8.672],[-61.599,8.624]],[[-61.65,8.603],[-61.835,8.617],[-61.957,8.575],[-62.017,8.626],[-62.137,8.673]],[[-63.436,2.374],[-63.514,2.379],[-63.614,2.31],[-63.633,2.323],[-63.709,2.292],[-63.711,2.273],[-63.751,2.256],[-63.77,2.177],[-63.82,2.153],[-64.021,2.148],[-64.05,2.182],[-64.127,2.219],[-64.203,2.224],[-64.267,2.259],[-64.306,2.256],[-64.374,2.303],[-64.491,2.256],[-64.528,2.289],[-64.749,2.379],[-64.806,2.382],[-64.943,2.436],[-65.022,2.436],[-65.05,2.473],[-65.136,2.52],[-65.204,2.529],[-65.209,2.572],[-65.175,2.687],[-65.176,2.71],[-65.211,2.749],[-65.205,2.784],[-65.26,2.876],[-65.348,2.922],[-65.368,2.92],[-65.378,2.974],[-65.443,3.046],[-65.467,3.105],[-65.546,3.153],[-65.611,3.142],[-65.669,3.162],[-65.803,3.142],[-65.875,3.175],[-65.926,3.142],[-65.999,3.169],[-66.025,3.151],[-66.019,3.032],[-66.048,3.013],[-66.156,3.038],[-66.328,3.038],[-66.37,3.056],[-66.427,3.123],[-66.505,3.155],[-66.543,3.196],[-66.594,3.358],[-66.666,3.414],[-66.772,3.584],[-66.927,3.67],[-66.995,3.739],[-67.02,3.806],[-66.985,3.911],[-67.022,3.949],[-67.063,3.958],[-67.202,3.943],[-67.253,3.957],[-67.395,3.945],[-67.45,3.963],[-67.506,4.017],[-67.638,4.028],[-67.732,4.086],[-67.741,4.119],[-67.778,4.154],[-67.806,4.269],[-67.78,4.351],[-67.801,4.399],[-67.794,4.429],[-67.814,4.443],[-67.83,4.492],[-67.876,4.533],[-67.856,4.566],[-67.846,4.69],[-67.824,4.744],[-67.814,4.841],[-67.827,4.895],[-67.794,5.064],[-67.825,5.111],[-67.816,5.21],[-67.844,5.297],[-67.811,5.379],[-67.653,5.478],[-67.618,5.542],[-67.65,5.656],[-67.626,5.785],[-67.486,5.944],[-67.423,5.978],[-67.429,6.039],[-67.492,6.115],[-67.488,6.167],[-67.413,6.241],[-67.337,6.254],[-67.282,6.362],[-67.138,6.459],[-67.149,6.529],[-67.129,6.638],[-67.104,6.701],[-67.05,6.755],[-67.042,6.783],[-67.062,6.851],[-67.035,6.913],[-67.082,7.023],[-67.09,7.066],[-67.074,7.094],[-66.995,7.157],[-66.931,7.17],[-66.795,7.259],[-66.615,7.323],[-66.427,7.598],[-66.371,7.64],[-66.236,7.636],[-66.131,7.684],[-65.96,7.671],[-65.834,7.757],[-65.769,7.841],[-65.598,7.91],[-65.447,7.861],[-65.278,7.874],[-65.104,7.834],[-64.996,7.771],[-64.873,7.666],[-64.839,7.66],[-64.637,7.772],[-64.551,7.765],[-64.496,7.791],[-64.478,7.815],[-64.482,7.843],[-64.546,7.897],[-64.553,7.925],[-64.524,7.996],[-64.434,7.992],[-64.353,8.009],[-64.313,8.065],[-64.266,8.084],[-64.232,8.071],[-64.126,7.966],[-64.066,7.981],[-63.981,7.967],[-63.885,8.018],[-63.84,8.11],[-63.812,8.131],[-63.761,8.121],[-63.668,8.16],[-63.474,8.15],[-63.4,8.222],[-63.331,8.214],[-63.25,8.285],[-63.175,8.313],[-62.977,8.309],[-62.937,8.27],[-62.879,8.274],[-62.785,8.366],[-62.678,8.39],[-62.527,8.513],[-62.436,8.514],[-62.367,8.546],[-62.323,8.589],[-62.209,8.605],[-62.137,8.673]]]}},{"type":"Feature","properties":{"r":3,"n":"Weir"},"geometry":{"type":"MultiLineString","coordinates":[[[151.863,-28.739],[151.712,-28.78],[151.634,-28.893],[151.561,-28.939],[151.52,-29.027],[151.52,-29.061],[151.422,-29.155],[151.376,-29.171],[151.351,-29.165],[151.342,-29.123],[151.315,-29.099],[151.287,-28.921],[151.16,-28.846],[151.062,-28.828],[151.046,-28.735],[150.979,-28.724],[150.933,-28.687],[150.793,-28.635],[150.621,-28.659],[150.47,-28.65]]]}},{"type":"Feature","properties":{"r":3,"n":"Grande"},"geometry":{"type":"MultiLineString","coordinates":[[[-66.323,-17.577],[-66.239,-17.63],[-66.238,-17.704],[-66.224,-17.719],[-66.174,-17.749],[-66.149,-17.784],[-66.045,-17.828],[-65.94,-17.981],[-65.843,-17.968],[-65.642,-18.129],[-65.596,-18.204],[-65.51,-18.267],[-65.436,-18.369],[-65.351,-18.41],[-65.337,-18.452],[-65.306,-18.452],[-65.294,-18.495],[-65.25,-18.53],[-65.232,-18.616],[-65.157,-18.614],[-65.067,-18.655],[-65.002,-18.556],[-64.91,-18.507],[-64.816,-18.485],[-64.772,-18.521],[-64.685,-18.54],[-64.575,-18.667],[-64.494,-18.666],[-64.392,-18.602],[-64.37,-18.609],[-64.32,-18.679],[-64.32,-18.736],[-64.289,-18.814],[-64.221,-18.866],[-64.192,-18.939],[-64.12,-18.955],[-64.065,-19],[-64.007,-19.169],[-63.955,-19.173],[-63.918,-19.154],[-63.897,-19.056],[-63.873,-19.026],[-63.751,-19.028]],[[-63.758,-19.028],[-63.716,-19.023],[-63.68,-19.073],[-63.648,-19.087],[-63.573,-19.085],[-63.559,-19.068],[-63.561,-18.978],[-63.54,-18.94],[-63.368,-18.892],[-63.332,-18.828],[-63.232,-18.791],[-63.149,-18.726],[-63.105,-18.643],[-63.056,-18.595],[-63.029,-18.523],[-62.964,-18.451],[-62.925,-18.366],[-62.886,-18.33],[-62.888,-18.248],[-62.85,-18.165],[-62.839,-18.067],[-62.8,-17.994],[-62.811,-17.935],[-62.782,-17.869],[-62.766,-17.753],[-62.791,-17.531],[-62.756,-17.45],[-62.727,-17.268],[-62.774,-17.166],[-62.839,-17.16],[-62.901,-17.116],[-62.942,-17.123],[-62.971,-17.106],[-63.026,-17.022],[-63.066,-16.915],[-63.076,-16.824],[-63.15,-16.743],[-63.189,-16.731],[-63.22,-16.742],[-63.298,-16.715],[-63.548,-16.58],[-63.664,-16.531],[-63.771,-16.512],[-63.797,-16.434],[-63.875,-16.357],[-63.901,-16.259],[-63.97,-16.221],[-64.035,-16.216],[-64.094,-16.18],[-64.155,-16.17],[-64.176,-16.142],[-64.182,-16.082],[-64.327,-16.02],[-64.415,-15.957],[-64.485,-15.943],[-64.572,-15.885],[-64.664,-15.86]]]}},{"type":"Feature","properties":{"r":3,"n":"Negro"},"geometry":{"type":"MultiLineString","coordinates":[[[-70.336,2.058],[-70.261,2.055],[-70.127,2.107],[-70.041,2.08],[-69.877,2.139],[-69.784,2.124],[-69.702,2.186],[-69.634,2.19],[-69.589,2.175],[-69.339,2.292],[-69.071,2.249],[-68.993,2.209],[-68.865,2.225],[-68.75,2.216],[-68.647,2.357],[-68.606,2.367],[-68.554,2.408],[-68.485,2.391],[-68.406,2.324],[-68.329,2.292],[-68.251,2.356],[-68.241,2.493],[-68.123,2.614],[-68.082,2.58],[-68.05,2.667],[-68.023,2.693],[-67.992,2.689],[-67.95,2.715],[-67.917,2.776],[-67.856,2.792],[-67.824,2.828],[-67.752,2.842],[-67.691,2.807],[-67.627,2.814],[-67.595,2.776],[-67.576,2.691],[-67.501,2.676],[-67.472,2.627],[-67.341,2.511],[-67.326,2.475],[-67.19,2.395],[-67.174,2.337],[-67.218,2.285],[-67.218,2.266],[-67.179,2.155],[-67.115,2.103],[-67.112,2.049],[-67.133,1.991],[-67.068,1.894],[-66.982,1.666],[-66.975,1.58],[-66.934,1.502],[-66.933,1.425],[-66.884,1.35],[-66.902,1.289],[-66.855,1.178],[-66.861,1.089],[-66.84,1.001],[-66.855,0.955],[-66.943,0.886],[-67.023,0.911],[-67.094,0.88],[-67.141,0.918],[-67.201,0.89],[-67.24,0.81],[-67.231,0.653],[-67.248,0.579],[-67.321,0.431],[-67.263,0.073],[-67.209,-0.012],[-67.147,-0.037],[-67.108,-0.113],[-67.034,-0.175],[-66.968,-0.191],[-66.925,-0.159],[-66.891,-0.157],[-66.758,-0.221],[-66.551,-0.365],[-66.416,-0.395],[-66.333,-0.4],[-66.241,-0.326],[-65.964,-0.321],[-65.916,-0.264],[-65.874,-0.251],[-65.738,-0.305],[-65.509,-0.288],[-65.243,-0.408],[-65.048,-0.418],[-64.931,-0.476],[-64.792,-0.435],[-64.647,-0.436],[-64.43,-0.367],[-64.286,-0.349],[-64.098,-0.301],[-63.78,-0.312],[-63.708,-0.327],[-63.644,-0.36],[-63.405,-0.546],[-63.025,-0.702],[-62.976,-0.742],[-62.83,-0.931],[-62.432,-1.146],[-62.19,-1.233],[-62.145,-1.271],[-61.952,-1.369],[-61.857,-1.393],[-61.766,-1.377],[-61.69,-1.427],[-61.589,-1.458],[-61.532,-1.571],[-61.438,-1.698],[-61.434,-1.853],[-61.221,-2.025],[-61.118,-2.148],[-61.059,-2.254],[-61.014,-2.43],[-60.78,-2.682],[-60.647,-2.793],[-60.571,-2.922],[-60.487,-3.026],[-60.41,-3.063],[-60.21,-3.071],[-60,-3.169],[-59.96,-3.165],[-59.905,-3.127]]]}},{"type":"Feature","properties":{"r":3,"n":"Kibali"},"geometry":{"type":"MultiLineString","coordinates":[[[30.371,2.333],[30.44,2.626],[30.43,2.715],[30.388,2.8],[30.392,2.833],[30.364,2.865],[30.327,2.881],[30.237,2.869],[30.216,2.883],[30.131,2.888],[30.1,2.874],[29.898,2.996],[29.797,3.024],[29.734,3.074],[29.589,3.083],[29.56,3.107],[29.516,3.1],[29.494,3.188],[29.494,3.238],[29.512,3.255],[29.487,3.299],[29.466,3.285],[29.352,3.285],[29.3,3.304],[29.22,3.422],[29.142,3.492],[29.13,3.51],[29.145,3.539],[29.081,3.612],[29.012,3.581],[28.983,3.605],[28.977,3.583],[28.942,3.585],[28.89,3.553],[28.798,3.594],[28.773,3.58],[28.645,3.607],[28.586,3.596]]]}},{"type":"Feature","properties":{"r":1,"n":"Madison"},"geometry":{"type":"MultiLineString","coordinates":[[[-111.31,44.873],[-111.356,44.879],[-111.404,44.839],[-111.439,44.833],[-111.508,44.852],[-111.592,44.911],[-111.636,44.978],[-111.647,45.048],[-111.636,45.089],[-111.727,45.218],[-111.732,45.262],[-111.692,45.4],[-111.625,45.467],[-111.576,45.592],[-111.507,45.631],[-111.513,45.683],[-111.475,45.771],[-111.481,45.819],[-111.459,45.874],[-111.475,45.902],[-111.45,45.994],[-111.438,46.012],[-111.388,46.024],[-111.391,46.077],[-111.37,46.115],[-111.406,46.137],[-111.377,46.156],[-111.429,46.19],[-111.516,46.36]],[[-110.744,44.727],[-110.764,44.72],[-110.808,44.66],[-110.897,44.649],[-110.931,44.668],[-111.039,44.666],[-111.098,44.759]]]}},{"type":"Feature","properties":{"r":3,"n":"Allegheny"},"geometry":{"type":"MultiLineString","coordinates":[[[-77.86,41.832],[-77.977,41.824],[-78.045,41.764],[-78.243,41.793],[-78.375,41.907],[-78.378,41.993],[-78.327,42.014],[-78.333,42.038],[-78.383,42.074],[-78.474,42.079],[-78.55,42.11],[-78.649,42.093],[-78.674,42.152],[-78.7,42.161],[-78.761,42.158],[-78.795,42.117],[-78.851,42.109],[-78.878,42.062],[-78.943,42.028],[-78.942,41.923],[-78.988,41.856],[-79.094,41.832],[-79.227,41.843],[-79.271,41.827],[-79.297,41.765],[-79.344,41.711],[-79.418,41.676],[-79.411,41.589],[-79.465,41.484],[-79.589,41.462],[-79.659,41.468],[-79.648,41.448],[-79.666,41.43],[-79.731,41.428],[-79.815,41.395],[-79.82,41.384],[-79.798,41.375],[-79.78,41.341],[-79.851,41.312],[-79.852,41.286],[-79.837,41.266],[-79.796,41.257],[-79.752,41.208],[-79.73,41.215],[-79.71,41.199],[-79.677,41.138],[-79.662,41.061],[-79.596,41.022],[-79.628,40.982],[-79.569,40.98],[-79.536,40.935],[-79.498,40.921],[-79.471,40.934],[-79.465,40.917],[-79.525,40.831],[-79.55,40.759],[-79.592,40.745],[-79.601,40.702],[-79.692,40.669],[-79.711,40.619],[-79.771,40.59],[-79.776,40.543],[-79.827,40.543],[-79.878,40.496],[-79.972,40.489],[-79.991,40.448]]]}},{"type":"Feature","properties":{"r":3,"n":"Kasai"},"geometry":{"type":"MultiLineString","coordinates":[[[16.966,-3.009],[16.887,-3.04],[16.858,-3.094],[16.821,-3.071],[16.698,-3.048],[16.59,-3.067],[16.487,-3.05],[16.446,-3.08],[16.406,-3.062],[16.367,-3.083],[16.24,-3.108],[16.215,-3.135],[16.2,-3.19]],[[22.237,-11.249],[22.255,-11.166],[22.243,-11.078],[22.196,-10.992],[22.165,-10.852],[22.224,-10.797],[22.319,-10.761],[22.326,-10.695],[22.31,-10.669],[22.305,-10.55],[22.271,-10.482],[22.313,-10.368],[22.202,-10.131],[22.209,-10.098],[22.159,-9.931],[22.091,-9.877],[22.055,-9.875],[21.998,-9.809],[21.984,-9.749],[21.956,-9.762],[21.942,-9.723],[21.878,-9.657],[21.854,-9.618],[21.819,-9.448],[21.792,-9.406],[21.851,-9.234],[21.839,-9.092],[21.859,-8.846],[21.906,-8.645],[21.935,-8.583],[21.916,-8.577],[21.943,-8.456],[21.899,-8.349],[21.92,-8.329],[21.873,-8.264],[21.857,-8.157],[21.815,-8.097],[21.799,-8.041],[21.753,-7.997],[21.77,-7.807],[21.854,-7.586],[21.846,-7.514],[21.86,-7.47],[21.832,-7.391],[21.842,-7.37],[21.784,-7.287],[21.797,-7.251],[21.754,-7.232],[21.711,-7.135],[21.677,-7.111],[21.661,-7.054],[21.579,-7.006],[21.518,-6.925],[21.05,-6.572],[20.983,-6.548],[20.941,-6.555],[20.911,-6.5],[20.85,-6.482],[20.685,-6.237],[20.675,-6.192],[20.624,-6.124],[20.58,-6.018],[20.579,-5.918],[20.743,-5.79],[20.764,-5.749],[20.814,-5.751],[20.864,-5.667],[20.864,-5.61],[20.917,-5.586],[20.908,-5.52],[20.98,-5.433],[20.983,-5.376],[21.08,-5.28],[21.072,-5.219],[21.099,-5.017],[21.072,-4.958],[21.039,-4.639],[20.868,-4.592],[20.821,-4.548],[20.819,-4.506],[20.772,-4.514],[20.729,-4.5],[20.721,-4.458],[20.671,-4.417],[20.621,-4.41],[20.589,-4.338],[20.564,-4.32],[20.537,-4.317],[20.518,-4.335],[20.394,-4.278],[20.365,-4.313],[20.342,-4.389],[20.266,-4.391],[20.221,-4.333],[20.202,-4.321],[20.185,-4.329],[20.134,-4.28],[20.031,-4.273],[19.981,-4.22],[19.838,-4.136],[19.783,-4.086],[19.757,-4.081],[19.771,-4.101],[19.725,-4.077],[19.619,-4.067],[19.408,-3.946],[19.373,-3.91],[18.841,-3.675],[18.781,-3.635],[18.616,-3.601],[18.475,-3.598],[18.259,-3.455],[18.231,-3.41],[18.151,-3.441],[18.116,-3.431],[18.071,-3.39],[18.027,-3.38],[17.906,-3.416],[17.827,-3.416],[17.813,-3.39],[17.743,-3.358],[17.704,-3.314],[17.675,-3.326],[17.618,-3.293],[17.583,-3.309],[17.522,-3.259],[17.44,-3.238],[17.426,-3.204],[17.23,-3.158],[17.112,-3.073],[16.96,-3.012]]]}},{"type":"Feature","properties":{"r":3,"n":"Barwon"},"geometry":{"type":"MultiLineString","coordinates":[[[150.47,-28.65],[150.298,-28.535],[150.258,-28.553],[150.158,-28.555],[150.02,-28.6],[149.759,-28.607],[149.704,-28.627],[149.621,-28.608],[149.595,-28.565],[149.484,-28.584],[149.416,-28.681],[149.265,-28.741],[149.178,-28.818],[149.093,-28.848],[149.046,-28.954],[148.834,-29.082],[148.813,-29.118],[148.809,-29.179],[148.758,-29.223],[148.71,-29.333],[148.696,-29.375],[148.715,-29.432],[148.682,-29.506],[148.517,-29.592],[148.499,-29.652],[148.44,-29.722],[148.392,-29.744],[148.384,-29.773],[148.341,-29.792],[148.265,-29.883],[148.184,-29.94],[148.166,-29.975],[148.08,-30.012],[147.879,-30.046],[147.73,-30.053],[147.636,-30.077],[147.608,-30.101],[147.516,-30.095],[147.415,-30.125]]]}},{"type":"Feature","properties":{"r":3,"n":"Uele"},"geometry":{"type":"MultiLineString","coordinates":[[[28.586,3.596],[28.377,3.665],[28.342,3.651],[28.326,3.616],[28.261,3.607],[28.172,3.724],[28.092,3.725],[28.05,3.746],[27.973,3.701],[27.866,3.693],[27.764,3.644],[27.726,3.641],[27.638,3.669],[27.492,3.643],[27.456,3.659],[27.434,3.707],[27.375,3.74],[27.332,3.745],[27.303,3.825],[27.249,3.857],[27.226,3.837],[27.176,3.845],[27.164,3.834],[27.186,3.653],[27.165,3.63],[27.122,3.624],[27.066,3.567],[27.07,3.524],[27.056,3.507],[26.991,3.545],[26.842,3.505],[26.801,3.577],[26.808,3.82],[26.753,3.857],[26.74,3.92],[26.712,3.964],[26.726,3.982],[26.717,3.996],[26.636,4.018],[26.496,3.912],[26.39,3.776],[26.344,3.77],[26.294,3.729],[26.258,3.72],[26.211,3.655],[26.16,3.661],[26.133,3.648],[26.06,3.67],[26.024,3.72],[25.919,3.711],[25.855,3.676],[25.841,3.558],[25.795,3.525],[25.773,3.525],[25.704,3.587],[25.663,3.594],[25.486,3.521],[25.42,3.539],[25.293,3.508],[25.287,3.528],[25.255,3.534],[25.138,3.422],[25.044,3.43],[24.995,3.395],[24.977,3.407],[24.964,3.471],[24.933,3.484],[24.78,3.501],[24.704,3.463],[24.639,3.499],[24.554,3.474],[24.481,3.532],[24.361,3.559],[24.184,3.71],[24.106,3.702],[23.978,3.724],[23.899,3.689],[23.774,3.708],[23.735,3.776],[23.61,3.855],[23.548,3.857],[23.492,3.82],[23.408,3.837],[23.351,3.813],[23.149,3.902],[23.072,3.885],[23.039,3.861],[22.986,3.889],[22.909,3.854],[22.83,3.868],[22.75,3.834],[22.598,3.927],[22.58,3.975],[22.532,4.005],[22.52,4.078],[22.495,4.117],[22.422,4.135],[22.303,4.129],[22.207,4.15],[22.127,4.203],[22.001,4.245],[21.891,4.237],[21.737,4.294],[21.651,4.296],[21.538,4.245],[21.473,4.269],[21.374,4.278],[21.288,4.334],[21.21,4.292],[21.113,4.341],[21.076,4.396],[20.871,4.454],[20.767,4.423],[20.58,4.415],[20.452,4.529],[20.442,4.551],[20.463,4.601],[20.456,4.622],[20.395,4.677],[20.338,4.772],[20.236,4.807],[20.171,4.879],[20.003,4.975],[19.89,5.002],[19.824,5.097],[19.728,5.134],[19.605,5.138],[19.568,5.155],[19.517,5.136],[19.408,5.131],[19.373,5.088],[19.237,5.011],[19.195,4.951],[19.116,4.941],[19.069,4.891],[19.011,4.765],[18.828,4.56],[18.753,4.401],[18.674,4.362],[18.576,4.373],[18.556,4.354],[18.537,4.306],[18.619,4.17],[18.646,4.046],[18.641,3.958],[18.613,3.902],[18.597,3.679]]]}},{"type":"Feature","properties":{"r":3,"n":"Argun’"},"geometry":{"type":"MultiLineString","coordinates":[[[121.405,53.317],[121.341,53.324],[121.203,53.277],[121.055,53.29],[120.845,53.274],[120.826,53.262],[120.824,53.236],[120.714,53.185],[120.614,53.097],[120.45,53.009],[120.28,52.866],[120.033,52.761],[120.053,52.693],[120.032,52.659],[120.033,52.626],[120.079,52.59],[120.176,52.584],[120.261,52.611],[120.454,52.639],[120.724,52.542],[120.69,52.439],[120.626,52.347],[120.655,52.299],[120.758,52.238],[120.751,52.203],[120.783,52.162],[120.771,52.141],[120.779,52.118],[120.697,52.049],[120.711,51.989],[120.647,51.911],[120.566,51.906],[120.541,51.883],[120.493,51.876],[120.465,51.841],[120.319,51.776],[120.165,51.669],[120.1,51.66],[120.056,51.597],[120.053,51.552],[119.977,51.487],[119.982,51.442],[119.953,51.398],[119.895,51.384],[119.915,51.331],[119.819,51.275],[119.806,51.244],[119.815,51.216],[119.762,51.215],[119.758,51.199],[119.785,51.172],[119.758,51.158],[119.765,51.143],[119.741,51.072],[119.71,51.063],[119.71,51.039],[119.683,51.016],[119.604,50.978],[119.518,50.905],[119.528,50.867],[119.497,50.836],[119.515,50.792],[119.497,50.737],[119.442,50.685],[119.391,50.672],[119.374,50.643],[119.293,50.599],[119.251,50.505],[119.264,50.483],[119.243,50.446],[119.206,50.415],[119.155,50.412],[119.137,50.393],[119.141,50.377],[119.18,50.37],[119.175,50.356],[119.356,50.341],[119.365,50.311],[119.334,50.276],[119.344,50.143],[119.316,50.093],[119.208,50.015],[119.091,49.987],[118.99,49.98],[118.924,49.992],[118.741,49.953],[118.644,49.955],[118.521,49.894],[118.477,49.836],[118.394,49.82],[118.373,49.787],[118.229,49.729],[118.188,49.682],[117.894,49.547],[117.873,49.513]]]}},{"type":"Feature","properties":{"r":3,"n":"Abay"},"geometry":{"type":"MultiLineString","coordinates":[[[37.387,11.634],[37.396,11.55],[37.615,11.488],[37.681,11.379],[37.744,11.313],[37.871,11.224],[37.975,11.207],[38.105,11.16],[38.197,11.152],[38.219,11.165],[38.295,11.15],[38.376,11.09],[38.434,11.09],[38.482,11.026],[38.519,10.906],[38.505,10.831],[38.526,10.776],[38.511,10.681],[38.471,10.607],[38.471,10.514],[38.489,10.477],[38.479,10.449],[38.498,10.371],[38.456,10.246],[38.426,10.218],[38.435,10.173],[38.419,10.142],[38.246,10.117],[38.192,10.055],[37.898,9.93],[37.796,9.859],[37.703,9.843],[37.609,9.912],[37.531,10.007],[37.368,10.063],[37.334,10.018],[37.315,10.022],[37.289,10.095],[37.219,10.105],[37.186,10.135],[37.173,10.168],[37.2,10.227],[37.196,10.254],[37.114,10.262],[37.046,10.303],[36.784,10.354],[36.757,10.377],[36.554,10.379],[36.521,10.406],[36.522,10.458],[36.5,10.477],[36.433,10.446],[36.427,10.389],[36.373,10.353],[36.341,10.295],[36.338,10.233],[36.283,10.161],[36.227,10.137],[36.139,10.152],[36.091,10.137],[36.045,10.15],[36.015,10.133],[35.979,10.138],[35.929,10.094],[35.911,10.045],[35.89,10.031],[35.84,10.022],[35.796,10.045],[35.728,10.049],[35.737,9.984],[35.72,9.973],[35.67,9.963],[35.641,10.007],[35.496,10.107],[35.442,10.131],[35.408,10.11],[35.351,10.149]]]}},{"type":"Feature","properties":{"r":3,"n":"Darling"},"geometry":{"type":"MultiLineString","coordinates":[[[147.415,-30.125],[147.353,-30.143],[147.326,-30.128],[147.211,-30.121],[147.172,-30.064],[147.047,-30.05],[147.035,-30.028],[147,-30.028],[146.963,-29.985],[146.898,-29.984],[146.826,-29.943],[146.761,-29.949],[146.675,-29.916],[146.634,-29.923],[146.596,-29.962],[146.531,-29.943],[146.49,-29.95],[146.459,-29.93],[146.328,-29.945],[146.268,-29.975],[146.19,-29.946],[146.144,-29.971],[146.042,-29.966],[146.024,-29.984],[146.038,-30.02],[146.018,-30.042],[145.935,-30.094],[145.846,-30.106],[145.778,-30.197],[145.74,-30.209],[145.675,-30.262],[145.583,-30.284],[145.565,-30.334],[145.577,-30.363],[145.51,-30.41],[145.409,-30.409],[145.392,-30.429],[145.338,-30.41],[145.318,-30.447],[145.25,-30.482],[145.178,-30.464],[145.142,-30.484],[145.127,-30.478],[145.119,-30.549],[145.058,-30.608],[145.017,-30.636],[144.993,-30.644],[144.969,-30.628],[144.95,-30.648],[144.914,-30.649],[144.886,-30.677],[144.856,-30.681],[144.848,-30.716],[144.791,-30.738],[144.715,-30.868],[144.686,-30.89],[144.512,-30.897],[144.43,-30.931],[144.36,-31.004],[144.373,-31.036],[144.352,-31.067],[144.329,-31.081],[144.25,-31.073],[144.222,-31.122],[144.18,-31.115],[144.092,-31.197],[144.025,-31.209],[144.016,-31.228],[144.044,-31.301],[144.038,-31.345],[144.014,-31.375],[143.928,-31.423],[143.886,-31.416],[143.811,-31.451],[143.749,-31.458],[143.709,-31.443],[143.572,-31.486],[143.476,-31.598],[143.431,-31.56],[143.389,-31.568],[143.356,-31.622],[143.324,-31.733],[143.218,-31.749],[143.136,-31.869],[143.036,-31.89],[143.009,-31.914],[142.98,-32.004],[142.996,-32.081],[142.972,-32.105],[142.859,-32.112],[142.821,-32.157],[142.704,-32.204],[142.677,-32.271],[142.611,-32.306],[142.527,-32.324],[142.462,-32.391],[142.401,-32.418],[142.386,-32.524],[142.402,-32.6],[142.382,-32.659],[142.392,-32.788],[142.374,-32.823],[142.372,-32.89],[142.393,-32.926],[142.381,-32.943],[142.399,-33],[142.386,-33.036],[142.322,-33.083],[142.303,-33.123],[142.302,-33.191],[142.325,-33.212],[142.386,-33.226],[142.494,-33.335],[142.567,-33.383],[142.587,-33.413],[142.577,-33.452],[142.534,-33.545],[142.467,-33.576],[142.456,-33.623],[142.423,-33.647],[142.406,-33.692],[142.182,-33.801],[142.031,-33.818],[141.993,-33.861],[141.992,-33.948],[141.915,-34.012],[141.926,-34.117]]]}},{"type":"Feature","properties":{"r":3,"n":"Mamoré"},"geometry":{"type":"MultiLineString","coordinates":[[[-64.664,-15.86],[-64.739,-15.779],[-64.799,-15.513],[-64.856,-15.399],[-64.858,-15.366],[-64.915,-15.321],[-64.944,-15.24],[-64.986,-15.194],[-65.014,-15.104],[-64.991,-15.066],[-65.032,-15.046],[-64.988,-15.011],[-64.984,-14.96],[-65.035,-14.896],[-65.025,-14.867],[-65.053,-14.82],[-65.057,-14.776],[-65.084,-14.765],[-65.114,-14.689],[-65.049,-14.7],[-64.969,-14.452],[-64.994,-14.395],[-64.988,-14.375],[-64.95,-14.381],[-64.954,-14.362],[-65.041,-14.222],[-65.032,-14.13],[-65.15,-13.953],[-65.216,-13.948],[-65.178,-13.92],[-65.196,-13.825],[-65.323,-13.727],[-65.316,-13.66],[-65.34,-13.651],[-65.325,-13.597],[-65.285,-13.539],[-65.288,-13.521],[-65.312,-13.521],[-65.312,-13.491],[-65.262,-13.445],[-65.251,-13.411],[-65.267,-13.384],[-65.231,-13.32],[-65.231,-13.247],[-65.188,-13.181],[-65.224,-13.145],[-65.223,-13.124],[-65.109,-13.108],[-65.096,-13.069],[-65.121,-13.035],[-65.035,-12.986],[-65.045,-12.927],[-65.024,-12.901],[-65.045,-12.881],[-65.011,-12.791],[-65.047,-12.709],[-65.054,-12.613],[-65.074,-12.566],[-65.179,-12.405],[-65.141,-12.347],[-65.181,-12.299],[-65.13,-12.271],[-65.138,-12.231],[-65.182,-12.169],[-65.187,-12.129],[-65.156,-12.158],[-65.101,-12.104],[-65.106,-12.035],[-65.158,-12.049],[-65.153,-12.01],[-65.08,-11.935],[-65,-11.916]]]}},{"type":"Feature","properties":{"r":3,"n":"Niagara"},"geometry":{"type":"MultiLineString","coordinates":[[[-79.059,43.278],[-79.049,43.171],[-79.066,43.106]]]}},{"type":"Feature","properties":{"r":3,"n":"St. Clair"},"geometry":{"type":"MultiLineString","coordinates":[[[-82.417,43.017],[-82.415,42.983],[-82.483,42.835],[-82.472,42.78],[-82.512,42.647],[-82.577,42.572],[-82.645,42.558]]]}},{"type":"Feature","properties":{"r":1,"n":"Missouri"},"geometry":{"type":"MultiLineString","coordinates":[[[-106.406,48.021],[-106.39,48.06],[-106.354,48.07],[-106.12,48.043],[-106.087,48.013],[-106.046,48.041],[-106.002,48.013],[-105.984,48.013],[-105.981,48.041],[-105.875,48.02],[-105.881,48.041],[-105.823,48.02],[-105.696,48.047],[-105.671,48.065],[-105.62,48.061],[-105.608,48.086],[-105.505,48.089],[-105.448,48.108],[-105.23,48.102],[-105.176,48.077],[-105.141,48.108],[-105.065,48.075],[-105.017,48.075],[-104.966,48.089],[-104.86,48.157],[-104.816,48.136],[-104.709,48.123],[-104.619,48.122],[-104.569,48.144],[-104.545,48.13],[-104.418,48.13],[-104.391,48.102],[-104.221,48.049],[-104.16,48.075],[-104.147,48.047],[-104.102,48.052],[-104.035,48.013],[-103.855,47.983],[-103.818,48.015],[-103.772,48.027]],[[-101.4,47.506],[-101.43,47.477],[-101.339,47.293],[-101.203,47.246],[-101.19,47.293],[-101.149,47.307],[-101.043,47.293],[-100.974,47.249],[-100.992,47.178],[-100.892,47.057],[-100.93,46.967],[-100.894,46.882],[-100.817,46.835],[-100.813,46.812],[-100.835,46.776],[-100.827,46.755],[-100.774,46.732],[-100.777,46.714]],[[-111.699,46.663],[-111.778,46.673],[-111.794,46.733],[-111.858,46.757],[-111.921,46.824],[-111.891,46.876],[-111.926,46.895],[-111.94,46.973],[-112.005,47.038],[-111.943,47.116],[-111.827,47.162],[-111.687,47.283],[-111.521,47.383],[-111.486,47.39],[-111.507,47.417],[-111.402,47.419],[-111.392,47.438],[-111.295,47.41],[-111.276,47.426],[-111.295,47.475],[-111.288,47.528],[-111.226,47.546],[-111.169,47.542],[-111.086,47.581],[-110.888,47.788],[-110.76,47.773],[-110.613,47.85],[-110.572,47.856],[-110.564,47.888],[-110.527,47.875],[-110.473,47.892],[-110.442,47.918],[-110.469,47.918],[-110.448,47.951],[-110.38,47.969],[-110.283,48.025],[-110.248,48.017],[-110.188,48.055],[-110.14,48.047],[-110.103,48.01],[-110.048,47.916],[-110.049,47.843],[-109.888,47.778],[-109.87,47.751],[-109.832,47.735],[-109.705,47.726],[-109.626,47.761],[-109.533,47.767],[-109.435,47.747],[-109.237,47.814],[-109.119,47.79],[-109.04,47.814],[-108.941,47.814],[-108.911,47.79],[-108.93,47.753],[-108.916,47.739],[-108.866,47.744],[-108.777,47.705],[-108.745,47.656],[-108.454,47.618],[-108.426,47.633],[-108.402,47.602],[-108.3,47.579],[-108.28,47.595],[-108.191,47.602]],[[-100.393,44.445],[-100.359,44.372],[-100.328,44.35],[-100.126,44.327],[-100.011,44.277],[-99.916,44.264],[-99.91,44.235],[-99.94,44.186],[-99.864,44.127],[-99.625,44.108],[-99.611,44.124],[-99.624,44.158],[-99.713,44.203],[-99.661,44.222],[-99.597,44.21],[-99.566,44.169],[-99.558,44.084],[-99.445,44.045],[-99.364,43.991]],[[-98.552,43.057],[-98.454,42.975],[-98.243,42.872],[-98.007,42.784],[-97.942,42.788],[-97.915,42.804],[-97.887,42.858],[-97.839,42.871],[-97.685,42.853],[-97.6,42.873],[-97.5,42.86],[-97.276,42.884],[-97.127,42.789],[-97.042,42.782],[-96.947,42.745],[-96.857,42.74],[-96.799,42.687],[-96.697,42.672],[-96.705,42.627],[-96.652,42.591],[-96.64,42.556],[-96.611,42.534],[-96.398,42.497],[-96.384,42.455],[-96.402,42.369],[-96.337,42.283],[-96.351,42.206],[-96.342,42.181],[-96.277,42.137],[-96.26,42.058],[-96.233,42.029],[-96.154,41.988],[-96.143,41.948],[-96.154,41.898],[-96.064,41.796],[-96.079,41.72],[-96.101,41.69],[-96.099,41.625],[-96.078,41.599],[-96.082,41.55],[-96.061,41.538],[-96.02,41.551],[-95.988,41.534],[-96.001,41.48],[-95.925,41.454],[-95.958,41.338],[-95.87,41.309],[-95.917,41.266],[-95.925,41.224],[-95.91,41.195],[-95.853,41.176],[-95.876,41.167],[-95.863,41.106],[-95.882,41.065],[-95.865,41.043],[-95.871,41.012],[-95.838,40.982],[-95.825,40.889],[-95.842,40.828],[-95.828,40.794],[-95.867,40.753],[-95.869,40.729],[-95.845,40.688],[-95.773,40.661],[-95.768,40.549],[-95.696,40.518],[-95.698,40.482],[-95.629,40.345],[-95.656,40.324],[-95.65,40.311],[-95.595,40.31],[-95.547,40.262],[-95.468,40.238],[-95.485,40.201],[-95.404,40.114],[-95.422,40.062],[-95.408,40.033],[-95.344,40.019],[-95.248,39.944],[-95.215,39.937],[-95.191,39.906],[-95.15,39.899],[-95.091,39.861],[-95.002,39.903],[-94.948,39.901],[-94.951,39.866],[-94.882,39.821],[-94.889,39.78],[-94.875,39.742],[-94.891,39.73],[-94.969,39.739],[-94.981,39.696],[-95.054,39.639],[-95.064,39.581],[-95.109,39.571],[-95.111,39.55],[-95.026,39.454],[-94.958,39.42],[-94.944,39.393],[-94.9,39.385],[-94.901,39.327],[-94.879,39.287],[-94.835,39.259],[-94.83,39.217],[-94.811,39.208],[-94.724,39.173],[-94.663,39.173],[-94.613,39.153],[-94.622,39.124],[-94.601,39.118],[-94.526,39.147],[-94.465,39.124],[-94.369,39.165],[-94.328,39.214],[-94.291,39.231],[-94.085,39.136],[-93.945,39.156],[-93.858,39.208],[-93.744,39.202],[-93.69,39.231],[-93.604,39.242],[-93.57,39.221],[-93.519,39.221],[-93.502,39.234],[-93.495,39.286],[-93.416,39.256],[-93.429,39.242],[-93.417,39.23],[-93.371,39.231],[-93.332,39.257],[-93.35,39.294],[-93.235,39.331],[-93.193,39.406],[-93.173,39.385],[-93.1,39.377],[-93.084,39.334],[-93.063,39.32],[-92.977,39.309],[-92.964,39.275],[-92.929,39.252],[-92.937,39.234],[-92.865,39.232],[-92.854,39.217],[-92.916,39.166],[-92.944,39.116],[-92.943,39.101],[-92.909,39.087],[-92.93,39.057],[-92.897,39.002],[-92.82,38.967],[-92.573,38.967],[-92.508,38.923],[-92.449,38.835],[-92.398,38.813],[-92.402,38.741],[-92.356,38.702],[-92.366,38.69],[-92.354,38.676],[-92.247,38.648],[-92.155,38.577],[-92.109,38.563],[-92.029,38.572],[-91.93,38.616],[-91.86,38.673],[-91.712,38.706],[-91.642,38.7],[-91.584,38.676],[-91.496,38.705],[-91.34,38.707],[-91.209,38.618],[-91.055,38.599],[-91.002,38.547],[-90.932,38.545],[-90.794,38.596],[-90.692,38.682],[-90.567,38.68],[-90.546,38.731],[-90.478,38.807],[-90.378,38.834],[-90.349,38.886],[-90.293,38.883],[-90.202,38.823],[-90.133,38.819]]]}},{"type":"Feature","properties":{"r":3,"n":"Guaporé"},"geometry":{"type":"MultiLineString","coordinates":[[[-65.019,-11.893],[-65.034,-11.88],[-65.039,-11.819],[-65.066,-11.753],[-65.114,-11.722],[-65.114,-11.69],[-65.135,-11.702],[-65.152,-11.773],[-65.197,-11.742],[-65.194,-11.632],[-65.168,-11.615],[-65.22,-11.584],[-65.223,-11.517],[-65.258,-11.495],[-65.293,-11.505],[-65.32,-11.476],[-65.356,-11.382],[-65.327,-11.328],[-65.388,-11.277],[-65.389,-11.253],[-65.361,-11.219],[-65.399,-11.178],[-65.395,-11.153],[-65.342,-11.106],[-65.343,-11.033],[-65.3,-10.982],[-65.328,-10.85],[-65.405,-10.799],[-65.382,-10.698],[-65.388,-10.669],[-65.436,-10.626],[-65.43,-10.561],[-65.451,-10.468],[-65.412,-10.449],[-65.388,-10.407],[-65.395,-10.392]]]}},{"type":"Feature","properties":{"r":3,"n":"Madeira"},"geometry":{"type":"MultiLineString","coordinates":[[[-65.395,-10.392],[-65.366,-10.332],[-65.329,-10.314],[-65.286,-10.207],[-65.338,-9.967],[-65.3,-9.841],[-65.341,-9.79],[-65.371,-9.71],[-65.399,-9.687],[-65.443,-9.68],[-65.452,-9.638],[-65.385,-9.601],[-65.331,-9.529],[-65.294,-9.528],[-65.159,-9.592],[-65.032,-9.577],[-64.94,-9.598],[-64.881,-9.55],[-64.837,-9.54],[-64.814,-9.5],[-64.835,-9.411],[-64.823,-9.375],[-64.738,-9.364],[-64.69,-9.293],[-64.613,-9.242],[-64.589,-9.186],[-64.512,-9.152],[-64.432,-9.19],[-64.368,-9.179],[-64.261,-9.015],[-64.185,-9.008],[-64.083,-8.963],[-64.069,-8.944],[-64.086,-8.892],[-64.072,-8.857],[-63.99,-8.823],[-63.922,-8.758],[-63.91,-8.643],[-63.832,-8.624],[-63.668,-8.548],[-63.539,-8.579],[-63.57,-8.483],[-63.47,-8.415],[-63.395,-8.309],[-63.325,-8.167],[-63.306,-8.165],[-63.259,-8.219],[-63.212,-8.224],[-63.036,-8.152],[-62.888,-8.034],[-62.861,-7.982],[-62.86,-7.916],[-62.915,-7.857],[-62.905,-7.791],[-62.937,-7.771],[-62.921,-7.707],[-62.931,-7.621],[-62.963,-7.556],[-63.011,-7.521],[-63.02,-7.464],[-62.948,-7.338],[-62.916,-7.184],[-62.88,-7.124],[-62.87,-7.039],[-62.857,-7.009],[-62.763,-7.001],[-62.695,-6.963],[-62.655,-6.853],[-62.579,-6.767],[-62.407,-6.761],[-62.357,-6.722],[-62.332,-6.651],[-62.343,-6.614],[-62.379,-6.58],[-62.317,-6.519],[-62.257,-6.411],[-62.226,-6.234],[-62.154,-6.192],[-61.942,-6.257],[-61.853,-6.242],[-61.818,-6.116],[-61.723,-6.055],[-61.668,-5.997],[-61.68,-5.936],[-61.668,-5.904],[-61.589,-5.893],[-61.63,-5.844],[-61.601,-5.833],[-61.496,-5.865],[-61.462,-5.856],[-61.417,-5.806],[-61.39,-5.801],[-61.331,-5.837],[-61.304,-5.822],[-61.283,-5.784],[-61.265,-5.692],[-61.242,-5.658],[-61.139,-5.626],[-61.073,-5.572],[-60.976,-5.603],[-60.931,-5.587],[-60.818,-5.499],[-60.739,-5.486],[-60.724,-5.455],[-60.734,-5.363],[-60.721,-5.332],[-60.567,-5.277],[-60.425,-5.176],[-60.277,-5.025],[-60.205,-4.91],[-60.134,-4.902],[-60.072,-4.92],[-59.931,-4.829],[-59.92,-4.791],[-59.94,-4.725],[-59.931,-4.676],[-59.858,-4.555],[-59.822,-4.45],[-59.715,-4.331],[-59.635,-4.372],[-59.589,-4.373],[-59.528,-4.297],[-59.4,-4.241],[-59.379,-4.211],[-59.344,-4.053],[-59.311,-3.99],[-59.118,-3.876],[-59.08,-3.837],[-59.063,-3.757],[-59.091,-3.718],[-59.093,-3.681],[-58.973,-3.608],[-58.861,-3.492],[-58.804,-3.465],[-58.764,-3.391],[-58.707,-3.342]]]}},{"type":"Feature","properties":{"r":3,"n":"Ohio"},"geometry":{"type":"MultiLineString","coordinates":[[[-79.991,40.448],[-80.022,40.444],[-80.081,40.496],[-80.202,40.546],[-80.24,40.598],[-80.252,40.67],[-80.308,40.706],[-80.464,40.633],[-80.519,40.647],[-80.581,40.619],[-80.623,40.626],[-80.666,40.609],[-80.67,40.571],[-80.602,40.471],[-80.629,40.386],[-80.608,40.379],[-80.601,40.323],[-80.615,40.286],[-80.657,40.255],[-80.735,40.08],[-80.741,39.997],[-80.765,39.954],[-80.759,39.929],[-80.802,39.925],[-80.797,39.869],[-80.841,39.79],[-80.871,39.771],[-80.836,39.72],[-80.862,39.687],[-80.875,39.629],[-81.055,39.53],[-81.126,39.454],[-81.227,39.398],[-81.369,39.351],[-81.421,39.406],[-81.463,39.406],[-81.554,39.344],[-81.581,39.275],[-81.683,39.271],[-81.754,39.178],[-81.755,39.105],[-81.819,39.08],[-81.777,39.035],[-81.78,38.981],[-81.764,38.937],[-81.824,38.954],[-81.861,38.899],[-81.902,38.874],[-81.928,38.893],[-81.903,38.93],[-81.938,38.991],[-82.003,39.022],[-82.058,39.003],[-82.121,38.93],[-82.173,38.808],[-82.209,38.786],[-82.178,38.612],[-82.193,38.595],[-82.277,38.588],[-82.332,38.443],[-82.509,38.409],[-82.589,38.419],[-82.626,38.478],[-82.698,38.535],[-82.827,38.586],[-82.856,38.625],[-82.898,38.752],[-83.031,38.716],[-83.11,38.666],[-83.152,38.619],[-83.242,38.623],[-83.305,38.601],[-83.369,38.66],[-83.534,38.707],[-83.616,38.683],[-83.651,38.636],[-83.714,38.638],[-83.866,38.762],[-83.973,38.789],[-84.084,38.778],[-84.218,38.823],[-84.238,38.903],[-84.283,38.95],[-84.307,39.017],[-84.408,39.057],[-84.444,39.102],[-84.466,39.111],[-84.595,39.074],[-84.637,39.077],[-84.73,39.146],[-84.873,39.062],[-84.871,39.029],[-84.823,38.974],[-84.878,38.92],[-84.784,38.893],[-84.82,38.828],[-84.806,38.795],[-84.936,38.792],[-85.186,38.694]],[[-85.186,38.694],[-85.257,38.741],[-85.455,38.726],[-85.415,38.553],[-85.527,38.469],[-85.59,38.461],[-85.62,38.432],[-85.665,38.309],[-85.758,38.27],[-85.806,38.289],[-85.829,38.277],[-85.901,38.18],[-85.931,38.029],[-85.96,38.008],[-86.032,37.994],[-86.051,37.97],[-86.111,38.015],[-86.184,38.023],[-86.26,38.059],[-86.285,38.084],[-86.292,38.154],[-86.383,38.195],[-86.394,38.188],[-86.382,38.169],[-86.333,38.147],[-86.416,38.115],[-86.462,38.137],[-86.444,38.069],[-86.519,38.04],[-86.523,37.938],[-86.59,37.919],[-86.604,37.864],[-86.625,37.854],[-86.663,37.864],[-86.644,37.901],[-86.742,37.904],[-86.773,37.924],[-86.819,37.995],[-86.93,37.938],[-87.02,37.919],[-87.087,37.805],[-87.118,37.789],[-87.153,37.816],[-87.165,37.847],[-87.427,37.946],[-87.549,37.913],[-87.584,37.94],[-87.591,37.974],[-87.608,37.975],[-87.614,37.934],[-87.591,37.884],[-87.601,37.857],[-87.657,37.825],[-87.68,37.837],[-87.672,37.885],[-87.687,37.907],[-87.797,37.878],[-87.909,37.932],[-87.934,37.902],[-87.9,37.83],[-87.951,37.782],[-88.045,37.807],[-88.06,37.751],[-88.157,37.664],[-88.157,37.621],[-88.083,37.52],[-88.091,37.491],[-88.123,37.475],[-88.307,37.448],[-88.383,37.418],[-88.448,37.416],[-88.489,37.385],[-88.513,37.303],[-88.504,37.267],[-88.434,37.168],[-88.434,37.136],[-88.484,37.072],[-88.561,37.077],[-88.907,37.22],[-89.002,37.223],[-89.078,37.185],[-89.179,37.062],[-89.176,37.036],[-89.124,36.98]],[[-85.186,38.694],[-85.186,38.694]],[[-85.186,38.694],[-85.186,38.694]]]}},{"type":"Feature","properties":{"r":3,"n":"Heilong Jiang"},"geometry":{"type":"MultiLineString","coordinates":[[[127.59,50.209],[127.354,50.299],[127.33,50.328],[127.358,50.382],[127.358,50.415],[127.289,50.466],[127.364,50.555],[127.367,50.578],[127.343,50.628],[127.289,50.675],[127.287,50.751],[127.22,50.788],[127.144,50.904],[127.032,50.973],[126.932,51.064],[126.905,51.208],[126.978,51.297],[126.972,51.324],[126.899,51.317],[126.885,51.303],[126.89,51.272],[126.87,51.252],[126.845,51.252],[126.809,51.289],[126.827,51.339],[126.897,51.362],[126.909,51.391],[126.89,51.407],[126.8,51.419],[126.792,51.459],[126.83,51.508],[126.807,51.534],[126.677,51.577],[126.723,51.636],[126.707,51.686],[126.725,51.709],[126.648,51.742],[126.439,51.998],[126.467,52.032],[126.514,52.043],[126.556,52.131],[126.531,52.153],[126.316,52.2],[126.312,52.228],[126.439,52.276],[126.315,52.316],[126.351,52.377],[126.276,52.464],[126.2,52.467],[126.212,52.533],[126.082,52.594],[126.028,52.567],[125.991,52.587],[125.973,52.632],[125.983,52.653],[126.068,52.68],[126.035,52.727],[126.104,52.755],[126.088,52.776],[126.018,52.783],[125.977,52.765],[125.867,52.85],[125.863,52.889],[125.837,52.907],[125.646,52.885],[125.661,52.92],[125.72,52.947],[125.733,52.982],[125.65,53.024],[125.621,53.062],[125.521,53.043],[125.476,53.084],[125.127,53.207],[125.073,53.213],[124.897,53.186],[124.879,53.154],[124.896,53.118],[124.87,53.108],[124.801,53.155],[124.72,53.149],[124.688,53.194],[124.651,53.209],[124.5,53.214],[124.383,53.246],[124.342,53.273],[124.293,53.352],[124.253,53.376],[124.182,53.379],[124.122,53.353],[124.017,53.407],[123.97,53.455],[123.85,53.495],[123.701,53.51],[123.614,53.564],[123.542,53.514],[123.519,53.52],[123.547,53.541],[123.514,53.563],[123.495,53.56],[123.481,53.518],[123.34,53.562],[123.252,53.568],[123.153,53.513],[123.002,53.508],[122.859,53.474],[122.471,53.465],[122.401,53.451],[122.317,53.496],[122.168,53.469],[122.081,53.43],[121.889,53.431],[121.641,53.385],[121.512,53.33],[121.405,53.317]]]}},{"type":"Feature","properties":{"r":3,"n":"Shatt al Arab"},"geometry":{"type":"MultiLineString","coordinates":[[[47.469,30.968],[47.62,30.785],[47.729,30.744],[47.756,30.585],[47.821,30.55],[47.874,30.488],[48.13,30.448],[48.17,30.407],[48.2,30.324],[48.305,30.313],[48.408,30.203],[48.381,30.146],[48.424,30.084],[48.453,30.002],[48.532,29.961]]]}},{"type":"Feature","properties":{"r":3,"n":"Huang"},"geometry":{"type":"MultiLineString","coordinates":[[[114.838,35.02],[114.865,35.12],[114.851,35.178],[114.941,35.219],[115.068,35.38],[115.15,35.416],[115.249,35.425],[115.307,35.476],[115.34,35.485],[115.33,35.534],[115.341,35.555],[115.383,35.557],[115.403,35.63],[115.492,35.678],[115.504,35.723],[115.618,35.731],[115.655,35.746],[115.761,35.849],[115.874,35.866],[115.884,35.888],[115.858,35.916],[115.944,35.98],[116.033,35.966],[116.064,36.041],[116.091,36.068],[116.078,36.11],[116.119,36.117],[116.14,36.151],[116.199,36.173],[116.312,36.293],[116.41,36.315],[116.575,36.415],[116.598,36.448],[116.599,36.467],[116.579,36.48],[116.602,36.495],[116.599,36.514],[116.657,36.583],[116.736,36.624],[116.781,36.703],[116.859,36.74],[116.992,36.727],[117.106,36.796],[117.189,36.934],[117.226,36.961],[117.238,37.031],[117.285,37.059],[117.388,37.073],[117.552,37.149],[117.627,37.254],[117.761,37.247],[117.827,37.272],[117.891,37.262],[118.065,37.352],[118.207,37.375],[118.229,37.396],[118.232,37.45],[118.291,37.508],[118.305,37.576],[118.329,37.596],[118.554,37.626],[118.71,37.75],[118.86,37.796],[118.917,37.831],[118.978,37.8],[119.033,37.803]],[[110.27,34.637],[110.298,34.621],[110.377,34.616],[110.411,34.589],[110.483,34.616],[110.53,34.584],[110.708,34.621],[110.766,34.661],[110.883,34.666],[110.923,34.686],[110.911,34.732],[110.99,34.722],[111.025,34.747],[111.109,34.769],[111.138,34.819],[111.223,34.799],[111.257,34.828],[111.285,34.816],[111.342,34.842],[111.383,34.822],[111.557,34.863],[111.63,34.958],[111.678,34.979],[111.67,34.997],[111.683,35.008],[111.741,35.019],[111.829,35.082],[111.897,35.096],[111.957,35.094],[112.058,35.033],[112.151,35.014],[112.179,34.971],[112.241,34.945],[112.275,34.965],[112.289,34.948],[112.48,34.907],[112.779,34.798],[113.09,34.842],[113.198,34.876],[113.249,34.949],[113.354,34.972],[113.498,34.965],[113.534,34.98],[113.666,34.908],[113.868,34.876],[113.954,34.897],[113.978,34.941],[113.998,34.949],[114.062,34.932],[114.179,34.936],[114.303,34.898],[114.422,34.925],[114.509,34.902],[114.577,34.918],[114.632,34.897],[114.73,34.921],[114.782,34.986],[114.831,35.02]]]}},{"type":"Feature","properties":{"r":4,"n":"Xi"},"geometry":{"type":"MultiLineString","coordinates":[[[111.301,23.481],[111.393,23.478],[111.467,23.449],[111.555,23.293],[111.538,23.204],[111.668,23.148],[111.801,23.132],[111.878,23.141],[112.001,23.085],[112.07,23.077],[112.125,23.091],[112.175,23.079],[112.315,23.16],[112.35,23.154],[112.401,23.073],[112.445,23.047],[112.501,23.064],[112.596,23.166],[112.665,23.177],[112.783,23.164],[112.806,23.142],[112.859,22.973],[112.927,22.836],[112.97,22.807],[113.071,22.782],[113.095,22.661],[113.166,22.576]],[[112.805,23.148],[112.845,23.16],[112.918,23.128],[112.972,23.073],[112.982,23.04]],[[112.98,23.041],[112.982,23.04]],[[112.982,23.04],[113.029,23.037],[113.076,23.056],[113.111,23.041],[113.153,23.068],[113.22,23.041],[113.313,23.055],[113.391,23.038],[113.419,23.063]],[[112.982,23.04],[113.003,22.953],[113.076,22.89],[113.213,22.912]],[[113.083,22.764],[113.152,22.739],[113.187,22.704],[113.244,22.735],[113.304,22.693],[113.371,22.676],[113.468,22.573],[113.556,22.583]]]}},{"type":"Feature","properties":{"r":4,"n":"Murray"},"geometry":{"type":"MultiLineString","coordinates":[[[146.028,-36.015],[145.983,-36.014],[145.939,-35.967],[145.83,-35.983],[145.744,-35.965],[145.536,-35.829],[145.334,-35.876],[145.218,-35.851],[145.121,-35.851],[145.008,-35.868],[144.971,-35.895],[144.962,-35.953],[144.934,-36.006],[144.977,-36.06],[144.975,-36.098],[144.89,-36.076],[144.811,-36.132],[144.74,-36.135],[144.682,-36.084],[144.602,-36.066],[144.492,-35.96],[144.452,-35.947],[144.353,-35.778],[144.324,-35.754],[144.276,-35.748],[144.18,-35.679],[144.1,-35.587],[143.998,-35.556],[143.98,-35.523],[143.777,-35.418],[143.651,-35.389],[143.586,-35.353],[143.581,-35.249],[143.418,-35.188],[143.364,-35.107],[143.331,-34.963],[143.345,-34.925],[143.338,-34.891],[143.359,-34.867],[143.355,-34.801],[143.328,-34.784],[143.282,-34.792],[143.269,-34.754],[143.142,-34.699],[143.05,-34.692],[142.995,-34.669],[142.981,-34.691],[142.934,-34.658],[142.88,-34.679],[142.855,-34.621],[142.79,-34.582],[142.726,-34.603],[142.694,-34.689],[142.694,-34.731],[142.63,-34.736],[142.643,-34.788],[142.625,-34.795],[142.548,-34.771],[142.522,-34.75],[142.522,-34.72],[142.467,-34.634],[142.467,-34.603],[142.386,-34.533],[142.372,-34.425],[142.406,-34.356],[142.396,-34.338],[142.345,-34.343],[142.305,-34.317],[142.258,-34.273],[142.235,-34.192],[142.199,-34.193],[142.15,-34.159],[142.094,-34.171],[142.051,-34.116],[141.926,-34.117]],[[147.045,-36.108],[147.005,-36.09],[146.974,-36.095],[146.956,-36.118],[146.878,-36.088],[146.847,-36.098],[146.813,-36.07],[146.771,-36.067],[146.756,-36.046],[146.689,-36.042],[146.624,-35.994],[146.545,-35.994],[146.504,-35.974],[146.432,-35.984],[146.369,-36.053],[146.243,-36.035],[146.216,-36.056]],[[148.005,-36.967],[148.002,-36.94],[148.195,-36.691],[148.217,-36.628],[148.198,-36.585],[148.15,-36.563],[148.131,-36.459],[148.067,-36.41],[148.06,-36.388],[148.078,-36.342],[148.032,-36.237],[148.045,-36.173],[147.991,-36.114],[147.997,-36.059],[147.94,-36.043],[147.909,-36.005],[147.713,-35.939],[147.557,-35.996],[147.502,-35.949],[147.408,-35.96],[147.36,-36.008],[147.34,-36.076],[147.272,-36.049]]]}},{"type":"Feature","properties":{"r":4,"n":"Orange"},"geometry":{"type":"MultiLineString","coordinates":[[[23.628,-29.074],[23.612,-29.126],[23.56,-29.196],[23.477,-29.231],[23.376,-29.183],[23.339,-29.266],[23.294,-29.268],[23.204,-29.306],[23.179,-29.351],[23.105,-29.354],[23.114,-29.395],[23.084,-29.418],[23.02,-29.403],[23.019,-29.47],[22.982,-29.525],[22.933,-29.505],[22.895,-29.573],[22.847,-29.525],[22.875,-29.587],[22.869,-29.657],[22.809,-29.676],[22.716,-29.629],[22.693,-29.559],[22.66,-29.549],[22.586,-29.433],[22.532,-29.436],[22.474,-29.388],[22.419,-29.398],[22.35,-29.33],[22.271,-29.313],[22.277,-29.243],[22.252,-29.132],[22.207,-29.089],[22.161,-28.954],[22.079,-28.847],[22.052,-28.84],[22.013,-28.875],[21.99,-28.874],[21.956,-28.819],[21.881,-28.809],[21.811,-28.666],[21.764,-28.631],[21.758,-28.552],[21.702,-28.486],[21.699,-28.456],[21.548,-28.392],[21.47,-28.389],[21.413,-28.422],[21.3,-28.426],[21.282,-28.452],[21.199,-28.49],[21.176,-28.566],[21.042,-28.697],[20.985,-28.722],[20.901,-28.727],[20.755,-28.766],[20.667,-28.764],[20.534,-28.734],[20.489,-28.682],[20.305,-28.575],[20.286,-28.544],[20.249,-28.538],[20.131,-28.469],[19.981,-28.422],[19.896,-28.428],[19.825,-28.477],[19.568,-28.531],[19.511,-28.598],[19.482,-28.678],[19.455,-28.705],[19.339,-28.737],[19.29,-28.72],[19.265,-28.743],[19.244,-28.792],[19.288,-28.883],[19.243,-28.892],[19.218,-28.919],[19.12,-28.957],[19.081,-28.959],[19.06,-28.936],[19.006,-28.926],[18.954,-28.867],[18.745,-28.84],[18.553,-28.865],[18.496,-28.888],[18.475,-28.874],[18.397,-28.899],[18.308,-28.88],[18.166,-28.902],[18.043,-28.858],[17.913,-28.781],[17.746,-28.748],[17.673,-28.771],[17.628,-28.764],[17.607,-28.756],[17.598,-28.689],[17.583,-28.68],[17.44,-28.709],[17.403,-28.704],[17.42,-28.593],[17.409,-28.571],[17.373,-28.559],[17.324,-28.471],[17.341,-28.443],[17.391,-28.419],[17.399,-28.395],[17.399,-28.346],[17.345,-28.227],[17.213,-28.232],[17.191,-28.209],[17.18,-28.099],[17.136,-28.085],[17.097,-28.031],[17.076,-28.027],[16.947,-28.073],[16.919,-28.058],[16.892,-28.083],[16.885,-28.162],[16.837,-28.168],[16.856,-28.207],[16.81,-28.223],[16.824,-28.264],[16.768,-28.265],[16.768,-28.304],[16.803,-28.366],[16.778,-28.383],[16.769,-28.443],[16.74,-28.481],[16.703,-28.494],[16.692,-28.461],[16.673,-28.46],[16.597,-28.526],[16.487,-28.573]]]}},{"type":"Feature","properties":{"r":4,"n":"Paraná"},"geometry":{"type":"MultiLineString","coordinates":[[[-50.49,-19.02],[-50.546,-19.109],[-50.587,-19.124],[-50.654,-19.11],[-50.674,-19.122],[-50.747,-19.183],[-50.76,-19.224],[-50.831,-19.277],[-50.881,-19.411],[-50.839,-19.463],[-50.871,-19.486],[-50.915,-19.459],[-50.953,-19.459],[-50.964,-19.497],[-50.937,-19.549],[-50.989,-19.583],[-50.997,-19.667]],[[-51.397,-20.441],[-51.515,-20.574],[-51.58,-20.596],[-51.62,-20.7],[-51.632,-20.877],[-51.746,-20.996],[-51.793,-21.09],[-51.871,-21.144],[-51.852,-21.299],[-51.868,-21.343],[-51.936,-21.423]],[[-52.961,-22.455],[-53.013,-22.529],[-53.048,-22.539],[-53.109,-22.645],[-53.168,-22.702],[-53.48,-22.831],[-53.585,-22.903],[-53.623,-22.982],[-53.641,-23.106],[-53.725,-23.296],[-53.754,-23.328],[-53.968,-23.444],[-54.068,-23.817],[-54.077,-23.949],[-54.246,-24.05]],[[-53.795,-23.355],[-53.879,-23.446],[-53.9,-23.558],[-54.023,-23.861],[-54.027,-23.968],[-54.13,-24.044],[-54.186,-24.057],[-54.246,-24.05]],[[-54.246,-24.05],[-54.267,-24.066]],[[-54.611,-25.433],[-54.592,-25.525],[-54.603,-25.592],[-54.584,-25.645],[-54.634,-25.652],[-54.644,-25.688],[-54.618,-25.773],[-54.589,-25.811],[-54.616,-25.883],[-54.607,-25.947],[-54.663,-25.98],[-54.643,-26.063],[-54.665,-26.149],[-54.639,-26.197],[-54.665,-26.236],[-54.664,-26.308],[-54.698,-26.428],[-54.791,-26.528],[-54.781,-26.575],[-54.794,-26.645],[-54.818,-26.666],[-54.88,-26.654],[-54.921,-26.674],[-54.976,-26.788],[-55.062,-26.805],[-55.126,-26.863],[-55.12,-26.92],[-55.139,-26.954],[-55.202,-26.955],[-55.281,-26.934],[-55.415,-26.98],[-55.444,-27.015],[-55.463,-27.098],[-55.535,-27.099],[-55.556,-27.154],[-55.599,-27.167],[-55.569,-27.246],[-55.592,-27.328],[-55.682,-27.379],[-55.755,-27.444],[-55.855,-27.401],[-55.894,-27.335],[-55.986,-27.332],[-56.125,-27.299],[-56.206,-27.362],[-56.281,-27.389],[-56.298,-27.481],[-56.368,-27.58],[-56.4,-27.587],[-56.462,-27.554],[-56.547,-27.455],[-56.614,-27.446],[-56.772,-27.507],[-56.905,-27.419],[-56.978,-27.435],[-57.077,-27.484],[-57.181,-27.487],[-57.336,-27.41],[-57.514,-27.414],[-57.71,-27.33],[-58.023,-27.26],[-58.13,-27.27],[-58.239,-27.257],[-58.511,-27.278],[-58.605,-27.314]]]}},{"type":"Feature","properties":{"r":1,"n":"Albert Nile"},"geometry":{"type":"MultiLineString","coordinates":[[[32.016,3.614],[32.023,3.587],[31.958,3.563],[31.908,3.499],[31.813,3.522],[31.815,3.535],[31.749,3.498],[31.693,3.486],[31.664,3.454],[31.646,3.388],[31.597,3.335],[31.512,3.119],[31.415,2.994],[31.377,2.904],[31.371,2.821],[31.437,2.753],[31.449,2.694],[31.42,2.662],[31.424,2.617],[31.478,2.519],[31.529,2.501],[31.48,2.445],[31.475,2.401]]]}},{"type":"Feature","properties":{"r":6,"n":"Ariège"},"geometry":{"type":"MultiLineString","coordinates":[[[1.809,42.627],[1.837,42.688],[1.812,42.736],[1.663,42.789],[1.603,42.855],[1.597,42.881],[1.629,42.913],[1.592,42.991],[1.619,43.053],[1.589,43.154],[1.599,43.193],[1.534,43.314],[1.453,43.394],[1.41,43.477],[1.404,43.518]]]}},{"type":"Feature","properties":{"r":6,"n":"Garonne"},"geometry":{"type":"MultiLineString","coordinates":[[[0.924,42.646],[0.903,42.699],[0.821,42.712],[0.699,42.767],[0.734,42.863],[0.728,42.886],[0.65,42.948],[0.606,43.032],[0.559,43.072],[0.661,43.115],[0.866,43.106],[0.988,43.181],[1.152,43.252],[1.288,43.372],[1.333,43.479],[1.404,43.518],[1.434,43.555],[1.409,43.625],[1.299,43.781],[1.259,43.814],[1.167,43.968],[1.105,44.006],[1.055,44.073],[0.972,44.09],[0.889,44.081],[0.83,44.1],[0.774,44.139],[0.617,44.176],[0.571,44.226],[0.333,44.26],[0.294,44.401],[0.223,44.425],[0.124,44.505],[0.075,44.519],[0.072,44.536],[0.032,44.535],[0.021,44.557],[-0.028,44.566],[-0.041,44.586],[-0.229,44.568],[-0.284,44.588],[-0.372,44.691],[-0.52,44.778],[-0.535,44.824],[-0.576,44.847],[-0.542,44.898]]]}},{"type":"Feature","properties":{"r":5,"n":"Loire"},"geometry":{"type":"MultiLineString","coordinates":[[[3.011,47.174],[2.972,47.269],[2.881,47.333],[2.929,47.42],[2.93,47.453],[2.878,47.52],[2.755,47.609],[2.742,47.635],[2.459,47.766],[2.35,47.773],[2.295,47.797],[2.298,47.82],[2.249,47.837],[2.248,47.855],[2.1,47.876],[2.042,47.862],[2.025,47.89],[1.884,47.906],[1.73,47.853],[1.673,47.794],[1.638,47.78],[1.617,47.743],[1.583,47.728],[1.58,47.708],[1.525,47.675],[1.439,47.651],[1.31,47.572],[1.242,47.498],[0.906,47.401],[0.708,47.409],[0.545,47.381],[0.443,47.326],[0.211,47.243],[0.075,47.218],[-0.072,47.265],[-0.314,47.413],[-0.535,47.424],[-0.61,47.413],[-0.687,47.372],[-0.882,47.4],[-1.165,47.376],[-1.304,47.341],[-1.501,47.218],[-1.63,47.196],[-1.735,47.211]]]}},{"type":"Feature","properties":{"r":6,"n":"Hawea"},"geometry":{"type":"MultiLineString","coordinates":[[[169.257,-44.609],[169.24,-44.671],[169.192,-44.681]]]}},{"type":"Feature","properties":{"r":6,"n":"Kawarau"},"geometry":{"type":"MultiLineString","coordinates":[[[169.191,-45.069],[169.174,-45.076],[169.145,-45.06],[169.087,-45.004],[169.062,-45.029],[169.059,-45.057],[168.999,-45.024],[168.885,-45.006],[168.766,-45.025]]]}},{"type":"Feature","properties":{"r":6,"n":"Mataura"},"geometry":{"type":"MultiLineString","coordinates":[[[168.586,-45.368],[168.602,-45.392],[168.67,-45.396],[168.727,-45.421],[168.723,-45.473],[168.695,-45.497],[168.609,-45.52],[168.594,-45.541],[168.694,-45.571],[168.677,-45.593],[168.695,-45.632],[168.671,-45.667],[168.712,-45.7],[168.713,-45.729],[168.683,-45.766],[168.689,-45.798],[168.766,-45.852],[168.852,-45.887],[168.872,-45.983],[168.954,-46.017],[168.995,-46.089],[168.982,-46.122],[168.885,-46.225],[168.879,-46.353],[168.79,-46.431],[168.78,-46.501],[168.791,-46.535],[168.778,-46.554],[168.804,-46.567]]]}},{"type":"Feature","properties":{"r":6,"n":"Clutha"},"geometry":{"type":"MultiLineString","coordinates":[[[169.142,-44.658],[169.264,-44.71],[169.286,-44.739],[169.337,-44.762],[169.345,-44.789],[169.339,-44.871],[169.22,-45.016],[169.216,-45.058],[169.31,-45.118],[169.308,-45.178],[169.384,-45.271],[169.307,-45.386],[169.329,-45.465],[169.299,-45.501],[169.344,-45.613],[169.512,-45.766],[169.525,-45.826],[169.497,-45.855],[169.478,-45.974],[169.505,-45.999],[169.504,-46.043],[169.537,-46.109],[169.58,-46.153],[169.713,-46.208],[169.841,-46.313],[169.877,-46.367]]]}},{"type":"Feature","properties":{"r":6,"n":"Whanganui"},"geometry":{"type":"MultiLineString","coordinates":[[[175.6,-39.007],[175.519,-39.008],[175.498,-38.966],[175.446,-38.965],[175.4,-38.929],[175.35,-38.935],[175.332,-38.889],[175.275,-38.885],[175.254,-38.893],[175.238,-38.947],[175.146,-38.947],[175.119,-39.002],[175.047,-39.056],[175.046,-39.081],[175.068,-39.105],[175.027,-39.11],[174.922,-39.231],[174.884,-39.243],[174.903,-39.279],[175.001,-39.312],[174.995,-39.348],[175.038,-39.406],[175.018,-39.433],[175.061,-39.542],[175.099,-39.583],[175.166,-39.612],[175.173,-39.637],[175.155,-39.692],[175.124,-39.714],[175.155,-39.734],[175.164,-39.762],[175.144,-39.784],[175.144,-39.817],[175.094,-39.806],[175.079,-39.839],[175.11,-39.866],[175.104,-39.891],[175.057,-39.909],[175.052,-39.941],[175.006,-39.951]]]}},{"type":"Feature","properties":{"r":6,"n":"Taieri"},"geometry":{"type":"MultiLineString","coordinates":[[[169.694,-45.695],[169.781,-45.581],[169.737,-45.548],[169.744,-45.531],[169.802,-45.499],[169.844,-45.452],[169.941,-45.423],[169.998,-45.368],[170.002,-45.35],[169.948,-45.318],[170.019,-45.214],[170.056,-45.192],[170.192,-45.183],[170.259,-45.206],[170.284,-45.295],[170.14,-45.505],[170.135,-45.581],[170.153,-45.61],[170.253,-45.629],[170.29,-45.655],[170.311,-45.706],[170.343,-45.709],[170.353,-45.731],[170.292,-45.819],[170.24,-45.851],[170.266,-45.891],[170.259,-45.912],[170.152,-45.988],[170.194,-46.051],[170.256,-46.076]]]}},{"type":"Feature","properties":{"r":6,"n":"Rangitikei"},"geometry":{"type":"MultiLineString","coordinates":[[[176.038,-39.076],[176.004,-39.121],[175.98,-39.252],[176.032,-39.322],[176.008,-39.414],[176.044,-39.469],[176.029,-39.518],[176.049,-39.583],[176.043,-39.659],[175.919,-39.71],[175.903,-39.752],[175.813,-39.773],[175.781,-39.839],[175.676,-39.885],[175.62,-39.982],[175.579,-40.015],[175.543,-40.01],[175.449,-40.086],[175.433,-40.158],[175.338,-40.215],[175.302,-40.27],[175.237,-40.286]]]}},{"type":"Feature","properties":{"r":6,"n":"Clarence"},"geometry":{"type":"MultiLineString","coordinates":[[[172.706,-42.12],[172.709,-42.177],[172.774,-42.265],[172.769,-42.317],[172.792,-42.366],[172.797,-42.439],[172.874,-42.462],[172.907,-42.458],[172.936,-42.399],[173.151,-42.395],[173.201,-42.319],[173.312,-42.241],[173.597,-42.133],[173.657,-42.084],[173.733,-42.056],[173.833,-41.987],[173.882,-42.017],[173.914,-42.019],[173.851,-42.077],[173.849,-42.1],[173.888,-42.15],[173.939,-42.178]]]}},{"type":"Feature","properties":{"r":6,"n":"Oreti"},"geometry":{"type":"MultiLineString","coordinates":[[[168.219,-45.208],[168.218,-45.237],[168.251,-45.283],[168.211,-45.321],[168.206,-45.376],[168.133,-45.432],[168.117,-45.478],[168.148,-45.542],[168.158,-45.612],[168.21,-45.655],[168.401,-45.689],[168.43,-45.72],[168.433,-45.763],[168.387,-45.798],[168.36,-45.905],[168.327,-45.953],[168.31,-46.1],[168.26,-46.189],[168.29,-46.209],[168.295,-46.241],[168.268,-46.34],[168.248,-46.348],[168.252,-46.386],[168.304,-46.464],[168.327,-46.476]]]}},{"type":"Feature","properties":{"r":6,"n":"Manawatu"},"geometry":{"type":"MultiLineString","coordinates":[[[176.122,-40.018],[176.243,-40.054],[176.271,-40.074],[176.288,-40.112],[176.212,-40.168],[176.204,-40.194],[176.22,-40.219],[176.048,-40.264],[176.035,-40.309],[175.932,-40.384],[175.863,-40.387],[175.813,-40.364],[175.816,-40.323],[175.766,-40.303],[175.495,-40.435],[175.428,-40.438],[175.369,-40.481],[175.399,-40.495],[175.402,-40.517],[175.362,-40.542],[175.296,-40.532],[175.236,-40.492],[175.221,-40.465]]]}},{"type":"Feature","properties":{"r":6,"n":"Buller"},"geometry":{"type":"MultiLineString","coordinates":[[[172.822,-41.802],[172.668,-41.703],[172.557,-41.712],[172.446,-41.688],[172.366,-41.794],[172.325,-41.796],[172.283,-41.771],[172.206,-41.784],[172.15,-41.772],[172.104,-41.81],[172.064,-41.816],[172.028,-41.783],[171.982,-41.843],[171.944,-41.848],[171.895,-41.829],[171.838,-41.857],[171.801,-41.844],[171.771,-41.858],[171.638,-41.826],[171.6,-41.805],[171.594,-41.759]]]}},{"type":"Feature","properties":{"r":6,"n":"Mohaka"},"geometry":{"type":"MultiLineString","coordinates":[[[176.301,-39.079],[176.365,-39.117],[176.4,-39.173],[176.556,-39.215],[176.637,-39.178],[176.756,-39.029],[176.808,-39.022],[176.852,-39.047],[176.897,-39.009],[177.012,-38.998],[177.184,-39.102],[177.209,-39.146]]]}},{"type":"Feature","properties":{"r":6,"n":"Wairau"},"geometry":{"type":"MultiLineString","coordinates":[[[172.849,-42.145],[172.912,-42.119],[172.922,-42.067],[172.901,-42.055],[172.892,-41.979],[172.945,-41.808],[173.04,-41.731],[173.112,-41.71],[173.229,-41.644],[173.288,-41.636],[173.526,-41.544],[173.715,-41.517],[173.74,-41.494],[173.921,-41.44],[173.97,-41.441],[173.986,-41.472],[174.062,-41.506]]]}},{"type":"Feature","properties":{"r":6,"n":"Waimakariri"},"geometry":{"type":"MultiLineString","coordinates":[[[171.46,-42.937],[171.454,-42.972],[171.47,-42.989],[171.6,-43.021],[171.799,-43.012],[171.833,-43.055],[171.931,-43.086],[171.962,-43.118],[171.934,-43.219],[171.956,-43.237],[171.952,-43.285],[172.001,-43.345],[172.07,-43.361],[172.151,-43.43],[172.329,-43.461],[172.59,-43.435],[172.743,-43.39]]]}},{"type":"Feature","properties":{"r":6,"n":"Waikato"},"geometry":{"type":"MultiLineString","coordinates":[[[174.833,-37.292],[174.884,-37.27],[174.954,-37.293],[175.056,-37.286],[175.068,-37.384],[175.154,-37.457],[175.167,-37.601],[175.181,-37.621],[175.164,-37.657],[175.177,-37.678],[175.384,-37.87],[175.488,-37.892],[175.57,-37.939],[175.657,-37.955],[175.662,-38.041],[175.632,-38.124],[175.67,-38.186],[175.685,-38.306],[175.778,-38.363],[175.781,-38.399],[175.807,-38.42],[175.832,-38.435],[175.978,-38.415],[176.033,-38.386],[176.131,-38.423],[176.153,-38.476],[176.2,-38.51],[176.249,-38.508],[176.299,-38.482],[176.337,-38.494],[176.339,-38.518],[176.265,-38.602],[176.147,-38.607],[176.06,-38.694]]]}},{"type":"Feature","properties":{"r":0,"n":"Tongariro"},"geometry":{"type":"MultiLineString","coordinates":[[[175.791,-38.956],[175.837,-39.049],[175.837,-39.101],[175.813,-39.152]]]}},{"type":"Feature","properties":{"r":6,"n":"Po"},"geometry":{"type":"MultiLineString","coordinates":[[[7.647,44.839],[7.564,44.812],[7.451,44.739],[7.444,44.658],[7.407,44.632],[7.353,44.639],[7.274,44.682],[7.104,44.701]],[[7.647,44.839],[7.683,44.914],[7.672,44.939],[7.697,44.962],[7.671,45.007],[7.669,45.073],[7.684,45.099],[7.751,45.13],[7.762,45.159],[7.871,45.22],[7.977,45.204],[8.064,45.218],[8.29,45.218],[8.392,45.163],[8.57,45.142],[8.669,45.025],[8.774,45.027],[8.978,45.088],[9.053,45.087],[9.07,45.105],[9.186,45.139],[9.306,45.128],[9.385,45.101],[9.5,45.103],[9.542,45.086],[9.542,45.131],[9.59,45.112],[9.628,45.128],[9.641,45.122],[9.637,45.094],[9.722,45.072],[9.752,45.082],[9.764,45.115],[9.834,45.068],[9.83,45.096],[9.896,45.092],[9.883,45.134],[9.904,45.138],[9.923,45.13],[9.916,45.108],[9.998,45.125],[10.072,45.037],[10.183,45.046],[10.35,44.984],[10.399,44.991],[10.443,44.937],[10.521,44.916],[10.601,44.922],[10.663,44.965],[10.69,45.018],[10.67,45.035],[10.674,45.049],[10.701,45.059],[10.818,45.045],[10.936,45.08],[11.063,45.053],[11.129,45.069],[11.273,45.059],[11.272,45.034],[11.419,44.967],[11.432,44.938],[11.525,44.94],[11.622,44.895],[11.797,44.977],[12.052,44.98],[12.088,44.991],[12.06,45.018],[12.141,45.03],[12.242,45.005],[12.325,44.958],[12.534,44.97]]]}},{"type":"Feature","properties":{"r":5,"n":"Loire"},"geometry":{"type":"MultiLineString","coordinates":[]}},{"type":"Feature","properties":{"r":5,"n":"Loire"},"geometry":{"type":"MultiLineString","coordinates":[[[3.078,46.985],[3.071,47.054],[3.029,47.088],[3.011,47.174]],[[4.191,44.827],[4.173,44.783],[4.148,44.782],[3.939,44.877],[3.909,44.945],[3.917,44.966],[3.89,44.996],[3.929,45.028],[3.903,45.125],[3.926,45.154],[3.929,45.191],[3.963,45.212],[4.05,45.218],[4.124,45.265],[4.138,45.322],[4.178,45.347],[4.24,45.422],[4.248,45.546],[4.263,45.57],[4.238,45.599],[4.233,45.638],[4.197,45.672],[4.206,45.754],[4.185,45.815],[4.027,45.962],[4.034,45.997],[4.103,46.066],[4.1,46.142],[4.077,46.202],[4.022,46.266],[4.02,46.309],[3.987,46.353],[3.977,46.467],[3.741,46.549],[3.74,46.615],[3.658,46.686],[3.611,46.761],[3.466,46.835],[3.347,46.849],[3.203,46.978],[3.153,46.987],[3.101,46.969],[3.078,46.985]]]}},{"type":"Feature","properties":{"r":7,"n":"Drau"},"geometry":{"type":"MultiLineString","coordinates":[[[12.295,46.733],[12.478,46.746],[12.692,46.784],[12.755,46.813],[12.772,46.838]],[[12.772,46.838],[12.957,46.763],[13.139,46.744],[13.323,46.774],[13.349,46.789],[13.369,46.834],[13.401,46.835],[13.859,46.625],[14.026,46.595],[14.139,46.545],[14.418,46.564],[14.493,46.583],[14.593,46.645],[14.787,46.644],[14.857,46.671],[14.939,46.652],[15.019,46.599],[15.185,46.618],[15.442,46.583],[15.466,46.547],[15.57,46.572],[15.675,46.563],[15.7,46.555],[15.727,46.508],[15.942,46.383],[16.049,46.398],[16.1,46.39],[16.144,46.407],[16.318,46.369],[16.359,46.321],[16.484,46.302],[16.595,46.318],[16.878,46.314]]]}}]}